,precipitation,Latitude,Longitude,Sample Date
0,0.4880241751670837,-28.760833,17.730278,2011-01-02
1,97.3427562713623,-26.861111,28.884722,2011-01-03
2,96.91149377822876,-26.45,28.085833,2011-01-03
3,102.3076343536377,-27.671111,27.236944,2011-01-03
4,96.5138816833496,-27.356667,27.286389,2011-01-03
5,53.90557289123535,-27.01011111,26.69808333,2011-01-04
6,55.26789140701294,-25.127778,27.628889,2011-01-04
7,58.89425420761109,-25.20639,27.558,2011-01-04
8,40.797502517700195,-24.69514,27.40906,2011-01-04
9,56.82819747924805,-26.98472222,26.63227778,2011-01-04
10,68.02875995635986,-28.141944,26.417778,2011-01-04
11,66.23879432678223,-27.398611,26.614722,2011-01-04
12,4.361346244812012,-33.501667,21.624167,2011-01-04
13,3.381553888320923,-32.502778,19.535833,2011-01-04
14,35.12746238708496,-25.45963889,28.26430556,2011-01-04
15,87.06454133987427,-27.495556,26.074722,2011-01-04
16,67.16336107254028,-26.648056,27.089444,2011-01-05
17,55.08320617675781,-26.970278,27.211111,2011-01-05
18,65.3519606590271,-27.38972222,26.46388889,2011-01-05
19,41.07474374771118,-27.044444,27.005,2011-01-05
20,64.26408195495605,-30.830556,26.921389,2011-01-06
21,65.01026344299316,-27.00222,28.76528,2011-01-06
22,74.04201316833496,-27.02314,28.59389,2011-01-06
23,72.91813373565674,-30.679722,26.7125,2011-01-06
24,73.37684631347656,-30.160091,27.40124,2011-01-06
25,0.0,-32.595833,19.009444,2011-01-06
26,44.4055290222168,-25.99136,27.84208,2011-01-10
27,50.87661457061768,-26.73806,27.59194,2011-01-10
28,52.58317947387695,-26.45,28.085833,2011-01-10
29,5.620640277862549,-30.86013889,29.07125,2011-01-10
30,18.5762996673584,-27.356667,27.286389,2011-01-10
31,28.30303192138672,-27.01011111,26.69808333,2011-01-11
32,35.49441909790039,-25.73411,27.21422,2011-01-11
33,27.148472785949707,-26.98472222,26.63227778,2011-01-11
34,7.782821655273437,-27.398611,26.614722,2011-01-11
35,21.38955783843994,-27.671111,27.236944,2011-01-11
36,15.506521224975586,-29.160278,26.573333,2011-01-11
37,0.0,-34.250556,20.9925,2011-01-11
38,22.5260272026062,-25.45963889,28.26430556,2011-01-11
39,37.66288661956787,-25.81048333,27.90955222,2011-01-12
40,22.800397872924805,-27.273889,28.49,2011-01-12
41,21.97866916656494,-27.4275,28.525833,2011-01-12
42,18.60286521911621,-28.883333,27.89,2011-01-12
43,11.814087867736816,-27.00222,28.76528,2011-01-13
44,12.267659187316896,-27.02314,28.59389,2011-01-13
45,22.823715209960938,-30.534167,24.961944,2011-01-13
46,1.9110965728759768,-28.460833,21.248889,2011-01-13
47,41.33809518814087,-29.658056,25.973333,2011-01-14
48,0.0,-28.760833,17.730278,2011-01-16
49,122.13187980651855,-25.513889,31.224444,2011-01-17
50,52.09796905517578,-26.861111,28.884722,2011-01-17
51,81.13003826141357,-31.554722,29.245556,2011-01-17
52,91.90562391281128,-28.058889,30.373611,2011-01-17
53,67.04228782653809,-25.127778,27.628889,2011-01-18
54,72.0942497253418,-25.20639,27.558,2011-01-18
55,43.37488269805908,-24.69514,27.40906,2011-01-18
56,65.12897872924805,-25.681111,31.783333,2011-01-18
57,57.215524673461914,-27.802778,28.768333,2011-01-18
58,73.56203842163086,-27.398611,26.614722,2011-01-18
59,92.41101932525636,-31.104278,29.399722,2011-01-18
60,80.81958484649658,-31.396,29.2651,2011-01-18
61,2.2279398441314697,-33.38056,19.30167,2011-01-18
62,1.409547209739685,-33.31388889,19.07472222,2011-01-18
63,77.15047407150269,-27.495556,26.074722,2011-01-18
64,68.65681552886963,-24.39619444,27.08983333,2011-01-19
65,92.613667011261,-26.970278,27.211111,2011-01-19
66,68.77674341201782,-26.880278,26.965,2011-01-19
67,77.38897657394409,-27.273889,28.49,2011-01-19
68,85.82719135284424,-27.3,28.586944,2011-01-19
69,75.83983898162842,-27.044444,27.005,2011-01-19
70,84.60736846923828,-30.568333,29.422778,2011-01-19
71,83.86473512649536,-30.570833,29.150556,2011-01-19
72,20.030437469482425,-34.031944,22.053333,2011-01-19
73,0.0,-33.13083,18.86278,2011-01-19
74,2.43562650680542,-33.7075,18.97444444,2011-01-19
75,45.81143140792847,-25.57877778,29.12747222,2011-01-19
76,69.39061832427979,-26.006389,29.253889,2011-01-20
77,68.00546979904175,-27.02314,28.59389,2011-01-20
78,56.0084228515625,-30.679722,26.7125,2011-01-20
79,12.186237335205078,-28.460833,21.248889,2011-01-20
80,89.05354070663452,-30.77586667,29.03221667,2011-01-20
81,44.163580894470215,-24.925278,29.324444,2011-01-21
82,12.186237335205078,-28.460833,21.248889,2011-01-21
83,39.7398099899292,-24.679167,30.8025,2011-01-24
84,41.87855911254883,-25.99136,27.84208,2011-01-24
85,70.81339263916016,-25.49037,30.6986,2011-01-24
86,73.49962711334229,-26.970278,27.211111,2011-01-24
87,71.27199459075928,-27.671111,27.236944,2011-01-24
88,90.91083812713624,-27.356667,27.286389,2011-01-24
89,78.42939949035645,-27.01011111,26.69808333,2011-01-25
90,72.52770495414734,-26.98472222,26.63227778,2011-01-25
91,76.70848369598389,-27.398611,26.614722,2011-01-25
92,1.474667191505432,-33.818056,19.694722,2011-01-25
93,59.47153067588806,-25.45963889,28.26430556,2011-01-25
94,1.8231950998306272,-33.897778,20.012778,2011-01-25
95,56.2459774017334,-25.81048333,27.90955222,2011-01-26
96,20.95438528060913,-34.065833,20.404167,2011-01-26
97,19.814605712890625,-24.058889,31.237222,2011-01-26
98,49.88169813156128,-26.648056,27.089444,2011-01-26
99,68.20918035507202,-26.880278,26.965,2011-01-26
100,85.32479810714722,-27.273889,28.49,2011-01-26
101,69.65537738800049,-27.044444,27.005,2011-01-26
102,0.0,-34.092222,21.295278,2011-01-26
103,85.35192537307739,-27.02314,28.59389,2011-01-27
104,82.33576917648315,-26.73806,27.59194,2011-01-27
105,0.0,-28.760833,17.730278,2011-01-30
106,38.822492599487305,-26.861111,28.884722,2011-01-31
107,27.701682806015015,-26.73806,27.59194,2011-01-31
108,23.30306339263916,-25.127778,27.628889,2011-02-01
109,42.85682678222656,-24.69514,27.40906,2011-02-01
110,68.98176193237305,-27.363611,31.783333,2011-02-01
111,55.56948661804199,-27.802778,28.768333,2011-02-01
112,3.3719043731689453,-29.160278,26.573333,2011-02-01
113,,-34.329722,18.990278,2011-02-01
114,0.0,-25.20639,27.558,2011-02-02
115,0.0,-23.281,30.54305556,2011-02-03
116,0.0,-28.801278,31.955389,2011-02-03
117,40.60629940032959,-27.00222,28.76528,2011-02-03
118,29.61411476135254,-27.02314,28.59389,2011-02-03
119,35.82529258728027,-27.3,28.586944,2011-02-03
120,60.21357727050781,-30.679722,26.7125,2011-02-03
121,39.535040855407715,-28.460833,21.248889,2011-02-03
122,39.535040855407715,-28.460833,21.248889,2011-02-04
123,18.423253059387207,-29.140556,31.391944,2011-02-07
124,105.7021632194519,-25.99136,27.84208,2011-02-07
125,0.0,-24.058889,31.237222,2011-02-07
126,63.55319786071777,-26.73806,27.59194,2011-02-07
127,93.85720157623292,-30.86013889,29.07125,2011-02-07
128,38.21487522125244,-27.356667,27.286389,2011-02-07
129,40.68894290924072,-28.058889,30.373611,2011-02-07
130,32.60040092468262,-27.01011111,26.69808333,2011-02-08
131,40.198686599731445,-27.169444,29.233889,2011-02-08
132,34.33443832397461,-26.98472222,26.63227778,2011-02-08
133,37.166707038879395,-27.398611,26.614722,2011-02-08
134,55.10577964782715,-27.573056,24.746389,2011-02-08
135,31.78010845184326,-33.501667,21.624167,2011-02-08
136,14.225032806396484,-32.502778,19.535833,2011-02-08
137,72.99890995025635,-25.45963889,28.26430556,2011-02-08
138,25.51118040084839,-26.970278,27.211111,2011-02-09
139,23.796254634857178,-27.273889,28.49,2011-02-09
140,41.487091064453125,-28.69485,28.23487,2011-02-09
141,26.716737747192383,-28.883333,27.89,2011-02-09
142,24.5228271484375,-27.02314,28.59389,2011-02-10
143,90.33379745483398,-30.679722,26.7125,2011-02-10
144,77.85050201416016,-30.534167,24.961944,2011-02-10
145,22.349714279174805,-34.031944,22.053333,2011-02-10
146,22.03132724761963,-34.039722,22.133333,2011-02-10
147,6.903152704238892,-32.595833,19.009444,2011-02-10
148,0.0,-28.801278,31.955389,2011-02-11
149,77.77077913284302,-29.658056,25.973333,2011-02-11
150,34.068111419677734,-28.068333,31.55,2011-02-11
151,0.0,-28.760833,17.730278,2011-02-13
152,133.7719612121582,-29.7775,29.470833,2011-02-14
153,74.19345092773438,-29.987778,29.851667,2011-02-14
154,100.77400159835815,-29.744167,29.905833,2011-02-14
155,30.975496768951416,-26.861111,28.884722,2011-02-14
156,21.51529598236084,-26.45,28.085833,2011-02-14
157,62.42642974853515,-31.396,29.2651,2011-02-14
158,43.99659156799317,-25.20639,27.558,2011-02-15
159,0.0,-24.69514,27.40906,2011-02-15
160,20.45297622680664,-26.006389,29.253889,2011-02-15
161,51.68120098114014,-27.802778,28.768333,2011-02-15
162,58.98140525817871,-27.398611,26.614722,2011-02-15
163,44.93116044998169,-27.671111,27.236944,2011-02-15
164,75.32782936096191,-29.160278,26.573333,2011-02-15
165,68.41452693939209,-30.568333,29.422778,2011-02-15
166,86.2274694442749,-30.570833,29.150556,2011-02-15
167,0.0,-33.38056,19.30167,2011-02-15
168,0.0,-33.31388889,19.07472222,2011-02-15
169,47.65052437782288,-27.495556,26.074722,2011-02-15
170,4.2704758644104,-25.436111,31.982222,2011-02-16
171,17.750446319580078,-24.39619444,27.08983333,2011-02-16
172,11.272268295288086,-25.67386,31.57527,2011-02-16
173,36.90891742706299,-30.733889,29.828333,2011-02-16
174,22.64964771270752,-30.398056,30.601944,2011-02-16
175,14.743253231048584,-27.273889,28.49,2011-02-16
176,15.061271667480469,-27.3,28.586944,2011-02-16
177,63.69926118850708,-27.044444,27.005,2011-02-16
178,83.32561683654785,-30.86013889,29.07125,2011-02-16
179,88.34560489654541,-30.77586667,29.03221667,2011-02-16
180,0.0,-33.13083,18.86278,2011-02-16
181,6.046041011810303,-24.925278,29.324444,2011-02-17
182,17.18129539489746,-27.00222,28.76528,2011-02-17
183,24.5228271484375,-27.02314,28.59389,2011-02-17
184,23.956634521484375,-22.43772222,31.07805556,2011-02-18
185,15.27671194076538,-29.803611,30.516111,2011-02-18
186,12.30953884124756,-25.99136,27.84208,2011-02-21
187,0.0,-26.861111,28.884722,2011-02-21
188,18.181373596191406,-26.73806,27.59194,2011-02-21
189,20.981733322143555,-26.45,28.085833,2011-02-21
190,38.227498054504395,-27.01011111,26.69808333,2011-02-22
191,0.0,-27.169444,29.233889,2011-02-22
192,39.78163433074951,-26.98472222,26.63227778,2011-02-22
193,39.940380573272705,-27.398611,26.614722,2011-02-22
194,58.86922645568848,-29.160278,26.573333,2011-02-22
195,3.7070326805114746,-33.818056,19.694722,2011-02-22
196,20.436010360717773,-25.81048333,27.90955222,2011-02-23
197,9.367103576660156,-29.641944,30.6875,2011-02-23
198,25.26443386077881,-34.065833,20.404167,2011-02-23
199,0.0,-33.980556,21.653333,2011-02-23
200,19.139253616333008,-22.769722,30.886944,2011-02-23
201,0.0,-27.00222,28.76528,2011-02-23
202,0.0,-27.02314,28.59389,2011-02-23
203,38.45754432678223,-27.38972222,26.46388889,2011-02-23
204,39.940380573272705,-27.398611,26.614722,2011-02-23
205,27.768972396850582,-27.671111,27.236944,2011-02-23
206,20.01099395751953,-27.356667,27.286389,2011-02-23
207,5.4364705085754395,-33.897778,20.012778,2011-02-23
208,0.0,-23.763056,27.908611,2011-02-24
209,21.723609924316406,-23.23572222,27.717,2011-02-24
210,115.57408142089844,-28.44555556,32.325,2011-02-24
211,0.0,-30.679722,26.7125,2011-02-24
212,0.0,-30.160091,27.40124,2011-02-24
213,41.86285400390625,-30.336111,27.359444,2011-02-24
214,0.0,-28.460833,21.248889,2011-02-24
215,12.353911399841309,-22.91028,29.61111,2011-02-25
216,0.0,-28.760833,17.730278,2011-02-27
217,0.0,-24.183889,30.823889,2011-03-01
218,9.915201187133787,-27.398611,26.614722,2011-03-01
219,21.910172939300537,-27.671111,27.236944,2011-03-01
220,30.060797691345215,-29.160278,26.573333,2011-03-01
221,11.147923469543455,-27.495556,26.074722,2011-03-01
222,5.4107513427734375,-23.658056,31.05,2011-03-02
223,15.110395431518556,-26.648056,27.089444,2011-03-02
224,0.0,-27.802778,28.768333,2011-03-02
225,0.0,-24.679167,30.8025,2011-03-03
226,9.724513053894045,-27.273889,28.49,2011-03-03
227,3.021735429763794,-27.3,28.586944,2011-03-03
228,29.181641578674316,-30.679722,26.7125,2011-03-03
229,0.0,-27.02314,28.59389,2011-03-04
230,0.0,-25.99136,27.84208,2011-03-07
231,61.21556210517883,-31.554722,29.245556,2011-03-07
232,32.22962665557861,-27.01011111,26.69808333,2011-03-08
233,15.549402236938477,-27.802778,28.768333,2011-03-08
234,17.91173791885376,-26.98472222,26.63227778,2011-03-08
235,31.80349349975586,-27.398611,26.614722,2011-03-08
236,40.444969177246094,-27.671111,27.236944,2011-03-08
237,34.109639167785645,-29.160278,26.573333,2011-03-08
238,58.87408924102783,-31.396,29.2651,2011-03-08
239,36.02705669403076,-25.45963889,28.26430556,2011-03-08
240,32.11003589630127,-25.81048333,27.90955222,2011-03-09
241,18.26226806640625,-22.225556,29.990556,2011-03-09
242,12.31046199798584,-26.03611,30.99778,2011-03-09
243,49.73452663421631,-28.404444,30.013056,2011-03-09
244,63.87916564941406,-29.380556,30.2775,2011-03-09
245,27.382773399353027,-26.648056,27.089444,2011-03-09
246,43.06162142753601,-26.970278,27.211111,2011-03-09
247,53.03515529632568,-27.273889,28.49,2011-03-09
248,44.97596287727356,-27.3,28.586944,2011-03-09
249,47.332582235336304,-27.044444,27.005,2011-03-09
250,48.14515972137451,-28.69485,28.23487,2011-03-09
251,49.29877996444702,-28.883333,27.89,2011-03-09
252,50.50158333778381,-30.568333,29.422778,2011-03-09
253,52.12931227684021,-30.570833,29.150556,2011-03-09
254,,-34.329722,18.990278,2011-03-09
255,65.38290309906006,-30.830556,26.921389,2011-03-10
256,9.87387466430664,-25.49037,30.6986,2011-03-10
257,83.93536186218262,-29.380556,30.2775,2011-03-10
258,57.39541721343994,-30.86013889,29.07125,2011-03-10
259,57.958019733428955,-30.77586667,29.03221667,2011-03-10
260,75.68473148345947,-29.658056,25.973333,2011-03-11
261,69.34159994125366,-30.534167,24.961944,2011-03-11
262,67.70326805114746,-31.031389,28.883333,2011-03-11
263,0.0,-34.039722,22.133333,2011-03-11
264,0.0,-28.760833,17.730278,2011-03-13
265,77.39201545715332,-29.7775,29.470833,2011-03-14
266,66.97302293777466,-29.987778,29.851667,2011-03-14
267,61.81816601753235,-29.744167,29.905833,2011-03-14
268,50.67710018157959,-26.861111,28.884722,2011-03-14
269,71.25680637359619,-26.73806,27.59194,2011-03-14
270,69.89137601852417,-26.45,28.085833,2011-03-14
271,39.56800079345703,-25.127778,27.628889,2011-03-15
272,42.91718006134033,-25.20639,27.558,2011-03-15
273,65.5330581665039,-24.69514,27.40906,2011-03-15
274,46.332969665527344,-25.73411,27.21422,2011-03-15
275,49.85331630706787,-26.006389,29.253889,2011-03-15
276,26.959970474243164,-28.747778,31.745833,2011-03-15
277,40.89275741577149,-30.733889,29.828333,2011-03-15
278,40.50302314758301,-27.398611,26.614722,2011-03-15
279,33.56384229660034,-27.495556,26.074722,2011-03-15
280,31.937068939208984,-24.282222,28.090278,2011-03-16
281,49.31552600860596,-30.398056,30.601944,2011-03-16
282,45.432559967041016,-30.27402,30.69602,2011-03-16
283,50.391966342926025,-26.880278,26.965,2011-03-16
284,65.20822143554688,-27.273889,28.49,2011-03-16
285,0.0,-34.031944,22.053333,2011-03-16
286,25.456697940826416,-23.763056,27.908611,2011-03-17
287,50.581074714660645,-27.00222,28.76528,2011-03-17
288,49.139137744903564,-27.02314,28.59389,2011-03-17
289,34.64908790588379,-24.925278,29.324444,2011-03-18
290,51.48744487762451,-29.803611,30.516111,2011-03-18
291,44.76773405075073,-26.970278,27.211111,2011-03-21
292,39.00688552856445,-27.01011111,26.69808333,2011-03-22
293,53.923044204711914,-25.99136,27.84208,2011-03-22
294,58.77036380767822,-26.861111,28.884722,2011-03-22
295,76.19644689559937,-26.45,28.085833,2011-03-22
296,18.614730834960938,-27.398611,26.614722,2011-03-22
297,0.0,-33.501667,21.624167,2011-03-22
298,0.0,-33.31388889,19.07472222,2011-03-22
299,22.72750759124756,-28.338333,31.373611,2011-03-22
300,21.1345853805542,-29.641944,30.6875,2011-03-23
301,50.79267597198486,-28.735556,29.820556,2011-03-23
302,44.026458740234375,-26.648056,27.089444,2011-03-23
303,37.31808805465698,-27.044444,27.005,2011-03-23
304,45.987324714660645,-29.160278,26.573333,2011-03-23
305,0.0,-33.13083,18.86278,2011-03-23
306,56.924747467041016,-25.45963889,28.26430556,2011-03-23
307,56.92634105682373,-25.81048333,27.90955222,2011-03-24
308,43.33535957336426,-27.602222,29.942778,2011-03-24
309,51.96784782409668,-27.3,28.586944,2011-03-24
310,20.441625595092773,-33.38056,19.30167,2011-03-24
311,25.996848106384277,-27.00222,28.76528,2011-03-25
312,43.59670400619507,-27.02314,28.59389,2011-03-25
313,23.813459396362305,-30.160091,27.40124,2011-03-25
314,16.963411331176758,-30.336111,27.359444,2011-03-25
315,0.0,-28.760833,17.730278,2011-03-27
316,23.60221290588379,-22.43772222,31.07805556,2011-03-28
317,21.764429569244385,-26.73806,27.59194,2011-03-28
318,61.1050500869751,-25.127778,27.628889,2011-03-29
319,59.021583557128906,-25.20639,27.558,2011-03-29
320,59.11796951293945,-24.69514,27.40906,2011-03-29
321,38.74176239967346,-27.169444,29.233889,2011-03-29
322,31.36420726776123,-26.98472222,26.63227778,2011-03-29
323,32.207387924194336,-28.141944,26.417778,2011-03-29
324,30.46768283843994,-28.116667,26.725278,2011-03-29
325,27.073265075683594,-27.398611,26.614722,2011-03-29
326,19.409343242645264,-29.160278,26.573333,2011-03-29
327,23.297593116760257,-27.495556,26.074722,2011-03-29
328,10.760043144226074,-34.065833,20.404167,2011-03-30
329,58.74468231201172,-27.363611,31.783333,2011-03-30
330,61.053799629211426,-26.905,32.324722,2011-03-30
331,47.29560089111328,-28.75,30.442778,2011-03-30
332,56.74870014190674,-29.161667,30.629722,2011-03-30
333,40.10612869262695,-26.880278,26.965,2011-03-30
334,36.765262603759766,-27.398611,26.614722,2011-03-30
335,46.488553047180176,-28.69485,28.23487,2011-03-30
336,36.37741470336914,-28.883333,27.89,2011-03-30
337,11.224730014801024,-33.818056,19.694722,2011-03-30
338,9.263435363769531,-34.075556,20.145556,2011-03-30
339,39.72612380981445,-27.00222,28.76528,2011-03-31
340,43.43728971481323,-27.02314,28.59389,2011-03-31
341,39.76960659027099,-30.679722,26.7125,2011-03-31
342,22.868537425994873,-30.534167,24.961944,2011-03-31
343,6.625732898712158,-33.897778,20.012778,2011-03-31
344,0.0,-22.769722,30.886944,2011-04-01
345,53.76929473876953,-27.802778,28.768333,2011-04-01
346,53.151400566101074,-27.5275,30.858056,2011-04-02
347,18.29377698898315,-25.99136,27.84208,2011-04-04
348,84.9758472442627,-25.513889,31.224444,2011-04-04
349,49.97598171234131,-25.398889,31.610556,2011-04-04
350,56.13273239135742,-24.183889,30.823889,2011-04-05
351,27.279644012451172,-23.281,30.54305556,2011-04-05
352,28.82797622680664,-25.362222,31.956667,2011-04-05
353,66.37004089355469,-29.380556,30.2775,2011-04-05
354,41.85222578048706,-27.398611,26.614722,2011-04-05
355,15.69613552093506,-25.45963889,28.26430556,2011-04-05
356,8.400359153747559,-25.81048333,27.90955222,2011-04-06
357,35.8289909362793,-23.658056,31.05,2011-04-06
358,53.28327560424805,-24.058889,31.237222,2011-04-06
359,51.640037536621094,-24.034167,31.123611,2011-04-06
360,103.13248443603516,-24.99328,30.81444,2011-04-06
361,23.083794593811035,-25.14944444,31.94055556,2011-04-06
362,27.49375343322754,-27.937778,31.209444,2011-04-06
363,23.25216293334961,-28.404444,30.013056,2011-04-06
364,25.731393337249756,-26.880278,26.965,2011-04-06
365,28.350915908813477,-31.000833,26.353056,2011-04-06
366,90.48451232910156,-24.679167,30.8025,2011-04-07
367,118.91960334777832,-24.99328,30.81444,2011-04-07
368,15.869474411010742,-27.02314,28.59389,2011-04-07
369,5.461648941040039,-28.760833,17.730278,2011-04-10
370,58.14484024047851,-26.73806,27.59194,2011-04-10
371,88.56986045837402,-25.49037,30.6986,2011-04-11
372,71.16669273376465,-29.987778,29.851667,2011-04-11
373,54.14961624145508,-29.744167,29.905833,2011-04-11
374,38.43428897857666,-26.861111,28.884722,2011-04-11
375,52.349082469940186,-26.970278,27.211111,2011-04-11
376,39.17679500579834,-26.45,28.085833,2011-04-11
377,49.15606117248535,-31.396,29.2651,2011-04-11
378,60.8044958114624,-31.554722,29.245556,2011-04-11
379,32.236526012420654,-27.356667,27.286389,2011-04-11
380,66.53349304199219,-25.447222,30.711667,2011-04-11
381,60.36542892456055,-27.01011111,26.69808333,2011-04-12
382,26.967506408691406,-25.127778,27.628889,2011-04-12
383,25.7524676322937,-25.20639,27.558,2011-04-12
384,7.1749043464660645,-24.69514,27.40906,2011-04-12
385,40.34311389923096,-25.73411,27.21422,2011-04-12
386,21.17357635498047,-26.006389,29.253889,2011-04-12
387,27.414257049560547,-26.03611,30.99778,2011-04-12
388,99.05382537841795,-28.801278,31.955389,2011-04-12
389,47.42105865478515,-30.733889,29.828333,2011-04-12
390,45.90052771568298,-27.169444,29.233889,2011-04-12
391,64.75848579406738,-27.802778,28.768333,2011-04-12
392,54.9810357093811,-26.98472222,26.63227778,2011-04-12
393,43.85168886184693,-27.398611,26.614722,2011-04-12
394,56.606353759765625,-29.160278,26.573333,2011-04-12
395,44.45183944702149,-30.568333,29.422778,2011-04-12
396,59.44785404205322,-30.570833,29.150556,2011-04-12
397,18.17913842201233,-33.501667,21.624167,2011-04-12
398,34.40935039520264,-27.495556,26.074722,2011-04-12
399,25.786365032196045,-25.57877778,29.12747222,2011-04-12
400,99.05382537841795,-28.801278,31.955389,2011-04-13
401,32.35153579711914,-30.398056,30.601944,2011-04-13
402,28.315532684326172,-30.27402,30.69602,2011-04-13
403,57.71221399307251,-26.648056,27.089444,2011-04-13
404,66.72743701934814,-27.044444,27.005,2011-04-13
405,33.25220584869385,-31.031389,28.883333,2011-04-13
406,38.6966347694397,-30.86013889,29.07125,2011-04-13
407,0.0,-24.925278,29.324444,2011-04-14
408,35.66148138046265,-27.00222,28.76528,2011-04-14
409,39.654685974121094,-27.02314,28.59389,2011-04-14
410,7.680340766906738,-30.160091,27.40124,2011-04-14
411,8.298325538635254,-30.336111,27.359444,2011-04-14
412,6.79000186920166,-30.830556,26.921389,2011-04-15
413,26.590818881988525,-27.902778,24.615556,2011-04-15
414,9.215568542480469,-34.031944,22.053333,2011-04-15
415,39.80667448043823,-29.803611,30.516111,2011-04-15
416,31.686708450317383,-22.43772222,31.07805556,2011-04-16
417,15.13603973388672,-25.99136,27.84208,2011-04-18
418,9.554636001586914,-34.039722,22.133333,2011-04-18
419,59.536664962768555,-28.735556,29.820556,2011-04-19
420,60.5741662979126,-27.802778,28.768333,2011-04-19
421,0.0,-33.38056,19.30167,2011-04-19
422,8.242320537567139,-33.31388889,19.07472222,2011-04-19
423,48.71007323265076,-27.356667,27.286389,2011-04-19
424,40.43952560424805,-28.068333,31.55,2011-04-19
425,38.996564865112305,-27.398611,26.614722,2011-04-20
426,31.785829544067383,-29.160278,26.573333,2011-04-20
427,17.058484077453613,-30.830556,26.921389,2011-04-21
428,36.866485595703125,-27.363611,31.783333,2011-04-21
429,50.44013977050781,-27.044444,27.005,2011-04-21
430,31.336508750915527,-27.902778,24.615556,2011-04-21
431,2.9738569259643555,-28.760833,17.730278,2011-04-25
432,8.358323097229004,-26.861111,28.884722,2011-04-25
433,6.629806995391846,-26.970278,27.211111,2011-04-25
434,10.818315505981444,-26.45,28.085833,2011-04-25
435,0.0,-27.01011111,26.69808333,2011-04-26
436,4.687039852142334,-25.127778,27.628889,2011-04-26
437,7.342098712921143,-25.20639,27.558,2011-04-26
438,8.159342765808105,-24.69514,27.40906,2011-04-26
439,0.0,-27.169444,29.233889,2011-04-26
440,10.599281311035156,-26.98472222,26.63227778,2011-04-26
441,9.923836708068848,-27.398611,26.614722,2011-04-26
442,25.09085702896118,-27.495556,26.074722,2011-04-26
443,31.816219329833984,-34.065833,20.404167,2011-04-27
444,0.0,-28.75,30.442778,2011-04-27
445,0.0,-29.161667,30.629722,2011-04-27
446,0.0,-26.880278,26.965,2011-04-27
447,11.147218704223633,-33.897778,20.012778,2011-04-28
448,11.668871879577637,-25.99136,27.84208,2011-05-02
449,0.0,-29.380556,30.2775,2011-05-03
450,0.0,-26.45,28.085833,2011-05-03
451,0.0,-27.902778,24.615556,2011-05-03
452,2.884407758712769,-25.45963889,28.26430556,2011-05-03
453,0.0,-25.57877778,29.12747222,2011-05-03
454,0.0,-25.81048333,27.90955222,2011-05-04
455,0.0,-26.006389,29.253889,2011-05-04
456,3.0433948040008545,-28.404444,30.013056,2011-05-04
457,5.423130989074707,-27.802778,28.768333,2011-05-04
458,4.389669895172119,-27.356667,27.286389,2011-05-04
459,0.0,-27.937778,31.209444,2011-05-05
460,4.317200660705566,-27.5275,30.858056,2011-05-05
461,0.0,-27.3,28.586944,2011-05-05
462,8.81782054901123,-27.398611,26.614722,2011-05-05
463,0.0,-27.00222,28.76528,2011-05-06
464,0.0,-27.02314,28.59389,2011-05-06
465,7.216200351715088,-26.648056,27.089444,2011-05-06
466,9.140277862548828,-26.970278,27.211111,2011-05-06
467,20.81699848175049,-28.760833,17.730278,2011-05-08
468,7.30559778213501,-29.7775,29.470833,2011-05-09
469,16.244924068450928,-29.744167,29.905833,2011-05-09
470,0.0,-26.861111,28.884722,2011-05-09
471,9.140277862548828,-26.970278,27.211111,2011-05-09
472,16.735909938812256,-31.104278,29.399722,2011-05-09
473,0.0,-25.127778,27.628889,2011-05-10
474,0.0,-25.20639,27.558,2011-05-10
475,0.0,-24.69514,27.40906,2011-05-10
476,0.0,-24.058889,31.237222,2011-05-10
477,0.0,-24.034167,31.123611,2011-05-10
478,29.034366607666016,-28.747778,31.745833,2011-05-10
479,7.087646961212158,-30.733889,29.828333,2011-05-10
480,3.430438995361328,-26.98472222,26.63227778,2011-05-10
481,8.81782054901123,-27.398611,26.614722,2011-05-10
482,36.46339797973633,-29.160278,26.573333,2011-05-10
483,10.972668886184692,-31.396,29.2651,2011-05-10
484,13.179269790649414,-33.501667,21.624167,2011-05-10
485,5.701221942901611,-32.502778,19.535833,2011-05-10
486,6.267909526824951,-31.5653,18.3306,2011-05-10
487,4.0315093994140625,-27.495556,26.074722,2011-05-10
488,0.0,-24.183889,30.823889,2011-05-11
489,39.788330078125,-28.801278,31.955389,2011-05-11
490,18.986862182617188,-30.398056,30.601944,2011-05-11
491,25.201931715011597,-30.27402,30.69602,2011-05-11
492,7.39527702331543,-27.00222,28.76528,2011-05-11
493,8.48716926574707,-27.02314,28.59389,2011-05-11
494,8.730246543884277,-27.273889,28.49,2011-05-11
495,9.31164836883545,-27.4275,28.525833,2011-05-11
496,6.7289652824401855,-27.044444,27.005,2011-05-11
497,3.805946350097656,-22.225556,29.990556,2014-11-24
498,6.792164325714111,-30.568333,29.422778,2011-05-11
499,11.703415393829346,-30.570833,29.150556,2011-05-11
500,7.608869075775147,-32.595833,19.009444,2011-05-11
501,20.772497177124023,-29.140556,31.391944,2011-05-12
502,16.24127769470215,-29.641944,30.6875,2011-05-12
503,0.0,-24.679167,30.8025,2011-05-12
504,18.765132904052734,-30.830556,26.921389,2011-05-12
505,26.061846256256104,-30.13573889,30.67422222,2011-05-12
506,12.315836429595947,-26.73806,27.59194,2011-05-12
507,9.558844566345217,-31.000833,26.353056,2011-05-12
508,0.0,-22.225556,29.990556,2015-07-30
509,0.0,-22.225556,29.990556,2015-08-03
510,25.29537582397461,-30.679722,26.7125,2011-05-12
511,14.813700675964355,-31.031389,28.883333,2011-05-12
512,14.528046607971191,-30.86013889,29.07125,2011-05-12
513,13.014205932617188,-30.77586667,29.03221667,2011-05-12
514,8.112472534179688,-24.925278,29.324444,2011-05-13
515,35.10383224487305,-29.658056,25.973333,2011-05-13
516,18.265670776367188,-30.534167,24.961944,2011-05-13
517,23.29072332382202,-29.803611,30.516111,2011-05-13
518,5.421098709106445,-25.447222,30.711667,2011-05-13
519,5.004140853881836,-25.99136,27.84208,2011-05-16
520,3.9188733100891113,-25.513889,31.224444,2011-05-16
521,6.718693733215332,-26.861111,28.884722,2011-05-16
522,9.140277862548828,-26.970278,27.211111,2011-05-16
523,19.87190008163452,-34.031944,22.053333,2011-05-16
524,20.123250007629395,-34.039722,22.133333,2011-05-16
525,95.35112762451172,-33.38056,19.30167,2011-05-16
526,83.03405570983887,-33.31388889,19.07472222,2011-05-16
527,0.0,-27.01011111,26.69808333,2011-05-17
528,3.6288905143737793,-25.436111,31.982222,2011-05-17
529,4.269052505493164,-25.681111,31.783333,2011-05-17
530,3.044267177581787,-25.67386,31.57527,2011-05-17
531,0.0,-26.98472222,26.63227778,2011-05-17
532,8.81782054901123,-27.398611,26.614722,2011-05-17
533,6.1804938316345215,-25.45963889,28.26430556,2011-05-17
534,18.95490980148315,-28.338333,31.373611,2011-05-17
535,17.636570930480957,-28.068333,31.55,2011-05-17
536,5.794673442840576,-25.81048333,27.90955222,2011-05-18
537,12.101243019104004,-24.768889,31.39,2011-05-18
538,0.0,-26.880278,26.965,2011-05-18
539,35.35984659194946,-28.801278,31.955389,2011-05-19
540,7.230784416198731,-27.169444,29.233889,2011-05-19
541,0.0,-25.447222,30.711667,2011-05-19
542,0.0,-22.548889,28.898056,2011-05-20
543,15.258922576904297,-22.43772222,31.07805556,2011-05-20
544,0.0,-27.902778,24.615556,2011-05-20
545,0.0,-28.760833,17.730278,2011-05-22
546,0.0,-25.49037,30.6986,2011-05-23
547,13.43113088607788,-28.75,30.442778,2011-05-23
548,4.850906848907471,-26.73806,27.59194,2011-05-23
549,11.70671272277832,-26.45,28.085833,2011-05-23
550,1.7772656679153442,-27.356667,27.286389,2011-05-23
551,0.0,-22.935,28.004167,2011-05-24
552,30.612967014312744,-33.980556,21.653333,2011-05-24
553,4.164176940917969,-25.127778,27.628889,2011-05-24
554,2.151899576187134,-25.20639,27.558,2011-05-24
555,3.290011405944824,-24.69514,27.40906,2011-05-24
556,5.139166355133057,-27.363611,31.783333,2011-05-24
557,7.230784416198731,-27.169444,29.233889,2011-05-24
558,7.139555931091309,-27.802778,28.768333,2011-05-24
559,4.543490886688232,-28.141944,26.417778,2011-05-24
560,0.0,-28.116667,26.725278,2011-05-24
561,0.0,-27.398611,26.614722,2011-05-24
562,0.0,-27.671111,27.236944,2011-05-24
563,6.86494255065918,-28.69485,28.23487,2011-05-24
564,28.056926250457764,-34.092222,21.295278,2011-05-24
565,5.103813171386719,-27.495556,26.074722,2011-05-24
566,25.83598756790161,-34.065833,20.404167,2011-05-25
567,0.0,-23.23572222,27.717,2011-05-25
568,13.43113088607788,-28.75,30.442778,2011-05-25
569,13.473186492919922,-29.161667,30.629722,2011-05-25
570,0.0,-26.648056,27.089444,2011-05-25
571,0.0,-27.273889,28.49,2011-05-25
572,0.0,-27.4275,28.525833,2011-05-25
573,0.0,-27.3,28.586944,2011-05-25
574,0.0,-27.398611,26.614722,2011-05-25
575,1.983025074005127,-27.044444,27.005,2011-05-25
576,10.626882553100586,-30.679722,26.7125,2011-05-25
577,30.952027320861816,-34.250556,20.9925,2011-05-25
578,41.48830032348633,-33.818056,19.694722,2011-05-25
579,28.946733474731445,-34.075556,20.145556,2011-05-25
580,29.49871253967285,-30.398056,30.601944,2011-05-26
581,27.99023199081421,-30.27402,30.69602,2011-05-26
582,0.0,-27.00222,28.76528,2011-05-26
583,0.0,-27.02314,28.59389,2011-05-26
584,0.0,-27.671111,27.236944,2011-05-26
585,0.0,-27.356667,27.286389,2011-05-26
586,27.239599227905273,-33.897778,20.012778,2011-05-26
587,0.0,-27.902778,24.615556,2011-05-27
588,0.0,-22.91028,29.61111,2011-05-28
589,5.069646835327148,-25.99136,27.84208,2011-05-30
590,1.327101469039917,-26.861111,28.884722,2011-05-30
591,0.0,-26.970278,27.211111,2011-05-30
592,0.0,-26.45,28.085833,2011-05-30
593,3.5526442527770996,-27.01011111,26.69808333,2011-05-31
594,8.238251686096191,-29.380556,30.2775,2011-05-31
595,0.0,-27.802778,28.768333,2011-05-31
596,3.5607266426086426,-26.98472222,26.63227778,2011-05-31
597,0.0,-27.398611,26.614722,2011-05-31
598,0.0,-29.160278,26.573333,2011-05-31
599,0.0,-25.45963889,28.26430556,2011-05-31
600,5.351451396942139,-25.81048333,27.90955222,2011-06-01
601,0.0,-28.404444,30.013056,2011-06-01
602,0.0,-27.00222,28.76528,2011-06-01
603,0.0,-27.02314,28.59389,2011-06-01
604,1.6428200006484983,-26.648056,27.089444,2011-06-01
605,0.0,-27.3,28.586944,2011-06-01
606,3.621023297309875,-27.044444,27.005,2011-06-01
607,0.0,-28.058889,30.373611,2011-06-01
608,8.939950466156006,-27.937778,31.209444,2011-06-02
609,6.6753058433532715,-27.5275,30.858056,2011-06-02
610,32.134045124053955,-30.568333,29.422778,2011-06-04
611,8.181939601898193,-28.760833,17.730278,2011-06-05
612,14.01540207862854,-29.7775,29.470833,2011-06-06
613,18.426292419433594,-29.987778,29.851667,2011-06-06
614,18.410767793655396,-29.744167,29.905833,2011-06-06
615,8.784635543823242,-26.73806,27.59194,2011-06-06
616,27.94416666030884,-31.104278,29.399722,2011-06-06
617,27.983359336853027,-31.396,29.2651,2011-06-06
618,29.03192138671875,-31.554722,29.245556,2011-06-06
619,5.203980267047882,-25.57877778,29.12747222,2011-06-06
620,0.0,-25.127778,27.628889,2011-06-07
621,0.0,-25.20639,27.558,2011-06-07
622,0.0,-24.69514,27.40906,2011-06-07
623,3.8160576820373535,-23.658056,31.05,2011-06-07
624,0.0,-26.006389,29.253889,2011-06-07
625,22.53036117553711,-28.747778,31.745833,2011-06-07
626,38.26393795013428,-30.733889,29.828333,2011-06-07
627,6.695809364318848,-27.169444,29.233889,2011-06-07
628,11.863117218017578,-27.398611,26.614722,2011-06-07
629,18.67282772064209,-30.86013889,29.07125,2011-06-07
630,34.98560428619385,-30.570833,29.150556,2011-06-07
631,23.31188201904297,-30.77586667,29.03221667,2011-06-07
632,8.507373809814453,-27.495556,26.074722,2011-06-07
633,31.67853546142578,-30.830556,26.921389,2011-06-08
634,0.0,-22.769722,30.886944,2011-06-08
635,50.91265106201172,-30.398056,30.601944,2011-06-08
636,44.92665100097656,-30.27402,30.69602,2011-06-08
637,6.431982517242432,-27.02314,28.59389,2011-06-08
638,6.4176836013793945,-26.880278,26.965,2011-06-08
639,30.97818422317505,-29.140556,31.391944,2011-06-09
640,0.0,-24.925278,29.324444,2011-06-09
641,8.734036445617676,-27.902778,24.615556,2011-06-10
642,32.227214336395264,-29.803611,30.516111,2011-06-10
643,29.887869834899902,-31.5653,18.3306,2011-06-12
644,6.7431511878967285,-25.99136,27.84208,2011-06-13
645,8.369829177856445,-27.671111,27.236944,2011-06-13
646,9.241671800613403,-27.356667,27.286389,2011-06-13
647,27.43007183074951,-31.860278,18.6875,2011-06-14
648,8.174371719360352,-24.679167,30.8025,2011-06-14
649,13.16643524169922,-28.735556,29.820556,2011-06-14
650,5.425861358642578,-26.861111,28.884722,2011-06-14
651,6.163750171661377,-27.00222,28.76528,2011-06-14
652,5.609543800354004,-26.45,28.085833,2011-06-14
653,11.863117218017578,-27.398611,26.614722,2011-06-14
654,58.72516250610352,-34.031944,22.053333,2011-06-14
655,0.0,-25.45963889,28.26430556,2011-06-14
656,13.606569766998293,-28.338333,31.373611,2011-06-14
657,12.701584815979004,-28.068333,31.55,2011-06-14
658,8.012953758239746,-25.81048333,27.90955222,2011-06-15
659,9.051010131835938,-30.830556,26.921389,2011-06-15
660,4.305035591125488,-24.058889,31.237222,2011-06-15
661,4.082953929901123,-24.034167,31.123611,2011-06-15
662,11.6421058177948,-27.3,28.586944,2011-06-15
663,63.95528268814087,-33.501667,21.624167,2011-06-15
664,12.389055252075195,-27.602222,29.942778,2011-06-16
665,4.127983093261719,-30.679722,26.7125,2011-06-16
666,0.0,-28.760833,17.730278,2011-06-19
667,12.389055252075195,-27.602222,29.942778,2011-06-20
668,0.0,-28.883333,27.89,2011-06-20
669,0.0,-25.436111,31.982222,2011-06-21
670,0.0,-25.127778,27.628889,2011-06-21
671,0.0,-25.20639,27.558,2011-06-21
672,0.0,-24.69514,27.40906,2011-06-21
673,0.0,-25.681111,31.783333,2011-06-21
674,0.0,-26.970278,27.211111,2011-06-21
675,0.0,-26.73806,27.59194,2011-06-21
676,13.35560703277588,-34.039722,22.133333,2011-06-21
677,34.25950622558594,-33.38056,19.30167,2011-06-21
678,58.57991027832031,-33.31388889,19.07472222,2011-06-21
679,0.0,-27.356667,27.286389,2011-06-21
680,0.0,-29.161667,23.696389,2011-06-22
681,0.0,-27.01011111,26.69808333,2011-06-22
682,0.0,-25.14944444,31.94055556,2011-06-22
683,0.0,-24.9675,31.516667,2011-06-22
684,3.268225908279419,-28.75,30.442778,2011-06-22
685,5.035810470581055,-29.161667,30.629722,2011-06-22
686,1.5628551244735718,-27.169444,29.233889,2011-06-22
687,1.898287653923035,-27.02314,28.59389,2011-06-22
688,0.0,-26.98472222,26.63227778,2011-06-22
689,0.0,-27.398611,26.614722,2011-06-22
690,0.0,-29.042222,24.6,2011-06-22
691,18.8898286819458,-34.092222,21.295278,2011-06-22
692,0.0,-27.495556,26.074722,2011-06-22
693,0.0,-30.27402,30.69602,2011-06-23
694,0.0,-26.648056,27.089444,2011-06-23
695,0.0,-26.880278,26.965,2011-06-23
696,0.0,-27.044444,27.005,2011-06-23
697,0.0,-28.376944,24.303056,2011-06-23
698,0.0,-29.028629,24.638389,2011-06-23
699,0.0,-28.69485,28.23487,2011-06-23
700,2.3796634674072266,-25.398889,31.610556,2011-06-24
701,0.0,-27.573056,24.746389,2011-06-24
702,0.0,-27.902778,24.615556,2011-06-24
703,0.0,-26.861111,28.884722,2011-06-27
704,1.898287653923035,-27.02314,28.59389,2011-06-27
705,1.591817855834961,-26.45,28.085833,2011-06-27
706,2.238884687423706,-31.396,29.2651,2011-06-27
707,0.0,-24.670833,28.560833,2011-06-28
708,4.799219608306885,-29.380556,30.2775,2011-06-28
709,0.0,-31.104278,29.399722,2011-06-28
710,29.25291156768799,-33.818056,19.694722,2011-06-28
711,0.0,-29.161667,23.696389,2011-06-29
712,2.3847849369049072,-25.81048333,27.90955222,2011-06-29
713,0.0,-24.282222,28.090278,2011-06-29
714,0.0,-23.23572222,27.717,2011-06-29
715,0.0,-26.03611,30.99778,2011-06-29
716,3.935867547988891,-27.937778,31.209444,2011-06-29
717,0.0,-28.404444,30.013056,2011-06-29
718,0.0,-27.02314,28.59389,2011-06-29
719,0.0,-28.141944,26.417778,2011-06-29
720,2.7098188400268555,-28.1175,26.719444,2011-06-29
721,0.0,-29.033333,23.983333,2011-06-29
722,0.0,-30.568333,29.422778,2011-06-29
723,3.3108447790145874,-25.447222,30.711667,2011-06-29
724,0.0,-27.01011111,26.69808333,2011-06-30
725,0.0,-22.935,28.004167,2011-06-30
726,0.0,-22.91028,29.61111,2011-06-30
727,2.8566694259643555,-27.5275,30.858056,2011-06-30
728,0.0,-26.648056,27.089444,2011-06-30
729,0.0,-26.970278,27.211111,2011-06-30
730,0.0,-26.880278,26.965,2011-06-30
731,2.841278076171875,-27.38972222,26.46388889,2011-06-30
732,0.0,-26.98472222,26.63227778,2011-06-30
733,16.489891052246094,-34.065833,20.404167,2012-01-10
734,46.4339599609375,-34.065833,20.404167,2012-02-01
735,2.756932258605957,-34.065833,20.404167,2012-02-29
736,3.048800468444824,-27.398611,26.614722,2011-06-30
737,0.0,-31.031389,28.883333,2011-06-30
738,1.829823017120361,-30.86013889,29.07125,2011-06-30
739,0.0,-30.77586667,29.03221667,2011-06-30
740,0.0,-27.356667,27.286389,2011-06-30
741,12.123741626739502,-33.897778,20.012778,2011-06-30
742,0.0,-22.43772222,31.07805556,2011-07-02
743,0.0,-28.760833,17.730278,2011-07-03
744,0.0,-29.7775,29.470833,2011-07-04
745,0.0,-29.987778,29.851667,2011-07-04
746,0.0,-29.744167,29.905833,2011-07-04
747,0.0,-26.73806,27.59194,2011-07-04
748,3.387362480163574,-30.830556,26.921389,2011-07-05
749,0.0,-25.127778,27.628889,2011-07-05
750,0.0,-25.20639,27.558,2011-07-05
751,0.0,-24.69514,27.40906,2011-07-05
752,1.965773105621338,-23.658056,31.05,2011-07-05
753,0.0,-30.733889,29.828333,2011-07-05
754,0.0,-27.169444,29.233889,2011-07-05
755,17.326101303100586,-34.065833,20.404167,2014-01-21
756,19.650164127349857,-34.065833,20.404167,2014-02-11
757,0.0,-34.065833,20.404167,2014-03-11
758,0.0,-27.671111,27.236944,2011-07-05
759,2.7376291751861572,-28.69485,28.23487,2011-07-05
760,2.4527740478515625,-28.883333,27.89,2011-07-05
761,0.0,-29.161667,23.696389,2011-07-06
762,0.0,-30.27402,30.69602,2011-07-06
763,1.6535894870758057,-27.00222,28.76528,2011-07-06
764,0.0,-27.02314,28.59389,2011-07-06
765,3.048800468444824,-27.398611,26.614722,2011-07-06
766,5.733391761779785,-34.065833,20.404167,2015-02-24
767,0.0,-27.044444,27.005,2011-07-06
768,40.04107069969177,-34.405833,19.600556,2011-07-06
769,0.0,-27.495556,26.074722,2011-07-06
770,0.0,-28.376944,24.303056,2011-07-07
771,0.0,-34.065833,20.404167,2015-10-27
772,0.0,-27.573056,24.746389,2011-07-08
773,0.0,-27.902778,24.615556,2011-07-08
774,0.0,-28.460833,21.248889,2011-07-08
775,0.0,-29.803611,30.516111,2011-07-08
776,0.0,-28.96362,19.15486,2011-07-09
777,0.0,-25.99136,27.84208,2011-07-11
778,0.0,-26.45,28.085833,2011-07-11
779,0.0,-26.98472222,26.63227778,2011-07-11
780,0.0,-29.160278,26.573333,2011-07-11
781,0.0,-23.281,30.54305556,2011-07-12
782,0.0,-27.02314,28.59389,2011-07-12
783,0.0,-26.648056,27.089444,2011-07-12
784,0.0,-26.970278,27.211111,2011-07-12
785,0.0,-26.880278,26.965,2011-07-12
786,0.0,-27.044444,27.005,2011-07-12
787,0.0,-29.160278,26.573333,2011-07-12
788,2.8838953971862793,-30.160091,27.40124,2011-07-12
789,2.4527740478515625,-28.883333,27.89,2011-07-12
790,0.0,-34.039722,22.133333,2011-07-12
791,0.0,-32.502778,19.535833,2011-07-12
792,0.0,-31.5653,18.3306,2011-07-12
793,0.0,-34.005833,22.351111,2011-07-12
794,0.0,-25.45963889,28.26430556,2011-07-12
795,0.0,-29.161667,23.696389,2011-07-13
796,0.0,-25.81048333,27.90955222,2011-07-13
797,0.0,-29.641944,30.6875,2011-07-13
798,2.5491082668304443,-22.769722,30.886944,2011-07-13
799,0.0,-29.033333,23.983333,2011-07-13
800,0.0,-34.02861,22.22222,2011-07-13
801,0.0,-31.860278,18.6875,2011-07-14
802,0.0,-27.602222,29.942778,2011-07-14
803,0.0,-27.3,28.586944,2011-07-14
804,0.0,-27.573056,24.746389,2011-07-14
805,0.0,-29.033333,23.983333,2011-07-14
806,0.0,-30.160091,27.40124,2011-07-14
807,0.0,-30.336111,27.359444,2011-07-14
808,0.0,-34.250556,20.9925,2011-07-14
809,3.356525182723999,-25.362222,31.956667,2011-07-15
810,2.45127272605896,-25.14944444,31.94055556,2011-07-15
811,3.2017552852630615,-29.658056,25.973333,2011-07-15
812,0.0,-31.000833,26.353056,2011-07-15
813,0.0,-30.534167,24.961944,2011-07-15
814,0.0,-28.760833,17.730278,2011-07-17
815,0.0,-26.861111,28.884722,2011-07-18
816,0.0,-26.73806,27.59194,2011-07-18
817,0.0,-28.69485,28.23487,2011-07-18
818,0.0,-25.127778,27.628889,2011-07-19
819,0.0,-25.20639,27.558,2011-07-19
820,0.0,-24.69514,27.40906,2011-07-19
821,2.338576555252075,-27.169444,29.233889,2011-07-19
822,13.492778301239014,-33.38056,19.30167,2011-07-19
823,2.8908841609954834,-33.31388889,19.07472222,2011-07-19
824,0.0,-27.495556,26.074722,2011-07-19
825,0.0,-29.161667,23.696389,2011-07-20
826,0.0,-27.01011111,26.69808333,2011-07-20
827,10.807183265686035,-28.75,30.442778,2011-07-20
828,39.94156646728515,-29.161667,30.629722,2011-07-20
829,3.3284082412719727,-30.534167,24.961944,2011-07-20
830,0.0,-34.092222,21.295278,2011-07-20
831,0.0,-33.13083,18.86278,2011-07-20
832,10.69815444946289,-31.000833,26.353056,2011-07-21
833,4.822816371917725,-33.7075,18.97444444,2011-07-21
834,0.0,-25.99136,27.84208,2011-07-25
835,3.780716180801392,-26.861111,28.884722,2011-07-25
836,0.0,-26.006389,29.253889,2011-07-26
837,33.02182388305664,-29.380556,30.2775,2011-07-26
838,0.0,-26.648056,27.089444,2011-07-26
839,0.0,-26.880278,26.965,2011-07-26
840,0.0,-26.98472222,26.63227778,2011-07-26
841,6.297453165054321,-28.141944,26.417778,2011-07-26
842,0.0,-27.044444,27.005,2011-07-26
843,100.7087745666504,-33.501667,21.624167,2011-07-26
844,0.0,-25.45963889,28.26430556,2011-07-26
845,0.0,-29.161667,23.696389,2011-07-27
846,0.0,-25.81048333,27.90955222,2011-07-27
847,25.165226936340332,-34.065833,20.404167,2011-07-27
848,0.0,-23.23572222,27.717,2011-07-27
849,6.423841714859009,-27.4275,28.525833,2011-07-27
850,0.0,-27.935,26.126667,2011-07-27
851,0.0,-29.033333,23.983333,2011-07-27
852,16.118014335632324,-34.075556,20.145556,2011-07-27
853,0.0,-22.91028,29.61111,2011-07-28
854,0.0,-24.925278,29.324444,2011-07-28
855,8.707319259643555,-26.905,32.324722,2011-07-28
856,2.283139228820801,-27.38972222,26.46388889,2011-07-28
857,2.6587531566619873,-27.398611,26.614722,2011-07-28
858,0.0,-27.671111,27.236944,2011-07-28
859,11.6432466506958,-28.404444,30.013056,2011-07-29
860,11.51843547821045,-28.058889,30.373611,2011-07-29
861,20.73846024274826,-28.760833,17.730278,2011-07-31
862,19.979533433914185,-29.7775,29.470833,2011-08-01
863,25.13970828056335,-29.987778,29.851667,2011-08-01
864,19.684641361236572,-29.744167,29.905833,2011-08-01
865,5.4253199100494385,-27.169444,29.233889,2011-08-01
866,0.0,-26.45,28.085833,2011-08-01
867,2.5580127239227295,-27.4,26.624722,2011-08-01
868,0.0,-25.127778,27.628889,2011-08-02
869,0.4977415204048157,-25.20639,27.558,2011-08-02
870,0.0,-24.69514,27.40906,2011-08-02
871,17.463603019714355,-30.733889,29.828333,2011-08-02
872,3.681166410446167,-27.802778,28.768333,2011-08-02
873,5.674300193786621,-30.160091,27.40124,2011-08-02
874,0.0,-30.336111,27.359444,2011-08-02
875,35.96629238128662,-34.405833,19.600556,2011-08-02
876,0.0,-27.01011111,26.69808333,2011-08-03
877,11.274120807647703,-30.830556,26.921389,2011-08-03
878,12.98548984527588,-30.398056,30.601944,2011-08-03
879,0.0,-27.00222,28.76528,2011-08-03
880,0.0,-27.02314,28.59389,2011-08-03
881,0.0,-26.970278,27.211111,2011-08-03
882,0.0,-27.4275,28.525833,2011-08-03
883,2.2023372650146484,-27.3,28.586944,2011-08-03
884,0.0,-27.398611,26.614722,2011-08-03
885,9.965947151184082,-30.679722,26.7125,2011-08-03
886,0.0,-27.495556,26.074722,2011-08-03
887,0.0,-29.803611,30.516111,2011-08-05
888,0.0,-26.73806,27.59194,2011-08-07
889,0.5008942484855652,-25.99136,27.84208,2011-08-08
890,4.328453063964844,-26.861111,28.884722,2011-08-08
891,0.0,-26.45,28.085833,2011-08-08
892,0.0,-29.160278,26.573333,2011-08-08
893,0.0,-27.01011111,26.69808333,2011-08-09
894,10.917142391204834,-27.00222,28.76528,2011-08-09
895,2.401994228363037,-26.880278,26.965,2011-08-09
896,0.0,-26.98472222,26.63227778,2011-08-09
897,15.100235223770142,-28.69485,28.23487,2011-08-09
898,6.100478172302246,-29.615556,27.065278,2011-08-09
899,10.53057312965393,-28.883333,27.89,2011-08-09
900,0.0,-25.45963889,28.26430556,2011-08-09
901,3.682698965072632,-29.161667,23.696389,2011-08-10
902,5.276865214109421,-25.81048333,27.90955222,2011-08-10
903,34.73798370361328,-29.641944,30.6875,2011-08-10
904,11.57979965209961,-27.602222,29.942778,2011-08-10
905,23.83724164962769,-31.554722,29.245556,2011-08-10
906,20.96715784072876,-34.039722,22.133333,2011-08-10
907,13.798348903656006,-32.502778,19.535833,2011-08-10
908,7.086344242095947,-31.5653,18.3306,2011-08-10
909,13.969693183898926,-31.860278,18.6875,2011-08-11
910,8.611258506774902,-30.830556,26.921389,2011-08-11
911,0.0,-22.43772222,31.07805556,2011-08-11
912,14.917439460754396,-28.735556,29.820556,2011-08-11
913,9.29830265045166,-31.000833,26.353056,2011-08-11
914,9.965947151184082,-30.679722,26.7125,2011-08-11
915,5.674300193786621,-30.160091,27.40124,2011-08-11
916,0.0,-30.336111,27.359444,2011-08-11
917,15.882979393005373,-30.568333,29.422778,2011-08-11
918,19.70512962341309,-30.570833,29.150556,2011-08-11
919,21.610522270202637,-31.104278,29.399722,2011-08-11
920,33.66584777832031,-34.250556,20.9925,2011-08-11
921,0.0,-27.573056,24.746389,2011-08-12
922,6.303152084350586,-29.658056,25.973333,2011-08-12
923,3.1877739429473877,-30.534167,24.961944,2011-08-12
924,1.7255921363830566,-28.460833,21.248889,2011-08-12
925,21.70183515548706,-30.86013889,29.07125,2011-08-12
926,19.713054656982425,-30.77586667,29.03221667,2011-08-12
927,0.0,-23.838611,31.640833,2011-08-13
928,0.0,-28.760833,17.730278,2011-08-14
929,8.073282241821289,-26.970278,27.211111,2011-08-15
930,7.97553563117981,-26.73806,27.59194,2011-08-15
931,4.006568908691406,-27.044444,27.005,2011-08-15
932,11.132559776306152,-24.679167,30.8025,2011-08-16
933,0.0,-25.127778,27.628889,2011-08-16
934,4.505614280700684,-25.20639,27.558,2011-08-16
935,0.0,-24.69514,27.40906,2011-08-16
936,12.494998931884766,-27.169444,29.233889,2011-08-16
937,0.0,-26.648056,27.089444,2011-08-16
938,0.0,-29.160278,26.573333,2011-08-16
939,13.63101291656494,-33.38056,19.30167,2011-08-16
940,16.875728607177734,-33.31388889,19.07472222,2011-08-16
941,6.2541823387146,-27.495556,26.074722,2011-08-16
942,2.448873281478882,-29.161667,23.696389,2011-08-17
943,0.0,-22.769722,30.886944,2011-08-17
944,0.0,-24.058889,31.237222,2011-08-17
945,10.569146156311035,-28.75,30.442778,2011-08-17
946,29.264732360839844,-29.161667,30.629722,2011-08-17
947,12.76764965057373,-27.802778,28.768333,2011-08-17
948,0.0,-29.033333,23.983333,2011-08-17
949,13.863671779632568,-33.980556,21.653333,2011-04-06
950,0.0,-33.980556,21.653333,2011-08-17
951,19.028715133666992,-33.980556,21.653333,2011-09-27
952,0.0,-33.980556,21.653333,2011-10-25
953,32.31865310668945,-33.980556,21.653333,2011-11-29
954,0.0,-33.980556,21.653333,2012-02-15
955,33.238484382629395,-33.980556,21.653333,2012-04-18
956,11.57211446762085,-33.980556,21.653333,2012-05-16
957,37.73297882080078,-33.980556,21.653333,2012-06-12
958,0.0,-33.980556,21.653333,2012-07-05
959,42.673095703125,-33.980556,21.653333,2012-08-07
960,0.0,-33.980556,21.653333,2012-09-05
961,13.663681983947754,-33.980556,21.653333,2012-10-03
962,29.00754451751709,-33.980556,21.653333,2012-11-06
963,13.435989141464232,-33.980556,21.653333,2012-12-03
964,0.0,-33.980556,21.653333,2013-01-29
965,11.62593936920166,-33.980556,21.653333,2013-02-28
966,11.62593936920166,-33.980556,21.653333,2013-03-10
967,0.0,-33.980556,21.653333,2013-03-19
968,0.0,-33.980556,21.653333,2013-05-15
969,16.486661911010742,-33.980556,21.653333,2013-06-12
970,32.42212677001953,-33.980556,21.653333,2013-07-18
971,81.82050514221191,-33.980556,21.653333,2013-08-14
972,8.967143058776855,-33.980556,21.653333,2013-09-11
973,0.0,-33.980556,21.653333,2013-10-08
974,0.0,-34.092222,21.295278,2011-08-17
975,5.962489128112793,-33.980556,21.653333,2013-12-05
976,18.386232376098633,-33.980556,21.653333,2014-01-07
977,10.56608819961548,-33.980556,21.653333,2014-02-18
978,0.0,-33.980556,21.653333,2014-03-11
979,0.0,-33.980556,21.653333,2014-04-10
980,8.68558406829834,-33.980556,21.653333,2014-05-13
981,7.7102508544921875,-33.980556,21.653333,2014-06-10
982,10.573813438415527,-33.980556,21.653333,2014-07-08
983,0.0,-33.980556,21.653333,2014-08-21
984,0.0,-33.980556,21.653333,2014-09-11
985,9.335775375366213,-33.980556,21.653333,2014-10-14
986,14.54393482208252,-33.980556,21.653333,2014-11-11
987,0.0,-33.980556,21.653333,2014-12-02
988,13.723477840423584,-33.980556,21.653333,2015-01-15
989,12.160842895507812,-33.980556,21.653333,2015-02-17
990,0.0,-33.980556,21.653333,2015-03-10
991,16.735595226287842,-33.980556,21.653333,2015-04-14
992,6.597458362579346,-33.980556,21.653333,2015-05-19
993,24.82309341430664,-33.980556,21.653333,2015-08-18
994,0.0,-33.980556,21.653333,2015-09-15
995,0.0,-33.980556,21.653333,2015-10-20
996,4.782370090484619,-33.980556,21.653333,2015-11-17
997,8.789184808731079,-33.980556,21.653333,2015-12-09
998,0.0,-24.183889,30.823889,2011-08-18
999,3.3001396656036377,-23.281,30.54305556,2011-08-18
1000,0.0,-27.671111,27.236944,2011-08-18
1001,4.256120204925537,-27.902778,24.615556,2011-08-18
1002,2.5726301670074463,-28.376944,24.303056,2011-08-18
1003,0.0,-29.658056,25.973333,2011-08-18
1004,0.0,-30.534167,24.961944,2011-08-18
1005,0.0,-22.225556,29.990556,2011-08-22
1006,0.0,-24.282222,28.090278,2011-08-22
1007,5.34820556640625,-25.99136,27.84208,2011-08-22
1008,10.374510765075684,-29.380556,30.2775,2011-08-22
1009,7.648332118988037,-26.861111,28.884722,2011-08-22
1010,6.071217894554138,-26.45,28.085833,2011-08-22
1011,0.0,-30.830556,26.921389,2011-08-23
1012,0.0,-25.73411,27.21422,2011-08-23
1013,9.20564079284668,-29.380556,30.2775,2011-08-23
1014,2.1827948093414307,-28.141944,26.417778,2011-08-23
1015,0.0,-30.679722,26.7125,2011-08-23
1016,18.094446778297424,-33.501667,21.624167,2011-08-23
1017,0.0,-25.57877778,29.12747222,2011-08-23
1018,0.0,-29.161667,23.696389,2011-08-24
1019,0.0,-34.065833,20.404167,2011-08-24
1020,0.0,-23.23572222,27.717,2011-08-24
1021,0.0,-28.404444,30.013056,2011-08-24
1022,3.146204948425293,-27.38972222,26.46388889,2011-08-24
1023,3.375227689743042,-27.398611,26.614722,2011-08-24
1024,3.6368231773376465,-27.044444,27.005,2011-08-24
1025,0.0,-29.033333,23.983333,2011-08-24
1026,16.849079132080078,-33.818056,19.694722,2011-08-24
1027,17.248559951782227,-34.075556,20.145556,2011-08-24
1028,0.0,-28.058889,30.373611,2011-08-24
1029,3.175028085708618,-27.4,26.624722,2011-08-24
1030,0.0,-27.01011111,26.69808333,2011-08-25
1031,0.0,-22.225556,29.990556,2011-08-25
1032,0.0,-22.91028,29.61111,2011-08-25
1033,0.0,-24.925278,29.324444,2011-08-25
1034,0.0,-30.398056,30.601944,2011-08-25
1035,0.0,-30.27402,30.69602,2011-08-25
1036,0.0,-26.648056,27.089444,2011-08-25
1037,0.0,-26.970278,27.211111,2011-08-25
1038,2.6097252368927,-26.880278,26.965,2011-08-25
1039,3.146204948425293,-27.38972222,26.46388889,2011-08-25
1040,0.0,-23.763056,27.908611,2014-07-25
1041,0.0,-23.763056,27.908611,2014-08-13
1042,0.0,-26.98472222,26.63227778,2011-08-25
1043,0.0,-29.028629,24.638389,2011-08-25
1044,81.1895694732666,-23.763056,27.908611,2014-12-22
1045,11.889062881469728,-33.897778,20.012778,2011-08-25
1046,0.0,-29.641944,30.6875,2011-08-26
1047,0.0,-27.937778,31.209444,2011-08-26
1048,3.873473644256592,-27.671111,27.236944,2011-08-26
1049,0.0,-27.573056,24.746389,2011-08-26
1050,0.0,-23.763056,27.908611,2015-08-19
1051,4.813924789428711,-23.763056,27.908611,2015-09-09
1052,0.0,-28.460833,21.248889,2011-08-26
1053,0.0,-28.760833,17.730278,2011-08-28
1054,0.0,-27.169444,29.233889,2011-08-29
1055,0.0,-26.73806,27.59194,2011-08-29
1056,0.0,-25.127778,27.628889,2011-08-30
1057,0.0,-25.20639,27.558,2011-08-30
1058,0.0,-24.69514,27.40906,2011-08-30
1059,0.0,-27.00222,28.76528,2011-08-30
1060,30.49620532989502,-34.405833,19.600556,2011-08-30
1061,0.0,-27.495556,26.074722,2011-08-30
1062,0.0,-29.161667,23.696389,2011-08-31
1063,,-34.329722,18.990278,2011-08-31
1064,3.371293544769287,-25.447222,30.711667,2011-08-31
1065,0.0,-29.161667,23.696389,2011-09-01
1066,0.0,-27.902778,24.615556,2011-09-02
1067,0.0,-25.99136,27.84208,2011-09-05
1068,0.0,-26.861111,28.884722,2011-09-05
1069,0.0,-26.45,28.085833,2011-09-05
1070,0.0,-29.160278,26.573333,2011-09-05
1071,1.7044289112091064,-28.768056,20.720556,2011-09-05
1072,0.0,-25.73411,27.21422,2011-09-06
1073,8.651459693908691,-29.380556,30.2775,2011-09-06
1074,0.0,-27.398611,26.614722,2011-09-06
1075,0.0,-27.671111,27.236944,2011-09-06
1076,0.0,-28.69485,28.23487,2011-09-06
1077,0.0,-29.615556,27.065278,2011-09-06
1078,0.0,-28.883333,27.89,2011-09-06
1079,10.699214100837708,-31.104278,29.399722,2011-09-06
1080,14.380155563354492,-31.396,29.2651,2011-09-06
1081,14.39850926399231,-31.554722,29.245556,2011-09-06
1082,6.860942840576172,-34.039722,22.133333,2011-09-06
1083,6.318056106567383,-25.81048333,27.90955222,2011-09-07
1084,20.82088279724121,-29.641944,30.6875,2011-09-07
1085,4.121335506439209,-31.860278,18.6875,2011-09-07
1086,0.0,-27.602222,29.942778,2011-09-07
1087,0.0,-27.02314,28.59389,2011-09-07
1088,5.736654281616211,-27.4275,28.525833,2011-09-07
1089,5.465871334075928,-27.3,28.586944,2011-09-07
1090,6.482275009155273,-27.044444,27.005,2011-09-07
1091,0.0,-29.033333,23.983333,2011-09-07
1092,7.958909511566162,-30.160091,27.40124,2011-09-07
1093,2.009525775909424,-30.336111,27.359444,2011-09-07
1094,12.749183177947998,-30.568333,29.422778,2011-09-07
1095,18.215336799621586,-30.86013889,29.07125,2011-09-07
1096,11.335085391998293,-30.77586667,29.03221667,2011-09-07
1097,10.467411994934082,-34.02861,22.22222,2011-09-07
1098,0.0,-30.830556,26.921389,2011-09-08
1099,33.637271881103516,-30.398056,30.601944,2011-09-08
1100,29.91398572921753,-30.27402,30.69602,2011-09-08
1101,0.0,-29.033333,23.983333,2011-09-08
1102,0.0,-30.679722,26.7125,2011-09-08
1103,15.973503112792969,-31.031389,28.883333,2011-09-08
1104,11.840361595153809,-34.031944,22.053333,2011-09-08
1105,0.0,-29.658056,25.973333,2011-09-09
1106,0.0,-31.000833,26.353056,2011-09-09
1107,0.0,-28.760833,17.730278,2011-09-10
1108,0.0,-26.970278,27.211111,2011-09-12
1109,5.357028484344482,-27.01011111,26.69808333,2011-09-13
1110,0.0,-24.679167,30.8025,2011-09-13
1111,0.0,-24.183889,30.823889,2011-09-13
1112,0.0,-25.127778,27.628889,2011-09-13
1113,5.136175274848938,-25.20639,27.558,2011-09-13
1114,3.250669002532959,-24.69514,27.40906,2011-09-13
1115,0.0,-24.925278,29.324444,2011-09-13
1116,38.61932373046875,-29.161667,30.629722,2011-09-13
1117,0.0,-26.648056,27.089444,2011-09-13
1118,0.0,-26.880278,26.965,2011-09-13
1119,13.207831382751465,-27.802778,28.768333,2011-09-13
1120,5.929951190948486,-26.98472222,26.63227778,2011-09-13
1121,0.0,-29.033333,23.983333,2011-09-13
1122,1.350342035293579,-30.679722,26.7125,2011-09-13
1123,22.597387313842773,-31.396,29.2651,2011-09-13
1124,5.396232604980469,-33.38056,19.30167,2011-09-13
1125,11.189581155776978,-33.31388889,19.07472222,2011-09-13
1126,0.0,-27.495556,26.074722,2011-09-13
1127,0.0,-24.058889,31.237222,2011-09-14
1128,6.5463337898254395,-28.75,30.442778,2011-09-14
1129,21.226733684539795,-29.380556,30.2775,2011-09-14
1130,4.494663715362549,-26.73806,27.59194,2011-09-14
1131,5.736654281616211,-27.4275,28.525833,2011-09-14
1132,5.465871334075928,-27.3,28.586944,2011-09-14
1133,0.0,-29.042222,24.6,2011-09-14
1134,0.0,-29.028629,24.638389,2011-09-14
1135,7.958909511566162,-30.160091,27.40124,2011-09-14
1136,4.767019748687744,-34.250556,20.9925,2011-09-14
1137,17.52809977531433,-33.7075,18.97444444,2011-09-14
1138,0.0,-29.161667,23.696389,2011-09-15
1139,33.637271881103516,-30.398056,30.601944,2011-09-15
1140,3.580231189727783,-27.169444,29.233889,2011-09-15
1141,4.983026027679443,-27.00222,28.76528,2011-09-15
1142,0.0,-27.902778,24.615556,2011-09-16
1143,0.0,-28.460833,21.248889,2011-09-16
1144,23.931188583374023,-30.27402,30.69602,2011-09-19
1145,7.881978750228882,-26.861111,28.884722,2011-09-19
1146,0.0,-26.970278,27.211111,2011-09-19
1147,7.415732145309448,-27.01011111,26.69808333,2011-09-20
1148,0.0,-24.058889,31.237222,2011-09-20
1149,0.0,-27.937778,31.209444,2011-09-20
1150,19.64473867416382,-29.380556,30.2775,2011-09-20
1151,4.983026027679443,-27.00222,28.76528,2011-09-20
1152,0.0,-26.648056,27.089444,2011-09-20
1153,5.006643295288086,-26.880278,26.965,2011-09-20
1154,5.929951190948486,-26.98472222,26.63227778,2011-09-20
1155,0.0,-33.501667,21.624167,2011-09-20
1156,9.428532600402832,-28.058889,30.373611,2011-09-20
1157,9.410601615905762,-25.57877778,29.12747222,2011-09-20
1158,0.0,-29.161667,23.696389,2011-09-21
1159,0.0,-25.81048333,27.90955222,2011-09-21
1160,5.742749214172363,-34.065833,20.404167,2011-09-21
1161,0.0,-27.5275,30.858056,2011-09-21
1162,0.0,-28.404444,30.013056,2011-09-21
1163,0.0,-28.141944,26.417778,2011-09-21
1164,0.0,-29.033333,23.983333,2011-09-21
1165,7.115495204925537,-33.818056,19.694722,2011-09-21
1166,3.922541856765747,-34.075556,20.145556,2011-09-21
1167,0.0,-29.161667,23.696389,2011-09-22
1168,0.0,-27.38972222,26.46388889,2011-09-22
1169,0.0,-27.398611,26.614722,2011-09-22
1170,0.0,-33.897778,20.012778,2011-09-22
1171,11.502266883850098,-29.641944,30.6875,2011-09-23
1172,0.0,-28.760833,17.730278,2011-09-24
1173,11.502266883850098,-29.641944,30.6875,2011-09-24
1174,43.808841705322266,-25.513889,31.224444,2011-09-26
1175,36.95893049240112,-29.7775,29.470833,2011-09-26
1176,46.60244655609131,-29.987778,29.851667,2011-09-26
1177,42.952311515808105,-29.744167,29.905833,2011-09-26
1178,40.44446849822998,-27.169444,29.233889,2011-09-26
1179,18.120853424072266,-26.73806,27.59194,2011-09-26
1180,24.102115631103516,-26.45,28.085833,2011-09-26
1181,57.33751606941223,-31.396,29.2651,2011-09-26
1182,53.76371097564697,-31.554722,29.245556,2011-09-26
1183,11.768182754516602,-24.282222,28.090278,2011-09-27
1184,12.347558975219728,-25.127778,27.628889,2011-09-27
1185,11.959433555603027,-25.20639,27.558,2011-09-27
1186,6.016706347465515,-23.281,30.54305556,2011-09-27
1187,51.0170693397522,-28.747778,31.745833,2011-09-27
1188,36.027775287628174,-30.733889,29.828333,2011-09-27
1189,42.99073076248169,-27.273889,28.49,2011-09-27
1190,34.87550640106201,-27.3,28.586944,2011-09-27
1191,33.87610483169556,-30.568333,29.422778,2011-09-27
1192,45.044126987457275,-31.104278,29.399722,2011-09-27
1193,4.8154377937316895,-34.092222,21.295278,2011-09-27
1194,10.546449661254885,-34.405833,19.600556,2011-09-27
1195,4.744401931762695,-29.161667,23.696389,2011-09-28
1196,3.6849241256713863,-22.935,28.004167,2011-09-28
1197,6.559513092041016,-23.763056,27.908611,2011-09-28
1198,36.931883335113525,-24.768889,31.39,2011-09-28
1199,59.489627838134766,-28.801278,31.955389,2011-09-28
1200,53.87962818145752,-30.27402,30.69602,2011-09-28
1201,15.536787509918211,-27.802778,28.768333,2011-09-28
1202,28.41814374923706,-27.398611,26.614722,2011-09-28
1203,43.855037212371826,-31.031389,28.883333,2011-09-28
1204,44.30373764038086,-30.86013889,29.07125,2011-09-28
1205,40.23356246948242,-30.77586667,29.03221667,2011-09-28
1206,17.081438541412354,-27.495556,26.074722,2011-09-28
1207,83.70296955108643,-24.99328,30.81444,2011-09-29
1208,55.95404243469238,-30.13573889,30.67422222,2011-09-29
1209,14.246951580047607,-27.573056,24.746389,2011-09-30
1210,12.076467990875244,-27.902778,24.615556,2011-09-30
1211,45.611302852630615,-29.803611,30.516111,2011-09-30
1212,32.199302673339844,-26.861111,28.884722,2011-10-03
1213,21.501317024230957,-29.160278,26.573333,2011-10-03
1214,56.09537410736084,-26.03611,30.99778,2011-10-04
1215,28.41814374923706,-27.398611,26.614722,2011-10-04
1216,20.90912961959839,-27.671111,27.236944,2011-10-04
1217,19.77005100250244,-30.160091,27.40124,2011-10-04
1218,33.66401290893555,-30.336111,27.359444,2011-10-04
1219,22.699706435203552,-28.69485,28.23487,2011-10-04
1220,21.21423864364624,-28.883333,27.89,2011-10-04
1221,3.696935176849365,-31.5653,18.3306,2011-10-04
1222,15.438015937805176,-25.45963889,28.26430556,2011-10-04
1223,63.29345226287842,-28.338333,31.373611,2011-10-04
1224,56.93477964401245,-28.068333,31.55,2011-10-04
1225,27.752297401428223,-27.4,26.624722,2011-10-04
1226,4.744401931762695,-29.161667,23.696389,2011-10-05
1227,30.231348037719727,-25.81048333,27.90955222,2011-10-05
1228,50.81844425201416,-29.641944,30.6875,2011-10-05
1229,0.0,-31.860278,18.6875,2011-10-05
1230,31.493138790130615,-27.00222,28.76528,2011-10-05
1231,29.957097053527832,-27.02314,28.59389,2011-10-05
1232,42.99073076248169,-27.273889,28.49,2011-10-05
1233,29.205791473388672,-27.4275,28.525833,2011-10-05
1234,34.87550640106201,-27.3,28.586944,2011-10-05
1235,20.756701469421387,-30.830556,26.921389,2011-10-06
1236,19.89046573638916,-30.679722,26.7125,2011-10-06
1237,19.77005100250244,-30.160091,27.40124,2011-10-06
1238,33.66401290893555,-30.336111,27.359444,2011-10-06
1239,13.859377145767212,-31.000833,26.353056,2011-10-07
1240,0.0,-28.460833,21.248889,2011-10-07
1241,0.0,-28.760833,17.730278,2011-10-08
1242,25.912144660949707,-27.602222,29.942778,2011-10-08
1243,0.0,-27.169444,29.233889,2011-10-10
1244,0.0,-27.01011111,26.69808333,2011-10-11
1245,3.5226588249206543,-24.183889,30.823889,2011-10-11
1246,0.0,-25.127778,27.628889,2011-10-11
1247,0.0,-25.20639,27.558,2011-10-11
1248,0.0,-24.69514,27.40906,2011-10-11
1249,0.0,-25.73411,27.21422,2011-10-11
1250,4.383538722991943,-27.363611,31.783333,2011-10-11
1251,0.0,-26.648056,27.089444,2011-10-11
1252,0.0,-26.970278,27.211111,2011-10-11
1253,0.0,-26.880278,26.965,2011-10-11
1254,0.0,-26.98472222,26.63227778,2011-10-11
1255,0.0,-27.573056,24.746389,2011-10-11
1256,0.0,-29.028629,24.638389,2011-10-11
1257,0.0,-30.160091,27.40124,2011-10-11
1258,10.518757820129396,-33.31388889,19.07472222,2011-10-11
1259,0.0,-29.161667,23.696389,2011-10-12
1260,7.491245985031128,-24.058889,31.237222,2011-10-12
1261,6.2070194482803345,-26.905,32.324722,2011-10-12
1262,5.962037563323975,-26.73806,27.59194,2011-10-12
1263,1.0615370273590088,-31.000833,26.353056,2011-10-12
1264,1.1468291282653809,-30.679722,26.7125,2011-10-12
1265,11.744956970214844,-33.7075,18.97444444,2011-10-12
1266,25.737855672836304,-24.679167,30.8025,2011-10-13
1267,5.96649169921875,-34.250556,20.9925,2011-10-13
1268,0.0,-34.031944,22.053333,2011-10-13
1269,0.0,-34.039722,22.133333,2011-10-13
1270,0.0,-34.02861,22.22222,2011-10-14
1271,3.1091208457946777,-27.01011111,26.69808333,2011-10-17
1272,7.739883899688721,-25.99136,27.84208,2011-10-17
1273,7.079288005828857,-26.861111,28.884722,2011-10-17
1274,5.962037563323975,-26.73806,27.59194,2011-10-17
1275,2.953110933303833,-26.98472222,26.63227778,2011-10-17
1276,0.0,-29.042222,24.6,2011-10-17
1277,22.80655860900879,-29.380556,30.2775,2011-10-18
1278,7.864344120025635,-27.00222,28.76528,2011-10-18
1279,4.572714328765869,-26.648056,27.089444,2011-10-18
1280,6.075908660888672,-26.970278,27.211111,2011-10-18
1281,3.8811697959899902,-26.880278,26.965,2011-10-18
1282,0.0,-28.141944,26.417778,2011-10-18
1283,5.295586347579956,-31.436944,20.474722,2011-10-18
1284,0.0,-33.501667,21.624167,2011-10-18
1285,14.22350788116455,-33.818056,19.694722,2011-10-18
1286,5.3937668800354,-25.45963889,28.26430556,2011-10-18
1287,0.0,-28.7115,24.07288889,2011-10-19
1288,0.0,-25.81048333,27.90955222,2011-10-19
1289,12.23259449005127,-26.006389,29.253889,2011-10-19
1290,0.0,-29.1825,23.575556,2011-10-19
1291,0.0,-34.075556,20.145556,2011-10-19
1292,9.474951267242432,-27.5275,30.858056,2011-10-20
1293,17.731257438659668,-28.404444,30.013056,2011-10-20
1294,0.0,-27.38972222,26.46388889,2011-10-20
1295,0.0,-29.028629,24.638389,2011-10-20
1296,17.64400291442871,-28.058889,30.373611,2011-10-20
1297,11.067936420440674,-25.57877778,29.12747222,2011-10-20
1298,17.252216339111328,-27.937778,31.209444,2011-10-21
1299,0.0,-28.760833,17.730278,2011-10-22
1300,45.699079513549805,-24.058889,31.237222,2011-10-24
1301,11.281156539916992,-29.7775,29.470833,2011-10-24
1302,7.268576622009277,-29.987778,29.851667,2011-10-24
1303,17.396632194519043,-29.744167,29.905833,2011-10-24
1304,44.74716901779175,-27.169444,29.233889,2011-10-24
1305,30.442906856536865,-26.73806,27.59194,2011-10-24
1306,31.34208583831787,-26.45,28.085833,2011-10-24
1307,0.0,-34.065833,20.404167,2011-10-25
1308,22.53000497817993,-25.127778,27.628889,2011-10-25
1309,22.20065689086914,-25.20639,27.558,2011-10-25
1310,22.19388246536255,-24.69514,27.40906,2011-10-25
1311,29.75769329071045,-25.73411,27.21422,2011-10-25
1312,31.78370952606201,-22.769722,30.886944,2011-10-25
1313,50.51936936378479,-28.747778,31.745833,2011-10-25
1314,14.27633285522461,-30.733889,29.828333,2011-10-25
1315,9.6652250289917,-31.104278,29.399722,2011-10-25
1316,9.774158477783203,-30.77586667,29.03221667,2011-10-25
1317,9.660858154296877,-31.396,29.2651,2011-10-25
1318,17.877305030822754,-31.554722,29.245556,2011-10-25
1319,27.054096221923828,-34.092222,21.295278,2011-10-25
1320,0.0,-27.495556,26.074722,2011-10-25
1321,17.63144874572754,-30.398056,30.601944,2011-10-26
1322,12.62787628173828,-30.27402,30.69602,2011-10-26
1323,0.0,-30.568333,29.422778,2011-10-26
1324,0.0,-30.86013889,29.07125,2011-10-26
1325,0.0,-30.570833,29.150556,2011-10-26
1326,0.0,-33.897778,20.012778,2011-10-26
1327,43.431297302246094,-25.447222,30.711667,2011-10-26
1328,13.108837127685549,-30.13573889,30.67422222,2011-10-27
1329,0.0,-31.031389,28.883333,2011-10-27
1330,2.8740298748016357,-34.405833,19.600556,2011-10-27
1331,0.0,-27.398611,26.614722,2011-10-28
1332,0.0,-27.902778,24.615556,2011-10-28
1333,7.665945291519165,-29.803611,30.516111,2011-10-28
1334,34.72474670410156,-25.99136,27.84208,2011-10-31
1335,45.6724910736084,-26.861111,28.884722,2011-10-31
1336,34.84274959564209,-26.45,28.085833,2011-10-31
1337,0.0,-32.502778,19.535833,2011-10-31
1338,0.0,-31.860278,18.6875,2011-11-01
1339,9.507991313934326,-28.735556,29.820556,2011-11-01
1340,44.197919845581055,-27.00222,28.76528,2011-11-01
1341,17.529680252075195,-26.880278,26.965,2011-11-01
1342,0.0,-27.38972222,26.46388889,2011-11-01
1343,7.956980228424072,-29.160278,26.573333,2011-11-01
1344,8.674427032470703,-30.679722,26.7125,2011-11-01
1345,34.670785903930664,-25.45963889,28.26430556,2011-11-01
1346,49.15932822227478,-28.338333,31.373611,2011-11-01
1347,38.45831537246704,-25.81048333,27.90955222,2011-11-02
1348,25.55302047729492,-29.641944,30.6875,2011-11-02
1349,4.626987934112549,-28.69485,28.23487,2011-11-02
1350,9.947539329528809,-29.615556,27.065278,2011-11-02
1351,2.266547679901123,-29.161667,23.696389,2011-11-03
1352,45.38424491882324,-28.44555556,32.325,2011-11-03
1353,37.20682621002197,-27.602222,29.942778,2011-11-03
1354,4.896661758422852,-30.160091,27.40124,2011-11-03
1355,6.089643478393555,-30.336111,27.359444,2011-11-03
1356,9.325260400772097,-28.883333,27.89,2011-11-03
1357,3.1905739307403564,-29.1825,23.575556,2011-11-03
1358,0.0,-32.595833,19.009444,2011-11-03
1359,2.3246538639068604,-28.7115,24.07288889,2011-11-04
1360,25.28880500793457,-30.830556,26.921389,2011-11-04
1361,4.458768248558044,-27.573056,24.746389,2011-11-04
1362,8.674427032470703,-30.679722,26.7125,2011-11-04
1363,15.97789430618286,-28.69485,28.23487,2011-11-04
1364,0.0,-28.760833,17.730278,2011-11-05
1365,8.741175651550293,-29.658056,25.973333,2011-11-05
1366,5.533932209014893,-31.000833,26.353056,2011-11-05
1367,8.39941692352295,-27.169444,29.233889,2011-11-07
1368,0.0,-26.73806,27.59194,2011-11-07
1369,0.0,-27.01011111,26.69808333,2011-11-08
1370,26.214340209960938,-24.679167,30.8025,2011-11-08
1371,13.89801836013794,-24.183889,30.823889,2011-11-08
1372,10.161584854125977,-25.127778,27.628889,2011-11-08
1373,11.955341339111328,-25.20639,27.558,2011-11-08
1374,13.273767232894896,-24.69514,27.40906,2011-11-08
1375,20.8516309261322,-27.363611,31.783333,2011-11-08
1376,12.982013702392578,-29.380556,30.2775,2011-11-08
1377,0.0,-26.98472222,26.63227778,2011-11-08
1378,8.649796485900879,-27.398611,26.614722,2011-11-08
1379,0.0,-27.671111,27.236944,2011-11-08
1380,3.28970718383789,-27.495556,26.074722,2011-11-08
1381,14.954023361206056,-24.058889,31.237222,2011-11-09
1382,4.721742630004883,-27.02314,28.59389,2011-11-09
1383,0.0,-26.648056,27.089444,2011-11-09
1384,5.86683988571167,-27.273889,28.49,2011-11-09
1385,6.345508098602295,-27.4275,28.525833,2011-11-09
1386,6.977673530578613,-27.3,28.586944,2011-11-09
1387,39.152488231658936,-29.161667,30.629722,2011-11-10
1388,22.300079584121704,-33.38056,19.30167,2011-11-10
1389,0.0,-33.31388889,19.07472222,2011-11-10
1390,0.0,-33.13083,18.86278,2011-11-10
1391,20.49333906173706,-33.7075,18.97444444,2011-11-10
1392,44.15435791015625,-28.75,30.442778,2011-11-11
1393,13.797632217407228,-30.733889,29.828333,2011-11-11
1394,30.38362455368042,-27.5275,30.858056,2011-11-12
1395,13.37783980369568,-24.670833,28.560833,2011-11-14
1396,20.22192430496216,-25.99136,27.84208,2011-11-14
1397,9.428370237350464,-24.925278,29.324444,2011-11-14
1398,28.64285469055176,-24.282222,28.090278,2011-11-15
1399,53.80641555786133,-29.380556,30.2775,2011-11-15
1400,16.858744144439697,-27.00222,28.76528,2011-11-15
1401,38.23186874389648,-26.648056,27.089444,2011-11-15
1402,19.4483745098114,-34.031944,22.053333,2011-11-15
1403,20.51734709739685,-34.039722,22.133333,2011-11-15
1404,25.002208709716797,-25.45963889,28.26430556,2011-11-15
1405,4.136307716369629,-29.161667,23.696389,2011-11-16
1406,46.30648136138916,-25.81048333,27.90955222,2011-11-16
1407,23.1626501083374,-22.935,28.004167,2011-11-16
1408,20.399341583251953,-34.065833,20.404167,2011-11-16
1409,48.11551094055176,-27.937778,31.209444,2011-11-16
1410,41.89969205856323,-28.404444,30.013056,2011-11-16
1411,21.462297677993774,-28.141944,26.417778,2011-11-16
1412,4.222266674041748,-30.160091,27.40124,2011-11-16
1413,21.712450981140137,-34.02861,22.22222,2011-11-16
1414,23.608318328857425,-33.818056,19.694722,2011-11-16
1415,15.84780216217041,-34.075556,20.145556,2011-11-16
1416,28.204710006713867,-34.005833,22.351111,2011-11-16
1417,43.39671325683594,-28.058889,30.373611,2011-11-16
1418,48.7146635055542,-22.91028,29.61111,2011-11-17
1419,43.424357414245605,-27.38972222,26.46388889,2011-11-17
1420,34.77980041503906,-27.398611,26.614722,2011-11-17
1421,27.421729803085327,-27.671111,27.236944,2011-11-17
1422,12.370192527770996,-33.897778,20.012778,2011-11-17
1423,11.537660598754885,-27.902778,24.615556,2011-11-18
1424,0.0,-28.760833,17.730278,2011-11-19
1425,4.136307716369629,-29.161667,23.696389,2011-11-21
1426,38.98078012466431,-27.01011111,26.69808333,2011-11-21
1427,0.0,-29.7775,29.470833,2011-11-21
1428,53.42867851257324,-29.744167,29.905833,2011-11-21
1429,22.26132535934448,-26.861111,28.884722,2011-11-21
1430,41.46334099769592,-26.45,28.085833,2011-11-21
1431,37.93882751464844,-26.98472222,26.63227778,2011-11-21
1432,87.2615966796875,-31.554722,29.245556,2011-11-21
1433,32.55488348007202,-25.127778,27.628889,2011-11-22
1434,37.68257427215576,-25.20639,27.558,2011-11-22
1435,34.48666000366211,-24.69514,27.40906,2011-11-22
1436,42.93367004394531,-29.987778,29.851667,2011-11-22
1437,24.27592086791992,-27.169444,29.233889,2011-11-22
1438,47.936636447906494,-26.970278,27.211111,2011-11-22
1439,42.297075271606445,-26.880278,26.965,2011-11-22
1440,5.903673768043518,-31.394444,20.947222,2011-11-22
1441,5.3079423904418945,-29.651389,22.746389,2011-11-22
1442,21.87388324737549,-27.495556,26.074722,2011-11-22
1443,21.67417287826538,-23.658056,31.05,2011-11-23
1444,147.21550369262695,-28.747778,31.745833,2011-11-23
1445,131.7013053894043,-28.801278,31.955389,2011-11-23
1446,115.7548484802246,-30.398056,30.601944,2011-11-23
1447,96.32501220703124,-30.27402,30.69602,2011-11-23
1448,23.300352096557617,-28.69485,28.23487,2011-11-23
1449,51.143635749816895,-30.568333,29.422778,2011-11-23
1450,102.20675659179688,-30.13573889,30.67422222,2011-11-24
1451,16.63502788543701,-27.573056,24.746389,2011-11-24
1452,62.38770484924317,-31.031389,28.883333,2011-11-24
1453,67.25101327896118,-30.86013889,29.07125,2011-11-24
1454,60.41189193725586,-30.77586667,29.03221667,2011-11-24
1455,23.35278844833374,-27.902778,24.615556,2011-11-25
1456,149.24203491210938,-29.803611,30.516111,2011-11-25
1457,19.816190719604492,-25.99136,27.84208,2011-11-28
1458,57.86671829223633,-30.398056,30.601944,2011-11-28
1459,9.797248840332031,-30.27402,30.69602,2011-11-28
1460,26.948384761810303,-27.169444,29.233889,2011-11-28
1461,22.318056106567383,-26.861111,28.884722,2011-11-28
1462,32.82644271850586,-26.73806,27.59194,2011-11-28
1463,30.221108436584473,-29.160278,26.573333,2011-11-28
1464,26.481441497802734,-28.735556,29.820556,2011-11-29
1465,40.665587425231934,-30.679722,26.7125,2011-11-29
1466,22.59419822692871,-28.69485,28.23487,2011-11-29
1467,29.057579040527344,-29.615556,27.065278,2011-11-29
1468,35.81397867202759,-28.883333,27.89,2011-11-29
1469,16.165879487991333,-25.45963889,28.26430556,2011-11-29
1470,8.272651672363281,-25.81048333,27.90955222,2011-11-30
1471,79.23096084594727,-29.641944,30.6875,2011-11-30
1472,8.796874046325684,-27.602222,29.942778,2011-11-30
1473,11.52765941619873,-27.02314,28.59389,2011-11-30
1474,7.602275848388672,-27.273889,28.49,2011-11-30
1475,0.0,-27.4275,28.525833,2011-11-30
1476,7.171471118927002,-27.3,28.586944,2011-11-30
1477,66.82901668548584,-30.160091,27.40124,2011-11-30
1478,52.24502086639404,-30.336111,27.359444,2011-11-30
1479,13.088274002075195,-25.447222,30.711667,2011-11-30
1480,38.73487997055054,-30.830556,26.921389,2011-12-01
1481,7.018490314483643,-27.398611,26.614722,2011-12-01
1482,79.49394369125366,-31.000833,26.353056,2011-12-01
1483,45.91410541534424,-29.658056,25.973333,2011-12-02
1484,0.0,-28.760833,17.730278,2011-12-03
1485,3.850085973739624,-28.96362,19.15486,2011-12-03
1486,36.367140769958496,-24.679167,30.8025,2011-12-06
1487,34.404690742492676,-24.183889,30.823889,2011-12-06
1488,11.23383855819702,-25.127778,27.628889,2011-12-06
1489,19.70595645904541,-25.20639,27.558,2011-12-06
1490,16.8355770111084,-24.69514,27.40906,2011-12-06
1491,24.9248366355896,-24.39619444,27.08983333,2014-04-09
1492,54.91401481628418,-29.380556,30.2775,2011-12-06
1493,24.555872917175293,-27.671111,27.236944,2011-12-06
1494,45.91410541534424,-29.658056,25.973333,2011-12-06
1495,0.0,-33.501667,21.624167,2011-12-06
1496,13.996658325195312,-29.161667,23.696389,2011-12-07
1497,21.08409070968628,-27.01011111,26.69808333,2011-12-07
1498,44.39896297454834,-29.641944,30.6875,2011-12-07
1499,23.47330904006958,-24.282222,28.090278,2011-12-07
1500,32.6567063331604,-24.058889,31.237222,2011-12-07
1501,23.665496349334717,-26.45,28.085833,2011-12-07
1502,21.766560792922977,-26.98472222,26.63227778,2011-12-07
1503,10.527735471725464,-27.398611,26.614722,2011-12-07
1504,22.59419822692871,-28.69485,28.23487,2011-12-07
1505,13.128426551818848,-29.1825,23.575556,2011-12-07
1506,13.771741390228271,-27.4,26.624722,2011-12-07
1507,25.064758777618408,-27.00222,28.76528,2011-12-08
1508,34.58531999588013,-26.648056,27.089444,2011-12-08
1509,36.82875204086304,-26.970278,27.211111,2011-12-08
1510,38.10424709320069,-26.880278,26.965,2011-12-08
1511,22.29370880126953,-27.902778,24.615556,2011-12-09
1512,3.3427162766456604,-28.768056,20.720556,2011-12-09
1513,28.19484853744507,-27.01011111,26.69808333,2011-12-12
1514,45.516353607177734,-25.99136,27.84208,2011-12-12
1515,32.65313196182251,-24.058889,31.237222,2011-12-12
1516,44.80877304077149,-29.380556,30.2775,2011-12-12
1517,33.915607929229736,-26.861111,28.884722,2011-12-12
1518,41.37285327911377,-26.73806,27.59194,2011-12-12
1519,38.36673212051392,-26.45,28.085833,2011-12-12
1520,28.685704946517944,-26.98472222,26.63227778,2011-12-12
1521,27.70173597335815,-24.925278,29.324444,2011-12-13
1522,23.231956481933594,-27.169444,29.233889,2011-12-13
1523,26.815369606018063,-26.648056,27.089444,2011-12-13
1524,36.82875204086304,-26.970278,27.211111,2011-12-13
1525,32.67579984664917,-26.880278,26.965,2011-12-13
1526,46.842525482177734,-29.615556,27.065278,2011-12-13
1527,43.211061000823975,-31.396,29.2651,2011-12-13
1528,13.637151718139648,-33.38056,19.30167,2011-12-13
1529,10.528607845306396,-33.31388889,19.07472222,2011-12-13
1530,6.152041912078857,-29.161667,23.696389,2011-12-14
1531,31.82143497467041,-25.81048333,27.90955222,2011-12-14
1532,24.29205751419067,-27.937778,31.209444,2011-12-14
1533,25.28821611404419,-28.141944,26.417778,2011-12-14
1534,16.859838008880615,-28.1175,26.719444,2011-12-14
1535,46.13247585296631,-30.568333,29.422778,2011-12-14
1536,61.154956340789795,-31.104278,29.399722,2011-12-14
1537,35.59197425842285,-28.058889,30.373611,2011-12-14
1538,12.367449760437012,-25.447222,30.711667,2011-12-14
1539,31.02754592895508,-27.5275,30.858056,2011-12-15
1540,20.023890733718872,-27.398611,26.614722,2011-12-15
1541,36.996601581573486,-27.671111,27.236944,2011-12-15
1542,78.60267353057861,-31.031389,28.883333,2011-12-15
1543,69.54304456710815,-30.86013889,29.07125,2011-12-15
1544,6.422835826873779,-32.502778,19.535833,2011-12-19
1545,14.07245922088623,-29.161667,23.696389,2011-12-20
1546,28.545807361602783,-29.160278,26.573333,2011-12-20
1547,8.268556594848633,-32.595833,19.009444,2011-12-20
1548,11.530035972595217,-33.13083,18.86278,2011-12-20
1549,53.626461029052734,-28.69485,28.23487,2011-12-21
1550,33.86304950714111,-28.883333,27.89,2011-12-21
1551,13.164133071899414,-29.1825,23.575556,2011-12-21
1552,8.58218002319336,-33.7075,18.97444444,2011-12-21
1553,31.47077894210815,-27.573056,24.746389,2011-12-22
1554,75.96293830871582,-30.160091,27.40124,2011-12-22
1555,45.02354431152344,-30.336111,27.359444,2011-12-22
1556,41.76909065246582,-30.830556,26.921389,2011-12-23
1557,27.301846981048584,-29.658056,25.973333,2011-12-23
1558,0.0,-31.000833,26.353056,2011-12-23
1559,51.90243339538574,-25.362222,31.956667,2011-12-26
1560,50.03876495361328,-25.14944444,31.94055556,2011-12-26
1561,75.43173551559448,-28.735556,29.820556,2011-12-27
1562,29.738641262054443,-29.641944,30.6875,2011-12-28
1563,28.92961549758911,-29.758889,30.935278,2011-12-28
1564,50.64407730102539,-27.602222,29.942778,2011-12-29
1565,57.1225528717041,-30.398056,30.601944,2011-12-29
1566,46.56026983261109,-30.27402,30.69602,2011-12-29
1567,0.0,-28.760833,17.730278,2012-01-03
1568,84.58808994293213,-25.99136,27.84208,2012-01-03
1569,90.1230001449585,-26.861111,28.884722,2012-01-03
1570,74.2675838470459,-26.73806,27.59194,2012-01-03
1571,89.74854707717896,-26.45,28.085833,2012-01-03
1572,46.24568700790405,-27.671111,27.236944,2012-01-03
1573,42.35465717315674,-27.01011111,26.69808333,2012-01-04
1574,34.57173681259155,-25.127778,27.628889,2012-01-04
1575,44.05550956726074,-25.20639,27.558,2012-01-04
1576,57.08233880996704,-24.69514,27.40906,2012-01-04
1577,104.95026302337646,-27.169444,29.233889,2012-01-04
1578,52.15518665313721,-26.880278,26.965,2012-01-04
1579,42.68708610534668,-26.98472222,26.63227778,2012-01-04
1580,58.74369192123413,-27.398611,26.614722,2012-01-04
1581,43.2846155166626,-25.45963889,28.26430556,2012-01-04
1582,35.58741044998169,-27.495556,26.074722,2012-01-04
1583,57.66078853607178,-27.4,26.624722,2012-01-04
1584,55.73250961303711,-25.81048333,27.90955222,2012-01-05
1585,73.72383308410645,-29.161667,30.629722,2012-01-05
1586,99.40991592407228,-27.00222,28.76528,2012-01-05
1587,114.55116558074953,-27.02314,28.59389,2012-01-05
1588,45.698750495910645,-26.648056,27.089444,2012-01-05
1589,52.33065223693848,-26.970278,27.211111,2012-01-05
1590,74.74712038040161,-27.273889,28.49,2012-01-05
1591,73.19640922546387,-27.4275,28.525833,2012-01-05
1592,69.24846649169922,-27.3,28.586944,2012-01-05
1593,20.856194019317627,-28.376944,24.303056,2012-01-05
1594,68.51470184326172,-29.744167,29.905833,2012-01-06
1595,71.25695395469666,-29.7775,29.470833,2012-01-09
1596,48.61631965637207,-29.987778,29.851667,2012-01-09
1597,40.86980104446411,-29.744167,29.905833,2012-01-09
1598,62.44027996063232,-26.970278,27.211111,2012-01-09
1599,53.0368127822876,-30.733889,29.828333,2012-01-10
1600,52.15518665313721,-26.880278,26.965,2012-01-10
1601,42.68708610534668,-26.98472222,26.63227778,2012-01-10
1602,8.440849304199219,-33.501667,21.624167,2012-01-10
1603,38.36881351470947,-30.27402,30.69602,2012-01-11
1604,2.5405662059783936,-33.818056,19.694722,2012-01-11
1605,40.58441352844238,-30.13573889,30.67422222,2012-01-12
1606,19.924053192138672,-34.075556,20.145556,2012-01-12
1607,23.879026174545288,-29.803611,30.516111,2012-01-13
1608,58.70855236053467,-24.670833,28.560833,2012-01-16
1609,55.233856201171875,-26.73806,27.59194,2012-01-16
1610,69.25663757324219,-26.45,28.085833,2012-01-16
1611,24.815527200698853,-27.044444,27.005,2012-01-16
1612,62.0173397064209,-31.396,29.2651,2012-01-16
1613,66.03245544433594,-31.554722,29.245556,2012-01-16
1614,77.29829216003418,-25.73411,27.21422,2011-03-29
1615,22.2586932182312,-27.01011111,26.69808333,2012-01-17
1616,65.26616764068604,-25.81048333,27.90955222,2012-01-17
1617,129.97112846374512,-24.679167,30.8025,2012-01-17
1618,63.518869161605835,-24.183889,30.823889,2012-01-17
1619,53.151103496551514,-24.282222,28.090278,2012-01-17
1620,69.81385803222656,-25.99136,27.84208,2012-01-17
1621,45.51045227050781,-25.20639,27.558,2012-01-17
1622,55.6814341545105,-27.169444,29.233889,2012-01-17
1623,57.7306227684021,-27.00222,28.76528,2012-01-17
1624,29.953295707702637,-26.648056,27.089444,2012-01-17
1625,15.138890266418455,-26.880278,26.965,2012-01-17
1626,23.351099014282227,-25.73411,27.21422,2013-02-12
1627,24.900187492370605,-27.38972222,26.46388889,2012-01-17
1628,25.13272523880005,-29.042222,24.6,2012-01-17
1629,31.51878547668457,-30.679722,26.7125,2012-01-17
1630,44.126129150390625,-30.160091,27.40124,2012-01-17
1631,75.37960910797119,-31.104278,29.399722,2012-01-17
1632,5.9265536069869995,-32.502778,19.535833,2012-01-17
1633,15.915876388549805,-29.161667,23.696389,2012-01-18
1634,48.717135190963745,-22.935,28.004167,2012-01-18
1635,25.93526840209961,-30.830556,26.921389,2012-01-18
1636,41.66208744049072,-23.23572222,27.717,2012-01-18
1637,55.00987005233765,-25.127778,27.628889,2012-01-18
1638,32.317294120788574,-24.69514,27.40906,2012-01-18
1639,56.37454891204834,-27.4275,28.525833,2012-01-18
1640,127.6551342010498,-25.73411,27.21422,2014-02-11
1641,16.70871591567993,-28.141944,26.417778,2012-01-18
1642,137.6107120513916,-25.73411,27.21422,2014-03-13
1643,31.539015769958496,-27.671111,27.236944,2012-01-18
1644,3.2374894618988037,-25.73411,27.21422,2014-06-04
1645,0.0,-25.73411,27.21422,2014-07-09
1646,48.147499084472656,-30.336111,27.359444,2012-01-18
1647,0.0,-32.595833,19.009444,2012-01-18
1648,0.0,-25.73411,27.21422,2014-09-02
1649,54.13949489593506,-25.45963889,28.26430556,2012-01-18
1650,41.74905776977539,-27.356667,27.286389,2012-01-18
1651,58.519039154052734,-22.548889,28.898056,2012-01-19
1652,0.0,-22.91028,29.61111,2012-01-19
1653,26.213290214538578,-27.398611,26.614722,2012-01-19
1654,31.51878547668457,-30.679722,26.7125,2012-01-19
1655,41.74905776977539,-27.356667,27.286389,2012-01-19
1656,33.686607360839844,-23.658056,31.05,2012-01-20
1657,41.998135566711426,-30.27402,30.69602,2012-01-20
1658,21.891018867492676,-27.671111,27.236944,2012-01-20
1659,15.078662872314451,-27.573056,24.746389,2012-01-20
1660,12.861652374267578,-27.902778,24.615556,2012-01-20
1661,0.0,-28.760833,17.730278,2012-01-22
1662,8.595171928405762,-27.044444,27.005,2012-01-23
1663,15.915876388549805,-29.161667,23.696389,2012-01-24
1664,22.2586932182312,-27.01011111,26.69808333,2012-01-24
1665,8.545451164245605,-26.880278,26.965,2012-01-24
1666,26.396548748016357,-27.273889,28.49,2012-01-24
1667,32.19941234588623,-27.4275,28.525833,2012-01-24
1668,0.0,-25.73411,27.21422,2015-06-24
1669,0.0,-25.73411,27.21422,2015-07-07
1670,30.57335090637207,-27.3,28.586944,2012-01-24
1671,49.18432331085205,-31.031389,28.883333,2012-01-24
1672,45.65161991119385,-30.86013889,29.07125,2012-01-24
1673,0.0,-33.31388889,19.07472222,2012-01-24
1674,30.831843376159668,-25.45963889,28.26430556,2012-01-24
1675,15.915876388549805,-29.161667,23.696389,2012-01-25
1676,16.03932809829712,-29.042222,24.6,2012-01-25
1677,13.823153495788574,-29.028629,24.638389,2012-01-25
1678,47.65572166442871,-30.568333,29.422778,2012-01-25
1679,12.738284587860107,-33.38056,19.30167,2012-01-25
1680,0.0,-33.13083,18.86278,2012-01-25
1681,33.32021713256836,-29.758889,30.935278,2012-01-26
1682,30.68484878540039,-29.161667,30.629722,2012-01-26
1683,18.684309005737305,-34.031944,22.053333,2012-01-26
1684,5.9209303855896,-34.039722,22.133333,2012-01-26
1685,25.857052326202393,-34.02861,22.22222,2012-01-26
1686,48.62303733825683,-30.398056,30.601944,2012-01-27
1687,28.92291831970215,-30.27402,30.69602,2012-01-27
1688,25.49013328552246,-25.447222,30.711667,2012-01-27
1689,0.0,-29.641944,30.6875,2012-01-28
1690,0.0,-29.380556,30.2775,2012-01-28
1691,18.538591384887695,-25.127778,27.628889,2012-01-30
1692,21.99818992614746,-25.20639,27.558,2012-01-30
1693,19.420412063598633,-24.69514,27.40906,2012-01-30
1694,6.833535671234131,-27.169444,29.233889,2012-01-30
1695,18.575162410736084,-26.861111,28.884722,2012-01-30
1696,10.42948055267334,-26.970278,27.211111,2012-01-30
1697,13.563284873962402,-26.73806,27.59194,2012-01-30
1698,27.350019454956055,-26.45,28.085833,2012-01-30
1699,0.0,-27.00222,28.76528,2012-01-31
1700,33.08267116546631,-27.273889,28.49,2012-01-31
1701,0.0,-26.98472222,26.63227778,2012-01-31
1702,19.872314453125,-29.160278,26.573333,2012-01-31
1703,0.0,-33.818056,19.694722,2012-01-31
1704,18.53038787841797,-27.3,28.586944,2012-02-01
1705,27.14716911315918,-28.69485,28.23487,2012-02-01
1706,15.191627502441406,-29.615556,27.065278,2012-02-01
1707,0.0,-28.883333,27.89,2012-02-01
1708,22.2061824798584,-34.075556,20.145556,2012-02-01
1709,13.96239185333252,-24.925278,29.324444,2012-02-02
1710,25.728139877319336,-30.336111,27.359444,2012-02-02
1711,57.23596715927124,-27.573056,24.746389,2012-02-03
1712,52.17054200172424,-27.902778,24.615556,2012-02-03
1713,35.280850410461426,-29.658056,25.973333,2012-02-03
1714,35.26104736328125,-31.000833,26.353056,2012-02-03
1715,46.632568359375,-30.679722,26.7125,2012-02-03
1716,0.0,-28.760833,17.730278,2012-02-05
1717,36.769304275512695,-25.99136,27.84208,2012-02-06
1718,45.92760372161865,-29.987778,29.851667,2012-02-06
1719,26.558617115020752,-26.45,28.085833,2012-02-06
1720,29.304184913635257,-27.398611,26.614722,2012-02-06
1721,29.924043655395508,-27.671111,27.236944,2012-02-06
1722,78.52142095565796,-29.042222,24.6,2012-02-06
1723,31.884326457977295,-27.356667,27.286389,2012-02-06
1724,21.771554946899418,-27.01011111,26.69808333,2012-02-07
1725,41.99116134643555,-30.830556,26.921389,2012-02-07
1726,44.61870765686035,-30.733889,29.828333,2012-02-07
1727,39.32617473602295,-29.380556,30.2775,2012-02-07
1728,24.70506477355957,-26.98472222,26.63227778,2012-02-07
1729,34.637383460998535,-25.45963889,28.26430556,2012-02-07
1730,25.005701541900635,-25.57877778,29.12747222,2012-02-07
1731,26.996132850646973,-27.4,26.624722,2012-02-07
1732,33.80359220504761,-25.81048333,27.90955222,2012-02-08
1733,54.04754304885864,-27.937778,31.209444,2012-02-08
1734,34.42037010192871,-30.398056,30.601944,2012-02-08
1735,24.15420293807983,-30.27402,30.69602,2012-02-08
1736,25.124032974243164,-27.00222,28.76528,2012-02-08
1737,31.067960739135746,-27.02314,28.59389,2012-02-08
1738,28.78825092315674,-26.648056,27.089444,2012-02-08
1739,25.64808940887451,-26.970278,27.211111,2012-02-08
1740,17.879891395568848,-26.880278,26.965,2012-02-08
1741,47.610527992248535,-27.273889,28.49,2012-02-08
1742,46.71574020385742,-27.4275,28.525833,2012-02-08
1743,34.1371431350708,-27.3,28.586944,2012-02-08
1744,25.91422748565674,-27.044444,27.005,2012-02-08
1745,76.25569677352905,-29.028629,24.638389,2012-02-08
1746,,-34.329722,18.990278,2012-02-08
1747,57.400115966796875,-27.5275,30.858056,2012-02-09
1748,22.20985221862793,-30.13573889,30.67422222,2012-02-09
1749,28.57819366455078,-29.803611,30.516111,2012-02-10
1750,104.92359352111816,-28.44555556,32.325,2012-02-12
1751,64.72148895263672,-29.161667,30.629722,2012-02-12
1752,33.55619668960571,-26.73806,27.59194,2012-02-13
1753,59.82310485839844,-31.396,29.2651,2012-02-13
1754,32.74884843826294,-31.554722,29.245556,2012-02-13
1755,20.863140106201172,-25.127778,27.628889,2012-02-14
1756,19.53234100341797,-25.20639,27.558,2012-02-14
1757,50.93173789978027,-27.169444,29.233889,2012-02-14
1758,38.81492328643799,-30.568333,29.422778,2012-02-14
1759,49.23990440368652,-30.570833,29.150556,2012-02-14
1760,63.00358581542969,-31.104278,29.399722,2012-02-14
1761,0.0,-32.595833,19.009444,2012-02-14
1762,35.641984939575195,-28.141944,26.417778,2012-02-15
1763,34.66500282287598,-28.1175,26.719444,2012-02-15
1764,79.6054744720459,-31.031389,28.883333,2012-02-15
1765,89.66196727752686,-30.86013889,29.07125,2012-02-15
1766,70.36593627929688,-30.77586667,29.03221667,2012-02-15
1767,19.298765182495117,-24.69514,27.40906,2012-02-16
1768,20.338343620300293,-27.398611,26.614722,2012-02-16
1769,14.962021827697754,-27.671111,27.236944,2012-02-16
1770,22.77845525741577,-28.376944,24.303056,2012-02-16
1771,46.30057144165039,-29.615556,27.065278,2012-02-16
1772,26.024697303771973,-27.356667,27.286389,2012-02-16
1773,19.795586585998535,-27.4,26.624722,2012-02-16
1774,25.394508123397827,-22.43772222,31.07805556,2012-02-17
1775,9.607311725616457,-27.902778,24.615556,2012-02-17
1776,0.0,-34.250556,20.9925,2012-02-17
1777,0.0,-28.760833,17.730278,2012-02-19
1778,17.488411903381348,-27.01011111,26.69808333,2012-02-20
1779,23.431339979171753,-26.45,28.085833,2012-02-20
1780,16.13893747329712,-26.98472222,26.63227778,2012-02-20
1781,0.0,-33.501667,21.624167,2012-02-20
1782,0.0,-33.31388889,19.07472222,2012-02-20
1783,35.81255340576172,-24.679167,30.8025,2012-02-21
1784,31.848453044891357,-30.830556,26.921389,2012-02-21
1785,0.0,-24.670833,28.560833,2012-02-21
1786,0.0,-28.735556,29.820556,2012-02-21
1787,28.84284996986389,-26.648056,27.089444,2012-02-21
1788,23.42246150970459,-26.970278,27.211111,2012-02-21
1789,28.436485290527344,-26.880278,26.965,2012-02-21
1790,15.958231925964355,-27.044444,27.005,2012-02-21
1791,23.03512191772461,-25.45963889,28.26430556,2012-02-21
1792,45.96333932876587,-28.068333,31.55,2012-02-21
1793,5.5955424308776855,-29.161667,23.696389,2012-02-22
1794,12.099895477294922,-29.641944,30.6875,2012-02-22
1795,16.60410714149475,-27.38972222,26.46388889,2012-02-22
1796,27.451995849609375,-30.679722,26.7125,2012-02-22
1797,4.7725510597229,-29.1825,23.575556,2012-02-22
1798,30.017045497894287,-28.7115,24.07288889,2012-02-23
1799,16.480854034423828,-27.602222,29.942778,2012-02-23
1800,28.3387393951416,-28.75,30.442778,2012-02-23
1801,16.92366600036621,-29.380556,30.2775,2012-02-23
1802,15.712668061256409,-27.398611,26.614722,2012-02-23
1803,17.657241821289062,-29.758889,30.935278,2012-02-24
1804,7.767471790313721,-27.573056,24.746389,2012-02-24
1805,0.0,-34.031944,22.053333,2012-02-24
1806,0.0,-34.039722,22.133333,2012-02-24
1807,0.0,-30.398056,30.601944,2012-02-25
1808,10.16601276397705,-30.27402,30.69602,2012-02-25
1809,0.0,-27.169444,29.233889,2012-02-27
1810,35.73658752441406,-26.861111,28.884722,2012-02-27
1811,20.16003894805908,-26.73806,27.59194,2012-02-27
1812,6.466864585876465,-25.127778,27.628889,2012-02-28
1813,4.198208808898926,-25.20639,27.558,2012-02-28
1814,11.824259757995604,-24.69514,27.40906,2012-02-28
1815,19.037973403930664,-27.00222,28.76528,2012-02-28
1816,0.0,-33.818056,19.694722,2012-02-28
1817,11.191084861755373,-29.161667,23.696389,2012-02-29
1818,6.849021911621094,-22.769722,30.886944,2012-02-29
1819,16.061796188354492,-23.281,30.54305556,2012-02-29
1820,17.215673446655273,-26.905,32.324722,2012-02-29
1821,12.454994201660156,-28.69485,28.23487,2012-02-29
1822,0.0,-28.883333,27.89,2012-02-29
1823,0.0,-34.075556,20.145556,2012-02-29
1824,8.99196481704712,-24.925278,29.324444,2012-03-01
1825,4.834872722625732,-27.573056,24.746389,2012-03-01
1826,5.77962064743042,-30.160091,27.40124,2012-03-01
1827,11.747714042663574,-30.336111,27.359444,2012-03-01
1828,4.575960636138916,-29.615556,27.065278,2012-03-01
1829,18.080130100250244,-30.830556,26.921389,2012-03-02
1830,0.0,-23.658056,31.05,2012-03-02
1831,21.235570907592773,-27.902778,24.615556,2012-03-02
1832,0.0,-29.658056,25.973333,2012-03-02
1833,17.10821771621704,-29.028629,24.638389,2012-03-02
1834,15.79112720489502,-31.000833,26.353056,2012-03-02
1835,14.154876708984377,-30.679722,26.7125,2012-03-02
1836,0.0,-28.760833,17.730278,2012-03-04
1837,20.91123652458191,-25.99136,27.84208,2012-03-05
1838,0.0,-24.058889,31.237222,2012-03-05
1839,22.547754287719727,-29.987778,29.851667,2012-03-05
1840,36.57567024230957,-29.744167,29.905833,2012-03-05
1841,0.0,-26.861111,28.884722,2012-03-05
1842,18.955080032348633,-26.45,28.085833,2012-03-05
1843,0.0,-28.768056,20.720556,2012-03-05
1844,3.823450803756714,-30.733889,29.828333,2012-03-06
1845,44.07738494873047,-29.380556,30.2775,2012-03-06
1846,5.070155739784241,-27.398611,26.614722,2012-03-06
1847,8.386675834655762,-27.671111,27.236944,2012-03-06
1848,11.747637271881104,-29.042222,24.6,2012-03-06
1849,11.747714042663574,-30.336111,27.359444,2012-03-06
1850,5.158363223075867,-27.4,26.624722,2012-03-06
1851,9.310770988464355,-29.161667,23.696389,2012-03-07
1852,7.006289005279541,-24.925278,29.324444,2011-10-18
1853,10.96118688583374,-28.7115,24.07288889,2012-03-07
1854,2.683875799179077,-25.81048333,27.90955222,2012-03-07
1855,49.61958312988281,-27.937778,31.209444,2012-03-07
1856,12.76286506652832,-28.404444,30.013056,2012-03-07
1857,52.61349868774414,-30.398056,30.601944,2012-03-07
1858,0.0,-24.925278,29.324444,2012-06-07
1859,0.0,-24.925278,29.324444,2012-08-09
1860,14.362145066261292,-24.925278,29.324444,2012-10-05
1861,65.64275360107422,-30.27402,30.69602,2012-03-07
1862,12.533530950546265,-27.02314,28.59389,2012-03-07
1863,26.55848693847656,-27.273889,28.49,2012-03-07
1864,0.0,-24.925278,29.324444,2013-07-02
1865,0.0,-24.925278,29.324444,2013-08-22
1866,1.9117456674575808,-24.925278,29.324444,2013-09-16
1867,0.0,-27.4275,28.525833,2012-03-07
1868,27.45692253112793,-24.925278,29.324444,2014-01-20
1869,0.0,-27.3,28.586944,2012-03-07
1870,7.918247938156128,-29.1825,23.575556,2012-03-07
1871,0.0,-24.925278,29.324444,2014-06-10
1872,0.0,-24.925278,29.324444,2014-07-18
1873,,-34.329722,18.990278,2012-03-07
1874,0.0,-24.925278,29.324444,2014-09-05
1875,18.306007385253903,-28.058889,30.373611,2012-03-07
1876,31.570220947265625,-27.5275,30.858056,2012-03-08
1877,0.0,-27.38972222,26.46388889,2012-03-08
1878,0.0,-27.398611,26.614722,2012-03-08
1879,0.0,-30.679722,26.7125,2012-03-08
1880,40.57365036010742,-29.803611,30.516111,2012-03-09
1881,0.0,-27.01011111,26.69808333,2012-03-12
1882,1.3491915464401243,-32.595833,19.009444,2012-03-12
1883,20.54507064819336,-25.127778,27.628889,2012-03-13
1884,26.24894142150879,-25.20639,27.558,2012-03-13
1885,17.7170467376709,-24.69514,27.40906,2012-03-13
1886,10.73851490020752,-28.747778,31.745833,2012-03-13
1887,9.212233543395996,-27.169444,29.233889,2012-03-13
1888,0.0,-27.00222,28.76528,2012-03-13
1889,21.55098247528076,-26.648056,27.089444,2012-03-13
1890,0.0,-26.970278,27.211111,2012-03-13
1891,0.0,-26.880278,26.965,2012-03-13
1892,0.0,-26.98472222,26.63227778,2012-03-13
1893,19.76882553100586,-31.104278,29.399722,2012-03-13
1894,25.564929962158203,-31.396,29.2651,2012-03-13
1895,0.0,-33.501667,21.624167,2012-03-13
1896,3.71522855758667,-29.161667,23.696389,2012-03-14
1897,0.0,-28.801278,31.955389,2012-03-14
1898,0.0,-28.141944,26.417778,2012-03-14
1899,0.0,-28.1175,26.719444,2012-03-14
1900,9.778621673583984,-29.033333,23.983333,2012-03-14
1901,0.0,-29.161667,30.629722,2012-03-15
1902,0.0,-27.398611,26.614722,2012-03-15
1903,0.0,-27.671111,27.236944,2012-03-15
1904,7.450058460235596,-27.902778,24.615556,2012-03-15
1905,14.029888153076172,-27.573056,24.746389,2012-03-16
1906,6.227553844451904,-31.031389,28.883333,2012-03-16
1907,33.02922058105469,-30.86013889,29.07125,2012-03-16
1908,32.25384521484375,-30.77586667,29.03221667,2012-03-16
1909,0.0,-28.760833,17.730278,2012-03-17
1910,0.0,-28.96362,19.15486,2012-03-17
1911,6.952295780181885,-27.01011111,26.69808333,2012-03-19
1912,0.0,-26.861111,28.884722,2012-03-19
1913,0.0,-24.679167,30.8025,2012-03-20
1914,12.398762702941896,-26.970278,27.211111,2012-03-20
1915,9.048589944839478,-33.38056,19.30167,2012-03-20
1916,2.101168632507324,-33.31388889,19.07472222,2012-03-20
1917,22.527671813964844,-28.068333,31.55,2012-03-20
1918,33.551644802093506,-29.161667,23.696389,2012-03-21
1919,0.0,-24.183889,30.823889,2012-03-21
1920,11.666138648986816,-28.44555556,32.325,2012-03-21
1921,0.0,-27.602222,29.942778,2012-03-21
1922,0.0,-33.13083,18.86278,2012-03-21
1923,119.733793258667,-30.398056,30.601944,2012-03-23
1924,106.12414741516112,-30.27402,30.69602,2012-03-23
1925,61.62825584411621,-29.641944,30.6875,2012-03-26
1926,59.17441940307617,-25.99136,27.84208,2012-03-26
1927,88.22896385192871,-29.987778,29.851667,2012-03-26
1928,32.06736660003662,-29.758889,30.935278,2012-03-26
1929,55.061333656311035,-26.98472222,26.63227778,2012-03-26
1930,26.541244506835938,-33.818056,19.694722,2012-03-26
1931,32.06388473510742,-25.127778,27.628889,2012-03-27
1932,33.3299560546875,-25.20639,27.558,2012-03-27
1933,33.71931028366089,-24.69514,27.40906,2012-03-27
1934,14.288780212402344,-27.363611,31.783333,2012-03-27
1935,53.27046203613281,-26.648056,27.089444,2012-03-27
1936,68.98463821411133,-26.880278,26.965,2012-03-27
1937,26.382978439331055,-27.573056,24.746389,2012-03-27
1938,12.019059658050535,-28.768056,20.720556,2012-03-27
1939,49.70241737365723,-34.031944,22.053333,2012-03-27
1940,46.64743423461914,-34.039722,22.133333,2012-03-27
1941,9.016207695007324,-34.075556,20.145556,2012-03-27
1942,43.015113830566406,-25.45963889,28.26430556,2012-03-27
1943,66.68169403076172,-25.81048333,27.90955222,2012-03-28
1944,83.3168249130249,-29.380556,30.2775,2012-03-28
1945,119.733793258667,-30.398056,30.601944,2012-03-28
1946,106.12414741516112,-30.27402,30.69602,2012-03-28
1947,64.03501224517822,-26.73806,27.59194,2012-03-28
1948,42.15400981903076,-26.45,28.085833,2012-03-28
1949,61.90164637565613,-30.679722,26.7125,2012-03-28
1950,64.87786960601807,-28.69485,28.23487,2012-03-28
1951,75.33499336242676,-29.615556,27.065278,2012-03-28
1952,79.40166568756104,-28.883333,27.89,2012-03-28
1953,64.01194953918457,-34.02861,22.22222,2012-03-28
1954,92.8999695777893,-25.447222,30.711667,2012-03-28
1955,45.59234619140625,-27.273889,28.49,2012-03-29
1956,64.9944360256195,-27.3,28.586944,2012-03-29
1957,31.29017734527588,-28.376944,24.303056,2012-03-29
1958,96.10241031646729,-30.160091,27.40124,2012-03-29
1959,110.05688285827635,-30.336111,27.359444,2012-03-29
1960,53.5297908782959,-27.4275,28.525833,2012-03-30
1961,29.31016731262207,-27.902778,24.615556,2012-03-30
1962,58.79517126083374,-31.000833,26.353056,2012-03-30
1963,59.00100946426392,-30.679722,26.7125,2012-03-30
1964,3.979500532150269,-28.760833,17.730278,2012-04-01
1965,59.17441940307617,-25.99136,27.84208,2012-04-02
1966,39.84590530395508,-28.735556,29.820556,2012-04-02
1967,69.18891334533691,-29.380556,30.2775,2012-04-02
1968,77.43299102783203,-30.398056,30.601944,2012-04-02
1969,16.079407215118408,-33.897778,20.012778,2012-04-02
1970,17.782535552978516,-34.065833,20.404167,2012-04-03
1971,32.67361497879028,-23.658056,31.05,2012-04-03
1972,43.215087890625,-27.398611,26.614722,2012-04-03
1973,52.14441680908203,-27.671111,27.236944,2012-04-03
1974,46.142590284347534,-25.45963889,28.26430556,2012-04-03
1975,44.03418731689453,-27.4,26.624722,2012-04-03
1976,0.0,-29.161667,23.696389,2012-04-04
1977,66.68169403076172,-25.81048333,27.90955222,2012-04-04
1978,25.727458953857425,-27.937778,31.209444,2012-04-04
1979,24.85055923461914,-28.404444,30.013056,2012-04-04
1980,40.81774830818176,-27.02314,28.59389,2012-04-04
1981,56.53544235229492,-26.880278,26.965,2012-04-04
1982,45.59234619140625,-27.273889,28.49,2012-04-04
1983,53.5297908782959,-27.4275,28.525833,2012-04-04
1984,64.9944360256195,-27.3,28.586944,2012-04-04
1985,27.860734939575195,-29.615556,27.065278,2012-04-04
1986,27.049102783203125,-25.57877778,29.12747222,2012-04-04
1987,18.822221755981445,-27.5275,30.858056,2012-04-05
1988,2.8568928241729736,-27.01011111,26.69808333,2012-04-10
1989,0.0,-25.127778,27.628889,2012-04-10
1990,0.0,-25.20639,27.558,2012-04-10
1991,0.0,-24.69514,27.40906,2012-04-10
1992,1.9657347202301023,-26.861111,28.884722,2012-04-10
1993,5.104620933532715,-26.73806,27.59194,2012-04-10
1994,2.845646858215332,-26.98472222,26.63227778,2012-04-10
1995,6.269594192504883,-29.161667,23.696389,2012-04-11
1996,3.1006641387939453,-26.03611,30.99778,2012-04-11
1997,5.437346458435059,-28.747778,31.745833,2012-04-11
1998,2.7596731185913086,-27.00222,28.76528,2012-04-11
1999,0.0,-26.648056,27.089444,2012-04-11
2000,2.713343381881714,-26.970278,27.211111,2012-04-11
2001,0.0,-28.141944,26.417778,2012-04-11
2002,3.0499424934387207,-28.116667,26.725278,2012-04-11
2003,0.0,-29.615556,27.065278,2012-04-11
2004,26.062819480895996,-34.250556,20.9925,2012-04-11
2005,5.533195972442627,-28.7115,24.07288889,2012-04-12
2006,16.28147315979004,-28.801278,31.955389,2012-04-12
2007,16.238117218017578,-28.75,30.442778,2012-04-12
2008,24.46960067749023,-29.161667,30.629722,2012-04-12
2009,0.0,-27.38972222,26.46388889,2012-04-12
2010,3.0499424934387207,-28.1175,26.719444,2012-04-12
2011,3.0499424934387207,-28.116667,26.725278,2012-04-12
2012,0.0,-27.398611,26.614722,2012-04-12
2013,6.378882169723511,-27.671111,27.236944,2012-04-12
2014,5.350127696990967,-28.376944,24.303056,2012-04-12
2015,0.0,-29.615556,27.065278,2012-04-12
2016,17.56709909439087,-33.31388889,19.07472222,2012-04-12
2017,6.832475662231445,-25.49037,30.6986,2012-04-13
2018,1.4542230367660522,-27.573056,24.746389,2012-04-13
2019,3.957135319709778,-27.902778,24.615556,2012-04-13
2020,26.21291446685791,-33.7075,18.97444444,2012-04-13
2021,0.0,-28.760833,17.730278,2012-04-15
2022,0.0,-25.99136,27.84208,2012-04-16
2023,6.916730880737305,-22.935,28.004167,2012-04-17
2024,0.0,-22.91028,29.61111,2012-04-17
2025,3.88897967338562,-24.058889,31.237222,2012-04-17
2026,14.718340873718262,-25.681111,31.783333,2012-04-17
2027,19.664966106414795,-25.67386,31.57527,2012-04-17
2028,16.86391305923462,-28.735556,29.820556,2012-04-17
2029,13.619329929351808,-26.861111,28.884722,2012-04-17
2030,0.0,-26.45,28.085833,2012-04-17
2031,13.680459976196287,-28.69485,28.23487,2012-04-17
2032,19.582578659057617,-28.883333,27.89,2012-04-17
2033,26.18176746368408,-31.396,29.2651,2012-04-17
2034,28.137166023254395,-31.554722,29.245556,2012-04-17
2035,0.0,-25.45963889,28.26430556,2012-04-17
2036,20.359294891357425,-28.338333,31.373611,2012-04-17
2037,17.36613368988037,-29.161667,23.696389,2012-04-18
2038,10.690670251846312,-27.01011111,26.69808333,2012-04-18
2039,0.0,-25.81048333,27.90955222,2012-04-18
2040,4.7451066970825195,-24.282222,28.090278,2012-04-18
2041,12.35017442703247,-24.768889,31.39,2012-04-18
2042,11.243951320648192,-24.9675,31.516667,2012-04-18
2043,12.125067472457886,-27.00222,28.76528,2012-04-18
2044,14.380345344543455,-26.648056,27.089444,2012-04-18
2045,9.003209829330444,-26.970278,27.211111,2012-04-18
2046,9.184248685836792,-26.880278,26.965,2012-04-18
2047,7.721564292907715,-27.38972222,26.46388889,2012-04-18
2048,10.89751148223877,-26.98472222,26.63227778,2012-04-18
2049,18.59624481201172,-30.568333,29.422778,2012-04-18
2050,21.57367515563965,-30.570833,29.150556,2012-04-18
2051,13.53874444961548,-27.602222,29.942778,2012-04-19
2052,14.19727110862732,-27.671111,27.236944,2012-04-19
2053,20.681476593017575,-31.031389,28.883333,2012-04-19
2054,22.657340049743652,-30.86013889,29.07125,2012-04-19
2055,15.490777015686035,-33.13083,18.86278,2012-04-19
2056,23.4544734954834,-29.140556,31.391944,2012-04-20
2057,8.171480059623718,-27.573056,24.746389,2012-04-22
2058,11.524332046508787,-29.7775,29.470833,2012-04-23
2059,27.56904697418213,-29.987778,29.851667,2012-04-23
2060,22.97621774673462,-29.744167,29.905833,2012-04-23
2061,14.942206859588625,-26.73806,27.59194,2012-04-23
2062,23.41915273666382,-29.160278,26.573333,2012-04-23
2063,29.534165859222412,-29.1825,23.575556,2012-04-23
2064,34.85540771484375,-33.501667,21.624167,2012-04-23
2065,72.33380317687988,-33.818056,19.694722,2012-04-23
2066,25.331226110458378,-28.7115,24.07288889,2012-04-24
2067,15.451359748840332,-24.679167,30.8025,2012-04-24
2068,9.756253719329834,-25.127778,27.628889,2012-04-24
2069,10.144373893737791,-25.20639,27.558,2012-04-24
2070,4.154253959655762,-24.69514,27.40906,2012-04-24
2071,19.81992244720459,-27.363611,31.783333,2012-04-24
2072,12.754684448242188,-30.733889,29.828333,2012-04-24
2073,10.236626386642456,-26.880278,26.965,2012-04-24
2074,24.362963676452637,-29.615556,27.065278,2012-04-24
2075,19.582578659057617,-28.883333,27.89,2012-04-24
2076,26.083454608917236,-29.161667,23.696389,2012-04-25
2077,10.737746238708496,-24.183889,30.823889,2012-04-25
2078,4.79134464263916,-22.769722,30.886944,2012-04-25
2079,20.482319831848145,-27.937778,31.209444,2012-04-25
2080,10.770469188690186,-26.905,32.324722,2012-04-25
2081,10.60490608215332,-27.935,26.126667,2012-04-25
2082,46.58761692047119,-34.075556,20.145556,2012-04-25
2083,9.92586898803711,-30.398056,30.601944,2012-04-26
2084,11.376154899597168,-30.27402,30.69602,2012-04-26
2085,42.48708295822144,-30.679722,26.7125,2012-04-26
2086,42.82100200653076,-30.160091,27.40124,2012-04-26
2087,53.87591171264648,-34.005833,22.351111,2012-04-26
2088,11.328492164611816,-29.803611,30.516111,2012-04-27
2089,17.230056762695312,-29.758889,30.935278,2012-04-28
2090,10.825217008590698,-28.760833,17.730278,2012-04-29
2091,24.689048767089844,-25.99136,27.84208,2012-04-30
2092,5.905041694641113,-29.380556,30.2775,2012-04-30
2093,110.88305139541626,-34.065833,20.404167,2012-05-01
2094,14.718720197677612,-26.006389,29.253889,2012-05-01
2095,11.566421031951904,-25.45963889,28.26430556,2012-05-01
2096,52.42882823944092,-33.897778,20.012778,2012-05-01
2097,14.986915111541748,-29.161667,23.696389,2012-05-02
2098,18.87459945678711,-25.81048333,27.90955222,2012-05-02
2099,9.915308952331545,-26.861111,28.884722,2012-05-02
2100,21.44253921508789,-29.033333,23.983333,2012-05-02
2101,0.0,-28.058889,30.373611,2012-05-02
2102,0.0,-24.925278,29.324444,2012-05-03
2103,8.959548950195312,-27.00222,28.76528,2012-05-03
2104,2.762599468231201,-27.398611,26.614722,2012-05-03
2105,0.0,-27.671111,27.236944,2012-05-03
2106,0.0,-27.4,26.624722,2012-05-03
2107,0.0,-26.648056,27.089444,2012-05-04
2108,7.75989556312561,-26.970278,27.211111,2012-05-04
2109,3.759025812149048,-26.880278,26.965,2012-05-04
2110,0.0,-27.01011111,26.69808333,2012-05-07
2111,0.0,-26.73806,27.59194,2012-05-07
2112,0.0,-26.45,28.085833,2012-05-07
2113,0.0,-26.98472222,26.63227778,2012-05-07
2114,3.7711997032165527,-32.502778,19.535833,2012-05-07
2115,0.0,-29.161667,23.696389,2012-05-08
2116,0.0,-25.127778,27.628889,2012-05-08
2117,0.0,-25.20639,27.558,2012-05-08
2118,0.0,-24.69514,27.40906,2012-05-08
2119,0.0,-28.747778,31.745833,2012-05-08
2120,0.0,-27.169444,29.233889,2012-05-08
2121,0.0,-26.648056,27.089444,2012-05-08
2122,3.841222524642944,-26.970278,27.211111,2012-05-08
2123,0.0,-26.880278,26.965,2012-05-08
2124,4.211644649505615,-28.141944,26.417778,2012-05-08
2125,1.516932487487793,-28.116667,26.725278,2012-05-08
2126,4.934988975524902,-29.042222,24.6,2012-05-08
2127,5.136968731880188,-28.460833,21.248889,2012-05-08
2128,15.382002115249634,-31.396,29.2651,2012-05-08
2129,0.0,-25.57877778,29.12747222,2012-05-08
2130,0.0,-29.161667,23.696389,2012-05-09
2131,2.7959144115448,-25.49037,30.6986,2012-05-09
2132,8.311342239379883,-28.801278,31.955389,2012-05-09
2133,0.0,-27.273889,28.49,2012-05-09
2134,0.0,-27.4275,28.525833,2012-05-09
2135,0.0,-27.3,28.586944,2012-05-09
2136,0.0,-27.398611,26.614722,2012-05-09
2137,0.0,-29.028629,24.638389,2012-05-09
2138,0.0,-29.1825,23.575556,2012-05-09
2139,3.8965694904327393,-30.570833,29.150556,2012-05-09
2140,5.467136859893799,-31.104278,29.399722,2012-05-09
2141,12.863075256347656,-33.31388889,19.07472222,2012-05-09
2142,0.0,-28.7115,24.07288889,2012-05-10
2143,6.324337005615234,-29.140556,31.391944,2012-05-10
2144,4.6267900466918945,-28.75,30.442778,2012-05-10
2145,4.79258918762207,-29.161667,30.629722,2012-05-10
2146,0.0,-27.38972222,26.46388889,2012-05-10
2147,0.0,-27.935,26.126667,2012-05-10
2148,0.0,-27.671111,27.236944,2012-05-10
2149,0.0,-28.376944,24.303056,2012-05-10
2150,6.365041375160217,-31.031389,28.883333,2012-05-10
2151,4.056917190551758,-30.86013889,29.07125,2012-05-10
2152,3.5173866748809814,-30.77586667,29.03221667,2012-05-10
2153,23.526771545410156,-33.7075,18.97444444,2012-05-10
2154,0.0,-33.72266667,18.61691667,2012-05-10
2155,0.0,-27.902778,24.615556,2012-05-11
2156,39.27993130683899,-28.44555556,32.325,2012-04-19
2157,7.796555042266846,-31.554722,29.245556,2012-05-12
2158,0.0,-28.760833,17.730278,2012-05-13
2159,2.763719320297241,-25.99136,27.84208,2012-05-14
2160,0.0,-26.861111,28.884722,2012-05-14
2161,2.8658618927001953,-26.45,28.085833,2012-05-14
2162,3.230767011642456,-25.681111,31.783333,2012-05-15
2163,0.0,-25.398889,31.610556,2012-05-15
2164,0.0,-27.00222,28.76528,2012-05-15
2165,0.0,-26.648056,27.089444,2012-05-15
2166,10.17202877998352,-33.38056,19.30167,2012-05-15
2167,0.0,-25.45963889,28.26430556,2012-05-15
2168,9.709040641784668,-28.068333,31.55,2012-05-15
2169,2.336805820465088,-25.81048333,27.90955222,2012-05-16
2170,0.0,-24.768889,31.39,2012-05-16
2171,0.0,-29.033333,23.983333,2012-05-16
2172,5.3863372802734375,-34.092222,21.295278,2012-05-16
2173,3.994653463363647,-33.13083,18.86278,2012-05-16
2174,8.007277011871338,-24.99328,30.81444,2012-05-17
2175,12.65951442718506,-33.970833,22.548333,2012-05-17
2176,3.7954492568969727,-25.436111,31.982222,2012-05-18
2177,0.0,-25.14944444,31.94055556,2012-05-18
2178,10.540996551513672,-29.7775,29.470833,2012-05-21
2179,11.1621356010437,-29.987778,29.851667,2012-05-21
2180,7.329955101013184,-29.744167,29.905833,2012-05-21
2181,10.891645431518556,-30.27402,30.69602,2012-05-21
2182,0.0,-26.73806,27.59194,2012-05-21
2183,24.57583713531494,-33.818056,19.694722,2012-05-21
2184,0.0,-27.01011111,26.69808333,2012-05-22
2185,6.031001567840576,-34.065833,20.404167,2012-05-22
2186,0.0,-24.679167,30.8025,2012-05-22
2187,0.0,-24.183889,30.823889,2012-05-22
2188,0.0,-25.127778,27.628889,2012-05-22
2189,0.0,-25.20639,27.558,2012-05-22
2190,0.0,-24.69514,27.40906,2012-05-22
2191,5.192257404327393,-27.363611,31.783333,2012-05-22
2192,9.744147777557371,-30.733889,29.828333,2012-05-22
2193,0.0,-27.169444,29.233889,2012-05-22
2194,0.0,-26.880278,26.965,2012-05-22
2195,0.0,-26.98472222,26.63227778,2012-05-22
2196,3.857270002365112,-29.160278,26.573333,2012-05-22
2197,0.0,-30.336111,27.359444,2012-05-22
2198,3.506150484085083,-33.501667,21.624167,2012-05-22
2199,17.179340362548828,-34.075556,20.145556,2012-05-22
2200,14.792199611663818,-33.897778,20.012778,2012-05-22
2201,0.0,-24.058889,31.237222,2012-05-23
2202,0.0,-30.398056,30.601944,2012-05-23
2203,0.0,-30.160091,27.40124,2012-05-23
2204,0.0,-28.69485,28.23487,2012-05-23
2205,0.0,-28.883333,27.89,2012-05-23
2206,13.625795364379885,-34.005833,22.351111,2012-05-23
2207,8.484451532363892,-29.641944,30.6875,2012-05-24
2208,0.0,-30.830556,26.921389,2012-05-24
2209,10.904382228851318,-29.380556,30.2775,2012-05-24
2210,0.0,-30.679722,26.7125,2012-05-24
2211,0.0,-29.615556,27.065278,2012-05-24
2212,10.236618280410768,-34.031944,22.053333,2012-05-24
2213,11.069334983825684,-34.039722,22.133333,2012-05-24
2214,0.0,-30.398056,30.601944,2012-05-25
2215,0.0,-30.27402,30.69602,2012-05-25
2216,0.0,-29.658056,25.973333,2012-05-25
2217,4.5553388595581055,-31.000833,26.353056,2012-05-25
2218,0.0,-28.460833,21.248889,2012-05-25
2219,5.007376194000244,-29.803611,30.516111,2012-05-25
2220,0.0,-29.758889,30.935278,2012-05-26
2221,0.0,-28.760833,17.730278,2012-05-27
2222,3.319716453552246,-25.99136,27.84208,2012-05-28
2223,0.0,-26.861111,28.884722,2012-05-28
2224,0.0,-26.970278,27.211111,2012-05-28
2225,2.8074214458465576,-26.45,28.085833,2012-05-28
2226,0.0,-27.01011111,26.69808333,2012-05-29
2227,10.904382228851318,-29.380556,30.2775,2012-05-29
2228,0.0,-27.00222,28.76528,2012-05-29
2229,0.0,-26.648056,27.089444,2012-05-29
2230,0.0,-26.880278,26.965,2012-05-29
2231,0.0,-26.98472222,26.63227778,2012-05-29
2232,0.0,-31.000833,26.353056,2012-05-29
2233,0.0,-25.45963889,28.26430556,2012-05-29
2234,0.0,-29.161667,23.696389,2012-05-30
2235,0.0,-24.282222,28.090278,2012-05-30
2236,0.0,-27.937778,31.209444,2012-05-30
2237,0.0,-28.404444,30.013056,2012-05-30
2238,0.0,-28.1175,26.719444,2012-05-30
2239,11.158026218414308,-28.44555556,32.325,2012-05-12
2240,0.0,-24.670833,28.560833,2012-05-31
2241,0.0,-27.573056,24.746389,2012-05-31
2242,0.0,-30.679722,26.7125,2012-05-31
2243,5.774907112121582,-28.44555556,32.325,2012-07-12
2244,15.824873447418211,-33.38056,19.30167,2012-05-31
2245,6.0690765380859375,-33.13083,18.86278,2012-05-31
2246,3.134505271911621,-29.161667,23.696389,2012-06-01
2247,0.0,-28.7115,24.07288889,2012-06-01
2248,2.3291306495666504,-27.5275,30.858056,2012-06-01
2249,1.474376916885376,-29.1825,23.575556,2012-06-01
2250,0.0,-26.73806,27.59194,2012-06-04
2251,15.329169273376465,-32.502778,19.535833,2012-06-04
2252,0.0,-25.127778,27.628889,2012-06-05
2253,0.0,-25.20639,27.558,2012-06-05
2254,0.0,-24.69514,27.40906,2012-06-05
2255,0.0,-26.006389,29.253889,2012-06-05
2256,32.48802995681763,-28.747778,31.745833,2012-06-05
2257,0.0,-27.169444,29.233889,2012-06-05
2258,39.05778503417969,-34.250556,20.9925,2012-06-05
2259,0.0,-25.57877778,29.12747222,2012-06-05
2260,0.0,-23.658056,31.05,2012-06-06
2261,40.24617385864258,-28.801278,31.955389,2012-06-06
2262,0.0,-27.02314,28.59389,2012-06-06
2263,2.6990199089050293,-27.4275,28.525833,2012-06-06
2264,0.0,-27.3,28.586944,2012-06-06
2265,0.0,-28.141944,26.417778,2012-06-06
2266,4.323371410369873,-28.1175,26.719444,2012-06-06
2267,15.382755756378174,-28.44555556,32.325,2012-08-08
2268,69.78111982345581,-33.7075,18.97444444,2012-06-06
2269,53.69827365875244,-33.72266667,18.61691667,2012-06-06
2270,27.983948469161987,-29.140556,31.391944,2012-06-07
2271,0.0,-23.838611,31.640833,2012-06-07
2272,79.37982177734375,-28.44555556,32.325,2012-09-12
2273,4.022034645080566,-28.75,30.442778,2012-06-07
2274,13.51439356803894,-29.161667,30.629722,2012-06-07
2275,0.0,-27.398611,26.614722,2012-06-07
2276,0.0,-27.671111,27.236944,2012-06-07
2277,0.0,-27.5275,30.858056,2011-08-25
2278,0.0,-27.4,26.624722,2012-06-07
2279,0.0,-25.99136,27.84208,2012-06-11
2280,0.0,-26.861111,28.884722,2012-06-11
2281,0.0,-27.671111,27.236944,2012-06-11
2282,13.486992835998535,-31.554722,29.245556,2012-06-11
2283,76.26481628417969,-33.818056,19.694722,2012-06-11
2284,4.00590705871582,-27.935,26.126667,2012-06-12
2285,3.58957839012146,-28.141944,26.417778,2012-06-12
2286,6.45851469039917,-29.658056,25.973333,2012-06-12
2287,34.22772216796875,-31.000833,26.353056,2012-06-12
2288,7.970620632171631,-30.534167,24.961944,2012-06-12
2289,16.825289726257324,-31.104278,29.399722,2012-06-12
2290,43.25026607513428,-34.075556,20.145556,2012-06-12
2291,0.0,-25.45963889,28.26430556,2012-06-12
2292,10.636871337890623,-28.068333,31.55,2012-06-12
2293,3.134505271911621,-29.161667,23.696389,2012-06-13
2294,0.0,-25.81048333,27.90955222,2012-06-13
2295,0.0,-27.00222,28.76528,2012-06-13
2296,9.92282009124756,-28.1175,26.719444,2012-06-13
2297,7.970620632171631,-30.534167,24.961944,2012-06-13
2298,8.513330459594727,-30.568333,29.422778,2012-06-13
2299,8.838170051574707,-30.570833,29.150556,2012-06-13
2300,3.134505271911621,-29.161667,23.696389,2012-06-14
2301,6.436846017837524,-26.905,32.324722,2012-06-14
2302,0.0,-27.602222,29.942778,2012-06-14
2303,9.354987144470217,-27.935,26.126667,2012-06-14
2304,9.92282009124756,-28.1175,26.719444,2012-06-14
2305,34.22772216796875,-31.000833,26.353056,2012-06-14
2306,47.75754928588867,-30.679722,26.7125,2012-06-14
2307,33.32196235656738,-30.160091,27.40124,2012-06-14
2308,12.677666187286375,-30.86013889,29.07125,2012-06-14
2309,6.24232816696167,-28.7115,24.07288889,2012-06-15
2310,0.0,-27.01011111,26.69808333,2012-06-15
2311,7.080464601516724,-29.641944,30.6875,2012-06-15
2312,0.0,-26.648056,27.089444,2012-06-15
2313,0.0,-26.970278,27.211111,2012-06-15
2314,0.0,-26.880278,26.965,2012-06-15
2315,0.0,-26.98472222,26.63227778,2012-06-15
2316,0.0,-27.398611,26.614722,2012-06-15
2317,7.181440353393555,-29.1825,23.575556,2012-06-15
2318,5.577503204345703,-22.91028,29.61111,2012-06-18
2319,5.2180328369140625,-29.7775,29.470833,2012-06-18
2320,6.603475093841553,-29.744167,29.905833,2012-06-18
2321,6.128010272979736,-26.861111,28.884722,2012-06-18
2322,8.14267611503601,-26.73806,27.59194,2012-06-18
2323,9.32366418838501,-26.45,28.085833,2012-06-18
2324,0.0,-34.065833,20.404167,2012-06-19
2325,0.0,-25.127778,27.628889,2012-06-19
2326,0.0,-25.20639,27.558,2012-06-19
2327,0.0,-24.69514,27.40906,2012-06-19
2328,6.570652484893799,-27.363611,31.783333,2012-06-19
2329,11.977559089660645,-30.733889,29.828333,2012-06-19
2330,7.737253189086914,-27.169444,29.233889,2012-06-19
2331,5.250202178955078,-27.00222,28.76528,2012-06-19
2332,10.355191707611084,-29.160278,26.573333,2012-06-19
2333,16.79019546508789,-29.028629,24.638389,2012-06-19
2334,6.769761085510254,-29.161667,23.696389,2012-06-20
2335,0.0,-24.282222,28.090278,2012-06-20
2336,2.5915396213531494,-25.681111,31.783333,2012-06-20
2337,3.5610992908477783,-25.398889,31.610556,2012-06-20
2338,11.03834629058838,-30.398056,30.601944,2012-06-20
2339,9.33856725692749,-30.27402,30.69602,2012-06-20
2340,15.923137664794922,-29.615556,27.065278,2012-06-20
2341,15.182186841964722,-28.883333,27.89,2012-06-20
2342,33.95901870727539,-34.405833,19.600556,2012-06-20
2343,0.0,-24.670833,28.560833,2012-06-21
2344,6.484370231628418,-24.99328,30.81444,2012-06-21
2345,0.0,-24.768889,31.39,2012-06-21
2346,10.196520328521729,-27.802778,28.768333,2012-06-21
2347,5.3490800857543945,-27.935,26.126667,2012-06-21
2348,11.592693328857422,-28.1175,26.719444,2012-06-21
2349,0.0,-30.679722,26.7125,2012-06-21
2350,0.0,-30.160091,27.40124,2012-06-21
2351,0.0,-30.336111,27.359444,2012-06-21
2352,15.39146327972412,-33.501667,21.624167,2012-06-21
2353,,-34.329722,18.990278,2012-06-21
2354,5.890517711639404,-25.436111,31.982222,2012-06-22
2355,6.811044216156006,-25.14944444,31.94055556,2012-06-22
2356,12.148233890533447,-29.658056,25.973333,2012-06-22
2357,0.0,-31.000833,26.353056,2012-06-22
2358,0.0,-29.803611,30.516111,2012-06-22
2359,35.21647655963898,-27.363611,31.783333,2015-11-24
2360,0.0,-28.760833,17.730278,2012-06-24
2361,7.0036234855651855,-24.679167,30.8025,2012-06-25
2362,9.614840984344482,-25.99136,27.84208,2012-06-25
2363,3.57413101196289,-25.362222,31.956667,2012-06-25
2364,6.811044216156006,-25.14944444,31.94055556,2012-06-25
2365,8.363462448120117,-27.01011111,26.69808333,2012-06-26
2366,5.558298110961914,-24.183889,30.823889,2012-06-26
2367,4.503838062286377,-29.758889,30.935278,2012-06-26
2368,6.996250152587891,-29.380556,30.2775,2012-06-26
2369,6.128010272979736,-26.861111,28.884722,2012-06-26
2370,7.936452150344849,-26.880278,26.965,2012-06-26
2371,9.32366418838501,-26.45,28.085833,2012-06-26
2372,8.6577308177948,-26.98472222,26.63227778,2012-06-26
2373,10.262954711914062,-34.039722,22.133333,2012-06-26
2374,28.764240741729736,-33.7075,18.97444444,2012-06-26
2375,22.95992624759674,-33.72266667,18.61691667,2012-06-26
2376,0.0,-25.45963889,28.26430556,2012-06-26
2377,6.769761085510254,-29.161667,23.696389,2012-06-27
2378,8.095359086990356,-25.81048333,27.90955222,2012-06-27
2379,18.260818481445312,-30.830556,26.921389,2012-06-27
2380,5.0909717082977295,-24.058889,31.237222,2012-06-27
2381,5.654308319091797,-28.404444,30.013056,2012-06-27
2382,9.950268745422363,-27.4275,28.525833,2012-06-27
2383,10.650457382202148,-34.031944,22.053333,2012-06-27
2384,21.351540565490723,-32.595833,19.009444,2012-06-27
2385,6.169570446014404,-28.058889,30.373611,2012-06-27
2386,7.581265449523926,-25.447222,30.711667,2012-06-27
2387,6.769761085510254,-29.161667,23.696389,2012-06-28
2388,0.0,-29.641944,30.6875,2012-06-28
2389,9.798645257949827,-31.860278,18.6875,2012-06-28
2390,6.104731559753418,-27.5275,30.858056,2012-06-28
2391,6.996250152587891,-29.380556,30.2775,2012-06-28
2392,7.025940179824829,-27.00222,28.76528,2012-06-28
2393,5.968081712722778,-26.648056,27.089444,2012-06-28
2394,16.79019546508789,-29.028629,24.638389,2012-06-28
2395,7.181440353393555,-29.1825,23.575556,2012-06-28
2396,2.5694172382354736,-25.49037,30.6986,2012-06-29
2397,5.5191731452941895,-30.398056,30.601944,2012-06-29
2398,8.532497882843018,-30.27402,30.69602,2012-06-29
2399,0.0,-27.935,26.126667,2012-06-29
2400,5.993244647979736,-28.1175,26.719444,2012-06-29
2401,0.0,-25.127778,27.628889,2012-07-03
2402,0.0,-25.20639,27.558,2012-07-03
2403,0.0,-24.69514,27.40906,2012-07-03
2404,0.0,-28.747778,31.745833,2012-07-03
2405,5.875103950500488,-31.5653,18.3306,2012-07-03
2406,0.0,-24.39619444,27.08983333,2012-07-04
2407,2.807140588760376,-28.801278,31.955389,2012-07-04
2408,0.0,-27.935,26.126667,2012-07-04
2409,3.8979740142822266,-28.141944,26.417778,2012-07-04
2410,4.345404624938965,-28.1175,26.719444,2012-07-04
2411,3.784252882003784,-28.75,30.442778,2012-07-05
2412,6.328329086303711,-29.161667,30.629722,2012-07-05
2413,0.0,-28.460833,21.248889,2012-07-05
2414,0.0,-34.092222,21.295278,2012-07-05
2415,0.0,-33.38056,19.30167,2012-07-05
2416,0.0,-27.4,26.624722,2012-07-05
2417,0.0,-27.573056,24.746389,2012-07-06
2418,6.712693929672241,-28.760833,17.730278,2012-07-08
2419,5.350254058837891,-29.028629,24.638389,2012-07-09
2420,25.256913661956787,-33.818056,19.694722,2012-07-09
2421,0.0,-26.861111,28.884722,2012-07-10
2422,0.0,-26.880278,26.965,2012-07-10
2423,0.0,-26.45,28.085833,2012-07-10
2424,0.0,-26.98472222,26.63227778,2012-07-10
2425,0.0,-27.935,26.126667,2012-07-10
2426,6.950920104980469,-28.1175,26.719444,2012-07-10
2427,0.0,-28.69485,28.23487,2012-07-10
2428,0.0,-31.104278,29.399722,2012-07-10
2429,8.801965713500977,-31.396,29.2651,2012-07-10
2430,32.20701360702515,-34.075556,20.145556,2012-07-10
2431,0.0,-25.45963889,28.26430556,2012-07-10
2432,3.5330235958099365,-28.338333,31.373611,2012-07-10
2433,0.0,-28.068333,31.55,2012-07-10
2434,6.712693929672241,-28.760833,17.730278,2012-07-11
2435,0.0,-29.161667,23.696389,2012-07-11
2436,0.0,-25.81048333,27.90955222,2012-07-11
2437,0.0,-29.641944,30.6875,2012-07-11
2438,0.0,-28.883333,27.89,2012-07-11
2439,0.0,-30.568333,29.422778,2012-07-11
2440,0.0,-30.86013889,29.07125,2012-07-11
2441,0.0,-30.570833,29.150556,2012-07-11
2442,0.0,-30.77586667,29.03221667,2012-07-11
2443,33.11756992340088,-34.250556,20.9925,2012-07-11
2444,33.296926498413086,-28.44555556,32.325,2012-10-09
2445,0.0,-26.648056,27.089444,2012-07-12
2446,0.0,-27.902778,24.615556,2012-07-12
2447,0.0,-28.768056,20.720556,2012-07-12
2448,0.0,-31.031389,28.883333,2012-07-12
2449,3.242611885070801,-29.7775,29.470833,2012-07-16
2450,3.802423238754273,-29.987778,29.851667,2012-07-16
2451,0.0,-29.744167,29.905833,2012-07-16
2452,20.68858528137207,-33.897778,20.012778,2012-07-16
2453,0.0,-27.01011111,26.69808333,2012-07-17
2454,42.603331089019775,-34.065833,20.404167,2012-07-17
2455,0.0,-25.127778,27.628889,2012-07-17
2456,0.0,-25.20639,27.558,2012-07-17
2457,0.0,-24.69514,27.40906,2012-07-17
2458,0.0,-25.73411,27.21422,2012-07-17
2459,0.0,-27.363611,31.783333,2012-07-17
2460,4.835757732391357,-30.733889,29.828333,2012-07-17
2461,0.0,-26.648056,27.089444,2012-07-17
2462,0.0,-26.970278,27.211111,2012-07-17
2463,0.0,-26.45,28.085833,2012-07-17
2464,0.0,-26.98472222,26.63227778,2012-07-17
2465,0.0,-27.935,26.126667,2012-07-17
2466,3.589707612991333,-29.160278,26.573333,2012-07-17
2467,29.9579439163208,-33.870833,20.003333,2012-07-17
2468,0.0,-29.161667,23.696389,2012-07-18
2469,0.0,-24.39619444,27.08983333,2012-07-18
2470,0.0,-26.905,32.324722,2012-07-18
2471,8.439888000488281,-30.398056,30.601944,2012-07-18
2472,0.0,-30.27402,30.69602,2012-07-18
2473,0.0,-27.169444,29.233889,2012-07-18
2474,0.0,-26.861111,28.884722,2012-07-18
2475,0.0,-28.69485,28.23487,2012-07-18
2476,3.8332760334014897,-29.615556,27.065278,2012-07-18
2477,0.0,-28.883333,27.89,2012-07-18
2478,49.57640266418457,-34.02861,22.22222,2012-07-18
2479,51.22784948348999,-34.405833,19.600556,2012-07-18
2480,3.3015642166137695,-30.160091,27.40124,2012-07-19
2481,3.421233654022217,-30.336111,27.359444,2012-07-19
2482,6.019251823425293,-30.830556,26.921389,2012-07-20
2483,3.2332191467285156,-29.658056,25.973333,2012-07-20
2484,6.58033561706543,-31.000833,26.353056,2012-07-20
2485,6.0410685539245605,-30.679722,26.7125,2012-07-20
2486,1.50098979473114,-28.460833,21.248889,2012-07-20
2487,0.0,-29.803611,30.516111,2012-07-20
2488,16.29473876953125,-31.5653,18.3306,2012-07-21
2489,0.0,-24.679167,30.8025,2012-07-23
2490,0.0,-25.99136,27.84208,2012-07-23
2491,0.0,-26.880278,26.965,2012-07-23
2492,0.0,-26.98472222,26.63227778,2012-07-23
2493,22.290783882141113,-33.31388889,19.07472222,2012-07-23
2494,0.0,-24.183889,30.823889,2012-07-24
2495,0.0,-26.861111,28.884722,2012-07-24
2496,0.0,-26.970278,27.211111,2012-07-24
2497,0.0,-27.802778,28.768333,2012-07-24
2498,0.0,-28.69485,28.23487,2012-07-24
2499,4.6646013259887695,-33.501667,21.624167,2012-07-24
2500,0.0,-29.161667,23.696389,2012-07-25
2501,0.0,-25.81048333,27.90955222,2012-07-25
2502,0.0,-24.034167,31.123611,2012-07-25
2503,0.0,-29.380556,30.2775,2012-07-25
2504,2.150728940963745,-28.058889,30.373611,2012-07-25
2505,12.66226291656494,-29.641944,30.6875,2012-07-26
2506,13.423206329345703,-31.860278,18.6875,2012-07-26
2507,3.7491564750671382,-27.5275,30.858056,2012-07-26
2508,0.0,-29.380556,30.2775,2012-07-26
2509,0.0,-27.00222,28.76528,2012-07-26
2510,0.0,-26.648056,27.089444,2012-07-26
2511,0.0,-29.758889,30.935278,2012-07-27
2512,5.671978950500488,-30.27402,30.69602,2012-07-28
2513,0.5677385330200195,-27.01011111,26.69808333,2012-07-30
2514,0.0,-26.648056,27.089444,2012-07-30
2515,0.0,-26.880278,26.965,2012-07-30
2516,0.5482840538024902,-26.98472222,26.63227778,2012-07-30
2517,32.333887577056885,-31.554722,29.245556,2012-07-30
2518,21.24504280090332,-33.38056,19.30167,2012-07-30
2519,0.0,-25.127778,27.628889,2012-07-31
2520,0.0,-25.20639,27.558,2012-07-31
2521,3.583019256591797,-26.861111,28.884722,2012-07-31
2522,0.0,-26.970278,27.211111,2012-07-31
2523,0.0,-26.73806,27.59194,2012-07-31
2524,0.0,-26.45,28.085833,2012-07-31
2525,25.37148380279541,-31.104278,29.399722,2012-07-31
2526,0.0,-24.39619444,27.08983333,2012-08-01
2527,7.981703996658325,-27.169444,29.233889,2012-08-01
2528,0.0,-28.141944,26.417778,2012-08-01
2529,0.0,-28.1175,26.719444,2012-08-01
2530,20.30650329589844,-33.13083,18.86278,2012-08-01
2531,18.089392066001892,-28.75,30.442778,2012-08-02
2532,19.91892790794373,-29.161667,30.629722,2012-08-02
2533,7.1908183097839355,-27.00222,28.76528,2012-08-02
2534,0.0,-26.648056,27.089444,2012-08-02
2535,7.271481513977051,-27.398611,26.614722,2012-08-02
2536,5.300266265869141,-28.376944,24.303056,2012-08-02
2537,6.95210862159729,-27.671111,27.236944,2012-08-03
2538,24.436031341552734,-28.735556,29.820556,2012-08-04
2539,5.785220623016357,-28.760833,17.730278,2012-08-05
2540,0.0,-25.99136,27.84208,2012-08-06
2541,0.0,-26.970278,27.211111,2012-08-06
2542,64.62255954742432,-33.818056,19.694722,2012-08-06
2543,5.258913040161133,-27.01011111,26.69808333,2012-08-07
2544,30.54281234741211,-29.641944,30.6875,2012-08-07
2545,24.436031341552734,-28.735556,29.820556,2012-08-07
2546,0.0,-26.880278,26.965,2012-08-07
2547,5.159022331237793,-26.98472222,26.63227778,2012-08-07
2548,7.271481513977051,-27.398611,26.614722,2012-08-07
2549,63.59801006317139,-34.075556,20.145556,2012-08-07
2550,0.0,-25.45963889,28.26430556,2012-08-07
2551,9.783029079437256,-28.338333,31.373611,2012-08-07
2552,9.40610122680664,-28.068333,31.55,2012-08-07
2553,0.0,-25.57877778,29.12747222,2012-08-07
2554,0.0,-25.81048333,27.90955222,2012-08-08
2555,63.08313703536987,-28.44555556,32.325,2012-10-31
2556,7.318548917770386,-26.861111,28.884722,2012-08-08
2557,0.0,-26.45,28.085833,2012-08-08
2558,9.233373880386353,-27.273889,28.49,2012-08-09
2559,14.82075309753418,-27.802778,28.768333,2012-08-09
2560,7.1908183097839355,-27.00222,28.76528,2012-08-10
2561,6.785183906555176,-27.02314,28.59389,2012-08-10
2562,0.0,-26.648056,27.089444,2012-08-10
2563,0.0,-27.573056,24.746389,2012-08-10
2564,64.39854717254639,-34.065833,20.404167,2012-08-12
2565,4.691174507141113,-27.01011111,26.69808333,2012-08-13
2566,21.85180950164795,-29.7775,29.470833,2012-08-13
2567,28.89162564277649,-29.987778,29.851667,2012-08-13
2568,24.915486335754395,-29.744167,29.905833,2012-08-13
2569,0.0,-26.880278,26.965,2012-08-13
2570,4.610738277435303,-26.98472222,26.63227778,2012-08-13
2571,0.0,-25.127778,27.628889,2012-08-14
2572,0.0,-24.39619444,27.08983333,2012-08-14
2573,0.0,-24.69514,27.40906,2012-08-14
2574,3.5189998149871826,-25.73411,27.21422,2012-08-14
2575,5.369712829589844,-26.03611,30.99778,2012-08-14
2576,6.2961907386779785,-27.363611,31.783333,2012-08-14
2577,0.0,-26.73806,27.59194,2012-08-14
2578,0.0,-26.45,28.085833,2012-08-14
2579,5.60321044921875,-27.273889,28.49,2012-08-14
2580,5.810904502868652,-29.160278,26.573333,2012-08-14
2581,19.12693452835083,-34.250556,20.9925,2012-08-14
2582,31.00466775894165,-33.897778,20.012778,2012-08-14
2583,0.0,-25.20639,27.558,2012-08-15
2584,6.396186351776123,-25.49037,30.6986,2012-08-15
2585,20.93777847290039,-30.398056,30.601944,2012-08-15
2586,34.527552127838135,-30.27402,30.69602,2012-08-15
2587,0.0,-27.169444,29.233889,2012-08-15
2588,0.0,-27.3,28.586944,2012-08-15
2589,0.0,-29.033333,23.983333,2012-08-15
2590,7.273584842681885,-28.69485,28.23487,2012-08-15
2591,0.0,-29.615556,27.065278,2012-08-15
2592,6.387610912322998,-28.883333,27.89,2012-08-15
2593,34.48789048194885,-34.405833,19.600556,2012-08-15
2594,4.123250484466553,-25.447222,30.711667,2012-08-15
2595,4.141738414764404,-30.13573889,30.67422222,2012-08-16
2596,0.0,-26.648056,27.089444,2012-08-16
2597,0.0,-27.902778,24.615556,2012-08-16
2598,0.0,-30.160091,27.40124,2012-08-16
2599,0.0,-30.336111,27.359444,2012-08-16
2600,0.0,-30.830556,26.921389,2012-08-17
2601,0.0,-29.658056,25.973333,2012-08-17
2602,0.0,-31.000833,26.353056,2012-08-17
2603,0.0,-30.679722,26.7125,2012-08-17
2604,2.79677677154541,-29.803611,30.516111,2012-08-17
2605,9.671663284301758,-28.760833,17.730278,2012-08-18
2606,0.0,-22.43772222,31.07805556,2012-08-19
2607,7.491209030151367,-24.679167,30.8025,2012-08-20
2608,0.0,-25.99136,27.84208,2012-08-20
2609,5.049490451812744,-30.27402,30.69602,2012-08-20
2610,0.0,-26.880278,26.965,2012-08-20
2611,0.0,-26.98472222,26.63227778,2012-08-20
2612,34.552245140075684,-33.7075,18.97444444,2012-08-20
2613,0.0,-24.183889,30.823889,2012-08-21
2614,0.0,-29.380556,30.2775,2012-08-21
2615,0.0,-26.45,28.085833,2012-08-21
2616,17.535319805145264,-33.464444,18.740556,2012-08-21
2617,0.0,-25.45963889,28.26430556,2012-08-21
2618,0.0,-25.81048333,27.90955222,2012-08-22
2619,0.0,-24.058889,31.237222,2012-08-22
2620,0.0,-27.169444,29.233889,2012-08-22
2621,0.0,-27.273889,28.49,2012-08-22
2622,0.0,-27.802778,28.768333,2012-08-22
2623,0.0,-28.058889,30.373611,2012-08-22
2624,0.0,-29.161667,23.696389,2012-08-23
2625,0.0,-28.7115,24.07288889,2012-08-23
2626,0.0,-31.860278,18.6875,2012-08-23
2627,4.040030479431152,-27.937778,31.209444,2012-08-23
2628,0.0,-26.648056,27.089444,2012-08-23
2629,0.0,-29.1825,23.575556,2012-08-23
2630,0.0,-34.031944,22.053333,2012-08-23
2631,0.0,-34.02861,22.22222,2012-08-23
2632,0.0,-23.838611,31.640833,2012-08-24
2633,4.58405876159668,-32.502778,19.535833,2012-08-24
2634,0.0,-29.380556,30.2775,2012-08-26
2635,0.0,-29.641944,30.6875,2012-08-27
2636,0.0,-29.758889,30.935278,2012-08-27
2637,0.0,-27.01011111,26.69808333,2012-08-28
2638,0.0,-25.127778,27.628889,2012-08-28
2639,0.0,-25.20639,27.558,2012-08-28
2640,0.0,-24.69514,27.40906,2012-08-28
2641,0.0,-28.747778,31.745833,2012-08-28
2642,0.0,-26.970278,27.211111,2012-08-28
2643,0.0,-26.880278,26.965,2012-08-28
2644,0.0,-26.45,28.085833,2012-08-28
2645,0.0,-26.98472222,26.63227778,2012-08-28
2646,0.0,-30.86013889,29.07125,2012-08-28
2647,0.0,-31.104278,29.399722,2012-08-28
2648,0.0,-31.396,29.2651,2012-08-28
2649,0.0,-31.554722,29.245556,2012-08-28
2650,0.0,-33.501667,21.624167,2012-08-28
2651,6.934308052062988,-31.5653,18.3306,2012-08-28
2652,0.0,-29.161667,23.696389,2012-08-29
2653,0.0,-28.801278,31.955389,2012-08-29
2654,0.0,-28.141944,26.417778,2012-08-29
2655,0.0,-28.1175,26.719444,2012-08-29
2656,0.0,-30.568333,29.422778,2012-08-29
2657,0.0,-30.77586667,29.03221667,2012-08-29
2658,23.512505531311035,-33.13083,18.86278,2012-08-29
2659,0.0,-24.282222,28.090278,2012-08-30
2660,12.982793807983398,-28.75,30.442778,2012-08-30
2661,16.0819034576416,-29.161667,30.629722,2012-08-30
2662,0.0,-27.00222,28.76528,2012-08-30
2663,0.0,-27.398611,26.614722,2012-08-30
2664,0.0,-27.671111,27.236944,2012-08-30
2665,31.949938774108887,-33.38056,19.30167,2012-08-30
2666,0.0,-27.902778,24.615556,2012-08-31
2667,3.35578989982605,-28.760833,17.730278,2012-09-02
2668,40.74628448486328,-25.99136,27.84208,2012-09-03
2669,0.0,-22.43772222,31.07805556,2012-09-03
2670,7.927865505218506,-26.970278,27.211111,2012-09-03
2671,51.51968002319336,-27.3,28.586944,2012-09-03
2672,0.0,-31.031389,28.883333,2012-09-03
2673,10.562129974365234,-33.818056,19.694722,2012-09-03
2674,0.0,-27.01011111,26.69808333,2012-09-04
2675,5.333221435546875,-26.880278,26.965,2012-09-04
2676,0.0,-26.98472222,26.63227778,2012-09-04
2677,0.0,-27.671111,27.236944,2012-09-04
2678,5.547159671783447,-34.075556,20.145556,2012-09-04
2679,24.089750051498413,-25.45963889,28.26430556,2012-09-04
2680,62.107255935668945,-28.338333,31.373611,2012-09-04
2681,60.84369087219238,-28.068333,31.55,2012-09-04
2682,0.0,-27.4,26.624722,2012-09-04
2683,0.0,-29.161667,23.696389,2012-09-05
2684,39.13637924194336,-25.81048333,27.90955222,2012-09-05
2685,59.82183837890625,-27.602222,29.942778,2012-09-05
2686,44.824256896972656,-27.169444,29.233889,2012-09-05
2687,0.0,-26.73806,27.59194,2012-09-05
2688,61.35470962524414,-26.45,28.085833,2012-09-05
2689,28.119771003723145,-29.641944,30.6875,2012-09-06
2690,0.0,-29.161667,23.696389,2012-09-07
2691,0.0,-28.7115,24.07288889,2012-09-07
2692,44.88911437988281,-27.02314,28.59389,2012-09-07
2693,57.41788864135742,-27.273889,28.49,2012-09-07
2694,0.0,-29.1825,23.575556,2012-09-07
2695,0.0,-29.028629,24.638389,2012-09-08
2696,0.0,-27.01011111,26.69808333,2012-09-10
2697,51.17138862609863,-29.987778,29.851667,2012-09-10
2698,0.0,-29.744167,29.905833,2012-09-10
2699,0.0,-26.98472222,26.63227778,2012-09-10
2700,0.0,-29.160278,26.573333,2012-09-10
2701,0.0,-34.065833,20.404167,2012-09-11
2702,9.758901596069336,-25.127778,27.628889,2012-09-11
2703,0.0,-24.39619444,27.08983333,2012-09-11
2704,0.0,-24.69514,27.40906,2012-09-11
2705,80.79908657073975,-27.363611,31.783333,2012-09-11
2706,63.72708702087402,-30.733889,29.828333,2012-09-11
2707,7.927865505218506,-26.970278,27.211111,2012-09-11
2708,61.35470962524414,-26.45,28.085833,2012-09-11
2709,0.0,-28.69485,28.23487,2012-09-11
2710,2.830941915512085,-29.615556,27.065278,2012-09-11
2711,17.15880537033081,-28.883333,27.89,2012-09-11
2712,0.0,-33.897778,20.012778,2012-09-11
2713,2.3913159370422363,-29.161667,23.696389,2012-09-12
2714,9.609504699707031,-25.20639,27.558,2012-09-12
2715,10.705613613128662,-22.769722,30.886944,2012-09-12
2716,128.97053909301758,-28.44555556,32.325,2013-01-24
2717,96.8936004638672,-26.905,32.324722,2012-09-12
2718,93.28655767440796,-30.398056,30.601944,2012-09-12
2719,59.46256065368652,-30.27402,30.69602,2012-09-12
2720,8.882222652435303,-30.160091,27.40124,2012-09-12
2721,20.101935863494873,-30.336111,27.359444,2012-09-12
2722,2.4636709690093994,-28.768056,20.720556,2012-09-12
2723,16.076048374176025,-34.405833,19.600556,2012-09-12
2724,7.748222351074219,-30.830556,26.921389,2012-09-13
2725,48.57429885864258,-27.00222,28.76528,2012-09-13
2726,0.0,-26.648056,27.089444,2012-09-13
2727,17.566640853881836,-31.000833,26.353056,2012-09-13
2728,7.363024234771728,-30.679722,26.7125,2012-09-13
2729,,-34.329722,18.990278,2012-09-13
2730,7.18988561630249,-27.573056,24.746389,2012-09-14
2731,5.443511962890625,-29.658056,25.973333,2012-09-14
2732,17.581958770751953,-29.803611,30.516111,2012-09-14
2733,3.428552985191345,-29.161667,23.696389,2012-09-17
2734,0.0,-25.99136,27.84208,2012-09-17
2735,34.200575828552246,-26.73806,27.59194,2012-09-17
2736,7.9095354080200195,-26.45,28.085833,2012-09-17
2737,16.205336093902588,-27.935,26.126667,2012-09-17
2738,3.8179566264152527,-29.1825,23.575556,2012-09-17
2739,17.256757736206055,-33.31388889,19.07472222,2012-09-17
2740,16.945280075073242,-27.01011111,26.69808333,2012-09-18
2741,0.0,-22.91028,29.61111,2012-09-18
2742,85.02899265289307,-27.5275,30.858056,2012-09-18
2743,42.50512981414795,-29.380556,30.2775,2012-09-18
2744,27.18026351928711,-27.169444,29.233889,2012-09-18
2745,16.463584899902344,-26.648056,27.089444,2012-09-18
2746,22.229230880737305,-26.970278,27.211111,2012-09-18
2747,15.721508026123049,-26.880278,26.965,2012-09-18
2748,36.70099258422851,-27.802778,28.768333,2012-09-18
2749,25.282858848571777,-33.7075,18.97444444,2012-09-18
2750,3.69309139251709,-25.45963889,28.26430556,2012-09-18
2751,3.428552985191345,-29.161667,23.696389,2012-09-19
2752,3.0693705081939697,-25.81048333,27.90955222,2012-09-19
2753,0.0,-23.763056,27.908611,2012-09-19
2754,20.755826473236084,-27.00222,28.76528,2012-09-19
2755,32.809661865234375,-27.273889,28.49,2012-09-19
2756,4.846226692199707,-34.039722,22.133333,2012-09-19
2757,14.348167896270752,-32.595833,19.009444,2012-09-19
2758,24.183818817138672,-34.005833,22.351111,2012-09-19
2759,6.268889904022217,-31.860278,18.6875,2012-09-20
2760,62.967092514038086,-29.744167,29.905833,2013-12-27
2761,0.0,-24.282222,28.090278,2012-09-20
2762,0.0,-23.838611,31.640833,2012-09-20
2763,0.0,-24.670833,28.560833,2012-09-21
2764,18.918617248535156,-32.502778,19.535833,2012-09-21
2765,0.0,-24.183889,30.823889,2012-09-25
2766,3.1799662113189697,-25.127778,27.628889,2012-09-25
2767,3.6699841022491455,-25.20639,27.558,2012-09-25
2768,5.979377746582031,-24.69514,27.40906,2012-09-25
2769,0.0,-25.73411,27.21422,2012-09-25
2770,7.9095354080200195,-26.45,28.085833,2012-09-25
2771,108.87330293655396,-31.396,29.2651,2012-09-25
2772,117.15635585784912,-31.554722,29.245556,2012-09-25
2773,4.956495761871338,-33.501667,21.624167,2012-09-25
2774,23.30937623977661,-33.38056,19.30167,2012-09-25
2775,1.0372370481491089,-29.161667,23.696389,2012-09-26
2776,24.891671657562256,-27.01011111,26.69808333,2012-09-26
2777,5.615760803222656,-24.39619444,27.08983333,2012-09-26
2778,56.560232162475586,-29.380556,30.2775,2012-09-26
2779,29.68876838684082,-26.648056,27.089444,2012-09-26
2780,23.11040449142456,-26.880278,26.965,2012-09-26
2781,47.36226844787598,-27.802778,28.768333,2012-09-26
2782,20.996116161346436,-26.98472222,26.63227778,2012-09-26
2783,22.022202968597412,-28.141944,26.417778,2012-09-26
2784,16.658357620239258,-28.1175,26.719444,2012-09-26
2785,45.1551570892334,-30.568333,29.422778,2012-09-26
2786,40.12386345863342,-30.570833,29.150556,2012-09-26
2787,71.40606164932251,-31.104278,29.399722,2012-09-26
2788,10.513643741607666,-31.5653,18.3306,2012-09-26
2789,45.95621156692505,-29.641944,30.6875,2012-09-27
2790,6.549259662628174,-24.679167,30.8025,2012-09-27
2791,38.57156753540039,-28.747778,31.745833,2012-09-27
2792,68.10179328918457,-28.801278,31.955389,2012-09-27
2793,25.661795616149902,-28.75,30.442778,2012-09-27
2794,44.048110485076904,-29.758889,30.935278,2012-09-27
2795,67.19491052627563,-29.161667,30.629722,2012-09-27
2796,20.755826473236084,-27.00222,28.76528,2012-09-27
2797,20.96485137939453,-27.38972222,26.46388889,2012-09-27
2798,21.885600328445435,-27.398611,26.614722,2012-09-27
2799,38.79227352142334,-27.671111,27.236944,2012-09-27
2800,51.61325144767761,-31.031389,28.883333,2012-09-27
2801,19.98762345314026,-30.86013889,29.07125,2012-09-27
2802,47.26260566711426,-30.77586667,29.03221667,2012-09-27
2803,25.094890117645264,-33.13083,18.86278,2012-09-27
2804,75.9011402130127,-30.27402,30.69602,2012-09-28
2805,4.661375522613525,-27.902778,24.615556,2012-09-28
2806,5.330633640289307,-24.9675,31.516667,2012-09-30
2807,0.0,-29.161667,23.696389,2012-10-01
2808,0.0,-26.861111,28.884722,2012-10-01
2809,11.54896640777588,-26.73806,27.59194,2012-10-01
2810,0.0,-26.45,28.085833,2012-10-01
2811,16.613722324371338,-33.818056,19.694722,2012-10-01
2812,0.0,-28.7115,24.07288889,2012-10-02
2813,0.0,-23.658056,31.05,2012-10-02
2814,22.234580993652344,-28.735556,29.820556,2012-10-02
2815,0.0,-27.169444,29.233889,2012-10-02
2816,10.66127586364746,-27.802778,28.768333,2012-10-02
2817,3.345520257949829,-27.398611,26.614722,2012-10-02
2818,8.313918113708496,-27.671111,27.236944,2012-10-02
2819,0.0,-29.1825,23.575556,2012-10-02
2820,19.852728605270386,-34.075556,20.145556,2012-10-02
2821,0.0,-25.45963889,28.26430556,2012-10-02
2822,0.0,-28.338333,31.373611,2012-10-02
2823,0.0,-28.068333,31.55,2012-10-02
2824,17.178460597991943,-27.01011111,26.69808333,2012-10-03
2825,3.980250835418701,-25.81048333,27.90955222,2012-10-03
2826,44.4689998626709,-29.641944,30.6875,2012-10-03
2827,0.0,-22.769722,30.886944,2012-10-03
2828,6.32941198348999,-27.00222,28.76528,2012-10-03
2829,7.732912540435791,-27.02314,28.59389,2012-10-03
2830,19.081573009490967,-26.648056,27.089444,2012-10-03
2831,15.112970352172852,-26.880278,26.965,2012-10-03
2832,13.555580139160156,-27.273889,28.49,2012-10-03
2833,18.04662561416626,-27.4275,28.525833,2012-10-03
2834,8.294322967529297,-27.3,28.586944,2012-10-03
2835,0.0,-34.092222,21.295278,2012-10-03
2836,0.0,-25.57877778,29.12747222,2012-10-03
2837,6.7234063148498535,-27.602222,29.942778,2012-10-04
2838,0.0,-27.573056,24.746389,2012-10-05
2839,0.0,-29.042222,24.6,2012-10-05
2840,0.0,-29.028629,24.638389,2012-10-05
2841,17.248151540756226,-29.7775,29.470833,2012-10-08
2842,14.840302467346191,-29.744167,29.905833,2012-10-08
2843,21.35237169265747,-26.45,28.085833,2012-10-08
2844,3.3601326942443848,-33.897778,20.012778,2012-10-08
2845,29.434839248657227,-27.01011111,26.69808333,2012-10-09
2846,0.0,-34.065833,20.404167,2012-10-09
2847,19.93559837341309,-25.127778,27.628889,2012-10-09
2848,13.096512794494627,-24.39619444,27.08983333,2012-10-09
2849,16.142422199249268,-24.69514,27.40906,2012-10-09
2850,28.13530731201172,-25.73411,27.21422,2012-10-09
2851,33.32000732421875,-30.733889,29.828333,2012-10-09
2852,23.260501384735107,-26.648056,27.089444,2012-10-09
2853,23.841339111328125,-26.970278,27.211111,2012-10-09
2854,25.729950428009033,-26.880278,26.965,2012-10-09
2855,15.114144802093506,-27.802778,28.768333,2012-10-09
2856,28.342503547668457,-26.98472222,26.63227778,2012-10-09
2857,27.98926591873169,-29.160278,26.573333,2012-10-09
2858,23.16197681427002,-28.69485,28.23487,2012-10-09
2859,24.33624267578125,-28.883333,27.89,2012-10-09
2860,31.15385055541992,-28.068333,31.55,2012-10-09
2861,11.064505577087402,-30.830556,26.921389,2012-10-10
2862,31.519548177719116,-25.20639,27.558,2012-10-10
2863,40.58179473876953,-30.398056,30.601944,2012-10-10
2864,38.35494756698608,-27.00222,28.76528,2012-10-10
2865,15.825093865394592,-31.000833,26.353056,2012-10-10
2866,4.057439804077148,-28.768056,20.720556,2012-10-10
2867,11.93735408782959,-34.031944,22.053333,2012-10-10
2868,11.753643989562988,-34.039722,22.133333,2012-10-10
2869,8.089836120605469,-34.405833,19.600556,2012-10-10
2870,12.147175788879396,-34.005833,22.351111,2012-10-10
2871,33.69601345062256,-30.830556,26.921389,2012-10-11
2872,29.644704818725582,-30.679722,26.7125,2012-10-11
2873,36.85741424560547,-30.160091,27.40124,2012-10-11
2874,43.71494102478027,-30.336111,27.359444,2012-10-11
2875,33.378108978271484,-28.404444,30.013056,2012-10-12
2876,16.812658309936523,-27.902778,24.615556,2012-10-12
2877,23.1984338760376,-29.658056,25.973333,2012-10-12
2878,42.99953806400299,-31.000833,26.353056,2012-10-12
2879,39.84064102172851,-29.803611,30.516111,2012-10-12
2880,47.47864556312561,-25.99136,27.84208,2012-10-15
2881,53.71403694152832,-26.45,28.085833,2012-10-15
2882,23.93331813812256,-33.31388889,19.07472222,2012-10-15
2883,23.028048992156982,-29.161667,23.696389,2012-10-16
2884,37.30774545669556,-27.01011111,26.69808333,2012-10-16
2885,90.27982497215272,-25.681111,31.783333,2012-10-16
2886,63.47540664672851,-29.380556,30.2775,2012-10-16
2887,26.097802877426147,-26.648056,27.089444,2012-10-16
2888,34.85900139808655,-26.970278,27.211111,2012-10-16
2889,35.21452331542969,-26.880278,26.965,2012-10-16
2890,36.60184574127197,-26.98472222,26.63227778,2012-10-16
2891,27.778843879699707,-27.935,26.126667,2012-10-16
2892,29.95170366764069,-29.160278,26.573333,2012-10-16
2893,22.4353551864624,-29.1825,23.575556,2012-10-16
2894,50.1255989074707,-34.250556,20.9925,2012-10-16
2895,36.33049106597901,-33.7075,18.97444444,2012-10-16
2896,38.972187757492065,-25.45963889,28.26430556,2012-10-16
2897,23.028048992156982,-29.161667,23.696389,2012-10-17
2898,56.02250266075134,-25.81048333,27.90955222,2012-10-17
2899,70.42200255393982,-24.768889,31.39,2012-10-17
2900,74.95041608810425,-24.9675,31.516667,2012-10-17
2901,59.29666185379028,-27.937778,31.209444,2012-10-17
2902,68.94517517089844,-27.169444,29.233889,2012-10-17
2903,58.09861660003662,-27.00222,28.76528,2012-10-17
2904,43.34258317947388,-27.802778,28.768333,2012-10-17
2905,14.52693009376526,-32.595833,19.009444,2012-10-17
2906,88.99205875396729,-28.058889,30.373611,2012-10-17
2907,9.154828786849976,-31.860278,18.6875,2012-10-18
2908,81.58074760437012,-27.273889,28.49,2012-10-18
2909,19.984668731689453,-27.671111,27.236944,2012-10-18
2910,80.47946166992188,-25.14944444,31.94055556,2012-10-19
2911,3.844998002052307,-32.502778,19.535833,2012-10-19
2912,79.66308498382568,-31.031389,28.883333,2012-10-21
2913,60.15058374404907,-24.679167,30.8025,2012-10-22
2914,64.99290633201599,-26.861111,28.884722,2012-10-22
2915,56.98260545730591,-26.45,28.085833,2012-10-22
2916,75.26417922973633,-31.396,29.2651,2012-10-22
2917,95.48872947692873,-31.554722,29.245556,2012-10-22
2918,15.370841979980469,-27.01011111,26.69808333,2012-10-23
2919,40.184144496917725,-24.183889,30.823889,2012-10-23
2920,45.12796115875244,-25.127778,27.628889,2012-10-23
2921,47.88031172752381,-25.20639,27.558,2012-10-23
2922,49.63395476341248,-24.69514,27.40906,2012-10-23
2923,115.88681077957152,-28.747778,31.745833,2012-10-23
2924,22.13789010047913,-26.648056,27.089444,2012-10-23
2925,30.642195463180546,-26.970278,27.211111,2012-10-23
2926,22.174057006835938,-26.880278,26.965,2012-10-23
2927,71.8982892036438,-27.802778,28.768333,2012-10-23
2928,15.312198638916016,-27.38972222,26.46388889,2012-10-23
2929,13.802181720733644,-26.98472222,26.63227778,2012-10-23
2930,47.34785747528076,-28.69485,28.23487,2012-10-23
2931,79.66427755355835,-30.568333,29.422778,2012-10-23
2932,89.05681800842285,-30.570833,29.150556,2012-10-23
2933,92.6609582901001,-31.104278,29.399722,2012-10-23
2934,26.47061824798584,-33.501667,21.624167,2012-10-23
2935,2.795947790145874,-29.161667,23.696389,2012-10-24
2936,52.3443341255188,-24.39619444,27.08983333,2012-10-24
2937,36.3189058303833,-24.058889,31.237222,2012-10-24
2938,13.744196891784668,-28.141944,26.417778,2012-10-24
2939,0.0,-27.398611,26.614722,2012-10-24
2940,15.393953323364258,-27.671111,27.236944,2012-10-24
2941,26.76870393753052,-30.679722,26.7125,2012-10-24
2942,31.3396635055542,-30.336111,27.359444,2012-10-24
2943,0.0,-28.768056,20.720556,2012-10-24
2944,77.09706115722656,-30.86013889,29.07125,2012-10-24
2945,69.24107551574707,-30.77586667,29.03221667,2012-10-24
2946,16.367709636688232,-33.13083,18.86278,2012-10-24
2947,79.22581100463867,-28.75,30.442778,2012-10-25
2948,98.56478929519652,-29.161667,30.629722,2012-10-25
2949,0.0,-27.38972222,26.46388889,2012-10-25
2950,15.393953323364258,-27.671111,27.236944,2012-10-28
2951,56.10695743560791,-28.068333,31.55,2012-10-28
2952,28.995463132858276,-25.99136,27.84208,2012-10-29
2953,28.793787956237793,-27.00222,28.76528,2012-10-29
2954,31.510262489318848,-26.45,28.085833,2012-10-29
2955,7.497935771942139,-27.01011111,26.69808333,2012-10-30
2956,19.30058860778809,-26.648056,27.089444,2012-10-30
2957,23.248579740524292,-26.970278,27.211111,2012-10-30
2958,12.689484119415283,-26.880278,26.965,2012-10-30
2959,5.542839527130127,-26.98472222,26.63227778,2012-10-30
2960,28.747280836105347,-29.160278,26.573333,2012-10-30
2961,39.747647285461426,-25.45963889,28.26430556,2012-10-30
2962,58.755022048950195,-28.338333,31.373611,2012-10-30
2963,36.68509864807129,-25.57877778,29.12747222,2012-10-30
2964,6.831273317337036,-29.161667,23.696389,2012-10-31
2965,19.213752508163452,-25.81048333,27.90955222,2012-10-31
2966,67.24015712738037,-29.641944,30.6875,2012-10-31
2967,7.43501615524292,-22.769722,30.886944,2012-10-31
2968,16.114683151245117,-28.44555556,32.325,2013-02-21
2969,25.762698650360107,-26.73806,27.59194,2012-10-31
2970,17.327815055847168,-23.658056,31.05,2012-11-01
2971,4.035325527191162,-29.161667,23.696389,2012-11-02
2972,6.303228855133057,-28.7115,24.07288889,2012-11-02
2973,3.2614359855651855,-29.1825,23.575556,2012-11-02
2974,44.35154342651367,-29.7775,29.470833,2012-11-05
2975,38.08917856216431,-29.987778,29.851667,2012-11-05
2976,38.75204133987427,-29.744167,29.905833,2012-11-05
2977,18.509939432144165,-26.970278,27.211111,2012-11-05
2978,16.330371856689453,-26.45,28.085833,2012-11-05
2979,4.393824577331543,-33.818056,19.694722,2012-11-05
2980,12.000921249389648,-33.897778,20.012778,2012-11-05
2981,15.475906372070312,-34.065833,20.404167,2012-11-06
2982,19.64003849029541,-24.670833,28.560833,2012-11-06
2983,15.141810894012451,-25.127778,27.628889,2012-11-06
2984,12.19212245941162,-25.20639,27.558,2012-11-06
2985,20.91552186012268,-24.39619444,27.08983333,2012-11-06
2986,15.266841173171995,-24.69514,27.40906,2012-11-06
2987,39.81301498413086,-26.03611,30.99778,2012-11-06
2988,35.642333030700684,-27.363611,31.783333,2012-11-06
2989,49.02471160888672,-30.733889,29.828333,2012-11-06
2990,16.888118267059326,-27.38972222,26.46388889,2012-11-06
2991,15.403696060180664,-27.398611,26.614722,2012-11-06
2992,13.695813655853271,-27.671111,27.236944,2012-11-06
2993,22.049505949020386,-29.160278,26.573333,2012-11-06
2994,25.291969060897827,-28.69485,28.23487,2012-11-06
2995,27.083160400390625,-28.883333,27.89,2012-11-06
2996,17.11554765701294,-34.092222,21.295278,2012-11-06
2997,17.0950665473938,-34.075556,20.145556,2012-11-06
2998,6.307129621505737,-29.161667,23.696389,2012-11-07
2999,16.043421745300293,-22.935,28.004167,2012-11-07
3000,26.97732949256897,-26.905,32.324722,2012-11-07
3001,51.257524490356445,-30.398056,30.601944,2012-11-07
3002,39.37766742706299,-30.27402,30.69602,2012-11-07
3003,20.630314826965332,-27.3,28.586944,2012-11-07
3004,18.27039623260498,-29.615556,27.065278,2012-11-07
3005,10.292755126953123,-34.405833,19.600556,2012-11-07
3006,30.14126205444336,-27.01011111,26.69808333,2012-11-08
3007,14.974164962768556,-30.830556,26.921389,2012-11-08
3008,17.16842818260193,-22.91028,29.61111,2012-11-08
3009,17.455073595046997,-26.861111,28.884722,2012-11-08
3010,22.40902876853943,-27.00222,28.76528,2012-11-08
3011,16.73935031890869,-27.02314,28.59389,2012-11-08
3012,34.716742277145386,-26.648056,27.089444,2012-11-08
3013,34.3990912437439,-26.880278,26.965,2012-11-08
3014,28.99618768692017,-26.98472222,26.63227778,2012-11-08
3015,20.757086753845215,-29.028629,24.638389,2012-11-08
3016,12.236619472503662,-30.679722,26.7125,2012-11-08
3017,15.674461364746094,-30.160091,27.40124,2012-11-08
3018,17.74744415283203,-30.336111,27.359444,2012-11-08
3019,,-34.329722,18.990278,2012-11-08
3020,18.81260108947754,-29.658056,25.973333,2012-11-09
3021,14.722851276397703,-31.000833,26.353056,2012-11-09
3022,58.462361335754395,-29.803611,30.516111,2012-11-09
3023,34.6311469078064,-25.99136,27.84208,2012-11-12
3024,29.62174654006958,-26.861111,28.884722,2012-11-12
3025,40.73167419433594,-26.45,28.085833,2012-11-12
3026,29.460047960281372,-27.671111,27.236944,2012-11-12
3027,0.0,-33.38056,19.30167,2012-11-12
3028,2.5465612411499023,-32.502778,19.535833,2012-11-12
3029,35.56759834289551,-27.01011111,26.69808333,2012-11-13
3030,0.0,-31.860278,18.6875,2012-11-13
3031,26.430496215820312,-25.73411,27.21422,2012-11-13
3032,13.546991467475891,-22.43772222,31.07805556,2012-11-13
3033,44.57429075241089,-29.380556,30.2775,2012-11-13
3034,31.16427183151245,-27.169444,29.233889,2012-11-13
3035,31.452528715133667,-27.00222,28.76528,2012-11-13
3036,42.49700307846069,-26.970278,27.211111,2012-11-13
3037,41.0911431312561,-26.880278,26.965,2012-11-13
3038,34.105928897857666,-26.98472222,26.63227778,2012-11-13
3039,25.379930019378666,-27.935,26.126667,2012-11-13
3040,0.0,-32.595833,19.009444,2012-11-13
3041,34.12224817276001,-25.45963889,28.26430556,2012-11-13
3042,5.836310863494873,-29.161667,23.696389,2012-11-14
3043,34.312695264816284,-25.81048333,27.90955222,2012-11-14
3044,32.49400329589844,-27.3,28.586944,2012-11-14
3045,0.0,-33.31388889,19.07472222,2012-11-14
3046,2.6783766746520996,-33.13083,18.86278,2012-11-14
3047,44.546504974365234,-27.5275,30.858056,2012-11-15
3048,17.656593322753906,-33.7075,18.97444444,2012-11-15
3049,7.442775249481201,-34.250556,20.9925,2012-11-16
3050,56.65439224243164,-24.679167,30.8025,2012-11-19
3051,82.34319496154785,-26.45,28.085833,2012-11-19
3052,21.660160064697266,-28.116667,26.725278,2012-11-19
3053,24.719560146331787,-29.160278,26.573333,2012-11-19
3054,32.27945613861084,-27.01011111,26.69808333,2012-11-20
3055,30.29735565185547,-24.183889,30.823889,2012-11-20
3056,73.3277177810669,-25.127778,27.628889,2012-11-20
3057,76.13589429855347,-25.20639,27.558,2012-11-20
3058,60.86833572387695,-26.861111,28.884722,2012-11-20
3059,60.026273250579834,-27.00222,28.76528,2012-11-20
3060,44.37746262550354,-26.648056,27.089444,2012-11-20
3061,50.29758262634277,-26.970278,27.211111,2012-11-20
3062,45.189329385757446,-26.880278,26.965,2012-11-20
3063,34.47590255737305,-26.98472222,26.63227778,2012-11-20
3064,67.25768184661865,-31.396,29.2651,2012-11-20
3065,51.851627826690674,-31.554722,29.245556,2012-11-20
3066,0.0,-34.031944,22.053333,2012-11-20
3067,0.0,-34.039722,22.133333,2012-11-20
3068,5.846011161804199,-29.161667,23.696389,2012-11-21
3069,8.752132892608643,-28.7115,24.07288889,2012-11-21
3070,30.752200841903687,-28.747778,31.745833,2012-11-21
3071,16.802141904830933,-28.141944,26.417778,2012-11-21
3072,40.132948875427246,-30.27402,30.69602,2012-10-10
3073,16.718919277191162,-29.160278,26.573333,2012-11-21
3074,39.34353828430176,-30.570833,29.150556,2012-11-21
3075,65.94454288482666,-31.104278,29.399722,2012-11-21
3076,0.0,-34.02861,22.22222,2012-11-21
3077,8.115139961242676,-34.005833,22.351111,2012-11-21
3078,38.025043964385986,-29.140556,31.391944,2012-11-22
3079,54.61551022529602,-24.39619444,27.08983333,2012-11-22
3080,34.195781230926514,-28.75,30.442778,2012-11-22
3081,18.46131658554077,-27.38972222,26.46388889,2012-11-22
3082,16.994248390197754,-27.671111,27.236944,2012-11-22
3083,74.76129865646362,-30.568333,29.422778,2012-11-22
3084,41.29785680770874,-31.031389,28.883333,2012-11-22
3085,37.029616355896,-30.86013889,29.07125,2012-11-22
3086,41.9047212600708,-30.77586667,29.03221667,2012-11-22
3087,61.180477142333984,-25.99136,27.84208,2012-11-26
3088,53.02611351013184,-26.73806,27.59194,2012-11-26
3089,51.05257034301758,-26.45,28.085833,2012-11-26
3090,4.638723850250244,-33.818056,19.694722,2012-11-26
3091,0.0,-33.897778,20.012778,2012-11-26
3092,0.0,-34.065833,20.404167,2012-11-27
3093,37.71078431606293,-28.404444,30.013056,2012-11-27
3094,43.1822497844696,-27.169444,29.233889,2012-11-27
3095,51.73669195175171,-26.861111,28.884722,2012-11-27
3096,47.93454074859619,-27.3,28.586944,2012-11-27
3097,53.82810401916504,-29.042222,24.6,2012-11-27
3098,59.082876682281494,-29.028629,24.638389,2012-11-27
3099,2.959141910076142,-33.501667,21.624167,2012-11-27
3100,0.0,-34.075556,20.145556,2012-11-27
3101,92.48089838027954,-25.45963889,28.26430556,2012-11-27
3102,47.37671446800232,-28.338333,31.373611,2012-11-27
3103,50.41060209274292,-28.068333,31.55,2012-11-27
3104,95.91052293777466,-25.57877778,29.12747222,2012-11-27
3105,22.08965945243835,-29.161667,23.696389,2012-11-28
3106,28.68803882598877,-27.01011111,26.69808333,2012-11-28
3107,92.0253448486328,-25.81048333,27.90955222,2012-11-28
3108,45.96892786026001,-26.648056,27.089444,2012-11-28
3109,44.86178255081177,-26.970278,27.211111,2012-11-28
3110,38.169037103652954,-26.880278,26.965,2012-11-28
3111,46.51541090011597,-27.802778,28.768333,2012-11-28
3112,27.18709421157837,-26.98472222,26.63227778,2012-11-28
3113,0.0,-34.405833,19.600556,2012-11-28
3114,104.81577110290527,-29.641944,30.6875,2012-11-29
3115,83.69199419021606,-25.73411,27.21422,2012-11-29
3116,38.39779090881348,-24.925278,29.324444,2012-11-29
3117,34.99197554588318,-27.398611,26.614722,2012-11-29
3118,,-34.329722,18.990278,2012-11-29
3119,96.3289475440979,-29.7775,29.470833,2012-12-03
3120,87.80853080749512,-29.987778,29.851667,2012-12-03
3121,96.46071815490724,-29.744167,29.905833,2012-12-03
3122,37.51354169845581,-26.970278,27.211111,2012-12-03
3123,28.93412399291992,-26.45,28.085833,2012-12-03
3124,6.1467790603637695,-33.31388889,19.07472222,2012-12-03
3125,41.05605435371399,-25.127778,27.628889,2012-12-04
3126,40.12983298301697,-25.20639,27.558,2012-12-04
3127,3.322265386581421,-24.39619444,27.08983333,2012-12-04
3128,29.1474826335907,-24.69514,27.40906,2012-12-04
3129,18.489013671875,-22.769722,30.886944,2012-12-04
3130,85.67144393920898,-27.363611,31.783333,2012-12-04
3131,109.43175745010376,-30.733889,29.828333,2012-12-04
3132,38.65098571777344,-26.861111,28.884722,2012-12-04
3133,31.301148414611816,-27.02314,28.59389,2012-12-04
3134,46.26754951477051,-27.671111,27.236944,2012-12-04
3135,77.14831304550171,-28.69485,28.23487,2012-12-04
3136,71.98933982849121,-29.615556,27.065278,2012-12-04
3137,24.540910720825195,-34.092222,21.295278,2012-12-04
3138,4.26972770690918,-33.13083,18.86278,2012-12-04
3139,3.5106770992279053,-33.7075,18.97444444,2012-12-04
3140,37.88556957244873,-29.161667,23.696389,2012-12-05
3141,57.86564016342163,-27.01011111,26.69808333,2012-12-05
3142,124.99610805511476,-30.398056,30.601944,2012-12-05
3143,39.22944140434265,-27.00222,28.76528,2012-12-05
3144,79.35033130645752,-26.648056,27.089444,2012-12-05
3145,72.23559308052063,-26.880278,26.965,2012-12-05
3146,33.32327461242676,-27.273889,28.49,2012-12-05
3147,59.77140760421753,-27.3,28.586944,2012-12-05
3148,57.58512878417969,-26.98472222,26.63227778,2012-12-05
3149,54.85805082321167,-30.336111,27.359444,2012-12-05
3150,11.38558578491211,-28.768056,20.720556,2012-12-05
3151,29.408181190490723,-34.039722,22.133333,2012-12-05
3152,5.471768379211426,-32.595833,19.009444,2012-12-05
3153,4.57416296005249,-31.860278,18.6875,2012-12-06
3154,40.506460428237915,-30.830556,26.921389,2012-12-06
3155,30.920642971992493,-23.658056,31.05,2012-12-06
3156,65.78629970550537,-26.905,32.324722,2012-12-06
3157,57.58512878417969,-26.98472222,26.63227778,2012-12-06
3158,45.99597501754761,-31.000833,26.353056,2012-12-06
3159,45.112900733947754,-30.679722,26.7125,2012-12-06
3160,8.365688979625702,-33.501667,21.624167,2012-12-06
3161,28.568170070648193,-33.38056,19.30167,2012-12-06
3162,81.06658744812012,-29.803611,30.516111,2012-12-06
3163,52.05782699584961,-29.658056,25.973333,2012-12-07
3164,6.349693059921265,-28.96362,19.15486,2012-12-08
3165,61.94221591949463,-25.99136,27.84208,2012-12-10
3166,70.59129810333252,-29.380556,30.2775,2012-12-10
3167,63.01057815551758,-26.73806,27.59194,2012-12-10
3168,28.93412399291992,-26.45,28.085833,2012-12-10
3169,49.18414521217346,-27.671111,27.236944,2012-12-10
3170,96.05794763565063,-30.86013889,29.07125,2012-12-10
3171,92.33728551864624,-31.104278,29.399722,2012-12-10
3172,80.99811124801636,-31.396,29.2651,2012-12-10
3173,72.23375415802002,-31.554722,29.245556,2012-12-10
3174,15.245767593383787,-34.005833,22.351111,2012-12-10
3175,45.080322265625,-27.01011111,26.69808333,2012-12-11
3176,25.188453674316406,-26.861111,28.884722,2012-12-11
3177,23.93286943435669,-27.00222,28.76528,2012-12-11
3178,42.01965570449829,-26.970278,27.211111,2012-12-11
3179,46.795093297958374,-26.880278,26.965,2012-12-11
3180,45.76758623123169,-26.98472222,26.63227778,2012-12-11
3181,84.53697156906128,-30.77586667,29.03221667,2012-12-11
3182,47.68880271911621,-25.45963889,28.26430556,2012-12-11
3183,62.00244235992432,-25.81048333,27.90955222,2012-12-12
3184,53.55447864532471,-27.5275,30.858056,2012-12-12
3185,49.40942049026489,-28.141944,26.417778,2012-12-12
3186,46.57495975494385,-28.1175,26.719444,2012-12-12
3187,80.42406845092773,-30.568333,29.422778,2012-12-12
3188,84.29721117019653,-31.031389,28.883333,2012-12-12
3189,93.10247945785522,-30.570833,29.150556,2012-12-12
3190,19.947286128997803,-34.250556,20.9925,2012-12-12
3191,43.195372104644775,-24.670833,28.560833,2012-12-13
3192,53.52717876434326,-27.937778,31.209444,2012-12-13
3193,52.95017623901367,-27.398611,26.614722,2012-12-13
3194,52.36667013168335,-27.671111,27.236944,2012-12-13
3195,5.506705284118652,-22.43772222,31.07805556,2012-12-14
3196,5.570514559745789,-28.96362,19.15486,2012-12-15
3197,97.31222105026244,-28.735556,29.820556,2012-12-17
3198,29.66089653968811,-28.7115,24.07288889,2012-12-18
3199,50.06259059906006,-25.127778,27.628889,2012-12-18
3200,60.87321853637695,-25.20639,27.558,2012-12-18
3201,53.54287147521973,-24.69514,27.40906,2012-12-18
3202,35.77764892578125,-26.45,28.085833,2012-12-18
3203,44.27201199531555,-29.1825,23.575556,2012-12-18
3204,9.36314022541046,-33.501667,21.624167,2012-12-18
3205,41.21875286102295,-29.161667,23.696389,2012-12-19
3206,25.78352689743042,-27.01011111,26.69808333,2012-12-19
3207,19.04945659637451,-24.39619444,27.08983333,2012-12-19
3208,62.863781452178955,-28.404444,30.013056,2012-12-19
3209,47.72937893867493,-26.861111,28.884722,2012-12-19
3210,53.01082897186279,-27.00222,28.76528,2012-12-19
3211,34.033796310424805,-26.648056,27.089444,2012-12-19
3212,32.86803483963013,-26.970278,27.211111,2012-12-19
3213,24.963953018188477,-26.880278,26.965,2012-12-19
3214,24.54801845550537,-26.98472222,26.63227778,2012-12-19
3215,11.562105655670166,-28.768056,20.720556,2012-12-19
3216,73.13747453689575,-28.75,30.442778,2012-12-20
3217,75.2068247795105,-29.161667,30.629722,2012-12-20
3218,3.680706262588501,-28.96362,19.15486,2012-12-22
3219,1.8403531312942505,-28.96362,19.15486,2012-12-29
3220,35.202608585357666,-25.14944444,31.94055556,2013-01-01
3221,43.861595153808594,-27.00222,28.76528,2013-01-01
3222,47.85015296936035,-25.127778,27.628889,2013-01-02
3223,53.49158573150635,-25.99136,27.84208,2013-01-02
3224,46.58206367492676,-25.20639,27.558,2013-01-02
3225,21.398033142089844,-30.160091,27.40124,2013-01-02
3226,0.0,-28.96362,19.15486,2013-01-02
3227,64.69299793243408,-25.81048333,27.90955222,2013-01-03
3228,17.097076892852783,-26.73806,27.59194,2013-01-03
3229,30.210680961608887,-27.398611,26.614722,2013-01-03
3230,33.27547764778137,-27.671111,27.236944,2013-01-03
3231,8.585628509521484,-25.45963889,28.26430556,2013-01-03
3232,37.62064814567566,-27.01011111,26.69808333,2013-01-04
3233,31.307344913482662,-26.648056,27.089444,2013-01-04
3234,38.47742176055908,-26.970278,27.211111,2013-01-04
3235,36.23042917251587,-26.880278,26.965,2013-01-04
3236,36.58139657974243,-26.98472222,26.63227778,2013-01-04
3237,0.0,-28.96362,19.15486,2013-01-05
3238,38.12220764160156,-25.99136,27.84208,2013-01-07
3239,35.28620100021362,-28.747778,31.745833,2013-01-07
3240,96.14136171340942,-29.7775,29.470833,2013-01-07
3241,78.82015800476074,-29.744167,29.905833,2013-01-07
3242,7.214206218719482,-26.45,28.085833,2013-01-07
3243,0.0,-28.768056,20.720556,2013-01-07
3244,18.86814594268799,-27.01011111,26.69808333,2013-01-08
3245,36.70742893218994,-23.658056,31.05,2013-01-08
3246,22.193299293518063,-27.169444,29.233889,2013-01-08
3247,25.15855503082275,-26.861111,28.884722,2013-01-08
3248,35.476738929748535,-26.648056,27.089444,2013-01-08
3249,54.33580207824707,-26.970278,27.211111,2013-01-08
3250,31.122385025024418,-26.880278,26.965,2013-01-08
3251,17.938778400421143,-26.98472222,26.63227778,2013-01-08
3252,14.582771301269531,-29.160278,26.573333,2013-01-08
3253,19.564767837524418,-28.883333,27.89,2013-01-08
3254,0.0,-25.45963889,28.26430556,2013-01-08
3255,58.45659351348877,-25.81048333,27.90955222,2013-01-09
3256,66.52086973190308,-22.769722,30.886944,2013-01-09
3257,53.19911003112793,-29.744167,29.905833,2013-01-09
3258,60.817237854003906,-30.398056,30.601944,2013-01-09
3259,58.04294013977051,-30.27402,30.69602,2013-01-09
3260,9.343514442443848,-27.00222,28.76528,2013-01-09
3261,8.2161226272583,-27.02314,28.59389,2013-01-09
3262,24.0097017288208,-27.273889,28.49,2013-01-09
3263,23.89300537109375,-27.4275,28.525833,2013-01-09
3264,12.921794891357422,-27.3,28.586944,2013-01-09
3265,3.2417056560516357,-30.830556,26.921389,2013-01-10
3266,32.48666000366211,-30.733889,29.828333,2013-01-10
3267,0.0,-29.042222,24.6,2013-01-10
3268,0.0,-29.028629,24.638389,2013-01-10
3269,0.0,-30.679722,26.7125,2013-01-10
3270,20.386571407318115,-30.160091,27.40124,2013-01-10
3271,20.286723136901855,-30.336111,27.359444,2013-01-10
3272,22.00217056274414,-24.39619444,27.08983333,2013-01-11
3273,4.99155855178833,-29.658056,25.973333,2013-01-11
3274,4.716122150421143,-31.000833,26.353056,2013-01-11
3275,0.0,-30.534167,24.961944,2013-01-11
3276,7.014099597930908,-34.250556,20.9925,2013-01-11
3277,66.07716989517212,-29.803611,30.516111,2013-01-11
3278,70.60330104827881,-29.140556,31.391944,2013-01-13
3279,35.39037466049194,-31.396,29.2651,2013-01-14
3280,26.03171682357788,-31.554722,29.245556,2013-01-14
3281,0.0,-33.818056,19.694722,2013-01-14
3282,19.406347274780273,-27.01011111,26.69808333,2013-01-15
3283,12.742626667022703,-34.065833,20.404167,2013-01-15
3284,61.226707458496094,-25.20639,27.558,2013-01-15
3285,64.97286176681519,-28.747778,31.745833,2013-01-15
3286,47.91117429733277,-26.648056,27.089444,2013-01-15
3287,66.85126876831055,-26.970278,27.211111,2013-01-15
3288,36.34801483154297,-26.880278,26.965,2013-01-15
3289,20.169368743896484,-26.98472222,26.63227778,2013-01-15
3290,39.983835220336914,-30.568333,29.422778,2013-01-15
3291,39.21059799194336,-30.570833,29.150556,2013-01-15
3292,43.549997329711914,-31.104278,29.399722,2013-01-15
3293,4.2508697509765625,-34.075556,20.145556,2013-01-15
3294,9.519487380981444,-29.161667,23.696389,2013-01-16
3295,52.599093437194824,-29.140556,31.391944,2013-01-16
3296,46.8557710647583,-24.39619444,27.08983333,2013-01-16
3297,59.51743698120117,-26.45,28.085833,2013-01-16
3298,60.08151054382324,-27.802778,28.768333,2013-01-16
3299,10.49404525756836,-28.768056,20.720556,2013-01-16
3300,24.364511489868164,-31.031389,28.883333,2013-01-16
3301,35.33875560760498,-30.86013889,29.07125,2013-01-16
3302,39.43628025054931,-30.77586667,29.03221667,2013-01-16
3303,11.706953048706056,-33.501667,21.624167,2013-01-16
3304,5.7348246574401855,-34.405833,19.600556,2013-01-16
3305,63.05479955673218,-28.801278,31.955389,2013-01-17
3306,28.43789577484131,-28.75,30.442778,2013-01-17
3307,25.611862182617188,-29.161667,30.629722,2013-01-17
3308,55.43856239318848,-26.861111,28.884722,2013-01-17
3309,51.28751850128174,-27.00222,28.76528,2013-01-17
3310,46.62294960021973,-27.4275,28.525833,2013-01-17
3311,,-34.329722,18.990278,2013-01-17
3312,40.48228454589844,-25.99136,27.84208,2013-01-21
3313,34.09905123710632,-26.73806,27.59194,2013-01-21
3314,52.30323076248169,-26.45,28.085833,2013-01-21
3315,41.397390365600586,-27.01011111,26.69808333,2013-01-22
3316,84.58853530883789,-28.747778,31.745833,2013-01-22
3317,59.810078620910645,-26.861111,28.884722,2013-01-22
3318,40.9676718711853,-26.648056,27.089444,2013-01-22
3319,35.24232864379883,-26.970278,27.211111,2013-01-22
3320,41.6672477722168,-26.880278,26.965,2013-01-22
3321,29.293042182922363,-26.98472222,26.63227778,2013-01-22
3322,28.050793170928955,-27.935,26.126667,2013-01-22
3323,17.44812250137329,-28.1175,26.719444,2013-01-22
3324,35.58879899978638,-30.160091,27.40124,2013-01-22
3325,16.00214385986328,-34.031944,22.053333,2013-01-22
3326,18.454130172729492,-34.039722,22.133333,2013-01-22
3327,49.66116142272949,-25.45963889,28.26430556,2013-01-22
3328,97.36783218383788,-28.338333,31.373611,2013-01-22
3329,84.56166934967041,-28.068333,31.55,2013-01-22
3330,24.638585090637207,-29.161667,23.696389,2013-01-23
3331,35.47224807739258,-25.81048333,27.90955222,2013-01-23
3332,40.87898063659668,-29.744167,29.905833,2013-01-23
3333,41.94400405883789,-27.00222,28.76528,2013-01-23
3334,29.1349515914917,-27.38972222,26.46388889,2013-01-23
3335,43.309345722198486,-28.141944,26.417778,2013-01-23
3336,16.354622840881348,-27.398611,26.614722,2013-01-23
3337,53.09707021713257,-30.336111,27.359444,2013-01-23
3338,90.63979530334473,-24.058889,31.237222,2013-01-24
3339,125.5929012298584,-28.44555556,32.325,2013-03-21
3340,39.60290193557739,-28.1175,26.719444,2013-01-24
3341,50.044145584106445,-27.671111,27.236944,2013-01-24
3342,67.13435554504395,-29.641944,30.6875,2013-01-28
3343,59.58237838745117,-29.758889,30.935278,2013-01-28
3344,44.29024887084961,-30.398056,30.601944,2013-01-28
3345,32.4551420211792,-30.27402,30.69602,2013-01-28
3346,37.7321515083313,-26.45,28.085833,2013-01-28
3347,15.70952033996582,-34.02861,22.22222,2013-01-28
3348,4.057810306549072,-33.31388889,19.07472222,2013-01-28
3349,48.3147497177124,-27.01011111,26.69808333,2013-01-29
3350,16.522804260253906,-25.127778,27.628889,2013-01-29
3351,22.73444938659668,-25.20639,27.558,2013-01-29
3352,27.005619049072266,-24.39619444,27.08983333,2013-01-29
3353,38.937721252441406,-24.69514,27.40906,2013-01-29
3354,71.47299194335938,-27.363611,31.783333,2013-01-29
3355,52.18254089355469,-28.735556,29.820556,2013-01-29
3356,49.66429710388184,-26.861111,28.884722,2013-01-29
3357,47.557169914245605,-26.98472222,26.63227778,2013-01-29
3358,30.30248737335205,-27.398611,26.614722,2013-01-29
3359,4.404174327850342,-33.7075,18.97444444,2013-01-29
3360,19.095109939575195,-34.005833,22.351111,2013-01-29
3361,67.13435554504395,-29.641944,30.6875,2013-01-30
3362,58.29939270019531,-29.380556,30.2775,2013-01-30
3363,38.854854583740234,-26.648056,27.089444,2013-01-30
3364,36.41928768157959,-29.042222,24.6,2013-01-30
3365,23.899106979370117,-29.028629,24.638389,2013-01-30
3366,2.6258387565612793,-32.595833,19.009444,2013-01-30
3367,3.758034229278565,-33.13083,18.86278,2013-01-30
3368,55.83305549621582,-26.905,32.324722,2013-01-31
3369,24.223131895065308,-27.935,26.126667,2013-01-31
3370,31.555781841278076,-28.1175,26.719444,2013-01-31
3371,17.174811363220215,-27.902778,24.615556,2013-01-31
3372,62.87639808654785,-30.160091,27.40124,2013-01-31
3373,0.0,-33.38056,19.30167,2013-01-31
3374,0.0,-32.502778,19.535833,2013-02-01
3375,45.03927040100098,-25.99136,27.84208,2013-02-04
3376,57.43905067443848,-26.73806,27.59194,2013-02-04
3377,66.48908853530884,-26.45,28.085833,2013-02-04
3378,7.062693119049072,-23.658056,31.05,2013-02-05
3379,7.30105447769165,-23.281,30.54305556,2013-02-05
3380,64.11774253845215,-25.14944444,31.94055556,2013-02-05
3381,26.10251474380493,-27.169444,29.233889,2013-02-05
3382,47.109747886657715,-26.861111,28.884722,2013-02-05
3383,65.81368374824524,-27.398611,26.614722,2013-02-05
3384,61.6569709777832,-27.671111,27.236944,2013-02-05
3385,55.36883354187012,-29.160278,26.573333,2013-02-05
3386,28.489964485168457,-34.031944,22.053333,2013-02-05
3387,45.51533079147339,-25.45963889,28.26430556,2013-02-05
3388,39.951475620269775,-27.01011111,26.69808333,2013-02-06
3389,29.412721157073975,-25.81048333,27.90955222,2013-02-06
3390,20.295531749725345,-22.769722,30.886944,2013-02-06
3391,48.19456195831299,-29.744167,29.905833,2013-02-06
3392,32.64341354370117,-27.02314,28.59389,2013-02-06
3393,37.191181659698486,-26.648056,27.089444,2013-02-06
3394,34.75044822692871,-26.970278,27.211111,2013-02-06
3395,72.22071385383606,-27.273889,28.49,2013-02-06
3396,47.53359889984131,-27.4275,28.525833,2013-02-06
3397,43.12223148345947,-27.3,28.586944,2013-02-06
3398,57.174638748168945,-26.98472222,26.63227778,2013-02-06
3399,83.6323013305664,-28.69485,28.23487,2013-02-06
3400,51.36883354187012,-29.615556,27.065278,2013-02-06
3401,63.868730545043945,-28.883333,27.89,2013-02-06
3402,50.69301795959473,-28.75,30.442778,2013-02-07
3403,36.82133865356445,-29.161667,30.629722,2013-02-07
3404,48.71413803100586,-27.00222,28.76528,2013-02-07
3405,44.76021862030029,-30.679722,26.7125,2013-02-07
3406,38.03502941131592,-30.160091,27.40124,2013-02-07
3407,44.169230461120605,-30.336111,27.359444,2013-02-07
3408,31.959468841552734,-27.935,26.126667,2013-02-08
3409,19.011428833007812,-28.1175,26.719444,2013-02-08
3410,36.434900760650635,-29.160278,26.573333,2013-02-08
3411,32.78376579284668,-29.658056,25.973333,2013-02-08
3412,39.03423881530762,-31.000833,26.353056,2013-02-08
3413,0.0,-28.96362,19.15486,2013-02-09
3414,0.0,-23.281,30.54305556,2013-02-10
3415,11.780621528625488,-24.058889,31.237222,2013-02-11
3416,33.19804239273071,-26.970278,27.211111,2013-02-11
3417,28.75693702697754,-26.45,28.085833,2013-02-11
3418,48.69189405441284,-31.031389,28.883333,2013-02-11
3419,51.511207580566406,-30.86013889,29.07125,2013-02-11
3420,54.748093605041504,-30.77586667,29.03221667,2013-02-11
3421,11.368743896484377,-33.818056,19.694722,2013-02-11
3422,26.21732521057129,-27.01011111,26.69808333,2013-02-12
3423,48.67660903930664,-34.065833,20.404167,2013-02-12
3424,14.344676971435549,-24.670833,28.560833,2013-02-12
3425,27.015692710876465,-25.127778,27.628889,2013-02-12
3426,29.513448238372803,-25.20639,27.558,2013-02-12
3427,0.0,-24.69514,27.40906,2013-02-12
3428,33.91275501251221,-28.747778,31.745833,2013-02-12
3429,69.5182466506958,-29.380556,30.2775,2013-02-12
3430,33.366793155670166,-26.861111,28.884722,2013-02-12
3431,34.453388690948486,-26.648056,27.089444,2013-02-12
3432,31.959514379501343,-26.880278,26.965,2013-02-12
3433,23.605148315429688,-26.98472222,26.63227778,2013-02-12
3434,51.38198566436768,-29.042222,24.6,2013-02-12
3435,21.84526634216309,-34.075556,20.145556,2013-02-12
3436,53.06488800048828,-28.058889,30.373611,2013-02-12
3437,20.875022888183594,-29.161667,23.696389,2013-02-13
3438,19.259063720703125,-24.282222,28.090278,2013-02-13
3439,0.0,-24.39619444,27.08983333,2013-02-13
3440,26.914645195007324,-24.925278,29.324444,2013-02-13
3441,33.91275501251221,-28.747778,31.745833,2013-02-13
3442,39.09108257293701,-27.937778,31.209444,2013-02-13
3443,82.02793312072754,-28.404444,30.013056,2013-02-13
3444,2.623121500015259,-28.768056,20.720556,2013-02-13
3445,43.714903831481934,-31.396,29.2651,2013-02-13
3446,41.911888122558594,-31.554722,29.245556,2013-02-13
3447,9.723358154296877,-33.897778,20.012778,2013-02-13
3448,8.326699256896973,-28.801278,31.955389,2013-02-14
3449,48.66583299636841,-27.5275,30.858056,2013-02-14
3450,12.657485008239746,-27.671111,27.236944,2013-02-14
3451,29.805190086364743,-27.573056,24.746389,2013-02-14
3452,31.18131160736084,-30.568333,29.422778,2013-02-14
3453,32.62150287628174,-30.570833,29.150556,2013-02-14
3454,51.24820423126221,-31.104278,29.399722,2013-02-14
3455,,-34.329722,18.990278,2013-02-14
3456,46.44700241088867,-29.744167,29.905833,2013-02-16
3457,13.102514266967772,-25.99136,27.84208,2013-02-18
3458,60.865943908691406,-29.7775,29.470833,2013-02-18
3459,16.00457763671875,-26.880278,26.965,2013-02-18
3460,12.589556217193604,-27.01011111,26.69808333,2013-02-19
3461,13.027239322662354,-30.733889,29.828333,2013-02-19
3462,14.088555335998535,-26.648056,27.089444,2013-02-19
3463,18.373363971710205,-26.970278,27.211111,2013-02-19
3464,4.864006042480469,-26.98472222,26.63227778,2013-02-19
3465,26.530717849731445,-25.45963889,28.26430556,2013-02-19
3466,13.9361891746521,-28.068333,31.55,2013-02-19
3467,12.499481201171877,-29.161667,23.696389,2013-02-20
3468,17.86812686920166,-25.81048333,27.90955222,2013-02-20
3469,46.44700241088867,-29.744167,29.905833,2013-02-20
3470,31.100571632385257,-30.27402,30.69602,2013-02-20
3471,0.0,-27.38972222,26.46388889,2013-02-20
3472,10.018580436706545,-28.141944,26.417778,2013-02-20
3473,6.4385085105896,-28.1175,26.719444,2013-02-20
3474,0.0,-34.250556,20.9925,2013-02-20
3475,45.71895694732666,-28.44555556,32.325,2013-04-18
3476,37.90569353103638,-30.13573889,30.67422222,2013-02-21
3477,0.0,-27.398611,26.614722,2013-02-21
3478,0.0,-27.671111,27.236944,2013-02-21
3479,0.0,-28.96362,19.15486,2013-02-23
3480,48.22567892074585,-28.735556,29.820556,2013-02-25
3481,8.331439018249512,-26.45,28.085833,2013-02-25
3482,0.0,-33.501667,21.624167,2013-02-25
3483,0.0,-33.38056,19.30167,2013-02-25
3484,0.0,-33.31388889,19.07472222,2013-02-25
3485,21.585402965545654,-27.01011111,26.69808333,2013-02-26
3486,8.450372695922852,-22.935,28.004167,2013-02-26
3487,18.942825317382812,-23.763056,27.908611,2013-02-26
3488,12.763944625854492,-22.548889,28.898056,2013-02-26
3489,29.653396606445312,-22.91028,29.61111,2013-02-26
3490,18.929718017578125,-25.127778,27.628889,2013-02-26
3491,0.0,-25.20639,27.558,2013-02-26
3492,0.0,-24.39619444,27.08983333,2013-02-26
3493,0.0,-24.69514,27.40906,2013-02-26
3494,15.071412086486816,-25.73411,27.21422,2013-02-26
3495,55.86220932006836,-27.363611,31.783333,2013-02-26
3496,5.779716968536377,-26.861111,28.884722,2013-02-26
3497,14.15399694442749,-26.648056,27.089444,2013-02-26
3498,0.0,-26.970278,27.211111,2013-02-26
3499,4.750406742095947,-26.880278,26.965,2013-02-26
3500,7.0927910804748535,-26.98472222,26.63227778,2013-02-26
3501,0.0,-33.7075,18.97444444,2013-02-26
3502,0.0,-29.161667,23.696389,2013-02-27
3503,8.733155250549316,-29.641944,30.6875,2013-02-27
3504,21.981769561767575,-24.282222,28.090278,2013-02-27
3505,10.601999282836914,-24.670833,28.560833,2013-02-27
3506,34.46342754364014,-27.602222,29.942778,2013-02-27
3507,23.14139175415039,-27.00222,28.76528,2013-02-27
3508,0.0,-32.595833,19.009444,2013-02-27
3509,0.0,-33.08883333,19.21878333,2013-02-27
3510,0.0,-33.13083,18.86278,2013-02-27
3511,0.0,-32.94583,18.33667,2013-02-27
3512,9.24057674407959,-26.905,32.324722,2013-02-28
3513,0.0,-34.092222,21.295278,2013-02-28
3514,8.425558090209961,-27.902778,24.615556,2013-03-01
3515,24.4347620010376,-25.99136,27.84208,2013-03-04
3516,17.263088941574097,-26.73806,27.59194,2013-03-04
3517,18.18397331237793,-26.45,28.085833,2013-03-04
3518,19.478529930114743,-23.658056,31.05,2013-03-05
3519,43.888442039489746,-23.281,30.54305556,2013-03-05
3520,26.921615600585938,-27.169444,29.233889,2013-03-05
3521,5.779716968536377,-26.861111,28.884722,2013-03-05
3522,10.546445846557615,-27.398611,26.614722,2013-03-05
3523,46.62702655792236,-28.69485,28.23487,2013-03-05
3524,18.931499004364017,-28.883333,27.89,2013-03-05
3525,0.0,-25.45963889,28.26430556,2013-03-05
3526,21.585402965545654,-27.01011111,26.69808333,2013-03-06
3527,27.955961227416992,-25.81048333,27.90955222,2013-03-06
3528,64.66296815872192,-29.744167,29.905833,2013-03-06
3529,20.196510553359985,-26.648056,27.089444,2013-03-06
3530,10.801218032836914,-26.970278,27.211111,2013-03-06
3531,15.355522632598875,-26.880278,26.965,2013-03-06
3532,7.0927910804748535,-26.98472222,26.63227778,2013-03-06
3533,28.110248565673828,-29.160278,26.573333,2013-03-06
3534,31.26583766937256,-29.615556,27.065278,2013-03-06
3535,25.799931049346924,-34.031944,22.053333,2013-03-06
3536,23.0618634223938,-34.039722,22.133333,2013-03-06
3537,22.05981492996216,-30.830556,26.921389,2013-03-07
3538,31.73225259780884,-28.75,30.442778,2013-03-07
3539,58.37448573112488,-29.161667,30.629722,2013-03-07
3540,45.338377714157104,-30.160091,27.40124,2013-03-07
3541,31.68175745010376,-30.336111,27.359444,2013-03-07
3542,0.0,-29.042222,24.6,2013-03-08
3543,28.241716384887695,-31.000833,26.353056,2013-03-08
3544,17.867279052734375,-30.679722,26.7125,2013-03-08
3545,33.04567337036133,-34.005833,22.351111,2013-03-08
3546,17.257171154022217,-28.735556,29.820556,2013-03-11
3547,43.354841232299805,-26.970278,27.211111,2013-03-11
3548,35.76351499557495,-26.45,28.085833,2013-03-11
3549,9.87994623184204,-29.1825,23.575556,2013-03-11
3550,0.0,-33.818056,19.694722,2013-03-11
3551,27.05935287475586,-27.01011111,26.69808333,2013-03-12
3552,17.62458038330078,-34.065833,20.404167,2013-03-12
3553,9.242709159851074,-25.127778,27.628889,2013-03-12
3554,27.13290023803711,-25.20639,27.558,2013-03-12
3555,0.0,-24.69514,27.40906,2013-03-12
3556,31.90490436553955,-28.747778,31.745833,2013-03-12
3557,20.878731727600098,-28.404444,30.013056,2013-03-12
3558,46.54334568977356,-29.380556,30.2775,2013-03-12
3559,12.424238204956056,-26.861111,28.884722,2013-03-12
3560,31.147448301315308,-26.648056,27.089444,2013-03-12
3561,35.32628059387207,-26.880278,26.965,2013-03-12
3562,33.98137283325195,-26.98472222,26.63227778,2013-03-12
3563,13.48302721977234,-28.376944,24.303056,2013-03-12
3564,8.174617767333984,-34.075556,20.145556,2013-03-12
3565,38.49338746070862,-29.140556,31.391944,2013-03-13
3566,31.200252532958984,-24.39619444,27.08983333,2013-03-13
3567,9.552115440368652,-22.769722,30.886944,2013-03-13
3568,20.878731727600098,-28.404444,30.013056,2013-03-13
3569,31.216654539108276,-29.161667,30.629722,2013-03-13
3570,9.862669944763184,-27.00222,28.76528,2013-03-13
3571,12.922502517700195,-27.02314,28.59389,2013-03-13
3572,35.26313400268555,-27.273889,28.49,2013-03-13
3573,25.46927547454834,-27.4275,28.525833,2013-03-13
3574,26.896635055541992,-27.3,28.586944,2013-03-13
3575,28.50257158279419,-28.141944,26.417778,2013-03-13
3576,26.210124492645264,-28.1175,26.719444,2013-03-13
3577,18.98322582244873,-29.160278,26.573333,2013-03-13
3578,1.7352088689804075,-28.768056,20.720556,2013-03-13
3579,9.39890193939209,-34.250556,20.9925,2013-03-13
3580,23.622586250305176,-28.058889,30.373611,2013-03-13
3581,14.524675369262695,-25.57877778,29.12747222,2013-03-13
3582,38.459927558898926,-28.801278,31.955389,2013-03-14
3583,19.971814155578613,-27.937778,31.209444,2013-03-14
3584,39.30964565277099,-27.5275,30.858056,2013-03-14
3585,25.007121086120605,-27.935,26.126667,2013-03-14
3586,26.210124492645264,-28.1175,26.719444,2013-03-14
3587,17.809046745300293,-27.902778,24.615556,2013-03-14
3588,5.989198684692383,-29.042222,24.6,2013-03-14
3589,7.058115482330322,-29.028629,24.638389,2013-03-14
3590,,-34.329722,18.990278,2013-03-14
3591,11.183274269104004,-24.925278,29.324444,2013-03-15
3592,39.15045738220215,-27.671111,27.236944,2013-03-15
3593,17.401153087615967,-27.573056,24.746389,2013-03-15
3594,32.55362319946289,-26.970278,27.211111,2013-03-16
3595,1.7463384866714478,-28.96362,19.15486,2013-03-16
3596,0.0,-33.08883333,19.21878333,2013-03-16
3597,0.0,-26.648056,27.089444,2014-04-23
3598,0.0,-26.648056,27.089444,2014-05-01
3599,45.71181106567383,-25.99136,27.84208,2013-03-18
3600,35.981181144714355,-29.7775,29.470833,2013-03-18
3601,21.058788776397705,-29.744167,29.905833,2013-03-18
3602,47.6282844543457,-26.970278,27.211111,2013-03-18
3603,44.6567497253418,-26.73806,27.59194,2013-03-18
3604,42.64075326919556,-26.45,28.085833,2013-03-18
3605,29.12637948989868,-30.570833,29.150556,2013-03-18
3606,25.076000213623047,-31.396,29.2651,2013-03-18
3607,30.541308879852295,-31.554722,29.245556,2013-03-18
3608,41.574891090393066,-27.01011111,26.69808333,2013-03-19
3609,41.02835464477539,-30.733889,29.828333,2013-03-19
3610,41.55000352859497,-29.987778,29.851667,2013-03-19
3611,66.61150550842285,-26.861111,28.884722,2013-03-19
3612,47.159440994262695,-27.00222,28.76528,2013-03-19
3613,37.28577733039856,-26.648056,27.089444,2013-03-19
3614,44.27783966064453,-26.880278,26.965,2013-03-19
3615,50.66798210144043,-26.98472222,26.63227778,2013-03-19
3616,44.85617685317993,-30.568333,29.422778,2013-03-19
3617,46.73402643203735,-30.570833,29.150556,2013-03-19
3618,37.66744327545166,-31.104278,29.399722,2013-03-19
3619,0.0,-33.31388889,19.07472222,2013-03-19
3620,78.27612495422363,-25.45963889,28.26430556,2013-03-19
3621,44.31525802612305,-28.338333,31.373611,2013-03-19
3622,39.68061447143555,-28.068333,31.55,2013-03-19
3623,17.142539024353027,-29.161667,23.696389,2013-03-20
3624,37.910086154937744,-25.81048333,27.90955222,2013-03-20
3625,19.480859756469727,-24.058889,31.237222,2013-03-20
3626,27.626474380493164,-30.13573889,30.67422222,2013-03-20
3627,36.90583419799805,-30.398056,30.601944,2013-03-20
3628,30.268207550048828,-30.27402,30.69602,2013-03-20
3629,45.03468894958496,-27.38972222,26.46388889,2013-03-20
3630,50.7266788482666,-28.1175,26.719444,2013-03-20
3631,42.5790491104126,-31.031389,28.883333,2013-03-20
3632,56.59387969970703,-30.86013889,29.07125,2013-03-20
3633,51.94027662277222,-30.77586667,29.03221667,2013-03-20
3634,26.85280990600586,-33.7075,18.97444444,2013-03-20
3635,23.920019149780273,-24.183889,30.823889,2013-03-21
3636,20.04570198059082,-28.44555556,32.325,2013-05-16
3637,66.29067373275757,-27.935,26.126667,2013-03-21
3638,77.80762672424316,-28.1175,26.719444,2013-03-21
3639,52.61718273162842,-27.398611,26.614722,2013-03-21
3640,23.197225093841553,-24.679167,30.8025,2013-03-22
3641,41.15269231796265,-29.744167,29.905833,2013-03-22
3642,77.80762672424316,-28.116667,26.725278,2013-03-22
3643,44.56829595565796,-29.803611,30.516111,2013-03-22
3644,16.729772567749023,-26.45,28.085833,2013-03-25
3645,25.640459060668945,-31.436944,20.474722,2013-03-25
3646,50.53357172012329,-29.1825,23.575556,2013-03-25
3647,24.9583797454834,-33.38056,19.30167,2013-03-25
3648,36.95906162261963,-27.01011111,26.69808333,2013-03-26
3649,38.65910339355469,-25.127778,27.628889,2013-03-26
3650,19.02461814880371,-24.39619444,27.08983333,2013-03-26
3651,68.7545166015625,-24.69514,27.40906,2013-03-26
3652,24.091036319732662,-25.73411,27.21422,2013-03-26
3653,107.57252883911131,-30.398056,30.601944,2013-03-26
3654,101.3996410369873,-30.27402,30.69602,2013-03-26
3655,54.1872673034668,-26.861111,28.884722,2013-03-26
3656,37.29677104949951,-27.00222,28.76528,2013-03-26
3657,28.157344341278076,-26.648056,27.089444,2013-03-26
3658,42.44196319580078,-26.970278,27.211111,2013-03-26
3659,38.56806755065918,-26.880278,26.965,2013-03-26
3660,45.32689094543457,-26.98472222,26.63227778,2013-03-26
3661,67.96172666549683,-29.651389,22.746389,2013-03-26
3662,50.53357172012329,-29.1825,23.575556,2013-03-26
3663,16.3004150390625,-32.595833,19.009444,2013-03-26
3664,20.260571479797363,-33.08883333,19.21878333,2013-03-26
3665,47.69291305541992,-29.161667,23.696389,2013-03-27
3666,65.91002082824707,-29.641944,30.6875,2013-03-27
3667,51.03382968902588,-25.20639,27.558,2013-03-27
3668,34.069437980651855,-27.602222,29.942778,2013-03-27
3669,47.32501554489136,-29.380556,30.2775,2013-03-27
3670,56.56768608093262,-29.161667,30.629722,2013-03-27
3671,67.96172666549683,-29.651389,22.746389,2013-03-27
3672,19.29711151123047,-33.13083,18.86278,2013-03-27
3673,12.870954513549805,-32.94583,18.33667,2013-03-27
3674,65.91002082824707,-29.641944,30.6875,2013-03-28
3675,76.86083507537842,-29.758889,30.935278,2013-03-28
3676,9.515766143798828,-32.502778,19.535833,2013-03-28
3677,11.7395281791687,-28.96362,19.15486,2013-03-30
3678,23.661163330078125,-25.99136,27.84208,2013-04-02
3679,37.985130310058594,-26.73806,27.59194,2013-04-02
3680,19.273786544799805,-26.45,28.085833,2013-04-02
3681,28.80415153503418,-29.160278,26.573333,2013-04-02
3682,35.11408996582031,-31.396,29.2651,2013-04-02
3683,30.295011520385746,-31.554722,29.245556,2013-04-02
3684,0.0,-27.01011111,26.69808333,2013-04-03
3685,38.76929664611816,-29.744167,29.905833,2013-04-03
3686,35.03874969482422,-26.861111,28.884722,2013-04-03
3687,0.0,-26.98472222,26.63227778,2013-04-03
3688,30.94590187072754,-27.398611,26.614722,2013-04-03
3689,20.30891990661621,-27.671111,27.236944,2013-04-03
3690,23.061279296875,-30.568333,29.422778,2013-04-03
3691,29.24428129196167,-31.104278,29.399722,2013-04-03
3692,19.455591678619385,-34.031944,22.053333,2013-04-03
3693,29.37209701538086,-25.45963889,28.26430556,2013-04-03
3694,23.443771362304688,-25.81048333,27.90955222,2013-04-04
3695,0.0,-28.75,30.442778,2013-04-04
3696,21.008216857910156,-27.00222,28.76528,2013-04-04
3697,0.0,-27.02314,28.59389,2013-04-04
3698,0.0,-26.648056,27.089444,2013-04-04
3699,0.0,-26.970278,27.211111,2013-04-04
3700,0.0,-26.880278,26.965,2013-04-04
3701,0.0,-27.273889,28.49,2013-04-04
3702,0.0,-27.4275,28.525833,2013-04-04
3703,0.0,-27.3,28.586944,2013-04-04
3704,6.908873081207275,-30.570833,29.150556,2013-04-04
3705,4.253276824951172,-31.031389,28.883333,2013-04-05
3706,16.289271354675293,-30.86013889,29.07125,2013-04-05
3707,6.136612415313721,-30.77586667,29.03221667,2013-04-05
3708,26.87297105789185,-34.02861,22.22222,2013-04-05
3709,10.582014083862305,-28.96362,19.15486,2013-04-06
3710,0.0,-27.3,28.586944,2013-04-07
3711,1.983409404754639,-28.768056,20.720556,2013-04-08
3712,16.4349365234375,-33.818056,19.694722,2013-04-08
3713,19.925769805908203,-26.970278,27.211111,2013-01-28
3714,24.69657325744629,-34.065833,20.404167,2013-04-09
3715,0.0,-24.183889,30.823889,2013-04-09
3716,19.908546447753903,-25.127778,27.628889,2013-04-09
3717,14.701326370239258,-25.20639,27.558,2013-04-09
3718,23.4507737159729,-24.69514,27.40906,2013-04-09
3719,0.0,-28.747778,31.745833,2013-04-09
3720,0.0,-28.801278,31.955389,2013-04-09
3721,0.0,-27.3,28.586944,2013-04-09
3722,9.550660848617554,-29.160278,26.573333,2013-04-09
3723,13.456355094909668,-28.69485,28.23487,2013-04-09
3724,16.410354614257812,-34.075556,20.145556,2013-04-09
3725,0.0,-29.140556,31.391944,2013-04-10
3726,14.984096050262451,-24.282222,28.090278,2013-04-10
3727,22.27277898788452,-24.670833,28.560833,2013-04-10
3728,0.0,-24.39619444,27.08983333,2013-04-10
3729,25.609485626220703,-23.658056,31.05,2013-04-10
3730,3.4570841789245605,-27.937778,31.209444,2013-04-10
3731,6.514743328094482,-28.404444,30.013056,2013-04-10
3732,0.0,-29.380556,30.2775,2013-04-10
3733,0.0,-26.970278,27.211111,2013-07-16
3734,0.0,-26.45,28.085833,2013-04-10
3735,28.51384735107422,-27.671111,27.236944,2013-04-10
3736,6.261990547180176,-29.615556,27.065278,2013-04-10
3737,11.754902362823486,-28.883333,27.89,2013-04-10
3738,39.58430099487305,-34.092222,21.295278,2013-04-10
3739,0.0,-28.058889,30.373611,2013-04-10
3740,21.04431533813477,-27.01011111,26.69808333,2013-04-11
3741,3.9175052642822266,-30.830556,26.921389,2013-04-11
3742,5.779394626617432,-23.23572222,27.717,2013-04-11
3743,0.0,-22.769722,30.886944,2013-04-11
3744,0.0,-28.801278,31.955389,2013-04-11
3745,0.0,-26.861111,28.884722,2013-04-11
3746,0.0,-27.00222,28.76528,2013-04-11
3747,19.29252243041992,-26.970278,27.211111,2013-04-11
3748,14.107001304626465,-26.880278,26.965,2013-04-11
3749,22.303802490234375,-26.98472222,26.63227778,2013-04-11
3750,0.0,-27.902778,24.615556,2013-04-11
3751,6.522256851196289,-30.160091,27.40124,2013-04-11
3752,0.0,-30.336111,27.359444,2013-04-11
3753,60.93175983428955,-33.897778,20.012778,2013-04-11
3754,22.282989501953125,-24.679167,30.8025,2013-04-12
3755,16.61720609664917,-22.91028,29.61111,2013-04-12
3756,8.929006814956665,-31.000833,26.353056,2013-04-12
3757,11.337493896484377,-30.679722,26.7125,2013-04-12
3758,10.244674682617188,-31.436944,20.474722,2013-04-12
3759,5.793686389923096,-31.394444,20.947222,2013-04-12
3760,8.750467300415039,-28.96362,19.15486,2013-04-13
3761,20.74239921569824,-25.81048333,27.90955222,2013-04-15
3762,23.948535919189453,-25.99136,27.84208,2013-04-15
3763,82.2277159690857,-29.7775,29.470833,2013-04-15
3764,65.97090721130371,-29.987778,29.851667,2013-04-15
3765,64.23965454101562,-29.744167,29.905833,2013-04-15
3766,24.076005935668945,-26.45,28.085833,2013-04-15
3767,45.119455337524414,-27.01011111,26.69808333,2013-04-16
3768,0.0,-26.861111,28.884722,2013-04-16
3769,14.824588775634766,-27.00222,28.76528,2013-04-16
3770,47.474740982055664,-26.648056,27.089444,2013-04-16
3771,52.53007125854492,-26.970278,27.211111,2013-04-16
3772,43.637330055236816,-26.880278,26.965,2013-04-16
3773,47.25772285461426,-26.98472222,26.63227778,2013-04-16
3774,55.26448822021485,-28.883333,27.89,2013-04-16
3775,33.95340538024902,-33.970833,22.548333,2013-04-16
3776,7.927384376525879,-25.45963889,28.26430556,2013-04-16
3777,34.46006393432617,-28.338333,31.373611,2013-04-16
3778,11.501246452331545,-29.161667,23.696389,2013-04-17
3779,40.23037385940552,-30.733889,29.828333,2013-04-17
3780,56.22674083709717,-29.744167,29.905833,2013-04-17
3781,44.16302490234375,-30.398056,30.601944,2013-04-17
3782,0.0,-26.970278,27.211111,2014-07-28
3783,40.52847480773926,-26.73806,27.59194,2013-04-17
3784,72.09497928619385,-28.69485,28.23487,2013-04-17
3785,42.59005546569824,-34.250556,20.9925,2013-04-17
3786,54.448097705841064,-25.49037,30.6986,2013-04-18
3787,8.333457946777344,-28.44555556,32.325,2013-06-13
3788,45.43115282058716,-30.27402,30.69602,2013-04-18
3789,16.851123809814453,-29.042222,24.6,2013-04-18
3790,18.97892737388611,-29.028629,24.638389,2013-04-18
3791,8.940816164016724,-29.033333,23.983333,2013-04-18
3792,63.26555252075195,-25.447222,30.711667,2013-04-18
3793,30.12144422531128,-28.116667,26.725278,2013-04-19
3794,44.139933586120605,-29.803611,30.516111,2013-04-19
3795,5.994805335998535,-28.96362,19.15486,2013-04-20
3796,24.45471954345703,-25.20639,27.558,2013-04-22
3797,12.736151218414308,-23.838611,31.640833,2013-04-22
3798,33.82374954223633,-26.648056,27.089444,2013-04-22
3799,24.076005935668945,-26.45,28.085833,2013-04-22
3800,17.28686285018921,-33.38056,19.30167,2013-04-22
3801,15.98843479156494,-32.502778,19.535833,2013-04-22
3802,12.241676330566406,-31.860278,18.6875,2013-04-23
3803,23.13603973388672,-25.127778,27.628889,2013-04-23
3804,16.780731201171875,-24.69514,27.40906,2013-04-23
3805,38.27906799316406,-28.735556,29.820556,2013-04-23
3806,14.824588775634766,-27.00222,28.76528,2013-04-23
3807,33.237548828125,-26.970278,27.211111,2013-04-23
3808,29.53032875061035,-26.880278,26.965,2013-04-23
3809,24.953920364379883,-26.98472222,26.63227778,2013-04-23
3810,12.432430267333984,-28.141944,26.417778,2013-04-23
3811,31.869850158691406,-33.501667,21.624167,2013-04-23
3812,19.858808517456055,-32.595833,19.009444,2013-04-23
3813,2.23393177986145,-28.760833,17.730278,2013-04-24
3814,11.501246452331545,-29.161667,23.696389,2013-04-24
3815,60.797019958496094,-29.641944,30.6875,2013-04-24
3816,43.0262565612793,-27.363611,31.783333,2013-04-24
3817,12.432430267333984,-28.141944,26.417778,2013-04-24
3818,20.93083930015564,-33.08883333,19.21878333,2013-04-24
3819,0.0,-33.31388889,19.07472222,2013-04-24
3820,7.867696285247803,-33.13083,18.86278,2013-04-24
3821,22.76175880432129,-32.94583,18.33667,2013-04-24
3822,0.0,-26.905,32.324722,2013-04-25
3823,37.716026306152344,-27.602222,29.942778,2013-04-25
3824,0.0,-27.38972222,26.46388889,2013-04-25
3825,8.277982711791992,-33.7075,18.97444444,2013-04-25
3826,0.0,-33.464444,18.740556,2013-04-25
3827,0.0,-33.72266667,18.61691667,2013-04-25
3828,25.314050674438477,-27.356667,27.286389,2013-04-25
3829,18.268051147460938,-27.902778,24.615556,2013-04-26
3830,19.212430953979492,-28.068333,31.55,2013-04-26
3831,0.0,-28.96362,19.15486,2013-04-27
3832,0.0,-26.45,28.085833,2013-04-29
3833,0.0,-27.01011111,26.69808333,2013-04-30
3834,0.0,-27.169444,29.233889,2013-04-30
3835,0.0,-26.861111,28.884722,2013-04-30
3836,0.0,-27.00222,28.76528,2013-04-30
3837,0.0,-26.648056,27.089444,2013-04-30
3838,0.0,-26.970278,27.211111,2013-04-30
3839,0.0,-26.880278,26.965,2013-04-30
3840,0.0,-26.98472222,26.63227778,2013-04-30
3841,0.0,-25.45963889,28.26430556,2013-04-30
3842,0.0,-29.161667,23.696389,2013-05-01
3843,0.0,-25.81048333,27.90955222,2013-05-01
3844,0.0,-28.75,30.442778,2013-05-01
3845,0.0,-29.161667,30.629722,2013-05-01
3846,0.0,-29.033333,23.983333,2013-05-01
3847,0.0,-29.744167,29.905833,2013-05-02
3848,0.0,-32.94583,18.33667,2013-05-02
3849,7.532192707061768,-27.671111,27.236944,2013-05-04
3850,0.0,-28.96362,19.15486,2013-05-04
3851,9.272294044494627,-26.45,28.085833,2013-05-06
3852,0.0,-33.818056,19.694722,2013-05-06
3853,7.868470191955566,-34.065833,20.404167,2013-05-07
3854,0.0,-25.127778,27.628889,2013-05-07
3855,0.0,-25.20639,27.558,2013-05-07
3856,0.0,-24.69514,27.40906,2013-05-07
3857,0.0,-23.658056,31.05,2013-05-07
3858,18.21149444580078,-28.747778,31.745833,2013-05-07
3859,12.142356872558594,-28.735556,29.820556,2013-05-07
3860,13.838994979858398,-29.380556,30.2775,2013-05-07
3861,11.999736785888672,-26.861111,28.884722,2013-05-07
3862,7.932206630706787,-26.98472222,26.63227778,2013-05-07
3863,0.0,-27.398611,26.614722,2013-05-07
3864,7.532192707061768,-27.671111,27.236944,2013-05-07
3865,2.692120313644409,-29.160278,26.573333,2013-05-07
3866,0.0,-28.768056,20.720556,2013-05-07
3867,8.637054443359375,-34.02861,22.22222,2013-05-07
3868,7.719270706176758,-34.075556,20.145556,2013-05-07
3869,0.0,-29.161667,23.696389,2013-05-08
3870,0.0,-24.39619444,27.08983333,2013-05-08
3871,15.809020042419434,-28.404444,30.013056,2013-05-08
3872,9.383325576782228,-27.00222,28.76528,2013-05-08
3873,9.35633945465088,-27.02314,28.59389,2013-05-08
3874,5.611237525939941,-26.648056,27.089444,2013-05-08
3875,6.598231315612793,-26.970278,27.211111,2013-05-08
3876,6.443437576293945,-26.880278,26.965,2013-05-08
3877,10.976408004760742,-27.273889,28.49,2013-05-08
3878,12.48182201385498,-27.4275,28.525833,2013-05-08
3879,17.860158920288086,-28.69485,28.23487,2013-05-08
3880,2.509282112121582,-29.615556,27.065278,2013-05-08
3881,13.76100730895996,-28.883333,27.89,2013-05-08
3882,4.766259670257568,-30.77586667,29.03221667,2013-05-08
3883,16.538089752197266,-31.396,29.2651,2013-05-08
3884,5.360418796539307,-34.039722,22.133333,2013-05-08
3885,17.940008401870728,-28.058889,30.373611,2013-05-08
3886,3.639652967453003,-33.897778,20.012778,2013-05-08
3887,22.449094772338867,-29.140556,31.391944,2013-05-09
3888,7.532192707061768,-27.671111,27.236944,2013-05-09
3889,3.4333813190460205,-30.160091,27.40124,2013-05-09
3890,4.463980674743652,-30.336111,27.359444,2013-05-09
3891,3.6094353199005127,-34.005833,22.351111,2013-05-09
3892,4.40142297744751,-30.830556,26.921389,2013-05-10
3893,0.0,-28.116667,26.725278,2013-05-10
3894,0.0,-27.573056,24.746389,2013-05-10
3895,0.0,-31.000833,26.353056,2013-05-10
3896,0.0,-30.679722,26.7125,2013-05-10
3897,0.0,-28.96362,19.15486,2013-05-11
3898,8.795322895050049,-25.99136,27.84208,2013-05-13
3899,8.364236831665039,-29.7775,29.470833,2013-05-13
3900,12.343505859375,-29.744167,29.905833,2013-05-13
3901,9.272294044494627,-26.45,28.085833,2013-05-13
3902,5.716009140014648,-31.554722,29.245556,2013-05-13
3903,8.097259283065796,-27.01011111,26.69808333,2013-05-14
3904,0.0,-24.679167,30.8025,2013-05-14
3905,4.40142297744751,-30.830556,26.921389,2013-05-14
3906,3.4479761123657227,-25.73411,27.21422,2013-05-14
3907,2.4926090240478516,-23.281,30.54305556,2013-05-14
3908,8.766836643218994,-30.733889,29.828333,2013-05-14
3909,11.36630153656006,-29.987778,29.851667,2013-05-14
3910,14.392513751983644,-27.169444,29.233889,2013-05-14
3911,11.999736785888672,-26.861111,28.884722,2013-05-14
3912,9.383325576782228,-27.00222,28.76528,2013-05-14
3913,5.611237525939941,-26.648056,27.089444,2013-05-14
3914,6.598231315612793,-26.970278,27.211111,2013-05-14
3915,6.443437576293945,-26.880278,26.965,2013-05-14
3916,7.932206630706787,-26.98472222,26.63227778,2013-05-14
3917,0.0,-31.000833,26.353056,2013-05-14
3918,6.974223613739014,-31.104278,29.399722,2013-05-14
3919,5.481391429901123,-25.45963889,28.26430556,2013-05-14
3920,17.348892211914062,-28.338333,31.373611,2013-05-14
3921,19.970740795135494,-28.068333,31.55,2013-05-14
3922,0.0,-29.161667,23.696389,2013-05-15
3923,2.703981876373291,-25.81048333,27.90955222,2013-05-15
3924,0.0,-24.183889,30.823889,2013-05-15
3925,0.0,-22.91028,29.61111,2013-05-15
3926,2.356933355331421,-22.769722,30.886944,2013-05-15
3927,12.343505859375,-29.744167,29.905833,2013-05-15
3928,31.541736602783203,-30.398056,30.601944,2013-05-15
3929,31.66214656829834,-30.27402,30.69602,2013-05-15
3930,0.0,-29.033333,23.983333,2013-05-15
3931,0.0,-30.160091,27.40124,2013-05-15
3932,0.0,-30.336111,27.359444,2013-05-15
3933,6.6072540283203125,-30.568333,29.422778,2013-05-15
3934,5.116119861602783,-30.86013889,29.07125,2013-05-15
3935,6.152040958404541,-30.570833,29.150556,2013-05-15
3936,14.315766334533691,-34.092222,21.295278,2013-05-15
3937,0.0,-23.23572222,27.717,2013-05-16
3938,0.0,-22.548889,28.898056,2013-05-16
3939,14.944705486297607,-28.44555556,32.325,2013-08-08
3940,31.447032928466797,-30.13573889,30.67422222,2013-05-16
3941,2.692120313644409,-29.160278,26.573333,2013-05-16
3942,9.29932689666748,-31.031389,28.883333,2013-05-16
3943,3.5121912956237793,-22.225556,29.990556,2013-05-17
3944,0.0,-22.43772222,31.07805556,2013-05-17
3945,7.932206630706787,-26.98472222,26.63227778,2013-05-17
3946,20.19069480895996,-29.803611,30.516111,2013-05-17
3947,0.0,-33.38056,19.30167,2013-05-20
3948,20.90695869922638,-32.502778,19.535833,2013-05-20
3949,0.0,-27.01011111,26.69808333,2013-05-21
3950,10.521010398864746,-31.860278,18.6875,2013-05-21
3951,0.0,-24.69514,27.40906,2013-05-21
3952,0.0,-25.398889,31.610556,2013-05-21
3953,0.0,-26.648056,27.089444,2013-05-21
3954,0.0,-26.970278,27.211111,2013-05-21
3955,0.0,-26.880278,26.965,2013-05-21
3956,0.0,-26.98472222,26.63227778,2013-05-21
3957,0.0,-34.250556,20.9925,2013-05-21
3958,23.16947364807129,-32.595833,19.009444,2013-05-21
3959,4.598377227783203,-29.161667,23.696389,2013-05-22
3960,0.0,-26.880278,26.965,2014-05-13
3961,3.9631545543670654,-29.641944,30.6875,2013-05-22
3962,0.0,-25.20639,27.558,2013-05-22
3963,12.011147022247314,-25.681111,31.783333,2013-05-22
3964,5.2305989265441895,-25.513889,31.224444,2013-05-22
3965,0.0,-26.861111,28.884722,2013-05-22
3966,0.0,-26.73806,27.59194,2013-05-22
3967,0.0,-26.45,28.085833,2013-05-22
3968,21.6640841960907,-33.13083,18.86278,2013-05-22
3969,46.9343376159668,-33.7075,18.97444444,2013-05-22
3970,4.870549201965332,-26.905,32.324722,2013-05-23
3971,0.0,-27.602222,29.942778,2013-05-23
3972,0.0,-27.169444,29.233889,2013-05-23
3973,0.0,-27.00222,28.76528,2013-05-23
3974,0.0,-27.273889,28.49,2013-05-23
3975,32.759918212890625,-33.31388889,19.07472222,2013-05-23
3976,0.0,-28.141944,26.417778,2013-05-24
3977,0.0,-28.1175,26.719444,2013-05-24
3978,0.0,-28.116667,26.725278,2013-05-24
3979,0.0,-28.96362,19.15486,2013-05-25
3980,0.0,-25.99136,27.84208,2013-05-27
3981,0.0,-26.45,28.085833,2013-05-27
3982,4.45773458480835,-29.042222,24.6,2013-05-27
3983,4.298470973968506,-30.830556,26.921389,2013-05-28
3984,6.3048789501190186,-24.670833,28.560833,2013-05-28
3985,3.487338066101074,-25.73411,27.21422,2013-05-28
3986,0.0,-26.861111,28.884722,2013-05-28
3987,0.0,-27.00222,28.76528,2013-05-28
3988,7.630261659622192,-30.679722,26.7125,2013-05-28
3989,15.080984115600586,-33.501667,21.624167,2013-05-28
3990,0.0,-25.45963889,28.26430556,2013-05-28
3991,4.598377227783203,-29.161667,23.696389,2013-05-29
3992,0.0,-27.01011111,26.69808333,2013-05-29
3993,2.996429443359375,-25.81048333,27.90955222,2013-05-29
3994,0.0,-24.282222,28.090278,2013-05-29
3995,0.0,-26.648056,27.089444,2013-05-29
3996,0.0,-26.970278,27.211111,2013-05-29
3997,0.0,-26.880278,26.965,2013-05-29
3998,0.0,-27.3,28.586944,2013-05-29
3999,0.0,-26.98472222,26.63227778,2013-05-29
4000,0.0,-29.033333,23.983333,2013-05-29
4001,0.0,-22.935,28.004167,2013-05-30
4002,0.0,-27.273889,28.49,2013-05-30
4003,0.0,-27.38972222,26.46388889,2013-05-30
4004,0.0,-27.398611,26.614722,2013-05-30
4005,0.0,-27.671111,27.236944,2013-05-30
4006,4.45773458480835,-29.042222,24.6,2013-05-30
4007,4.798688888549805,-29.028629,24.638389,2013-05-30
4008,0.0,-29.033333,23.983333,2013-05-30
4009,0.0,-29.744167,29.905833,2013-05-31
4010,0.0,-28.404444,30.013056,2013-06-03
4011,2.527754068374634,-26.73806,27.59194,2013-06-03
4012,2.4903223514556885,-26.45,28.085833,2013-06-03
4013,3.166456937789917,-29.160278,26.573333,2013-06-03
4014,21.72248649597168,-34.065833,20.404167,2013-06-04
4015,0.0,-25.20639,27.558,2013-06-04
4016,0.0,-24.69514,27.40906,2013-06-04
4017,20.66658735275269,-28.747778,31.745833,2013-06-04
4018,10.335997581481934,-29.380556,30.2775,2013-06-04
4019,2.3379223346710205,-27.169444,29.233889,2013-06-04
4020,0.0,-26.861111,28.884722,2013-06-04
4021,2.6053526401519775,-27.398611,26.614722,2013-06-04
4022,12.6154203414917,-34.031944,22.053333,2013-06-04
4023,13.734346389770508,-34.039722,22.133333,2013-06-04
4024,0.0,-34.075556,20.145556,2013-06-04
4025,0.0,-29.161667,23.696389,2013-06-05
4026,0.0,-27.01011111,26.69808333,2013-06-05
4027,7.664494514465332,-29.140556,31.391944,2013-06-05
4028,0.0,-24.39619444,27.08983333,2013-06-05
4029,0.0,-23.658056,31.05,2013-06-05
4030,0.0,-23.281,30.54305556,2013-06-05
4031,0.0,-27.00222,28.76528,2013-06-05
4032,2.56614351272583,-27.02314,28.59389,2013-06-05
4033,0.0,-26.648056,27.089444,2013-06-05
4034,0.0,-26.970278,27.211111,2013-06-05
4035,0.0,-26.880278,26.965,2013-06-05
4036,0.0,-27.273889,28.49,2013-06-05
4037,0.0,-27.4275,28.525833,2013-06-05
4038,0.0,-27.3,28.586944,2013-06-05
4039,0.0,-26.98472222,26.63227778,2013-06-05
4040,25.593685150146484,-34.405833,19.600556,2013-06-05
4041,2.528343915939331,-28.058889,30.373611,2013-06-05
4042,0.0,-22.769722,30.886944,2013-06-06
4043,13.534282207489014,-28.801278,31.955389,2013-06-06
4044,4.843095302581787,-27.937778,31.209444,2013-06-06
4045,0.0,-27.5275,30.858056,2013-06-06
4046,0.0,-31.394444,20.947222,2013-06-06
4047,0.0,-29.651389,22.746389,2013-06-06
4048,14.034533500671388,-34.005833,22.351111,2013-06-06
4049,0.0,-28.116667,26.725278,2013-06-07
4050,0.0,-27.902778,24.615556,2013-06-07
4051,2.750983238220215,-25.99136,27.84208,2013-06-10
4052,0.0,-29.7775,29.470833,2013-06-10
4053,0.0,-29.744167,29.905833,2013-06-10
4054,2.4903223514556885,-26.45,28.085833,2013-06-10
4055,0.0,-27.671111,27.236944,2013-06-10
4056,0.0,-29.042222,24.6,2013-06-10
4057,0.0,-31.396,29.2651,2013-06-10
4058,0.0,-31.554722,29.245556,2013-06-10
4059,0.0,-27.01011111,26.69808333,2013-06-11
4060,2.4676904678344727,-24.183889,30.823889,2013-06-11
4061,0.0,-30.733889,29.828333,2013-06-11
4062,0.0,-26.861111,28.884722,2013-06-11
4063,0.0,-27.00222,28.76528,2013-06-11
4064,0.0,-26.648056,27.089444,2013-06-11
4065,0.0,-26.970278,27.211111,2013-06-11
4066,0.0,-26.880278,26.965,2013-06-11
4067,0.0,-26.98472222,26.63227778,2013-06-11
4068,2.545776128768921,-28.69485,28.23487,2013-06-11
4069,3.1854593753814697,-30.568333,29.422778,2013-06-11
4070,4.28594970703125,-30.570833,29.150556,2013-06-11
4071,0.0,-31.104278,29.399722,2013-06-11
4072,0.0,-25.45963889,28.26430556,2013-06-11
4073,14.237873554229736,-28.338333,31.373611,2013-06-11
4074,12.53684139251709,-28.068333,31.55,2013-06-11
4075,2.8158440589904785,-25.81048333,27.90955222,2013-06-12
4076,0.0,-24.39619444,27.08983333,2013-06-12
4077,0.0,-24.058889,31.237222,2013-06-12
4078,9.586479663848875,-30.398056,30.601944,2013-06-12
4079,5.158791542053223,-27.802778,28.768333,2013-06-12
4080,0.0,-29.033333,23.983333,2013-06-12
4081,2.9001166820526123,-29.615556,27.065278,2013-06-12
4082,3.0621089935302734,-28.883333,27.89,2013-06-12
4083,0.0,-31.031389,28.883333,2013-06-12
4084,0.0,-30.86013889,29.07125,2013-06-12
4085,0.0,-30.77586667,29.03221667,2013-06-12
4086,17.195032119750977,-34.092222,21.295278,2013-06-12
4087,7.176872253417969,-28.44555556,32.325,2013-09-05
4088,5.213019847869873,-24.679167,30.8025,2013-06-14
4089,0.0,-29.744167,29.905833,2013-06-14
4090,0.0,-26.98472222,26.63227778,2013-06-14
4091,14.85122299194336,-29.803611,30.516111,2013-06-14
4092,0.0,-28.96362,19.15486,2013-06-15
4093,5.307875871658325,-28.735556,29.820556,2013-06-17
4094,28.701616287231445,-32.502778,19.535833,2013-06-17
4095,14.811260223388672,-31.860278,18.6875,2013-06-18
4096,0.0,-25.20639,27.558,2013-06-18
4097,0.0,-24.39619444,27.08983333,2013-06-18
4098,0.0,-24.69514,27.40906,2013-06-18
4099,2.6336727142333984,-26.73806,27.59194,2013-06-18
4100,0.0,-26.45,28.085833,2013-06-18
4101,40.21963882446289,-33.38056,19.30167,2013-06-18
4102,27.733920574188232,-32.595833,19.009444,2013-06-18
4103,0.0,-29.161667,23.696389,2013-06-19
4104,24.96454095840454,-29.641944,30.6875,2013-06-19
4105,0.0,-25.127778,27.628889,2013-06-19
4106,2.849212884902954,-23.838611,31.640833,2013-06-19
4107,11.18773078918457,-27.363611,31.783333,2013-06-19
4108,0.0,-26.861111,28.884722,2013-06-19
4109,10.993600845336914,-31.5653,18.3306,2013-06-19
4110,47.39395904541016,-32.601389,18.750556,2013-06-19
4111,177.5174217224121,-33.7075,18.97444444,2013-06-19
4112,0.0,-29.161667,23.696389,2013-06-20
4113,0.0,-28.7115,24.07288889,2013-06-20
4114,5.831886291503906,-27.602222,29.942778,2013-06-20
4115,0.0,-29.1825,23.575556,2013-06-20
4116,14.884738445281982,-34.250556,20.9925,2013-06-20
4117,109.99209976196288,-33.31388889,19.07472222,2013-06-20
4118,105.26873779296876,-33.13083,18.86278,2013-06-20
4119,66.21799373626709,-32.94583,18.33667,2013-06-20
4120,0.0,-27.573056,24.746389,2013-06-21
4121,1.34025239944458,-28.96362,19.15486,2013-06-22
4122,21.482260704040527,-29.803611,30.516111,2013-06-22
4123,2.409514904022217,-25.99136,27.84208,2013-06-24
4124,2.63391375541687,-26.45,28.085833,2013-06-24
4125,25.10981559753418,-33.501667,21.624167,2013-06-24
4126,0.0,-27.01011111,26.69808333,2013-06-25
4127,0.0,-26.861111,28.884722,2013-06-25
4128,0.0,-27.00222,28.76528,2013-06-25
4129,0.0,-26.648056,27.089444,2013-06-25
4130,0.0,-26.970278,27.211111,2013-06-25
4131,0.0,-26.880278,26.965,2013-06-25
4132,0.0,-26.98472222,26.63227778,2013-06-25
4133,4.832428932189941,-29.042222,24.6,2013-06-25
4134,5.39075231552124,-29.028629,24.638389,2013-06-25
4135,0.0,-29.033333,23.983333,2013-06-25
4136,0.0,-29.161667,23.696389,2013-06-26
4137,2.5815634727478027,-25.81048333,27.90955222,2013-06-26
4138,0.0,-28.75,30.442778,2013-06-26
4139,10.346570014953612,-29.161667,30.629722,2013-06-26
4140,0.0,-28.141944,26.417778,2013-06-26
4141,2.4197893142700195,-28.1175,26.719444,2013-06-26
4142,2.4197893142700195,-28.116667,26.725278,2013-06-26
4143,6.000824928283691,-29.160278,26.573333,2013-06-26
4144,0.0,-29.033333,23.983333,2013-06-26
4145,0.0,-27.38972222,26.46388889,2013-06-27
4146,0.0,-27.398611,26.614722,2013-06-27
4147,0.0,-27.671111,27.236944,2013-06-27
4148,12.645416259765623,-28.760833,17.730278,2013-06-28
4149,12.108030319213867,-29.744167,29.905833,2013-06-28
4150,1.34025239944458,-28.96362,19.15486,2013-06-29
4151,0.0,-26.73806,27.59194,2013-07-01
4152,2.63391375541687,-26.45,28.085833,2013-07-01
4153,30.58586263656616,-34.065833,20.404167,2013-07-02
4154,0.0,-25.20639,27.558,2013-07-02
4155,0.0,-24.69514,27.40906,2013-07-02
4156,0.0,-28.747778,31.745833,2013-07-02
4157,0.0,-27.937778,31.209444,2013-07-02
4158,0.0,-29.380556,30.2775,2013-07-02
4159,0.0,-27.169444,29.233889,2013-07-02
4160,0.0,-26.861111,28.884722,2013-07-02
4161,0.0,-27.398611,26.614722,2013-07-02
4162,10.277920722961426,-28.69485,28.23487,2013-07-02
4163,13.848799705505373,-34.031944,22.053333,2013-07-02
4164,32.05795431137085,-34.075556,20.145556,2013-07-02
4165,4.221692085266113,-29.161667,23.696389,2013-07-03
4166,0.0,-27.01011111,26.69808333,2013-07-03
4167,0.0,-25.127778,27.628889,2013-07-03
4168,0.0,-24.39619444,27.08983333,2013-07-03
4169,0.0,-27.00222,28.76528,2013-07-03
4170,2.789820432662964,-27.02314,28.59389,2013-07-03
4171,0.0,-26.648056,27.089444,2013-07-03
4172,0.0,-26.970278,27.211111,2013-07-03
4173,0.0,-26.880278,26.965,2013-07-03
4174,2.98056960105896,-27.273889,28.49,2013-07-03
4175,2.798693895339966,-27.4275,28.525833,2013-07-03
4176,2.8537869453430176,-27.3,28.586944,2013-07-03
4177,0.0,-26.98472222,26.63227778,2013-07-03
4178,16.468656539916992,-34.039722,22.133333,2013-07-03
4179,13.026906967163086,-34.405833,19.600556,2013-07-03
4180,30.551079273223877,-33.870833,20.003333,2013-07-03
4181,0.0,-25.57877778,29.12747222,2013-07-03
4182,0.0,-22.769722,30.886944,2013-07-04
4183,3.6066994667053223,-28.801278,31.955389,2013-07-04
4184,3.760258913040161,-27.5275,30.858056,2013-07-04
4185,3.612297534942627,-26.98472222,26.63227778,2013-07-04
4186,15.904686689376833,-31.394444,20.947222,2013-07-04
4187,,-34.329722,18.990278,2013-07-04
4188,2.6538567543029785,-23.281,30.54305556,2013-07-05
4189,3.861034870147705,-27.937778,31.209444,2013-07-05
4190,12.432785987854004,-29.161667,30.629722,2013-07-05
4191,0.0,-27.902778,24.615556,2013-07-05
4192,0.0,-25.99136,27.84208,2013-07-08
4193,5.178117752075195,-29.7775,29.470833,2013-07-08
4194,2.466597557067871,-29.987778,29.851667,2013-07-08
4195,3.094143867492676,-29.744167,29.905833,2013-07-08
4196,0.0,-27.00222,28.76528,2013-07-08
4197,0.0,-26.45,28.085833,2013-07-08
4198,3.649703979492187,-27.01011111,26.69808333,2013-07-09
4199,0.0,-24.670833,28.560833,2013-07-09
4200,10.020773887634276,-30.733889,29.828333,2013-07-09
4201,0.0,-26.648056,27.089444,2013-07-09
4202,0.0,-26.970278,27.211111,2013-07-09
4203,0.0,-26.880278,26.965,2013-07-09
4204,3.612297534942627,-26.98472222,26.63227778,2013-07-09
4205,6.22819972038269,-29.160278,26.573333,2013-07-09
4206,0.0,-28.883333,27.89,2013-07-09
4207,21.60405921936035,-31.396,29.2651,2013-07-09
4208,26.660472869873047,-31.554722,29.245556,2013-07-09
4209,0.0,-25.45963889,28.26430556,2013-07-09
4210,0.0,-28.338333,31.373611,2013-07-09
4211,3.047667980194092,-28.068333,31.55,2013-07-09
4212,0.0,-25.81048333,27.90955222,2013-07-10
4213,0.0,-22.225556,29.990556,2013-07-10
4214,23.78188133239746,-30.398056,30.601944,2013-07-10
4215,4.828907012939453,-30.27402,30.69602,2013-07-10
4216,7.156841278076172,-28.69485,28.23487,2013-07-10
4217,5.639764785766602,-29.615556,27.065278,2013-07-10
4218,11.798904418945312,-30.568333,29.422778,2013-07-10
4219,11.888203620910645,-30.570833,29.150556,2013-07-10
4220,6.578572750091553,-31.104278,29.399722,2013-07-10
4221,30.78881072998047,-34.092222,21.295278,2013-07-10
4222,0.0,-24.282222,28.090278,2013-07-11
4223,4.601593971252441,-30.13573889,30.67422222,2013-07-11
4224,7.603943824768066,-30.160091,27.40124,2013-07-11
4225,7.917407512664795,-30.336111,27.359444,2013-07-11
4226,13.55888843536377,-31.031389,28.883333,2013-07-11
4227,12.835412979125977,-30.86013889,29.07125,2013-07-11
4228,11.30306339263916,-30.77586667,29.03221667,2013-07-11
4229,6.2127251625061035,-30.830556,26.921389,2013-07-12
4230,9.995424270629885,-31.000833,26.353056,2013-07-12
4231,7.603943824768066,-30.160091,27.40124,2013-07-12
4232,2.3178744316101074,-28.75,30.442778,2013-07-13
4233,2.436925888061523,-28.735556,29.820556,2013-07-15
4234,0.0,-26.73806,27.59194,2013-07-15
4235,0.0,-26.45,28.085833,2013-07-15
4236,53.71539306640625,-33.38056,19.30167,2013-07-15
4237,3.649703979492187,-27.01011111,26.69808333,2013-07-16
4238,4.604879379272461,-24.679167,30.8025,2013-07-16
4239,0.0,-25.127778,27.628889,2013-07-16
4240,0.0,-24.39619444,27.08983333,2013-07-16
4241,2.0189695358276367,-24.69514,27.40906,2013-07-16
4242,0.0,-23.658056,31.05,2013-07-16
4243,0.0,-27.169444,29.233889,2013-07-16
4244,0.0,-26.861111,28.884722,2013-07-16
4245,0.0,-27.00222,28.76528,2013-07-16
4246,0.0,-26.648056,27.089444,2013-07-16
4247,0.0,-26.880278,26.965,2013-07-16
4248,3.612297534942627,-26.98472222,26.63227778,2013-07-16
4249,0.0,-28.141944,26.417778,2013-07-16
4250,0.0,-28.1175,26.719444,2013-07-16
4251,0.0,-29.641944,30.6875,2013-07-17
4252,0.0,-22.91028,29.61111,2013-07-17
4253,0.0,-25.20639,27.558,2013-07-17
4254,2.48628306388855,-24.058889,31.237222,2013-07-17
4255,5.77570915222168,-27.363611,31.783333,2013-07-17
4256,4.668963432312012,-27.38972222,26.46388889,2013-07-17
4257,0.0,-28.768056,20.720556,2013-07-17
4258,41.66875457763672,-33.13083,18.86278,2013-07-17
4259,36.42283248901367,-32.94583,18.33667,2013-07-17
4260,0.0,-22.935,28.004167,2013-07-18
4261,0.0,-24.183889,30.823889,2013-07-18
4262,0.0,-23.23572222,27.717,2013-07-18
4263,0.0,-26.905,32.324722,2013-07-18
4264,0.0,-27.602222,29.942778,2013-07-18
4265,0.0,-29.744167,29.905833,2013-07-18
4266,0.0,-27.935,26.126667,2013-07-18
4267,0.0,-28.141944,26.417778,2013-07-18
4268,0.0,-27.902778,24.615556,2013-07-19
4269,0.0,-28.96362,19.15486,2013-07-20
4270,0.0,-25.99136,27.84208,2013-07-22
4271,0.0,-32.502778,19.535833,2013-07-22
4272,9.80809450149536,-31.860278,18.6875,2013-07-23
4273,0.0,-26.45,28.085833,2013-07-23
4274,0.0,-28.141944,26.417778,2013-07-23
4275,0.0,-28.1175,26.719444,2013-07-23
4276,9.231623649597168,-32.595833,19.009444,2013-07-23
4277,0.0,-25.45963889,28.26430556,2013-07-23
4278,0.0,-29.161667,23.696389,2013-07-24
4279,0.0,-25.81048333,27.90955222,2013-07-24
4280,0.0,-26.861111,28.884722,2013-07-24
4281,0.0,-27.00222,28.76528,2013-07-24
4282,0.0,-26.970278,27.211111,2013-07-24
4283,0.0,-27.671111,27.236944,2013-07-24
4284,6.5664496421813965,-33.501667,21.624167,2013-07-24
4285,0.0,-33.7075,18.97444444,2013-07-24
4286,0.0,-27.01011111,26.69808333,2013-07-25
4287,6.278409481048584,-23.838611,31.640833,2013-07-25
4288,3.006854772567749,-29.744167,29.905833,2013-07-25
4289,0.0,-26.648056,27.089444,2013-07-25
4290,0.0,-26.880278,26.965,2013-07-25
4291,0.0,-27.38972222,26.46388889,2013-07-25
4292,0.0,-26.98472222,26.63227778,2013-07-25
4293,0.0,-27.398611,26.614722,2013-07-25
4294,0.0,-33.31388889,19.07472222,2013-07-25
4295,10.045635461807253,-29.140556,31.391944,2013-07-29
4296,0.0,-34.065833,20.404167,2013-07-30
4297,0.0,-25.127778,27.628889,2013-07-30
4298,0.0,-25.20639,27.558,2013-07-30
4299,0.0,-24.69514,27.40906,2013-07-30
4300,3.275219678878784,-28.404444,30.013056,2013-07-30
4301,5.091488838195801,-29.380556,30.2775,2013-07-30
4302,0.0,-26.648056,27.089444,2013-07-30
4303,0.0,-26.970278,27.211111,2013-07-30
4304,0.0,-26.880278,26.965,2013-07-30
4305,0.0,-26.98472222,26.63227778,2013-07-30
4306,0.0,-29.160278,26.573333,2013-07-30
4307,0.0,-28.69485,28.23487,2013-07-30
4308,0.0,-28.883333,27.89,2013-07-30
4309,0.0,-34.075556,20.145556,2013-07-30
4310,3.258481740951538,-28.058889,30.373611,2013-07-30
4311,0.0,-29.161667,23.696389,2013-07-31
4312,0.0,-24.39619444,27.08983333,2013-07-31
4313,9.38518500328064,-28.747778,31.745833,2013-07-31
4314,10.67041826248169,-28.801278,31.955389,2013-07-31
4315,0.0,-29.615556,27.065278,2013-07-31
4316,0.0,-34.405833,19.600556,2013-07-31
4317,0.0,-27.5275,30.858056,2013-08-01
4318,0.0,-27.902778,24.615556,2013-08-01
4319,0.0,-30.160091,27.40124,2013-08-01
4320,2.9574573040008545,-30.336111,27.359444,2013-08-01
4321,0.0,-29.651389,22.746389,2013-08-01
4322,0.0,-29.1825,23.575556,2013-08-01
4323,37.07608795166016,-33.897778,20.012778,2013-08-01
4324,3.006854772567749,-29.744167,29.905833,2013-08-02
4325,4.245192050933838,-28.068333,31.55,2013-08-03
4326,4.945179462432861,-25.99136,27.84208,2013-08-05
4327,12.234522581100464,-29.7775,29.470833,2013-08-05
4328,10.432457208633425,-29.987778,29.851667,2013-08-05
4329,13.285386562347412,-29.744167,29.905833,2013-08-05
4330,5.083271503448486,-26.45,28.085833,2013-08-05
4331,7.268232345581055,-31.396,29.2651,2013-08-05
4332,8.194007873535156,-31.554722,29.245556,2013-08-05
4333,11.44724941253662,-27.169444,29.233889,2013-08-06
4334,8.62789249420166,-30.570833,29.150556,2013-08-06
4335,6.817897319793701,-31.104278,29.399722,2013-08-06
4336,0.0,-25.45963889,28.26430556,2013-08-06
4337,21.26870346069336,-28.338333,31.373611,2013-08-06
4338,0.0,-28.068333,31.55,2013-08-06
4339,0.0,-29.161667,23.696389,2013-08-07
4340,5.076031684875488,-25.81048333,27.90955222,2013-08-07
4341,4.547022342681885,-30.830556,26.921389,2013-08-07
4342,10.69994831085205,-30.398056,30.601944,2013-08-07
4343,12.28463077545166,-27.02314,28.59389,2013-08-07
4344,17.464576721191406,-27.273889,28.49,2013-08-07
4345,14.001958847045898,-27.4275,28.525833,2013-08-07
4346,15.7686767578125,-27.3,28.586944,2013-08-07
4347,2.989473342895508,-27.398611,26.614722,2013-08-07
4348,0.0,-29.033333,23.983333,2013-08-07
4349,11.1530499458313,-31.031389,28.883333,2013-08-07
4350,14.199166297912598,-30.86013889,29.07125,2013-08-07
4351,13.756433486938477,-30.77586667,29.03221667,2013-08-07
4352,4.8602614402771,-27.01011111,26.69808333,2013-08-08
4353,0.0,-28.44555556,32.325,2013-10-01
4354,6.99299955368042,-26.648056,27.089444,2013-08-08
4355,10.115168571472168,-26.970278,27.211111,2013-08-08
4356,4.681491374969482,-26.98472222,26.63227778,2013-08-08
4357,0.0,-27.573056,24.746389,2013-08-08
4358,0.0,-31.000833,26.353056,2013-08-08
4359,0.0,-30.679722,26.7125,2013-08-08
4360,8.62789249420166,-30.570833,29.150556,2013-08-08
4361,0.0,-25.57877778,29.12747222,2013-08-08
4362,20.8748779296875,-29.803611,30.516111,2013-08-09
4363,16.587544918060303,-28.735556,29.820556,2013-08-12
4364,9.127906799316406,-26.73806,27.59194,2013-08-12
4365,5.083271503448486,-26.45,28.085833,2013-08-12
4366,4.681491374969482,-26.98472222,26.63227778,2013-08-12
4367,0.0,-33.38056,19.30167,2013-08-12
4368,4.522881031036377,-28.760833,17.730278,2013-08-13
4369,0.0,-22.225556,29.990556,2013-08-13
4370,0.0,-25.127778,27.628889,2013-08-13
4371,0.0,-24.39619444,27.08983333,2013-08-13
4372,2.3495984077453613,-24.69514,27.40906,2013-08-13
4373,0.0,-23.658056,31.05,2013-08-13
4374,1.9471389055252075,-23.281,30.54305556,2013-08-13
4375,11.44724941253662,-27.169444,29.233889,2013-08-13
4376,12.113525390625,-27.00222,28.76528,2013-08-13
4377,10.115168571472168,-26.970278,27.211111,2013-08-13
4378,0.0,-29.1825,23.575556,2013-08-13
4379,46.37381362915039,-34.039722,22.133333,2013-08-13
4380,56.28568172454834,-34.02861,22.22222,2013-08-13
4381,6.908966064453125,-31.5653,18.3306,2013-08-13
4382,0.0,-29.161667,23.696389,2013-08-14
4383,4.8602614402771,-27.01011111,26.69808333,2013-08-14
4384,17.16179847717285,-29.641944,30.6875,2013-08-14
4385,1.8706735372543335,-24.183889,30.823889,2013-08-14
4386,2.5150465965270996,-25.20639,27.558,2013-08-14
4387,0.0,-22.769722,30.886944,2013-08-14
4388,0.0,-23.838611,31.640833,2013-08-14
4389,0.0,-24.058889,31.237222,2013-08-14
4390,10.007000923156738,-27.363611,31.783333,2013-08-14
4391,6.99299955368042,-26.648056,27.089444,2013-08-14
4392,8.373522758483887,-26.880278,26.965,2013-08-14
4393,3.1077213287353516,-27.38972222,26.46388889,2013-08-14
4394,4.681491374969482,-26.98472222,26.63227778,2013-08-14
4395,3.2390921115875244,-28.141944,26.417778,2013-08-14
4396,9.043133735656738,-28.1175,26.719444,2013-08-14
4397,0.0,-29.033333,23.983333,2013-08-14
4398,0.0,-28.768056,20.720556,2013-08-14
4399,66.02346515655518,-34.092222,21.295278,2013-08-14
4400,33.50030517578125,-33.13083,18.86278,2013-08-14
4401,3.113489866256714,-26.905,32.324722,2013-08-15
4402,6.0204925537109375,-27.602222,29.942778,2013-08-15
4403,2.989473342895508,-27.398611,26.614722,2013-08-15
4404,7.729949474334717,-27.671111,27.236944,2013-08-15
4405,0.0,-27.902778,24.615556,2013-08-15
4406,4.07951021194458,-24.679167,30.8025,2013-08-16
4407,13.285386562347412,-29.744167,29.905833,2013-08-16
4408,3.666449069976806,-25.447222,30.711667,2013-08-18
4409,0.0,-25.99136,27.84208,2013-08-19
4410,0.0,-29.160278,26.573333,2013-08-19
4411,11.26308536529541,-32.502778,19.535833,2013-08-19
4412,8.138116836547852,-31.860278,18.6875,2013-08-20
4413,0.0,-22.91028,29.61111,2013-08-20
4414,0.0,-25.45963889,28.26430556,2013-08-20
4415,0.0,-25.81048333,27.90955222,2013-08-21
4416,0.0,-22.935,28.004167,2013-08-21
4417,5.683933734893799,-26.03611,30.99778,2013-08-21
4418,0.0,-28.75,30.442778,2013-08-21
4419,0.0,-29.161667,30.629722,2013-08-21
4420,3.3284242153167725,-26.45,28.085833,2013-08-21
4421,0.0,-27.671111,27.236944,2013-08-21
4422,58.351036071777344,-33.7075,18.97444444,2013-08-21
4423,2.5791237354278564,-27.01011111,26.69808333,2013-08-22
4424,0.0,-24.282222,28.090278,2013-08-22
4425,0.0,-27.00222,28.76528,2013-08-22
4426,2.4257445335388184,-26.98472222,26.63227778,2013-08-22
4427,0.0,-28.116667,26.725278,2013-08-22
4428,114.74362087249756,-33.31388889,19.07472222,2013-08-22
4429,0.0,-26.648056,27.089444,2013-08-23
4430,0.0,-26.970278,27.211111,2013-08-23
4431,0.0,-26.880278,26.965,2013-08-23
4432,15.683717250823976,-30.398056,30.601944,2013-08-24
4433,6.279669284820557,-24.99328,30.81444,2013-08-26
4434,0.0,-29.380556,30.2775,2013-08-26
4435,0.0,-26.73806,27.59194,2013-08-26
4436,3.3284242153167725,-26.45,28.085833,2013-08-26
4437,45.829941749572754,-33.818056,19.694722,2013-08-26
4438,8.902257919311523,-34.065833,20.404167,2013-08-27
4439,0.0,-25.127778,27.628889,2013-08-27
4440,0.0,-24.69514,27.40906,2013-08-27
4441,2.1058530807495117,-22.43772222,31.07805556,2013-08-27
4442,3.957034111022949,-25.681111,31.783333,2013-08-27
4443,5.314889430999756,-25.67386,31.57527,2013-08-27
4444,4.94664192199707,-28.747778,31.745833,2013-08-27
4445,0.0,-27.169444,29.233889,2013-08-27
4446,0.0,-27.00222,28.76528,2013-08-27
4447,0.0,-27.273889,28.49,2013-08-27
4448,0.0,-29.042222,24.6,2013-08-27
4449,0.0,-29.028629,24.638389,2013-08-27
4450,0.0,-29.033333,23.983333,2013-08-27
4451,8.983587980270386,-28.760833,17.730278,2013-08-28
4452,0.0,-29.161667,23.696389,2013-08-28
4453,5.841726303100586,-25.436111,31.982222,2013-08-28
4454,0.0,-23.838611,31.640833,2013-08-28
4455,4.383556842803955,-25.398889,31.610556,2013-08-28
4456,0.0,-25.14944444,31.94055556,2013-08-28
4457,11.511394023895264,-28.801278,31.955389,2013-08-28
4458,5.668459892272949,-27.937778,31.209444,2013-08-28
4459,0.0,-28.69485,28.23487,2013-08-28
4460,5.165860652923584,-28.883333,27.89,2013-08-28
4461,23.658687591552734,-34.405833,19.600556,2013-08-28
4462,0.0,-28.058889,30.373611,2013-08-28
4463,10.176973342895508,-27.5275,30.858056,2013-08-29
4464,0.0,-26.970278,27.211111,2013-08-29
4465,30.11369514465332,-33.501667,21.624167,2013-08-29
4466,38.90212297439575,-34.075556,20.145556,2013-08-29
4467,3.9514036178588863,-33.897778,20.012778,2013-08-29
4468,2.5791237354278564,-27.01011111,26.69808333,2013-08-30
4469,7.282055377960205,-29.744167,29.905833,2013-08-30
4470,0.0,-26.648056,27.089444,2013-08-30
4471,0.0,-26.880278,26.965,2013-08-30
4472,2.4257445335388184,-26.98472222,26.63227778,2013-08-30
4473,2.4745233058929443,-25.99136,27.84208,2013-09-02
4474,4.727356433868408,-30.733889,29.828333,2013-09-02
4475,4.348514080047607,-29.7775,29.470833,2013-09-02
4476,7.844265460968018,-29.987778,29.851667,2013-09-02
4477,7.282055377960205,-29.744167,29.905833,2013-09-02
4478,3.3284242153167725,-26.45,28.085833,2013-09-02
4479,0.0,-27.671111,27.236944,2013-09-02
4480,0.0,-31.396,29.2651,2013-09-02
4481,0.0,-31.554722,29.245556,2013-09-02
4482,0.0,-25.73411,27.21422,2013-09-03
4483,2.9165589809417725,-27.398611,26.614722,2013-09-03
4484,0.0,-29.160278,26.573333,2013-09-03
4485,0.0,-30.568333,29.422778,2013-09-03
4486,7.487693786621094,-30.570833,29.150556,2013-09-03
4487,0.0,-31.104278,29.399722,2013-09-03
4488,0.0,-25.45963889,28.26430556,2013-09-03
4489,0.0,-28.338333,31.373611,2013-09-03
4490,0.0,-27.495556,26.074722,2013-09-03
4491,0.0,-29.161667,23.696389,2013-09-04
4492,0.0,-27.01011111,26.69808333,2013-09-04
4493,0.0,-25.81048333,27.90955222,2013-09-04
4494,0.0,-23.658056,31.05,2013-09-04
4495,0.0,-25.49037,30.6986,2013-09-04
4496,0.0,-27.00222,28.76528,2013-09-04
4497,0.0,-26.648056,27.089444,2013-09-04
4498,1.5123411417007446,-26.970278,27.211111,2013-09-04
4499,0.0,-26.880278,26.965,2013-09-04
4500,0.0,-27.273889,28.49,2013-09-04
4501,0.0,-27.3,28.586944,2013-09-04
4502,0.0,-26.98472222,26.63227778,2013-09-04
4503,0.0,-29.033333,23.983333,2013-09-04
4504,3.61953067779541,-30.336111,27.359444,2013-09-04
4505,3.832389116287231,-29.615556,27.065278,2013-09-04
4506,0.0,-31.031389,28.883333,2013-09-04
4507,0.0,-30.86013889,29.07125,2013-09-04
4508,0.0,-30.77586667,29.03221667,2013-09-04
4509,23.472312927246097,-34.031944,22.053333,2013-09-04
4510,30.31187915802002,-34.039722,22.133333,2013-09-04
4511,5.966513156890869,-33.08883333,19.21878333,2013-09-04
4512,0.0,-30.830556,26.921389,2013-09-05
4513,0.0,-28.44555556,32.325,2013-10-03
4514,7.282055377960205,-29.744167,29.905833,2013-09-05
4515,0.0,-30.13573889,30.67422222,2013-09-05
4516,0.0,-29.160278,26.573333,2013-09-05
4517,0.0,-30.679722,26.7125,2013-09-05
4518,2.9729232788085938,-30.160091,27.40124,2013-09-05
4519,11.748045921325684,-34.02861,22.22222,2013-09-05
4520,2.938344240188598,-24.058889,31.237222,2013-09-06
4521,0.0,-27.573056,24.746389,2013-09-06
4522,8.70044219493866,-31.000833,26.353056,2013-09-06
4523,0.0,-29.803611,30.516111,2013-09-06
4524,0.0,-28.735556,29.820556,2013-09-09
4525,1.464154601097107,-26.73806,27.59194,2013-09-09
4526,3.6755611896514897,-26.45,28.085833,2013-09-09
4527,19.119686603546143,-33.38056,19.30167,2013-09-09
4528,6.57521390914917,-32.502778,19.535833,2013-09-09
4529,0.0,-34.005833,22.351111,2013-09-09
4530,4.746145725250244,-31.860278,18.6875,2013-09-10
4531,7.44417929649353,-25.127778,27.628889,2013-09-10
4532,5.1572465896606445,-24.69514,27.40906,2013-09-10
4533,0.0,-22.769722,30.886944,2013-09-10
4534,0.0,-23.281,30.54305556,2013-09-10
4535,3.3088784217834473,-27.802778,28.768333,2013-09-10
4536,10.951022624969482,-32.595833,19.009444,2013-09-10
4537,0.0,-29.161667,23.696389,2013-09-11
4538,1.8798673152923584,-27.01011111,26.69808333,2013-09-11
4539,5.75009822845459,-29.641944,30.6875,2013-09-11
4540,6.239187240600586,-25.20639,27.558,2013-09-11
4541,32.444496154785156,-27.363611,31.783333,2013-09-11
4542,1.5123411417007446,-26.970278,27.211111,2013-09-11
4543,1.431120991706848,-26.880278,26.965,2013-09-11
4544,1.9101542234420776,-26.98472222,26.63227778,2013-09-11
4545,0.0,-28.768056,20.720556,2013-09-11
4546,7.256230354309082,-34.092222,21.295278,2013-09-11
4547,24.40569639205933,-33.13083,18.86278,2013-09-11
4548,30.954495429992676,-33.7075,18.97444444,2013-09-11
4549,20.65702533721924,-32.94583,18.33667,2013-09-11
4550,6.54155158996582,-26.905,32.324722,2013-09-12
4551,3.1895856857299805,-27.602222,29.942778,2013-09-12
4552,17.7902193069458,-33.31388889,19.07472222,2013-09-12
4553,1.9101542234420776,-26.98472222,26.63227778,2013-09-13
4554,0.0,-27.902778,24.615556,2013-09-13
4555,0.0,-25.99136,27.84208,2013-09-16
4556,10.28420114517212,-26.03611,30.99778,2013-09-16
4557,3.6755611896514897,-26.45,28.085833,2013-09-16
4558,4.73322868347168,-25.447222,30.711667,2013-09-16
4559,0.0,-28.760833,17.730278,2013-09-17
4560,1.8798673152923584,-27.01011111,26.69808333,2013-09-17
4561,3.189176321029663,-25.73411,27.21422,2013-09-17
4562,2.608839750289917,-27.00222,28.76528,2013-09-17
4563,2.314208507537842,-26.648056,27.089444,2013-09-17
4564,1.5123411417007446,-26.970278,27.211111,2013-09-17
4565,1.431120991706848,-26.880278,26.965,2013-09-17
4566,1.9101542234420776,-26.98472222,26.63227778,2013-09-17
4567,0.0,-29.042222,24.6,2013-09-17
4568,1.9224716424942017,-29.028629,24.638389,2013-09-17
4569,0.0,-29.033333,23.983333,2013-09-17
4570,9.56246566772461,-25.45963889,28.26430556,2013-09-17
4571,5.505390167236328,-25.57877778,29.12747222,2013-09-17
4572,0.0,-28.760833,17.730278,2013-09-18
4573,0.0,-29.161667,23.696389,2013-09-18
4574,3.8787474632263184,-25.81048333,27.90955222,2013-09-18
4575,0.0,-25.398889,31.610556,2013-09-18
4576,1.6241674423217771,-27.935,26.126667,2013-09-18
4577,0.0,-27.671111,27.236944,2013-09-18
4578,0.0,-29.033333,23.983333,2013-09-18
4579,3.806586265563965,-28.75,30.442778,2013-09-19
4580,1.3477668762207031,-27.38972222,26.46388889,2013-09-19
4581,18.01018714904785,-34.250556,20.9925,2013-09-19
4582,15.614491939544678,-29.744167,29.905833,2013-09-20
4583,0.0,-27.671111,27.236944,2013-09-20
4584,1.9507445096969604,-27.573056,24.746389,2013-09-20
4585,0.0,-28.760833,17.730278,2013-09-23
4586,17.307637214660645,-29.380556,30.2775,2013-09-23
4587,12.88139820098877,-33.818056,19.694722,2013-09-23
4588,23.201146125793457,-34.065833,20.404167,2013-09-24
4589,4.887862205505371,-24.670833,28.560833,2013-09-24
4590,12.44085454940796,-25.681111,31.783333,2013-09-24
4591,13.737234115600586,-25.67386,31.57527,2013-09-24
4592,39.768402099609375,-28.747778,31.745833,2013-09-24
4593,34.28437423706055,-29.140556,31.391944,2013-09-25
4594,0.0,-25.127778,27.628889,2013-09-25
4595,0.0,-24.69514,27.40906,2013-09-25
4596,19.033791542053223,-27.937778,31.209444,2013-09-25
4597,18.66113042831421,-28.404444,30.013056,2013-09-25
4598,4.357303142547607,-26.73806,27.59194,2013-09-25
4599,5.742470741271973,-26.45,28.085833,2013-09-25
4600,3.7672119140625,-33.501667,21.624167,2013-09-25
4601,4.853649616241455,-27.01011111,26.69808333,2013-09-26
4602,14.745590686798096,-22.225556,29.990556,2013-09-26
4603,15.67535161972046,-25.436111,31.982222,2013-09-26
4604,3.5248379707336426,-25.20639,27.558,2013-09-26
4605,42.00968551635742,-28.801278,31.955389,2013-09-26
4606,11.01899480819702,-27.169444,29.233889,2013-09-26
4607,8.469177484512329,-27.00222,28.76528,2013-09-26
4608,2.8522324562072754,-26.648056,27.089444,2013-09-26
4609,4.003548622131348,-26.970278,27.211111,2013-09-26
4610,3.8222815990448,-26.880278,26.965,2013-09-26
4611,3.9878764152526855,-28.141944,26.417778,2013-09-26
4612,18.9096736907959,-28.058889,30.373611,2013-09-26
4613,6.695285320281982,-26.861111,28.884722,2013-09-27
4614,5.680523872375488,-27.902778,24.615556,2013-09-27
4615,9.316280364990234,-25.99136,27.84208,2013-09-30
4616,14.600107192993164,-29.7775,29.470833,2013-09-30
4617,21.604930877685547,-29.987778,29.851667,2013-09-30
4618,9.925945281982422,-29.744167,29.905833,2013-09-30
4619,5.742470741271973,-26.45,28.085833,2013-09-30
4620,22.30775213241577,-31.396,29.2651,2013-09-30
4621,27.295549869537354,-31.554722,29.245556,2013-09-30
4622,11.286535739898682,-24.183889,30.823889,2013-10-01
4623,9.858301162719728,-25.73411,27.21422,2013-10-01
4624,72.93415832519531,-28.44555556,32.325,2013-10-31
4625,5.241306304931641,-27.671111,27.236944,2013-10-01
4626,21.245407104492188,-30.568333,29.422778,2013-10-01
4627,24.1622257232666,-30.570833,29.150556,2013-10-01
4628,28.39472198486328,-31.104278,29.399722,2013-10-01
4629,0.0,-34.031944,22.053333,2013-10-01
4630,5.796204090118408,-34.005833,22.351111,2013-10-01
4631,2.9498534202575684,-25.45963889,28.26430556,2013-10-01
4632,20.530741691589355,-28.068333,31.55,2013-10-01
4633,4.388721942901611,-29.161667,23.696389,2013-10-02
4634,4.853649616241455,-27.01011111,26.69808333,2013-10-02
4635,9.919597625732422,-25.81048333,27.90955222,2013-10-02
4636,5.3682475090026855,-24.058889,31.237222,2013-10-02
4637,12.659919261932371,-30.733889,29.828333,2013-10-02
4638,29.5835018157959,-30.398056,30.601944,2013-10-02
4639,12.388666152954102,-27.00222,28.76528,2013-10-02
4640,11.14372968673706,-27.02314,28.59389,2013-10-02
4641,16.01716423034668,-27.273889,28.49,2013-10-02
4642,6.266674041748047,-27.3,28.586944,2013-10-02
4643,10.624948501586914,-27.802778,28.768333,2013-10-02
4644,4.887584686279297,-26.98472222,26.63227778,2013-10-02
4645,4.896450042724609,-27.398611,26.614722,2013-10-02
4646,5.241306304931641,-27.671111,27.236944,2013-10-02
4647,6.853909015655518,-29.160278,26.573333,2013-10-02
4648,9.689864158630373,-29.615556,27.065278,2013-10-02
4649,8.041104316711426,-28.883333,27.89,2013-10-02
4650,25.670485496520996,-31.031389,28.883333,2013-10-02
4651,28.48518657684326,-30.86013889,29.07125,2013-10-02
4652,23.112963676452637,-30.77586667,29.03221667,2013-10-02
4653,4.596885681152344,-34.039722,22.133333,2013-10-02
4654,0.0,-34.02861,22.22222,2013-10-02
4655,0.0,-27.495556,26.074722,2013-10-02
4656,0.0,-28.44555556,32.325,2014-01-16
4657,9.925945281982422,-29.744167,29.905833,2013-10-03
4658,2.8522324562072754,-26.648056,27.089444,2013-10-03
4659,8.37201976776123,-26.970278,27.211111,2013-10-03
4660,3.8222815990448,-26.880278,26.965,2013-10-03
4661,6.266674041748047,-27.3,28.586944,2013-10-03
4662,16.39287543296814,-30.160091,27.40124,2013-10-03
4663,10.970528602600098,-30.336111,27.359444,2013-10-03
4664,9.689864158630373,-29.615556,27.065278,2013-10-03
4665,0.0,-30.830556,26.921389,2013-10-04
4666,8.315075874328613,-30.679722,26.7125,2013-10-04
4667,19.19567584991455,-29.803611,30.516111,2013-10-04
4668,0.0,-26.73806,27.59194,2013-10-07
4669,7.563023090362549,-26.45,28.085833,2013-10-07
4670,0.0,-31.436944,20.474722,2013-10-07
4671,0.0,-29.1825,23.575556,2013-10-07
4672,0.0,-33.38056,19.30167,2013-10-07
4673,0.0,-32.502778,19.535833,2013-10-07
4674,0.0,-31.860278,18.6875,2013-10-08
4675,6.804468631744385,-25.127778,27.628889,2013-10-08
4676,0.0,-24.69514,27.40906,2013-10-08
4677,0.0,-22.769722,30.886944,2013-10-08
4678,0.0,-28.735556,29.820556,2013-10-08
4679,8.645756721496582,-27.169444,29.233889,2013-10-08
4680,7.230251789093018,-26.861111,28.884722,2013-10-08
4681,6.5283284187316895,-27.00222,28.76528,2013-10-08
4682,0.0,-34.092222,21.295278,2013-10-08
4683,0.0,-33.13083,18.86278,2013-10-08
4684,10.523914337158203,-32.94583,18.33667,2013-10-08
4685,0.0,-29.161667,23.696389,2013-10-09
4686,0.0,-29.641944,30.6875,2013-10-09
4687,6.586828231811523,-25.20639,27.558,2013-10-09
4688,12.234374046325684,-26.905,32.324722,2013-10-09
4689,9.593241691589355,-27.602222,29.942778,2013-10-09
4690,25.99992513656616,-33.7075,18.97444444,2013-10-09
4691,0.0,-23.658056,31.05,2013-10-10
4692,16.08464241027832,-27.363611,31.783333,2013-10-10
4693,16.0806245803833,-26.970278,27.211111,2013-10-10
4694,0.0,-33.31388889,19.07472222,2013-10-10
4695,26.976377487182617,-27.01011111,26.69808333,2013-10-11
4696,13.385197639465332,-26.648056,27.089444,2013-10-11
4697,11.394397735595703,-26.880278,26.965,2013-10-11
4698,25.92778778076172,-26.98472222,26.63227778,2013-10-11
4699,0.0,-27.902778,24.615556,2013-10-11
4700,28.00508165359497,-26.861111,28.884722,2013-10-13
4701,32.57546806335449,-25.99136,27.84208,2013-10-14
4702,30.37662696838379,-26.45,28.085833,2013-10-14
4703,44.96063041687012,-27.01011111,26.69808333,2013-10-15
4704,25.175284385681152,-25.73411,27.21422,2013-10-15
4705,56.097384452819824,-24.99328,30.81444,2013-10-15
4706,30.59352970123291,-27.5275,30.858056,2013-10-15
4707,45.41515064239502,-26.861111,28.884722,2013-10-15
4708,52.33686590194702,-27.00222,28.76528,2013-10-15
4709,22.308663368225098,-26.648056,27.089444,2013-10-15
4710,29.280383110046387,-26.970278,27.211111,2013-10-15
4711,22.788795471191406,-26.880278,26.965,2013-10-15
4712,43.21298027038574,-26.98472222,26.63227778,2013-10-15
4713,24.287225246429443,-25.45963889,28.26430556,2013-10-15
4714,0.0,-29.161667,23.696389,2013-10-16
4715,22.05952787399292,-25.81048333,27.90955222,2013-10-16
4716,23.53766965866089,-24.670833,28.560833,2013-10-16
4717,49.499600410461426,-28.75,30.442778,2013-10-16
4718,59.1649055480957,-29.161667,30.629722,2013-10-16
4719,13.901289939880373,-29.160278,26.573333,2013-10-16
4720,0.0,-29.033333,23.983333,2013-10-16
4721,3.395651340484619,-28.768056,20.720556,2013-10-16
4722,0.0,-29.161667,23.696389,2013-10-17
4723,33.74127388000488,-29.744167,29.905833,2013-10-17
4724,28.82406520843506,-27.671111,27.236944,2013-10-17
4725,0.0,-34.250556,20.9925,2013-10-17
4726,72.70092582702637,-29.380556,30.2775,2013-10-21
4727,34.70077133178711,-33.818056,19.694722,2013-10-21
4728,44.96063041687012,-27.01011111,26.69808333,2013-10-22
4729,74.0507640838623,-34.065833,20.404167,2013-10-22
4730,40.10952472686768,-25.127778,27.628889,2013-10-22
4731,39.46774101257324,-25.20639,27.558,2013-10-22
4732,42.02232551574707,-24.69514,27.40906,2013-10-22
4733,37.19162130355835,-26.648056,27.089444,2013-10-22
4734,50.688881397247314,-26.970278,27.211111,2013-10-22
4735,40.69974708557129,-26.880278,26.965,2013-10-22
4736,58.03005838394165,-26.73806,27.59194,2013-10-22
4737,37.48111009597778,-26.45,28.085833,2013-10-22
4738,43.21298027038574,-26.98472222,26.63227778,2013-10-22
4739,31.79227590560913,-28.141944,26.417778,2013-10-22
4740,36.9358434677124,-29.042222,24.6,2013-10-22
4741,37.80338287353515,-29.028629,24.638389,2013-10-22
4742,56.65298080444336,-33.501667,21.624167,2013-10-22
4743,47.76106643676758,-34.075556,20.145556,2013-10-22
4744,0.0,-28.760833,17.730278,2013-10-23
4745,11.183172225952148,-29.161667,23.696389,2013-10-23
4746,105.75866794586182,-29.140556,31.391944,2013-10-23
4747,69.71933841705322,-28.801278,31.955389,2013-10-23
4748,64.81969833374023,-27.169444,29.233889,2013-10-23
4749,54.89289569854736,-26.861111,28.884722,2013-10-23
4750,61.73155450820923,-27.00222,28.76528,2013-10-23
4751,50.688881397247314,-26.970278,27.211111,2013-10-23
4752,38.8317346572876,-27.38972222,26.46388889,2013-10-23
4753,43.21298027038574,-26.98472222,26.63227778,2013-10-23
4754,43.54463768005371,-27.398611,26.614722,2013-10-23
4755,49.65260601043701,-27.671111,27.236944,2013-10-23
4756,6.763162136077881,-34.405833,19.600556,2013-10-23
4757,54.78961753845215,-28.058889,30.373611,2013-10-23
4758,37.28072261810303,-33.897778,20.012778,2013-10-23
4759,101.60558891296388,-28.747778,31.745833,2013-10-24
4760,54.745426654815674,-27.5275,30.858056,2013-10-24
4761,23.182106018066406,-28.116667,26.725278,2013-10-24
4762,,-34.329722,18.990278,2013-10-24
4763,16.40769052505493,-27.573056,24.746389,2013-10-25
4764,35.67105770111084,-25.99136,27.84208,2013-10-28
4765,32.458221435546875,-29.7775,29.470833,2013-10-28
4766,25.541687965393063,-29.987778,29.851667,2013-10-28
4767,32.21523571014404,-29.744167,29.905833,2013-10-28
4768,31.840407371520996,-26.45,28.085833,2013-10-28
4769,0.0,-27.01011111,26.69808333,2013-10-29
4770,21.91005039215088,-25.73411,27.21422,2013-10-29
4771,43.0828914642334,-30.733889,29.828333,2013-10-29
4772,28.184065341949463,-27.00222,28.76528,2013-10-29
4773,23.51032590866089,-26.648056,27.089444,2013-10-29
4774,21.408498287200928,-26.970278,27.211111,2013-10-29
4775,22.36998176574707,-26.880278,26.965,2013-10-29
4776,38.41731357574463,-27.802778,28.768333,2013-10-29
4777,0.0,-26.98472222,26.63227778,2013-10-29
4778,25.319921016693115,-25.45963889,28.26430556,2013-10-29
4779,59.070512771606445,-28.338333,31.373611,2013-10-29
4780,57.162803649902344,-28.068333,31.55,2013-10-29
4781,28.4539737701416,-25.81048333,27.90955222,2013-10-30
4782,20.388933181762695,-30.830556,26.921389,2013-10-30
4783,62.95623397827149,-30.398056,30.601944,2013-10-30
4784,40.30425453186035,-30.160091,27.40124,2013-10-30
4785,41.105960845947266,-30.336111,27.359444,2013-10-30
4786,40.20843696594238,-28.883333,27.89,2013-10-30
4787,0.0,-28.768056,20.720556,2013-10-30
4788,65.12554550170898,-31.104278,29.399722,2013-10-30
4789,67.9317626953125,-31.396,29.2651,2013-10-30
4790,67.92257976531982,-31.554722,29.245556,2013-10-30
4791,0.0,-28.44555556,32.325,2014-02-13
4792,39.91575622558594,-30.13573889,30.67422222,2013-10-31
4793,53.160109519958496,-28.69485,28.23487,2013-10-31
4794,40.20843696594238,-28.883333,27.89,2013-10-31
4795,9.29351043701172,-31.436944,20.474722,2013-10-31
4796,57.89680767059326,-30.570833,29.150556,2013-10-31
4797,36.12962794303894,-29.744167,29.905833,2013-11-01
4798,39.004204750061035,-30.568333,29.422778,2013-11-01
4799,62.500925064086914,-31.031389,28.883333,2013-11-01
4800,50.1632719039917,-30.77586667,29.03221667,2013-11-01
4801,38.20782470703125,-29.803611,30.516111,2013-11-01
4802,15.674932479858398,-26.73806,27.59194,2013-11-04
4803,17.172901153564453,-26.45,28.085833,2013-11-04
4804,32.66393566131592,-27.3,28.586944,2013-11-04
4805,6.867934226989746,-26.98472222,26.63227778,2013-11-04
4806,0.0,-33.38056,19.30167,2013-11-04
4807,3.1070988178253174,-32.502778,19.535833,2013-11-04
4808,7.626399993896484,-27.01011111,26.69808333,2013-11-05
4809,0.0,-31.860278,18.6875,2013-11-05
4810,75.62754201889038,-24.679167,30.8025,2013-11-05
4811,0.0,-33.980556,21.653333,2013-11-05
4812,27.14895915985107,-25.127778,27.628889,2013-11-05
4813,3.303375482559204,-24.39619444,27.08983333,2013-11-05
4814,15.63830852508545,-24.69514,27.40906,2013-11-05
4815,24.77569842338562,-27.169444,29.233889,2013-11-05
4816,23.86809730529785,-26.861111,28.884722,2013-11-05
4817,6.867934226989746,-26.98472222,26.63227778,2013-11-05
4818,0.0,-27.398611,26.614722,2013-11-05
4819,2.872016429901123,-27.671111,27.236944,2013-11-05
4820,4.928769588470459,-32.595833,19.009444,2013-11-05
4821,31.315093994140625,-29.641944,30.6875,2013-11-06
4822,32.977898597717285,-25.20639,27.558,2013-11-06
4823,22.83919477462769,-27.00222,28.76528,2013-11-06
4824,22.16204047203064,-27.02314,28.59389,2013-11-06
4825,4.015458106994629,-26.970278,27.211111,2013-11-06
4826,4.4590301513671875,-26.880278,26.965,2013-11-06
4827,34.121938705444336,-27.273889,28.49,2013-11-06
4828,9.708057403564451,-27.4275,28.525833,2013-11-06
4829,6.5053534507751465,-33.13083,18.86278,2013-11-06
4830,0.0,-33.7075,18.97444444,2013-11-06
4831,0.0,-32.94583,18.33667,2013-11-06
4832,32.28215217590332,-24.058889,31.237222,2013-11-07
4833,10.99897813796997,-27.602222,29.942778,2013-11-07
4834,21.699661016464233,-27.3,28.586944,2013-11-07
4835,0.0,-27.902778,24.615556,2013-11-07
4836,3.46060848236084,-28.69485,28.23487,2013-11-07
4837,13.157801151275637,-33.31388889,19.07472222,2013-11-07
4838,0.0,-27.573056,24.746389,2013-11-08
4839,0.0,-27.573056,24.746389,2013-11-10
4840,0.0,-28.760833,17.730278,2013-11-11
4841,0.0,-29.161667,23.696389,2013-11-11
4842,26.427977561950684,-25.99136,27.84208,2013-11-11
4843,20.807838916778564,-26.861111,28.884722,2013-11-11
4844,33.78947448730469,-30.86013889,29.07125,2013-11-11
4845,24.601163864135746,-27.01011111,26.69808333,2013-11-12
4846,22.654013633728027,-25.73411,27.21422,2013-11-12
4847,29.946136951446533,-22.769722,30.886944,2013-11-12
4848,16.85010051727295,-27.00222,28.76528,2013-11-12
4849,8.288678169250488,-26.648056,27.089444,2013-11-12
4850,14.364110708236694,-26.970278,27.211111,2013-11-12
4851,12.40403652191162,-26.880278,26.965,2013-11-12
4852,24.897866010665897,-26.98472222,26.63227778,2013-11-12
4853,24.198742866516113,-33.08883333,19.21878333,2013-11-12
4854,32.57361316680908,-25.45963889,28.26430556,2013-11-12
4855,0.0,-29.161667,23.696389,2013-11-13
4856,38.21720910072327,-25.81048333,27.90955222,2013-11-13
4857,26.489826202392575,-22.43772222,31.07805556,2013-11-13
4858,21.12537956237793,-28.75,30.442778,2013-11-13
4859,45.011701583862305,-29.161667,30.629722,2013-11-13
4860,28.68937873840332,-28.141944,26.417778,2013-11-13
4861,29.73012971878052,-28.1175,26.719444,2013-11-13
4862,19.092817306518555,-29.160278,26.573333,2013-11-13
4863,1.5229432582855225,-29.033333,23.983333,2013-11-13
4864,74.56806945800781,-34.02861,22.22222,2013-11-13
4865,80.90687561035156,-34.005833,22.351111,2013-11-13
4866,45.812859535217285,-23.658056,31.05,2013-11-14
4867,43.876686096191406,-29.744167,29.905833,2013-11-14
4868,34.40713167190552,-27.273889,28.49,2013-11-14
4869,30.467339515686035,-27.4275,28.525833,2013-11-14
4870,34.91536784172058,-27.3,28.586944,2013-11-14
4871,30.995052337646484,-27.398611,26.614722,2013-11-14
4872,36.04034233093262,-27.671111,27.236944,2013-11-14
4873,54.215702056884766,-34.031944,22.053333,2013-11-15
4874,49.07868719100952,-34.039722,22.133333,2013-11-15
4875,61.181164264678955,-24.925278,29.324444,2013-11-18
4876,62.48281574249267,-29.380556,30.2775,2013-11-18
4877,35.74272394180298,-26.73806,27.59194,2013-11-18
4878,61.075514793396,-26.45,28.085833,2013-11-18
4879,22.051159858703613,-33.870833,20.003333,2013-11-18
4880,24.074164390563965,-33.818056,19.694722,2013-11-18
4881,16.974763870239258,-27.01011111,26.69808333,2013-11-19
4882,106.47714233398438,-34.065833,20.404167,2013-11-19
4883,45.209917068481445,-25.20639,27.558,2013-11-19
4884,26.418168306350708,-24.69514,27.40906,2013-11-19
4885,60.12770390510559,-28.747778,31.745833,2013-11-19
4886,48.45186424255371,-27.169444,29.233889,2013-11-19
4887,59.59751892089844,-26.861111,28.884722,2013-11-19
4888,61.54902696609497,-27.00222,28.76528,2013-11-19
4889,34.882575035095215,-26.648056,27.089444,2013-11-19
4890,26.5839946269989,-26.970278,27.211111,2013-11-19
4891,30.05527400970459,-26.880278,26.965,2013-11-19
4892,55.67747473716736,-27.3,28.586944,2013-11-19
4893,18.029931783676147,-26.98472222,26.63227778,2013-11-19
4894,48.57295322418213,-27.671111,27.236944,2013-11-19
4895,71.90371704101562,-31.396,29.2651,2013-11-19
4896,80.03947448730469,-31.554722,29.245556,2013-11-19
4897,59.34964942932129,-34.075556,20.145556,2013-11-19
4898,5.546990394592285,-29.161667,23.696389,2013-11-20
4899,42.013808488845825,-25.127778,27.628889,2013-11-20
4900,55.71486759185791,-28.801278,31.955389,2013-11-20
4901,55.467670917510986,-27.937778,31.209444,2013-11-20
4902,55.23583269119263,-28.404444,30.013056,2013-11-20
4903,56.73777103424072,-27.273889,28.49,2013-11-20
4904,67.87066173553467,-28.883333,27.89,2013-11-20
4905,40.71150588989258,-30.568333,29.422778,2013-11-20
4906,70.96379947662354,-31.104278,29.399722,2013-11-20
4907,85.41011047363281,-34.250556,20.9925,2013-11-20
4908,,-34.329722,18.990278,2013-11-20
4909,74.0169620513916,-25.57877778,29.12747222,2013-11-20
4910,71.84231233596802,-27.5275,30.858056,2013-11-21
4911,33.52024030685425,-28.116667,26.725278,2013-11-21
4912,73.34774780273438,-28.69485,28.23487,2013-11-21
4913,62.570173263549805,-30.86013889,29.07125,2013-11-21
4914,62.283005714416504,-30.570833,29.150556,2013-11-21
4915,60.98719024658203,-30.77586667,29.03221667,2013-11-21
4916,77.84670639038086,-34.405833,19.600556,2013-11-21
4917,46.75542068481445,-33.897778,20.012778,2013-11-21
4918,19.27616500854492,-27.902778,24.615556,2013-11-22
4919,65.7073106765747,-31.031389,28.883333,2013-11-22
4920,64.68901586532593,-28.058889,30.373611,2013-11-22
4921,70.96874332427979,-25.99136,27.84208,2013-11-25
4922,80.39461183547974,-29.7775,29.470833,2013-11-25
4923,62.644689083099365,-29.744167,29.905833,2013-11-25
4924,90.04945039749146,-26.45,28.085833,2013-11-25
4925,36.56693077087402,-29.042222,24.6,2013-11-25
4926,0.0,-33.38056,19.30167,2013-11-25
4927,0.0,-32.502778,19.535833,2013-11-25
4928,70.27219891548157,-28.338333,31.373611,2013-11-25
4929,92.36296272277832,-28.068333,31.55,2013-11-25
4930,4.163451194763184,-28.1175,26.719444,2011-07-26
4931,1.779285907745361,-28.1175,26.719444,2011-08-23
4932,1.779285907745361,-28.1175,26.719444,2011-08-30
4933,0.0,-28.1175,26.719444,2011-09-21
4934,15.654995918273926,-28.1175,26.719444,2011-09-29
4935,18.581478118896484,-28.1175,26.719444,2011-11-17
4936,43.49896812438965,-27.01011111,26.69808333,2013-11-26
4937,0.0,-31.860278,18.6875,2013-11-26
4938,73.38043022155762,-25.73411,27.21422,2013-11-26
4939,64.05737495422363,-30.733889,29.828333,2013-11-26
4940,96.940411567688,-29.987778,29.851667,2013-11-26
4941,137.59055376052856,-27.00222,28.76528,2013-11-26
4942,4.323371410369873,-28.1175,26.719444,2012-06-07
4943,68.77207469940186,-26.970278,27.211111,2013-11-26
4944,62.56666660308838,-26.880278,26.965,2013-11-26
4945,40.34528112411499,-26.98472222,26.63227778,2013-11-26
4946,80.94103717803955,-29.160278,26.573333,2013-11-26
4947,57.00044775009155,-29.028629,24.638389,2013-11-26
4948,96.44216871261597,-28.69485,28.23487,2013-11-26
4949,2.605515480041504,-28.1175,26.719444,2012-07-17
4950,16.347039937973022,-33.501667,21.624167,2013-11-26
4951,3.7477002143859863,-32.595833,19.009444,2013-11-26
4952,23.769001483917236,-28.1175,26.719444,2012-09-17
4953,103.20134019851685,-25.45963889,28.26430556,2013-11-26
4954,18.788289546966553,-29.161667,23.696389,2013-11-27
4955,111.82614183425903,-25.81048333,27.90955222,2013-11-27
4956,83.43613624572754,-24.670833,28.560833,2013-11-27
4957,77.35017395019531,-30.398056,30.601944,2013-11-27
4958,134.1180534362793,-26.861111,28.884722,2013-11-27
4959,30.311299800872803,-29.033333,23.983333,2013-11-27
4960,83.96704912185669,-28.69485,28.23487,2013-11-27
4961,40.69017052650452,-29.615556,27.065278,2013-11-27
4962,65.2656135559082,-28.883333,27.89,2013-11-27
4963,6.436551570892334,-33.7075,18.97444444,2013-11-27
4964,11.400007724761965,-32.94583,18.33667,2013-11-27
4965,82.82347011566162,-24.282222,28.090278,2013-11-28
4966,65.28226661682129,-30.13573889,30.67422222,2013-11-28
4967,0.0,-28.1175,26.719444,2013-07-18
4968,9.233029127120972,-33.31388889,19.07472222,2013-11-28
4969,4.946295261383057,-33.13083,18.86278,2013-11-28
4970,74.33873081207275,-29.744167,29.905833,2013-11-29
4971,60.608012676239014,-29.803611,30.516111,2013-11-29
4972,86.2816424369812,-26.73806,27.59194,2013-12-01
4973,55.500675201416016,-28.735556,29.820556,2013-12-02
4974,78.52653551101685,-26.45,28.085833,2013-12-02
4975,31.876578330993652,-25.127778,27.628889,2013-12-03
4976,32.65722608566284,-24.69514,27.40906,2013-12-03
4977,97.8592004776001,-27.273889,28.49,2013-12-03
4978,114.55778932571413,-27.4275,28.525833,2013-12-03
4979,120.83176612854004,-27.3,28.586944,2013-12-03
4980,74.13917636871338,-27.398611,26.614722,2013-12-03
4981,57.109840393066406,-30.160091,27.40124,2013-12-03
4982,55.83979511260986,-30.336111,27.359444,2013-12-03
4983,2.396223783493042,-33.08883333,19.21878333,2013-12-03
4984,73.13587808609009,-27.4,26.624722,2013-12-03
4985,38.33614492416382,-29.161667,23.696389,2013-12-04
4986,89.29427433013916,-27.01011111,26.69808333,2013-12-04
4987,77.36214303970337,-29.641944,30.6875,2013-12-04
4988,5.478014945983887,-28.1175,26.719444,2014-05-19
4989,0.0,-28.1175,26.719444,2014-06-03
4990,42.90127182006836,-25.20639,27.558,2013-12-04
4991,100.50035762786864,-27.363611,31.783333,2013-12-04
4992,93.33563232421876,-26.648056,27.089444,2013-12-04
4993,100.87278270721436,-26.970278,27.211111,2013-12-04
4994,94.09236335754396,-26.880278,26.965,2013-12-04
4995,79.9713921546936,-26.98472222,26.63227778,2013-12-04
4996,28.503060340881348,-31.000833,26.353056,2013-12-04
4997,46.07411575317383,-30.679722,26.7125,2013-12-04
4998,12.141928672790527,-28.1175,26.719444,2014-08-06
4999,19.14798259735107,-34.039722,22.133333,2013-12-04
5000,1.699406385421753,-28.760833,17.730278,2013-12-05
5001,59.00780272483826,-26.905,32.324722,2013-12-05
5002,44.49686288833618,-28.116667,26.725278,2013-12-05
5003,5.628322124481201,-34.250556,20.9925,2013-12-05
5004,12.463583946228027,-34.092222,21.295278,2013-12-05
5005,55.698171615600586,-23.658056,31.05,2013-12-06
5006,52.169554710388184,-23.281,30.54305556,2013-12-06
5007,94.22634696960448,-27.02314,28.59389,2013-12-07
5008,103.29663276672365,-25.99136,27.84208,2013-12-09
5009,48.85470533370972,-27.935,26.126667,2013-12-09
5010,37.64678192138672,-28.141944,26.417778,2013-12-09
5011,29.90330171585083,-28.1175,26.719444,2013-12-09
5012,29.90330171585083,-28.116667,26.725278,2013-12-09
5013,45.93360328674317,-25.73411,27.21422,2013-12-10
5014,65.56336784362793,-25.45963889,28.26430556,2013-12-10
5015,37.73748016357422,-27.01011111,26.69808333,2013-12-11
5016,90.05789947509766,-25.81048333,27.90955222,2013-12-11
5017,42.03737926483154,-28.116667,26.725278,2011-02-22
5018,80.8260669708252,-24.183889,30.823889,2013-12-11
5019,87.08420181274414,-24.058889,31.237222,2013-12-11
5020,4.163451194763184,-28.116667,26.725278,2011-07-26
5021,1.779285907745361,-28.116667,26.725278,2011-08-23
5022,0.0,-28.116667,26.725278,2011-09-21
5023,0.0,-28.116667,26.725278,2011-10-18
5024,16.859838008880615,-28.116667,26.725278,2011-12-14
5025,30.04440689086914,-28.116667,26.725278,2012-01-18
5026,34.66500282287598,-28.116667,26.725278,2012-02-15
5027,0.0,-28.116667,26.725278,2012-03-14
5028,147.71599578857422,-26.03611,30.99778,2013-12-11
5029,46.65524935722351,-27.5275,30.858056,2013-12-11
5030,39.238563537597656,-28.75,30.442778,2013-12-11
5031,0.0,-28.116667,26.725278,2012-05-09
5032,0.0,-28.116667,26.725278,2012-05-29
5033,4.323371410369873,-28.116667,26.725278,2012-06-06
5034,9.92282009124756,-28.116667,26.725278,2012-06-14
5035,11.592693328857422,-28.116667,26.725278,2012-06-21
5036,4.345404624938965,-28.116667,26.725278,2012-07-04
5037,0.0,-28.116667,26.725278,2012-08-01
5038,0.0,-28.116667,26.725278,2012-08-29
5039,23.769001483917236,-28.116667,26.725278,2012-09-17
5040,20.248390197753903,-28.116667,26.725278,2012-10-24
5041,16.615968704223633,-28.116667,26.725278,2012-11-15
5042,54.6114501953125,-28.404444,30.013056,2013-12-11
5043,17.51121997833252,-28.116667,26.725278,2012-11-21
5044,31.555781841278076,-28.116667,26.725278,2013-01-31
5045,19.011428833007812,-28.116667,26.725278,2013-02-08
5046,6.4385085105896,-28.116667,26.725278,2013-02-20
5047,26.210124492645264,-28.116667,26.725278,2013-03-14
5048,77.80762672424316,-28.116667,26.725278,2013-03-21
5049,22.357421875,-29.161667,30.629722,2013-12-11
5050,49.739572525024414,-26.648056,27.089444,2013-12-11
5051,10.574844360351562,-28.116667,26.725278,2013-04-24
5052,40.479618072509766,-26.970278,27.211111,2013-12-11
5053,40.67714309692383,-26.880278,26.965,2013-12-11
5054,52.91481971740723,-27.38972222,26.46388889,2013-12-11
5055,32.346155643463135,-26.98472222,26.63227778,2013-12-11
5056,0.0,-28.116667,26.725278,2013-07-16
5057,9.043133735656738,-28.116667,26.725278,2013-08-14
5058,26.093358039855957,-28.141944,26.417778,2013-12-11
5059,6.100272178649902,-28.116667,26.725278,2013-09-26
5060,39.33835983276367,-28.116667,26.725278,2013-10-22
5061,24.791473388671875,-28.1175,26.719444,2013-12-11
5062,41.648486614227295,-27.671111,27.236944,2013-12-11
5063,7.552618503570557,-28.768056,20.720556,2013-12-11
5064,42.37562656402588,-27.356667,27.286389,2013-12-11
5065,85.51457500457764,-24.679167,30.8025,2013-12-12
5066,68.40575790405273,-27.937778,31.209444,2013-12-12
5067,36.61640453338623,-29.744167,29.905833,2013-12-12
5068,41.24752855300903,-26.98472222,26.63227778,2013-12-12
5069,39.98345375061035,-27.398611,26.614722,2013-12-12
5070,5.381068706512451,-34.031944,22.053333,2013-12-13
5071,42.94940757751465,-28.735556,29.820556,2013-12-17
5072,5.311625957489014,-27.935,26.126667,2013-12-17
5073,6.52333927154541,-28.141944,26.417778,2013-12-17
5074,3.5416393280029297,-28.1175,26.719444,2013-12-17
5075,3.5416393280029297,-28.116667,26.725278,2013-12-17
5076,0.0,-28.116667,26.725278,2014-04-02
5077,0.0,-29.160278,26.573333,2013-12-17
5078,5.402315616607666,-29.042222,24.6,2013-12-17
5079,5.024372577667236,-29.028629,24.638389,2013-12-17
5080,0.0,-29.033333,23.983333,2013-12-17
5081,0.0,-33.501667,21.624167,2013-12-17
5082,15.473855018615724,-27.01011111,26.69808333,2013-12-18
5083,0.0,-22.225556,29.990556,2013-12-18
5084,60.16473579406738,-25.127778,27.628889,2013-12-18
5085,5.478014945983887,-28.116667,26.725278,2014-05-20
5086,48.37740707397461,-25.20639,27.558,2013-12-18
5087,14.512542724609377,-24.39619444,27.08983333,2013-12-18
5088,3.118141412734986,-28.116667,26.725278,2014-07-02
5089,19.054941177368164,-24.69514,27.40906,2013-12-18
5090,0.0,-28.116667,26.725278,2014-07-15
5091,64.9362621307373,-27.602222,29.942778,2013-12-18
5092,60.28873062133789,-29.380556,30.2775,2013-12-18
5093,6.338968753814697,-28.116667,26.725278,2014-07-29
5094,5.80295991897583,-28.116667,26.725278,2014-08-18
5095,0.0,-28.116667,26.725278,2014-08-20
5096,16.45865821838379,-26.648056,27.089444,2013-12-18
5097,0.0,-28.116667,26.725278,2014-08-26
5098,11.874798774719238,-26.970278,27.211111,2013-12-18
5099,2.6105494499206543,-28.116667,26.725278,2014-09-09
5100,0.0,-26.880278,26.965,2013-12-18
5101,30.096473693847656,-27.671111,27.236944,2013-12-18
5102,13.533721446990969,-28.116667,26.725278,2014-10-15
5103,64.28201484680176,-24.058889,31.237222,2013-12-19
5104,40.872355222702026,-28.116667,26.725278,2014-11-10
5105,31.15215826034546,-28.116667,26.725278,2014-11-24
5106,31.15215826034546,-28.116667,26.725278,2014-11-25
5107,40.84139442443848,-22.43772222,31.07805556,2013-12-22
5108,20.83843421936035,-28.116667,26.725278,2015-01-05
5109,54.62065887451172,-25.99136,27.84208,2013-12-23
5110,23.34587574005127,-26.970278,27.211111,2013-12-23
5111,26.854951858520508,-26.880278,26.965,2013-12-23
5112,24.04658603668213,-25.45963889,28.26430556,2013-12-23
5113,34.50776195526123,-27.01011111,26.69808333,2013-12-24
5114,68.59683036804199,-25.81048333,27.90955222,2013-12-24
5115,20.886064052581787,-28.116667,26.725278,2015-03-10
5116,106.21252059936523,-25.73411,27.21422,2013-12-24
5117,25.84290313720703,-26.648056,27.089444,2013-12-24
5118,41.15038204193115,-26.98472222,26.63227778,2013-12-24
5119,0.0,-28.116667,26.725278,2015-04-14
5120,0.0,-28.116667,26.725278,2015-04-15
5121,0.0,-28.116667,26.725278,2015-06-09
5122,13.850168704986572,-28.116667,26.725278,2015-06-24
5123,2.8601255416870117,-28.116667,26.725278,2015-07-22
5124,3.4719367027282715,-28.116667,26.725278,2015-08-12
5125,3.4719367027282715,-28.116667,26.725278,2015-08-20
5126,4.434992790222168,-28.116667,26.725278,2015-09-08
5127,26.158769607543945,-28.116667,26.725278,2015-10-15
5128,2.785731077194214,-28.116667,26.725278,2015-11-03
5129,2.785731077194214,-28.116667,26.725278,2015-11-10
5130,5.352841377258301,-29.161667,23.696389,2013-12-25
5131,0.0,-28.96362,19.15486,2013-12-28
5132,33.7566499710083,-28.1175,26.719444,2013-12-30
5133,5.357348918914795,-29.161667,23.696389,2014-01-01
5134,27.49891662597656,-29.140556,31.391944,2014-01-01
5135,28.767943382263184,-28.747778,31.745833,2014-01-01
5136,15.579266548156738,-25.99136,27.84208,2014-01-06
5137,25.22701835632324,-26.45,28.085833,2014-01-06
5138,0.0,-27.935,26.126667,2014-01-06
5139,0.0,-28.141944,26.417778,2014-01-06
5140,0.0,-28.1175,26.719444,2014-01-06
5141,0.0,-28.116667,26.725278,2014-01-06
5142,7.654686450958252,-27.169444,29.233889,2014-01-07
5143,0.0,-26.861111,28.884722,2014-01-07
5144,7.075466156005859,-27.273889,28.49,2014-01-07
5145,29.00477409362793,-25.45963889,28.26430556,2014-01-07
5146,5.357348918914795,-29.161667,23.696389,2014-01-08
5147,0.0,-27.01011111,26.69808333,2014-01-08
5148,21.34662818908691,-25.81048333,27.90955222,2014-01-08
5149,12.665776252746582,-29.140556,31.391944,2014-01-08
5150,8.962141036987305,-28.801278,31.955389,2014-01-08
5151,0.0,-28.75,30.442778,2014-01-08
5152,5.534392356872559,-28.404444,30.013056,2014-01-08
5153,11.661191940307615,-29.744167,29.905833,2014-01-08
5154,0.0,-29.161667,30.629722,2014-01-08
5155,0.0,-27.00222,28.76528,2014-01-08
5156,7.392408847808838,-27.02314,28.59389,2014-01-08
5157,0.0,-26.648056,27.089444,2014-01-08
5158,0.0,-26.970278,27.211111,2014-01-08
5159,11.157286643981934,-26.880278,26.965,2014-01-08
5160,7.075466156005859,-27.273889,28.49,2014-01-08
5161,11.160850524902344,-27.4275,28.525833,2014-01-08
5162,0.0,-27.3,28.586944,2014-01-08
5163,0.0,-26.98472222,26.63227778,2014-01-08
5164,5.348917007446289,-27.044444,27.005,2014-01-08
5165,14.28839874267578,-28.69485,28.23487,2014-01-08
5166,0.0,-29.615556,27.065278,2014-01-08
5167,3.066016912460327,-28.768056,20.720556,2014-01-08
5168,6.738863468170166,-28.058889,30.373611,2014-01-08
5169,0.0,-27.937778,31.209444,2014-01-09
5170,11.462182760238647,-27.5275,30.858056,2014-01-09
5171,13.99404239654541,-30.679722,26.7125,2014-01-09
5172,28.464649200439453,-30.160091,27.40124,2014-01-09
5173,32.808610916137695,-30.336111,27.359444,2014-01-09
5174,4.326536655426025,-27.671111,27.236944,2014-01-10
5175,0.0,-30.534167,24.961944,2014-01-10
5176,33.17518901824951,-29.380556,30.2775,2014-01-13
5177,19.631482124328613,-26.73806,27.59194,2014-01-13
5178,25.22701835632324,-26.45,28.085833,2014-01-13
5179,12.013269186019896,-26.98472222,26.63227778,2014-01-13
5180,17.888597011566162,-27.01011111,26.69808333,2014-01-14
5181,44.0352258682251,-29.641944,30.6875,2014-01-14
5182,10.40915584564209,-25.127778,27.628889,2014-01-14
5183,10.99189281463623,-25.20639,27.558,2014-01-14
5184,13.781707048416138,-24.69514,27.40906,2014-01-14
5185,26.87225341796875,-25.73411,27.21422,2014-01-14
5186,6.38604998588562,-24.058889,31.237222,2014-01-14
5187,28.62022399902344,-26.861111,28.884722,2014-01-14
5188,6.17104434967041,-26.648056,27.089444,2014-01-14
5189,18.9997501373291,-26.970278,27.211111,2014-01-14
5190,24.332533836364743,-26.880278,26.965,2014-01-14
5191,12.013269186019896,-26.98472222,26.63227778,2014-01-14
5192,12.725894927978516,-28.1175,26.719444,2014-01-14
5193,12.80853509902954,-27.044444,27.005,2014-01-14
5194,46.3942928314209,-31.396,29.2651,2014-01-14
5195,58.67103576660156,-31.554722,29.245556,2014-01-14
5196,51.29468584060669,-34.075556,20.145556,2014-01-14
5197,15.525882720947266,-28.338333,31.373611,2014-01-14
5198,15.926092147827148,-28.068333,31.55,2014-01-14
5199,0.0,-29.161667,23.696389,2014-01-15
5200,14.512625455856323,-24.39619444,27.08983333,2014-01-15
5201,58.358866691589355,-30.568333,29.422778,2014-01-15
5202,62.22593975067139,-30.570833,29.150556,2014-01-15
5203,52.89509868621826,-31.104278,29.399722,2014-01-15
5204,12.426691055297852,-22.769722,30.886944,2014-01-16
5205,87.36679172515869,-28.44555556,32.325,2014-03-12
5206,24.570860385894775,-27.935,26.126667,2014-01-16
5207,26.58972644805908,-28.141944,26.417778,2014-01-16
5208,76.21049165725708,-30.86013889,29.07125,2014-01-16
5209,56.71368408203125,-30.77586667,29.03221667,2014-01-16
5210,5.358201503753662,-23.838611,31.640833,2014-01-17
5211,4.7831220626831055,-27.902778,24.615556,2014-01-17
5212,40.34022331237793,-31.031389,28.883333,2014-01-17
5213,12.901540279388428,-29.042222,24.6,2014-01-20
5214,0.0,-29.033333,23.983333,2014-01-20
5215,0.0,-28.760833,17.730278,2014-01-21
5216,39.00833177566528,-24.670833,28.560833,2014-01-21
5217,30.414788246154785,-28.141944,26.417778,2014-01-21
5218,33.14081287384033,-28.1175,26.719444,2014-01-21
5219,14.67532444000244,-29.028629,24.638389,2014-01-21
5220,10.600654125213625,-29.1825,23.575556,2014-01-21
5221,9.022536277770996,-34.031944,22.053333,2014-01-21
5222,6.682511329650879,-34.039722,22.133333,2014-01-21
5223,57.56135845184326,-25.57877778,29.12747222,2014-01-21
5224,6.626953125,-29.161667,23.696389,2014-01-22
5225,28.97670269012451,-24.282222,28.090278,2014-01-22
5226,40.15781021118164,-25.99136,27.84208,2014-01-22
5227,27.45692253112793,-24.925278,29.324444,2014-01-22
5228,46.619972229003906,-27.363611,31.783333,2014-01-22
5229,35.00202751159668,-27.602222,29.942778,2014-01-22
5230,41.63752365112305,-29.744167,29.905833,2014-01-22
5231,34.80023956298828,-26.45,28.085833,2014-01-22
5232,32.688228130340576,-27.671111,27.236944,2014-01-22
5233,28.078086853027344,-34.02861,22.22222,2014-01-22
5234,24.097320556640625,-34.405833,19.600556,2014-01-22
5235,35.764357566833496,-27.01011111,26.69808333,2014-01-23
5236,8.742795944213867,-26.905,32.324722,2014-01-23
5237,28.432701110839844,-27.169444,29.233889,2014-01-23
5238,47.251097202301025,-27.00222,28.76528,2014-01-23
5239,23.866737365722656,-26.648056,27.089444,2014-01-23
5240,51.84853458404541,-26.970278,27.211111,2014-01-23
5241,32.41533088684082,-26.880278,26.965,2014-01-23
5242,27.002514839172363,-27.38972222,26.46388889,2014-01-23
5243,24.02774143218994,-26.98472222,26.63227778,2014-01-23
5244,31.366470336914062,-27.398611,26.614722,2014-01-23
5245,43.43640327453613,-25.45963889,28.26430556,2014-01-23
5246,19.773072957992554,-33.897778,20.012778,2014-01-23
5247,30.68840980529785,-25.81048333,27.90955222,2014-01-24
5248,54.09687519073486,-29.803611,30.516111,2014-01-26
5249,86.2692003250122,-30.733889,29.828333,2014-01-27
5250,47.02318286895752,-26.45,28.085833,2014-01-27
5251,55.62875747680664,-29.160278,26.573333,2014-01-27
5252,29.428916931152344,-33.38056,19.30167,2014-01-27
5253,12.255480766296388,-32.502778,19.535833,2014-01-27
5254,100.80882453918456,-27.01011111,26.69808333,2014-01-28
5255,138.94976234436035,-25.127778,27.628889,2014-01-28
5256,58.58023142814636,-24.69514,27.40906,2014-01-28
5257,168.34447193145752,-25.73411,27.21422,2014-01-28
5258,65.47596454620361,-28.735556,29.820556,2014-01-28
5259,75.1795105934143,-27.00222,28.76528,2014-01-28
5260,82.3915958404541,-26.648056,27.089444,2014-01-28
5261,78.05517959594727,-26.970278,27.211111,2014-01-28
5262,71.74348449707031,-26.880278,26.965,2014-01-28
5263,101.03618717193604,-26.98472222,26.63227778,2014-01-28
5264,71.6096601486206,-27.398611,26.614722,2014-01-28
5265,9.114792823791504,-33.501667,21.624167,2014-01-28
5266,7.512585163116455,-32.595833,19.009444,2014-01-28
5267,145.43180179595947,-25.20639,27.558,2014-01-29
5268,15.72901964187622,-28.768056,20.720556,2014-01-29
5269,8.850380897521973,-33.13083,18.86278,2014-01-29
5270,13.90939235687256,-33.7075,18.97444444,2014-01-29
5271,6.468602657318115,-32.94583,18.33667,2014-01-29
5272,90.9353413581848,-30.13573889,30.67422222,2014-01-30
5273,74.2656192779541,-27.38972222,26.46388889,2014-01-30
5274,17.498095273971558,-33.31388889,19.07472222,2014-01-30
5275,64.5399694442749,-29.380556,30.2775,2014-01-31
5276,73.878821849823,-22.769722,30.886944,2014-02-03
5277,64.35352516174316,-26.73806,27.59194,2014-02-03
5278,30.557360649108887,-26.45,28.085833,2014-02-03
5279,31.6134729385376,-33.08883333,19.21878333,2014-02-03
5280,72.71893787384033,-28.747778,31.745833,2014-02-04
5281,87.56867933273315,-27.398611,26.614722,2014-02-04
5282,81.4213228225708,-25.45963889,28.26430556,2014-02-04
5283,77.52589130401611,-27.495556,26.074722,2014-02-04
5284,78.31855368614197,-27.4,26.624722,2014-02-04
5285,0.0,-28.760833,17.730278,2014-02-05
5286,44.76691436767578,-29.161667,23.696389,2014-02-05
5287,115.213285446167,-27.01011111,26.69808333,2014-02-05
5288,153.55746269226074,-25.81048333,27.90955222,2014-02-05
5289,40.360254764556885,-29.140556,31.391944,2014-02-05
5290,89.78661060333252,-28.801278,31.955389,2014-02-05
5291,63.889333724975586,-28.404444,30.013056,2014-02-05
5292,73.83020782470703,-29.744167,29.905833,2014-02-05
5293,66.37742805480957,-26.970278,27.211111,2014-02-05
5294,79.0697431564331,-26.880278,26.965,2014-02-05
5295,116.58713245391846,-26.98472222,26.63227778,2014-02-05
5296,67.96930980682373,-28.116667,26.725278,2014-02-05
5297,115.8439073562622,-27.044444,27.005,2014-02-05
5298,62.27089500427246,-29.033333,23.983333,2014-02-05
5299,104.88760662078856,-28.69485,28.23487,2014-02-05
5300,82.1756682395935,-27.937778,31.209444,2014-02-06
5301,67.72575950622559,-30.160091,27.40124,2014-02-06
5302,57.43220424652099,-30.336111,27.359444,2014-02-06
5303,67.08883810043335,-30.830556,26.921389,2014-02-07
5304,82.93269109725952,-27.671111,27.236944,2014-02-07
5305,42.57214641571045,-29.658056,25.973333,2014-02-07
5306,37.74420642852783,-30.679722,26.7125,2014-02-07
5307,51.180970191955566,-29.641944,30.6875,2014-02-08
5308,60.30016613006592,-26.648056,27.089444,2014-02-10
5309,61.742730140686035,-26.98472222,26.63227778,2014-02-10
5310,60.017409801483154,-31.396,29.2651,2014-02-10
5311,58.55663824081421,-31.554722,29.245556,2014-02-10
5312,37.462480545043945,-27.01011111,26.69808333,2014-02-11
5313,39.52251720428467,-25.127778,27.628889,2014-02-11
5314,52.083566665649414,-25.20639,27.558,2014-02-11
5315,52.902828216552734,-24.69514,27.40906,2014-02-11
5316,16.087291717529297,-26.970278,27.211111,2014-02-11
5317,31.599188804626465,-26.880278,26.965,2014-02-11
5318,16.81320571899414,-27.802778,28.768333,2014-02-11
5319,31.402213096618652,-26.98472222,26.63227778,2014-02-11
5320,38.85967540740967,-27.935,26.126667,2014-02-11
5321,53.30413055419922,-28.116667,26.725278,2014-02-11
5322,36.92347240447998,-27.044444,27.005,2014-02-11
5323,79.55039405822754,-29.160278,26.573333,2014-02-11
5324,102.75744247436523,-28.883333,27.89,2014-02-11
5325,56.83747959136963,-30.568333,29.422778,2014-02-11
5326,46.86246681213379,-30.570833,29.150556,2014-02-11
5327,60.47494125366211,-31.104278,29.399722,2014-02-11
5328,33.75566101074219,-28.338333,31.373611,2014-02-11
5329,41.086814880371094,-28.068333,31.55,2014-02-11
5330,13.04199504852295,-29.161667,23.696389,2014-02-12
5331,30.786373138427734,-24.39619444,27.08983333,2014-02-12
5332,39.30003356933594,-23.658056,31.05,2014-02-12
5333,43.68179512023926,-23.281,30.54305556,2014-02-12
5334,29.39234733581543,-24.058889,31.237222,2014-02-12
5335,30.09019947052002,-28.75,30.442778,2014-02-12
5336,66.48981475830078,-29.161667,30.629722,2014-02-12
5337,0.0,-26.45,28.085833,2014-02-12
5338,23.629175186157227,-27.044444,27.005,2014-02-12
5339,38.26735782623291,-29.615556,27.065278,2014-02-12
5340,34.43307018280029,-31.031389,28.883333,2014-02-12
5341,42.50340843200683,-30.86013889,29.07125,2014-02-12
5342,65.2556095123291,-30.570833,29.150556,2014-02-12
5343,67.25525665283203,-30.77586667,29.03221667,2014-02-12
5344,0.0,-32.94583,18.33667,2014-02-12
5345,28.26829195022583,-28.44555556,32.325,2014-04-09
5346,30.98168659210205,-27.4275,28.525833,2014-02-13
5347,5.361143589019775,-34.031944,22.053333,2014-02-13
5348,,-34.329722,18.990278,2014-02-13
5349,3.3719558715820312,-33.13083,18.86278,2014-02-13
5350,0.0,-33.897778,20.012778,2014-02-13
5351,0.0,-24.679167,30.8025,2014-02-14
5352,19.81241798400879,-27.935,26.126667,2014-02-14
5353,16.56254005432129,-34.039722,22.133333,2014-02-14
5354,25.628135681152344,-34.02861,22.22222,2014-02-14
5355,27.020520210266113,-25.99136,27.84208,2014-02-17
5356,16.091299057006836,-28.735556,29.820556,2014-02-17
5357,54.58003520965576,-26.648056,27.089444,2014-02-17
5358,19.81241798400879,-27.935,26.126667,2014-02-17
5359,13.899979591369627,-28.1175,26.719444,2014-02-17
5360,13.899979591369627,-28.116667,26.725278,2014-02-17
5361,36.970359802246094,-29.042222,24.6,2014-02-17
5362,13.30313205718994,-29.033333,23.983333,2014-02-17
5363,0.0,-33.818056,19.694722,2014-02-17
5364,0.0,-33.08883333,19.21878333,2014-02-17
5365,0.0,-27.01011111,26.69808333,2014-02-18
5366,20.479825973510746,-27.602222,29.942778,2014-02-18
5367,44.004512786865234,-26.970278,27.211111,2014-02-18
5368,26.703935623168945,-26.880278,26.965,2014-02-18
5369,13.74548625946045,-26.98472222,26.63227778,2014-02-18
5370,46.7491569519043,-29.160278,26.573333,2014-02-18
5371,37.76539897918701,-29.028629,24.638389,2014-02-18
5372,8.898655891418457,-34.075556,20.145556,2014-02-18
5373,0.0,-32.595833,19.009444,2014-02-18
5374,30.77238655090332,-25.45963889,28.26430556,2014-02-18
5375,12.3394775390625,-27.495556,26.074722,2014-02-18
5376,13.04199504852295,-29.161667,23.696389,2014-02-19
5377,17.75244903564453,-25.81048333,27.90955222,2014-02-19
5378,0.0,-26.905,32.324722,2014-02-19
5379,38.53580474853515,-29.744167,29.905833,2014-02-19
5380,0.0,-27.169444,29.233889,2014-02-19
5381,17.870086669921875,-27.00222,28.76528,2014-02-19
5382,46.787254333496094,-26.73806,27.59194,2014-02-19
5383,53.60836219787598,-26.45,28.085833,2014-02-19
5384,24.14814186096191,-29.033333,23.983333,2014-02-19
5385,36.26742935180664,-28.69485,28.23487,2014-02-19
5386,0.0,-28.883333,27.89,2014-02-19
5387,4.270007133483887,-33.7075,18.97444444,2014-02-19
5388,52.61174774169922,-25.57877778,29.12747222,2014-02-19
5389,62.487741470336914,-30.830556,26.921389,2014-02-20
5390,31.014269828796387,-28.1175,26.719444,2014-02-20
5391,80.74841928482056,-29.658056,25.973333,2014-02-20
5392,77.73966217041016,-30.679722,26.7125,2014-02-20
5393,50.78025531768799,-30.160091,27.40124,2014-02-20
5394,49.24660873413086,-30.336111,27.359444,2014-02-20
5395,0.0,-33.31388889,19.07472222,2014-02-20
5396,24.851463317871097,-24.925278,29.324444,2014-02-21
5397,27.77511978149414,-30.534167,24.961944,2014-02-21
5398,32.52752065658569,-29.7775,29.470833,2014-02-24
5399,38.53580474853515,-29.744167,29.905833,2014-02-24
5400,53.60836219787598,-26.45,28.085833,2014-02-24
5401,19.81241798400879,-27.935,26.126667,2014-02-24
5402,31.014269828796387,-28.1175,26.719444,2014-02-24
5403,31.014269828796387,-28.116667,26.725278,2014-02-24
5404,46.7491569519043,-29.160278,26.573333,2014-02-24
5405,0.0,-27.01011111,26.69808333,2014-02-25
5406,81.38787984848022,-25.127778,27.628889,2014-02-25
5407,26.328365325927734,-24.39619444,27.08983333,2014-02-25
5408,58.66739273071289,-24.69514,27.40906,2014-02-25
5409,0.0,-27.5275,30.858056,2014-02-25
5410,67.44926452636719,-30.733889,29.828333,2014-02-25
5411,23.311259746551514,-29.987778,29.851667,2014-02-25
5412,24.919819831848145,-29.380556,30.2775,2014-02-25
5413,0.0,-26.861111,28.884722,2014-02-25
5414,44.004512786865234,-26.970278,27.211111,2014-02-25
5415,26.703935623168945,-26.880278,26.965,2014-02-25
5416,13.74548625946045,-26.98472222,26.63227778,2014-02-25
5417,0.0,-27.044444,27.005,2014-02-25
5418,3.3237907886505127,-33.501667,21.624167,2014-02-25
5419,0.0,-28.058889,30.373611,2014-02-25
5420,0.0,-29.161667,23.696389,2014-02-26
5421,114.84383773803712,-25.20639,27.558,2014-02-26
5422,128.2439079284668,-25.73411,27.21422,2014-02-26
5423,84.87080192565918,-26.648056,27.089444,2014-02-26
5424,31.014269828796387,-28.116667,26.725278,2014-02-26
5425,27.89995574951172,-27.671111,27.236944,2014-02-26
5426,0.0,-28.768056,20.720556,2014-02-26
5427,27.322593688964844,-27.356667,27.286389,2014-02-26
5428,27.664854049682617,-30.13573889,30.67422222,2014-02-27
5429,27.474750757217407,-30.398056,30.601944,2014-02-27
5430,0.0,-27.902778,24.615556,2014-02-28
5431,87.9260025024414,-29.803611,30.516111,2014-02-28
5432,57.5608024597168,-26.73806,27.59194,2014-03-03
5433,86.44355392456055,-26.45,28.085833,2014-03-03
5434,56.58067607879639,-27.935,26.126667,2014-03-03
5435,73.21612739562988,-28.116667,26.725278,2014-03-03
5436,0.0,-32.502778,19.535833,2014-03-03
5437,76.95697021484375,-27.356667,27.286389,2014-03-03
5438,118.26451110839844,-25.81048333,27.90955222,2014-03-04
5439,71.56248474121094,-26.861111,28.884722,2014-03-04
5440,80.99746704101562,-27.02314,28.59389,2014-03-04
5441,55.36746406555176,-27.398611,26.614722,2014-03-04
5442,71.31282043457031,-27.671111,27.236944,2014-03-04
5443,5.807505130767822,-34.039722,22.133333,2014-03-04
5444,44.23305320739746,-27.495556,26.074722,2014-03-04
5445,46.94838333129883,-27.4,26.624722,2014-03-04
5446,18.54998207092285,-29.161667,23.696389,2014-03-05
5447,63.136756896972656,-27.01011111,26.69808333,2014-03-05
5448,117.13299560546876,-29.140556,31.391944,2014-03-05
5449,108.62522888183594,-29.744167,29.905833,2014-03-05
5450,70.32944869995117,-26.880278,26.965,2014-03-05
5451,60.61961364746094,-26.98472222,26.63227778,2014-03-05
5452,71.31282043457031,-27.671111,27.236944,2014-03-05
5453,11.275632858276367,-29.033333,23.983333,2014-03-05
5454,14.25716781616211,-34.02861,22.22222,2014-03-05
5455,0.0,-33.13083,18.86278,2014-03-05
5456,207.9589805603027,-25.45963889,28.26430556,2014-03-05
5457,67.3914270401001,-22.769722,30.886944,2014-03-06
5458,106.67401504516602,-27.937778,31.209444,2014-03-06
5459,56.9537467956543,-26.648056,27.089444,2014-03-06
5460,51.83393859863281,-26.970278,27.211111,2014-03-06
5461,55.36746406555176,-27.398611,26.614722,2014-03-06
5462,65.68141746520996,-27.044444,27.005,2014-03-06
5463,8.469762802124023,-29.651389,22.746389,2014-03-06
5464,10.862696647644045,-29.1825,23.575556,2014-03-06
5465,5.456357955932617,-34.031944,22.053333,2014-03-06
5466,10.080286026000977,-33.7075,18.97444444,2014-03-06
5467,4.999997138977051,-32.94583,18.33667,2014-03-06
5468,106.65160369873048,-28.058889,30.373611,2014-03-06
5469,65.34201049804688,-28.404444,30.013056,2014-03-07
5470,56.101837158203125,-28.116667,26.725278,2014-03-07
5471,8.469762802124023,-29.651389,22.746389,2014-03-07
5472,21.157958984375,-34.005833,22.351111,2014-03-07
5473,49.48093795776367,-29.380556,30.2775,2014-03-08
5474,100.79675102233888,-26.45,28.085833,2014-03-10
5475,89.48410034179688,-26.98472222,26.63227778,2014-03-10
5476,56.101837158203125,-28.1175,26.719444,2014-03-10
5477,30.15254783630371,-31.396,29.2651,2014-03-10
5478,37.31797218322754,-31.554722,29.245556,2014-03-10
5479,89.05990600585938,-27.01011111,26.69808333,2014-03-11
5480,129.82262420654297,-24.183889,30.823889,2014-03-11
5481,116.83300304412842,-26.861111,28.884722,2014-03-11
5482,36.759199142456055,-26.648056,27.089444,2014-03-11
5483,64.40462589263916,-26.970278,27.211111,2014-03-11
5484,81.39576816558838,-26.880278,26.965,2014-03-11
5485,89.48410034179688,-26.98472222,26.63227778,2014-03-11
5486,0.0,-27.902778,24.615556,2012-08-02
5487,82.15321350097656,-27.044444,27.005,2014-03-11
5488,45.21730041503906,-30.568333,29.422778,2014-03-11
5489,38.27654647827149,-30.570833,29.150556,2014-03-11
5490,48.390807151794434,-31.104278,29.399722,2014-03-11
5491,0.0,-34.092222,21.295278,2014-03-11
5492,47.20005702972412,-29.161667,23.696389,2014-03-12
5493,39.044921875,-28.7115,24.07288889,2014-03-12
5494,41.18814182281494,-29.641944,30.6875,2014-03-12
5495,0.0,-27.902778,24.615556,2013-06-20
5496,95.83200454711914,-24.034167,31.123611,2014-03-12
5497,0.0,-28.44555556,32.325,2014-05-07
5498,76.92212295532227,-28.75,30.442778,2014-03-12
5499,108.5805320739746,-29.161667,30.629722,2014-03-12
5500,102.79978227615356,-27.02314,28.59389,2014-03-12
5501,52.77377796173096,-27.273889,28.49,2014-03-12
5502,66.25739288330078,-27.4275,28.525833,2014-03-12
5503,60.89811134338379,-27.3,28.586944,2014-03-12
5504,25.298538208007812,-27.902778,24.615556,2014-01-02
5505,41.32384490966797,-27.935,26.126667,2014-03-12
5506,63.206825256347656,-28.141944,26.417778,2014-03-12
5507,21.251998901367188,-29.651389,22.746389,2014-03-12
5508,0.0,-31.031389,28.883333,2014-03-12
5509,31.200016021728516,-30.86013889,29.07125,2014-03-12
5510,0.0,-30.77586667,29.03221667,2014-03-12
5511,9.299543380737305,-27.902778,24.615556,2014-05-23
5512,70.62187194824219,-28.338333,31.373611,2014-03-12
5513,66.46649551391602,-28.068333,31.55,2014-03-12
5514,133.18929958343506,-24.679167,30.8025,2014-03-13
5515,154.64596939086914,-25.20639,27.558,2014-03-13
5516,52.4510612487793,-27.573056,24.746389,2014-03-13
5517,14.91774320602417,-31.394444,20.947222,2014-03-13
5518,11.29671573638916,-33.08883333,19.21878333,2014-03-13
5519,0.0,-33.897778,20.012778,2014-03-13
5520,60.83137798309326,-27.902778,24.615556,2014-03-14
5521,52.4510612487793,-27.573056,24.746389,2014-03-15
5522,0.0,-28.96362,19.15486,2014-03-15
5523,15.651418685913086,-27.902778,24.615556,2014-11-21
5524,60.73484706878662,-25.99136,27.84208,2014-03-17
5525,0.0,-28.735556,29.820556,2014-03-17
5526,22.817387580871586,-26.73806,27.59194,2014-03-17
5527,0.0,-27.935,26.126667,2014-03-17
5528,0.0,-28.1175,26.719444,2014-03-17
5529,0.0,-28.116667,26.725278,2014-03-17
5530,45.11709213256836,-29.042222,24.6,2014-03-17
5531,34.62722873687744,-29.033333,23.983333,2014-03-17
5532,35.09050798416138,-23.658056,31.05,2014-03-18
5533,57.232749462127686,-23.281,30.54305556,2014-03-18
5534,13.9332857131958,-27.169444,29.233889,2014-03-18
5535,45.27051830291748,-26.861111,28.884722,2014-03-18
5536,36.05098819732666,-26.98472222,26.63227778,2014-03-18
5537,46.386837005615234,-29.028629,24.638389,2014-03-18
5538,23.982730865478516,-33.38056,19.30167,2014-03-18
5539,9.003135204315186,-33.31388889,19.07472222,2014-03-18
5540,101.71703624725342,-25.45963889,28.26430556,2014-03-18
5541,10.619536399841309,-27.495556,26.074722,2014-03-18
5542,32.47245407104492,-25.447222,30.711667,2014-03-18
5543,28.65007495880127,-29.161667,23.696389,2014-03-19
5544,33.39778470993042,-27.01011111,26.69808333,2014-03-19
5545,59.155683517456055,-25.81048333,27.90955222,2014-03-19
5546,12.642478942871094,-27.363611,31.783333,2014-03-19
5547,5.748678207397461,-26.648056,27.089444,2014-03-19
5548,20.855319023132324,-26.970278,27.211111,2014-03-19
5549,19.42722225189209,-26.880278,26.965,2014-03-19
5550,26.305081367492676,-27.044444,27.005,2014-03-19
5551,35.64088439941406,-27.573056,24.746389,2014-03-19
5552,34.62722873687744,-29.033333,23.983333,2014-03-19
5553,14.68211317062378,-28.376944,24.303056,2011-09-29
5554,13.057528495788574,-28.376944,24.303056,2011-11-20
5555,21.446781158447266,-28.376944,24.303056,2011-12-08
5556,6.573159694671631,-32.595833,19.009444,2014-03-19
5557,25.11490678787231,-28.376944,24.303056,2012-01-19
5558,0.0,-26.03611,30.99778,2014-03-20
5559,0.0,-27.602222,29.942778,2014-03-20
5560,0.0,-29.744167,29.905833,2014-03-20
5561,0.0,-28.376944,24.303056,2012-07-05
5562,0.0,-28.376944,24.303056,2012-07-11
5563,0.0,-29.7775,29.470833,2014-03-24
5564,0.0,-28.376944,24.303056,2012-08-16
5565,0.0,-28.376944,24.303056,2012-08-30
5566,5.709154844284058,-28.376944,24.303056,2012-09-27
5567,12.465511322021484,-28.376944,24.303056,2013-01-17
5568,14.510234355926514,-28.376944,24.303056,2013-02-28
5569,0.0,-29.987778,29.851667,2014-03-24
5570,3.684035062789917,-28.376944,24.303056,2013-03-14
5571,8.51740837097168,-28.376944,24.303056,2013-04-11
5572,8.51740837097168,-28.376944,24.303056,2013-04-25
5573,0.0,-28.376944,24.303056,2013-05-09
5574,0.0,-28.376944,24.303056,2013-06-20
5575,4.053056240081787,-28.376944,24.303056,2013-07-04
5576,0.0,-28.376944,24.303056,2013-07-18
5577,0.0,-28.376944,24.303056,2013-08-01
5578,0.0,-28.376944,24.303056,2013-08-15
5579,0.0,-28.376944,24.303056,2013-08-29
5580,3.8849945068359375,-28.376944,24.303056,2013-09-12
5581,5.389886856079102,-28.376944,24.303056,2013-09-26
5582,0.0,-28.376944,24.303056,2013-10-10
5583,14.567201614379885,-28.376944,24.303056,2013-10-24
5584,0.0,-28.376944,24.303056,2013-11-07
5585,17.304943084716797,-28.376944,24.303056,2013-11-21
5586,12.635144233703612,-28.376944,24.303056,2014-01-02
5587,14.883699417114258,-28.376944,24.303056,2014-01-16
5588,57.897647857666016,-28.376944,24.303056,2014-01-30
5589,16.773941040039062,-28.376944,24.303056,2014-02-27
5590,0.0,-29.744167,29.905833,2014-03-24
5591,9.819578170776367,-26.45,28.085833,2014-03-24
5592,0.0,-27.935,26.126667,2014-03-24
5593,0.0,-28.141944,26.417778,2014-03-24
5594,0.0,-28.376944,24.303056,2014-06-05
5595,0.0,-28.1175,26.719444,2014-03-24
5596,0.0,-22.225556,29.990556,2014-03-25
5597,8.668139457702637,-25.127778,27.628889,2014-03-25
5598,6.645998001098633,-24.39619444,27.08983333,2014-03-25
5599,7.553654193878174,-24.69514,27.40906,2014-03-25
5600,6.741065740585327,-28.376944,24.303056,2014-10-23
5601,0.0,-30.733889,29.828333,2014-03-25
5602,0.0,-26.861111,28.884722,2014-03-25
5603,0.0,-28.116667,26.725278,2014-03-25
5604,0.0,-29.160278,26.573333,2014-03-25
5605,0.0,-28.69485,28.23487,2014-03-25
5606,0.0,-29.615556,27.065278,2014-03-25
5607,0.0,-28.883333,27.89,2014-03-25
5608,25.36554718017578,-33.501667,21.624167,2014-03-25
5609,0.0,-29.161667,23.696389,2014-03-26
5610,10.392473220825195,-27.01011111,26.69808333,2014-03-26
5611,0.0,-22.935,28.004167,2014-03-26
5612,10.106505393981934,-25.20639,27.558,2014-03-26
5613,0.0,-28.376944,24.303056,2015-07-16
5614,0.0,-28.376944,24.303056,2015-07-30
5615,0.0,-28.376944,24.303056,2015-08-13
5616,10.624433994293211,-28.376944,24.303056,2015-09-24
5617,0.0,-28.376944,24.303056,2015-10-08
5618,13.605067014694214,-28.376944,24.303056,2015-10-22
5619,4.3594865798950195,-28.376944,24.303056,2015-11-05
5620,4.556894302368164,-28.376944,24.303056,2015-11-19
5621,11.639663696289062,-28.376944,24.303056,2015-12-03
5622,18.257352352142338,-28.376944,24.303056,2015-12-31
5623,9.880688667297363,-30.398056,30.601944,2014-03-26
5624,8.673155784606934,-26.648056,27.089444,2014-03-26
5625,6.948659420013428,-26.970278,27.211111,2014-03-26
5626,0.0,-26.880278,26.965,2014-03-26
5627,8.967235565185547,-26.98472222,26.63227778,2014-03-26
5628,0.0,-27.671111,27.236944,2014-03-26
5629,7.90885066986084,-27.044444,27.005,2014-03-26
5630,13.089204788208008,-30.160091,27.40124,2014-03-26
5631,7.467130661010742,-30.336111,27.359444,2014-03-26
5632,0.0,-22.935,28.004167,2014-03-27
5633,6.089280128479004,-30.830556,26.921389,2014-03-27
5634,0.0,-22.548889,28.898056,2014-03-27
5635,3.725721836090088,-22.91028,29.61111,2014-03-27
5636,9.821504592895508,-30.13573889,30.67422222,2014-03-27
5637,5.900872230529785,-27.38972222,26.46388889,2014-03-27
5638,6.3021416664123535,-27.398611,26.614722,2014-03-27
5639,3.262763023376465,-27.902778,24.615556,2014-03-27
5640,2.685030937194824,-29.658056,25.973333,2014-03-27
5641,0.0,-31.000833,26.353056,2014-03-27
5642,4.93723201751709,-30.679722,26.7125,2014-03-27
5643,0.0,-30.534167,24.961944,2014-03-27
5644,0.0,-27.356667,27.286389,2014-03-27
5645,0.0,-22.548889,28.898056,2014-03-28
5646,10.881691932678224,-29.160278,26.573333,2014-03-28
5647,4.802486419677734,-29.803611,30.516111,2014-03-28
5648,11.338105201721191,-25.99136,27.84208,2014-03-31
5649,0.0,-25.513889,31.224444,2014-03-31
5650,23.820859909057617,-33.818056,19.694722,2014-03-31
5651,21.319968223571777,-32.502778,19.535833,2014-03-31
5652,4.374314785003662,-25.681111,31.783333,2014-04-01
5653,0.0,-27.935,26.126667,2014-04-01
5654,0.0,-28.1175,26.719444,2014-04-01
5655,0.0,-28.116667,26.725278,2014-04-01
5656,0.0,-27.671111,27.236944,2014-04-01
5657,37.84429168701172,-34.075556,20.145556,2014-04-01
5658,0.0,-29.161667,23.696389,2014-04-02
5659,0.0,-25.81048333,27.90955222,2014-04-02
5660,0.0,-22.935,28.004167,2014-04-02
5661,29.671385765075684,-24.768889,31.39,2014-04-02
5662,27.43788146972656,-24.9675,31.516667,2014-04-02
5663,6.496572971343994,-28.801278,31.955389,2014-04-02
5664,0.0,-29.744167,29.905833,2014-04-02
5665,0.0,-27.4275,28.525833,2014-04-02
5666,6.3021416664123535,-27.398611,26.614722,2014-04-02
5667,0.0,-27.671111,27.236944,2014-04-02
5668,2.0352275371551514,-29.033333,23.983333,2014-04-02
5669,6.676993131637573,-28.768056,20.720556,2014-04-02
5670,14.627939224243164,-34.031944,22.053333,2014-04-02
5671,17.788522720336914,-34.039722,22.133333,2014-04-02
5672,38.490885734558105,-33.7075,18.97444444,2014-04-02
5673,0.0,-28.058889,30.373611,2014-04-02
5674,4.136392593383789,-27.495556,26.074722,2014-04-02
5675,0.0,-27.4,26.624722,2014-04-02
5676,10.392473220825195,-27.01011111,26.69808333,2014-04-03
5677,0.0,-22.91028,29.61111,2014-04-03
5678,2.592499017715454,-23.658056,31.05,2014-04-03
5679,0.0,-23.281,30.54305556,2014-04-03
5680,20.043882369995117,-24.99328,30.81444,2014-04-03
5681,0.0,-27.937778,31.209444,2014-04-03
5682,0.0,-27.5275,30.858056,2014-04-03
5683,0.0,-26.648056,27.089444,2014-04-03
5684,0.0,-26.970278,27.211111,2014-04-03
5685,0.0,-26.880278,26.965,2014-04-03
5686,8.967235565185547,-26.98472222,26.63227778,2014-04-03
5687,7.90885066986084,-27.044444,27.005,2014-04-03
5688,18.049315452575684,-33.13083,18.86278,2014-04-03
5689,32.98382544517517,-28.404444,30.013056,2014-04-04
5690,0.0,-28.116667,26.725278,2014-04-04
5691,0.0,-28.735556,29.820556,2014-04-07
5692,11.54283046722412,-26.73806,27.59194,2014-04-07
5693,13.116004467010498,-26.45,28.085833,2014-04-07
5694,16.66629648208618,-26.98472222,26.63227778,2014-04-07
5695,10.154026985168455,-27.935,26.126667,2014-04-07
5696,5.434040546417236,-28.141944,26.417778,2014-04-07
5697,10.524847030639648,-28.1175,26.719444,2014-04-07
5698,10.524847030639648,-28.116667,26.725278,2014-04-07
5699,3.34196138381958,-29.042222,24.6,2014-04-07
5700,0.0,-29.028629,24.638389,2014-04-07
5701,2.0352275371551514,-29.033333,23.983333,2014-04-07
5702,6.7056039571762085,-31.554722,29.245556,2014-04-07
5703,15.501335620880129,-27.01011111,26.69808333,2014-04-08
5704,75.29096984863281,-34.065833,20.404167,2014-04-08
5705,19.122737884521484,-25.127778,27.628889,2014-04-08
5706,18.32410049438477,-25.20639,27.558,2014-04-08
5707,18.046415328979492,-24.69514,27.40906,2014-04-08
5708,17.605790615081787,-22.769722,30.886944,2014-04-08
5709,11.106164932250977,-27.169444,29.233889,2014-04-08
5710,20.05702257156372,-26.861111,28.884722,2014-04-08
5711,14.693158149719238,-26.648056,27.089444,2014-04-08
5712,14.545918464660645,-26.970278,27.211111,2014-04-08
5713,13.669034957885742,-26.880278,26.965,2014-04-08
5714,15.39812183380127,-26.98472222,26.63227778,2014-04-08
5715,11.221942901611328,-30.570833,29.150556,2014-04-08
5716,28.211917877197266,-33.31388889,19.07472222,2014-04-08
5717,0.0,-28.338333,31.373611,2014-04-08
5718,11.362765312194824,-29.658056,25.973333,2011-09-27
5719,0.0,-28.068333,31.55,2014-04-08
5720,0.0,-28.308889,31.9025,2014-04-08
5721,25.07475185394287,-25.57877778,29.12747222,2014-04-08
5722,6.561768054962158,-29.641944,30.6875,2014-04-09
5723,13.151721954345703,-25.73411,27.21422,2014-04-09
5724,7.637866973876953,-28.44555556,32.325,2014-06-04
5725,4.449072360992432,-28.75,30.442778,2014-04-09
5726,8.637568473815918,-29.161667,30.629722,2014-04-09
5727,19.491329669952393,-27.00222,28.76528,2014-04-09
5728,19.428730010986328,-27.02314,28.59389,2014-04-09
5729,13.645275115966797,-27.273889,28.49,2014-04-09
5730,13.271138191223145,-27.4275,28.525833,2014-04-09
5731,21.069780349731445,-27.3,28.586944,2014-04-09
5732,17.453157424926758,-30.568333,29.422778,2014-04-09
5733,0.0,-31.031389,28.883333,2014-04-09
5734,0.0,-30.86013889,29.07125,2014-04-09
5735,7.501076698303223,-30.77586667,29.03221667,2014-04-09
5736,16.720691204071045,-32.595833,19.009444,2014-04-09
5737,10.834558486938477,-28.376944,24.303056,2014-04-10
5738,22.713698387145996,-34.092222,21.295278,2014-04-10
5739,,-34.329722,18.990278,2014-04-10
5740,4.300320625305176,-33.897778,20.012778,2014-04-10
5741,10.847642421722412,-27.902778,24.615556,2014-04-11
5742,43.62745666503906,-24.679167,30.8025,2014-04-14
5743,8.067867994308472,-25.99136,27.84208,2014-04-14
5744,17.31424570083618,-26.73806,27.59194,2014-04-14
5745,15.787270545959473,-28.1175,26.719444,2014-04-14
5746,15.787270545959473,-28.116667,26.725278,2014-04-14
5747,29.005799293518063,-33.08883333,19.21878333,2014-04-14
5748,21.76875877380371,-24.183889,30.823889,2014-04-15
5749,22.625283241271973,-27.169444,29.233889,2014-04-15
5750,20.05702257156372,-26.861111,28.884722,2014-04-15
5751,19.491329669952393,-27.00222,28.76528,2014-04-15
5752,23.724632263183594,-27.4275,28.525833,2014-04-15
5753,15.39812183380127,-26.98472222,26.63227778,2014-04-15
5754,16.923377990722656,-27.935,26.126667,2014-04-15
5755,12.444252490997314,-29.160278,26.573333,2014-04-15
5756,0.0,-29.033333,23.983333,2014-04-15
5757,15.558231353759766,-25.45963889,28.26430556,2014-04-15
5758,16.080575942993164,-29.161667,23.696389,2014-04-16
5759,12.793083667755129,-28.7115,24.07288889,2014-04-16
5760,15.501335620880129,-27.01011111,26.69808333,2014-04-16
5761,16.76395034790039,-25.81048333,27.90955222,2014-04-16
5762,5.337548732757568,-26.905,32.324722,2014-04-16
5763,16.95899772644043,-27.602222,29.942778,2014-04-16
5764,14.650715827941896,-29.744167,29.905833,2014-04-16
5765,14.693158149719238,-26.648056,27.089444,2014-04-16
5766,14.545918464660645,-26.970278,27.211111,2014-04-16
5767,13.669034957885742,-26.880278,26.965,2014-04-16
5768,11.69180679321289,-29.033333,23.983333,2014-04-16
5769,14.882441520690918,-29.1825,23.575556,2014-04-16
5770,1.8788037300109863,-28.768056,20.720556,2014-04-16
5771,5.8758463859558105,-27.363611,31.783333,2014-04-17
5772,11.239567756652832,-29.042222,24.6,2014-04-17
5773,17.0353102684021,-29.028629,24.638389,2014-04-17
5774,26.926749229431152,-29.987778,29.851667,2014-04-21
5775,26.993627548217773,-29.744167,29.905833,2014-04-21
5776,21.299941539764404,-30.733889,29.828333,2014-04-22
5777,34.452115058898926,-29.380556,30.2775,2014-04-22
5778,3.3846755027770996,-27.935,26.126667,2014-04-22
5779,5.434040546417236,-28.141944,26.417778,2014-04-22
5780,0.0,-28.1175,26.719444,2014-04-22
5781,0.0,-28.116667,26.725278,2014-04-22
5782,4.1480841636657715,-29.160278,26.573333,2014-04-22
5783,0.0,-33.501667,21.624167,2014-04-22
5784,0.0,-27.01011111,26.69808333,2014-04-23
5785,0.0,-25.127778,27.628889,2014-04-23
5786,2.2865235805511475,-25.20639,27.558,2014-04-23
5787,0.0,-24.39619444,27.08983333,2014-04-23
5788,0.0,-24.69514,27.40906,2014-04-23
5789,0.0,-26.970278,27.211111,2014-04-23
5790,0.0,-26.880278,26.965,2014-04-23
5791,0.0,-26.98472222,26.63227778,2014-04-23
5792,0.0,-28.1175,26.719444,2014-04-23
5793,0.0,-28.116667,26.725278,2014-04-23
5794,0.0,-27.671111,27.236944,2014-04-23
5795,26.632701873779297,-28.69485,28.23487,2014-04-23
5796,5.1361284255981445,-29.615556,27.065278,2014-04-23
5797,26.134143829345703,-28.883333,27.89,2014-04-23
5798,3.047905206680298,-28.760833,17.730278,2014-04-24
5799,12.879996299743652,-30.13573889,30.67422222,2014-04-24
5800,0.0,-27.38972222,26.46388889,2014-04-24
5801,0.0,-28.141944,26.417778,2014-04-24
5802,0.0,-28.1175,26.719444,2014-04-24
5803,0.0,-28.116667,26.725278,2014-04-24
5804,0.0,-27.398611,26.614722,2014-04-24
5805,4.152125358581543,-28.376944,24.303056,2014-04-24
5806,21.97170066833496,-30.160091,27.40124,2014-04-24
5807,25.884836196899418,-30.336111,27.359444,2014-04-24
5808,0.0,-27.356667,27.286389,2014-04-24
5809,30.42845582962036,-30.830556,26.921389,2014-04-25
5810,0.0,-27.902778,24.615556,2014-04-25
5811,28.247447967529297,-31.000833,26.353056,2014-04-25
5812,29.29329633712769,-30.679722,26.7125,2014-04-25
5813,22.051777362823486,-30.534167,24.961944,2014-04-25
5814,5.385844707489014,-29.140556,31.391944,2014-04-29
5815,3.256382703781128,-25.99136,27.84208,2014-04-29
5816,6.401625633239746,-28.747778,31.745833,2014-04-29
5817,7.113215923309326,-28.801278,31.955389,2014-04-29
5818,0.0,-26.73806,27.59194,2014-04-29
5819,3.100867509841919,-26.45,28.085833,2014-04-29
5820,0.0,-27.935,26.126667,2014-04-29
5821,0.0,-28.1175,26.719444,2014-04-29
5822,0.0,-27.671111,27.236944,2014-04-29
5823,9.00918960571289,-28.404444,30.013056,2014-04-30
5824,0.0,-27.169444,29.233889,2014-04-30
5825,0.0,-26.861111,28.884722,2014-04-30
5826,0.0,-26.98472222,26.63227778,2014-04-30
5827,2.309344530105591,-25.45963889,28.26430556,2014-04-30
5828,4.694699287414551,-28.058889,30.373611,2014-04-30
5829,0.0,-27.495556,26.074722,2014-04-30
5830,5.633193612098694,-29.033333,23.983333,2011-10-05
5831,1.4716992378234863,-29.033333,23.983333,2011-10-25
5832,6.444633483886719,-29.033333,23.983333,2011-11-02
5833,12.815393447875977,-29.033333,23.983333,2011-11-16
5834,6.480833053588867,-29.033333,23.983333,2011-12-14
5835,9.495648384094238,-29.033333,23.983333,2012-01-11
5836,14.489812850952148,-29.033333,23.983333,2012-01-25
5837,2.7058463096618652,-29.033333,23.983333,2012-02-22
5838,2.6715006828308105,-25.81048333,27.90955222,2014-05-01
5839,0.0,-27.937778,31.209444,2014-05-01
5840,0.0,-27.5275,30.858056,2014-05-01
5841,0.0,-29.033333,23.983333,2012-06-06
5842,0.0,-29.033333,23.983333,2012-06-13
5843,8.615102767944336,-29.033333,23.983333,2012-06-26
5844,8.615102767944336,-29.033333,23.983333,2012-06-27
5845,0.0,-29.033333,23.983333,2012-07-11
5846,0.0,-29.033333,23.983333,2012-07-18
5847,0.0,-29.033333,23.983333,2012-07-25
5848,0.0,-27.02314,28.59389,2014-05-01
5849,0.0,-29.033333,23.983333,2012-08-22
5850,0.0,-29.033333,23.983333,2012-09-05
5851,3.248445987701416,-29.033333,23.983333,2012-09-19
5852,26.970421314239506,-29.033333,23.983333,2012-10-17
5853,9.141453742980955,-29.033333,23.983333,2012-10-31
5854,9.165597438812256,-29.033333,23.983333,2012-11-14
5855,29.028625965118408,-29.033333,23.983333,2012-11-28
5856,0.0,-29.033333,23.983333,2013-02-27
5857,0.0,-26.970278,27.211111,2014-05-01
5858,0.0,-26.880278,26.965,2014-05-01
5859,0.0,-29.744167,29.905833,2014-05-02
5860,19.033698558807373,-34.031944,22.053333,2014-05-03
5861,7.833408355712891,-34.039722,22.133333,2014-05-03
5862,0.0,-26.970278,27.211111,2014-05-05
5863,3.100867509841919,-26.45,28.085833,2014-05-05
5864,0.0,-27.935,26.126667,2014-05-05
5865,0.0,-29.033333,23.983333,2013-07-24
5866,0.0,-28.141944,26.417778,2014-05-05
5867,0.0,-28.116667,26.725278,2014-05-05
5868,0.0,-27.671111,27.236944,2014-05-05
5869,0.0,-32.502778,19.535833,2014-05-05
5870,0.0,-27.01011111,26.69808333,2014-05-06
5871,0.0,-29.641944,30.6875,2014-05-06
5872,0.0,-25.127778,27.628889,2014-05-06
5873,0.0,-25.20639,27.558,2014-05-06
5874,0.0,-24.69514,27.40906,2014-05-06
5875,3.4127793312072754,-26.006389,29.253889,2014-05-06
5876,0.0,-28.1175,26.719444,2014-05-06
5877,0.0,-27.398611,26.614722,2014-05-06
5878,11.46341037750244,-28.338333,31.373611,2014-05-06
5879,6.6971025466918945,-28.068333,31.55,2014-05-06
5880,0.0,-27.495556,26.074722,2014-05-06
5881,0.0,-27.4,26.624722,2014-05-06
5882,7.356110095977783,-28.44555556,32.325,2014-07-03
5883,0.0,-26.648056,27.089444,2014-05-07
5884,13.309771537780762,-29.651389,22.746389,2014-05-07
5885,0.0,-24.39619444,27.08983333,2014-05-08
5886,2.0427889823913574,-29.161667,30.629722,2014-05-08
5887,5.525225043296814,-29.033333,23.983333,2014-08-06
5888,0.0,-29.033333,23.983333,2014-08-20
5889,0.0,-29.033333,23.983333,2014-09-03
5890,3.916334867477417,-28.376944,24.303056,2014-05-08
5891,6.7440714836120605,-34.031944,22.053333,2014-05-08
5892,7.833408355712891,-34.039722,22.133333,2014-05-08
5893,15.045000076293944,-34.005833,22.351111,2014-05-08
5894,0.0,-23.838611,31.640833,2014-05-09
5895,0.0,-27.902778,24.615556,2014-05-09
5896,3.256382703781128,-25.99136,27.84208,2014-05-12
5897,0.0,-28.735556,29.820556,2014-05-12
5898,3.850726127624512,-31.396,29.2651,2014-05-12
5899,6.889366626739502,-31.554722,29.245556,2014-05-12
5900,5.580806493759155,-29.033333,23.983333,2015-09-23
5901,5.892279624938965,-33.818056,19.694722,2014-05-12
5902,0.0,-33.13083,18.86278,2014-05-12
5903,0.0,-27.01011111,26.69808333,2014-05-13
5904,0.0,-25.681111,31.783333,2014-05-13
5905,0.0,-25.67386,31.57527,2014-05-13
5906,0.0,-26.648056,27.089444,2014-05-13
5907,0.0,-26.970278,27.211111,2014-05-13
5908,0.0,-27.273889,28.49,2014-05-13
5909,0.0,-26.98472222,26.63227778,2014-05-13
5910,0.0,-29.160278,26.573333,2014-05-13
5911,2.6491780281066895,-30.568333,29.422778,2014-05-13
5912,3.924254894256592,-31.104278,29.399722,2014-05-13
5913,5.829288125038147,-34.092222,21.295278,2014-05-13
5914,7.34039831161499,-34.075556,20.145556,2014-05-13
5915,0.0,-25.45963889,28.26430556,2014-05-13
5916,0.0,-25.81048333,27.90955222,2014-05-14
5917,0.0,-24.183889,30.823889,2014-05-14
5918,0.0,-24.058889,31.237222,2014-05-14
5919,0.0,-25.67386,31.57527,2014-05-14
5920,14.531394004821776,-26.905,32.324722,2014-05-14
5921,0.0,-29.744167,29.905833,2014-05-14
5922,0.0,-27.169444,29.233889,2014-05-14
5923,0.0,-26.861111,28.884722,2014-05-14
5924,3.0115256309509277,-26.73806,27.59194,2014-05-14
5925,0.0,-26.45,28.085833,2014-05-14
5926,0.0,-27.3,28.586944,2014-05-14
5927,2.970874547958374,-26.98472222,26.63227778,2014-05-14
5928,3.7797646522521977,-27.573056,24.746389,2014-05-14
5929,3.287538170814514,-30.570833,29.150556,2014-05-14
5930,0.0,-33.7075,18.97444444,2014-05-14
5931,0.0,-32.94583,18.33667,2014-05-14
5932,4.572922706604004,-27.363611,31.783333,2014-05-15
5933,4.6861677169799805,-31.031389,28.883333,2014-05-15
5934,2.6449344158172607,-30.86013889,29.07125,2014-05-15
5935,4.1553016901016235,-30.77586667,29.03221667,2014-05-15
5936,0.0,-33.38056,19.30167,2014-05-15
5937,13.427277088165283,-33.08883333,19.21878333,2014-05-15
5938,7.678634643554688,-24.679167,30.8025,2014-05-16
5939,4.508749008178711,-27.602222,29.942778,2014-05-16
5940,5.478014945983887,-28.116667,26.725278,2014-05-16
5941,3.9043126106262207,-29.7775,29.470833,2014-05-19
5942,4.10013735294342,-29.987778,29.851667,2014-05-19
5943,7.4756245613098145,-29.744167,29.905833,2014-05-19
5944,6.14958381652832,-26.73806,27.59194,2014-05-19
5945,3.4600722789764404,-26.45,28.085833,2014-05-19
5946,0.0,-27.935,26.126667,2014-05-19
5947,0.0,-27.671111,27.236944,2014-05-19
5948,8.712461471557617,-29.160278,26.573333,2014-05-19
5949,6.906614303588867,-33.31388889,19.07472222,2014-05-19
5950,5.837134838104248,-27.01011111,26.69808333,2014-05-20
5951,11.669658660888672,-34.065833,20.404167,2014-05-20
5952,0.0,-25.127778,27.628889,2014-05-20
5953,0.0,-24.39619444,27.08983333,2014-05-20
5954,0.0,-24.69514,27.40906,2014-05-20
5955,3.706397771835327,-26.03611,30.99778,2014-05-20
5956,3.47581148147583,-30.733889,29.828333,2014-05-20
5957,8.191333532333374,-29.380556,30.2775,2014-05-20
5958,0.0,-27.169444,29.233889,2014-05-20
5959,3.5372796058654785,-26.861111,28.884722,2014-05-20
5960,0.0,-27.00222,28.76528,2014-05-20
5961,0.0,-27.273889,28.49,2014-05-20
5962,0.0,-27.3,28.586944,2014-05-20
5963,5.985537528991699,-26.98472222,26.63227778,2014-05-20
5964,6.414336442947388,-28.141944,26.417778,2014-05-20
5965,5.478014945983887,-28.1175,26.719444,2014-05-20
5966,11.804350852966309,-29.042222,24.6,2014-05-20
5967,14.628214359283447,-29.033333,23.983333,2014-05-20
5968,4.851542949676514,-28.69485,28.23487,2014-05-20
5969,6.306937217712402,-28.883333,27.89,2014-05-20
5970,5.405808448791504,-27.495556,26.074722,2014-05-20
5971,0.0,-25.20639,27.558,2014-05-21
5972,0.0,-23.658056,31.05,2014-05-21
5973,0.0,-23.281,30.54305556,2014-05-21
5974,5.047241449356079,-30.398056,30.601944,2014-05-21
5975,0.0,-26.648056,27.089444,2014-05-21
5976,0.0,-26.970278,27.211111,2014-05-21
5977,0.0,-26.880278,26.965,2014-05-21
5978,0.0,-27.671111,27.236944,2014-05-21
5979,7.889793872833252,-29.028629,24.638389,2014-05-21
5980,6.463422417640686,-30.160091,27.40124,2014-05-21
5981,4.675354480743408,-30.336111,27.359444,2014-05-21
5982,28.23298978805542,-34.405833,19.600556,2014-05-21
5983,0.0,-27.356667,27.286389,2014-05-21
5984,9.770155906677246,-30.830556,26.921389,2014-05-22
5985,0.0,-22.769722,30.886944,2014-05-22
5986,10.647670269012451,-30.13573889,30.67422222,2014-05-22
5987,0.0,-27.398611,26.614722,2014-05-22
5988,5.820888996124268,-28.376944,24.303056,2014-05-22
5989,9.894798278808594,-29.658056,25.973333,2014-05-22
5990,12.816648006439207,-31.000833,26.353056,2014-05-22
5991,8.500597953796387,-30.679722,26.7125,2014-05-22
5992,,-34.329722,18.990278,2014-05-22
5993,18.792049407958984,-33.897778,20.012778,2014-05-22
5994,6.921829462051392,-29.615556,27.065278,2014-05-23
5995,5.530958533287048,-29.803611,30.516111,2014-05-23
5996,3.4777610301971436,-25.99136,27.84208,2014-05-26
5997,0.0,-23.838611,31.640833,2014-05-26
5998,5.837134838104248,-27.01011111,26.69808333,2014-05-27
5999,9.272212028503418,-29.140556,31.391944,2014-05-27
6000,10.358769416809082,-28.801278,31.955389,2014-05-27
6001,0.0,-26.970278,27.211111,2014-05-27
6002,5.985537528991699,-26.98472222,26.63227778,2014-05-27
6003,9.246990442276,-33.501667,21.624167,2014-05-27
6004,2.747269630432129,-25.45963889,28.26430556,2014-05-27
6005,2.984893560409546,-25.81048333,27.90955222,2014-05-28
6006,0.0,-22.935,28.004167,2014-05-28
6007,0.0,-24.282222,28.090278,2014-05-28
6008,0.0,-23.763056,27.908611,2014-05-28
6009,3.453457832336426,-28.747778,31.745833,2014-05-28
6010,0.0,-27.937778,31.209444,2014-05-28
6011,0.0,-28.404444,30.013056,2014-05-28
6012,16.420494556427002,-29.744167,29.905833,2014-05-28
6013,0.0,-27.00222,28.76528,2014-05-28
6014,4.1660462617874146,-31.436944,20.474722,2014-05-28
6015,0.0,-29.1825,23.575556,2014-05-28
6016,5.654689788818359,-28.768056,20.720556,2014-05-28
6017,0.0,-28.058889,30.373611,2014-05-28
6018,3.225188970565796,-22.225556,29.990556,2014-05-29
6019,0.0,-22.91028,29.61111,2014-05-29
6020,0.0,-27.5275,30.858056,2014-05-29
6021,0.0,-27.398611,26.614722,2014-05-29
6022,0.0,-27.573056,24.746389,2014-05-29
6023,0.0,-25.57877778,29.12747222,2014-05-29
6024,0.0,-27.398611,26.614722,2014-05-30
6025,1.965169906616211,-29.160278,26.573333,2014-06-02
6026,0.0,-24.670833,28.560833,2014-06-03
6027,0.0,-25.127778,27.628889,2014-06-03
6028,0.0,-25.20639,27.558,2014-06-03
6029,0.0,-24.69514,27.40906,2014-06-03
6030,0.0,-27.935,26.126667,2014-06-03
6031,0.0,-28.141944,26.417778,2014-06-03
6032,5.255499362945557,-28.338333,31.373611,2014-06-03
6033,8.213187456130981,-28.068333,31.55,2014-06-03
6034,16.22811508178711,-29.641944,30.6875,2014-06-04
6035,0.0,-24.39619444,27.08983333,2014-06-04
6036,6.905355453491211,-28.44555556,32.325,2014-07-30
6037,0.0,-28.75,30.442778,2014-06-04
6038,0.0,-29.161667,30.629722,2014-06-04
6039,8.80849826335907,-34.005833,22.351111,2014-06-04
6040,0.0,-26.98472222,26.63227778,2014-06-05
6041,0.0,-27.902778,24.615556,2014-06-05
6042,6.280165195465088,-33.970833,22.548333,2014-06-05
6043,18.962637901306152,-28.308889,31.9025,2014-06-05
6044,6.168087482452393,-25.99136,27.84208,2014-06-09
6045,0.0,-26.73806,27.59194,2014-06-09
6046,0.0,-26.45,28.085833,2014-06-09
6047,0.0,-27.671111,27.236944,2014-06-09
6048,5.47282075881958,-31.396,29.2651,2014-06-09
6049,0.0,-31.554722,29.245556,2014-06-09
6050,32.45433521270752,-33.818056,19.694722,2014-06-09
6051,0.0,-23.658056,31.05,2014-06-10
6052,2.957493782043457,-23.281,30.54305556,2014-06-10
6053,2.980811834335327,-25.681111,31.783333,2014-06-10
6054,3.948707342147827,-25.362222,31.956667,2014-06-10
6055,0.0,-28.735556,29.820556,2014-06-10
6056,0.0,-29.615556,27.065278,2014-06-10
6057,0.0,-30.570833,29.150556,2014-06-10
6058,29.079442977905273,-34.092222,21.295278,2014-06-10
6059,27.871636867523193,-34.075556,20.145556,2014-06-10
6060,4.9619317054748535,-31.5653,18.3306,2014-06-10
6061,23.259239196777344,-32.94583,18.33667,2014-06-10
6062,0.0,-25.45963889,28.26430556,2014-06-10
6063,3.642057180404663,-25.81048333,27.90955222,2014-06-11
6064,5.412783861160278,-24.768889,31.39,2014-06-11
6065,6.404000997543335,-26.905,32.324722,2014-06-11
6066,5.727403402328491,-27.602222,29.942778,2014-06-11
6067,0.0,-27.00222,28.76528,2014-06-11
6068,2.9464056491851807,-27.02314,28.59389,2014-06-11
6069,6.245486736297607,-27.273889,28.49,2014-06-11
6070,2.986239433288574,-27.3,28.586944,2014-06-11
6071,0.0,-27.935,26.126667,2014-06-11
6072,0.0,-28.69485,28.23487,2014-06-11
6073,0.0,-28.883333,27.89,2014-06-11
6074,0.0,-28.768056,20.720556,2014-06-11
6075,0.0,-30.568333,29.422778,2014-06-11
6076,0.0,-30.86013889,29.07125,2014-06-11
6077,0.0,-30.77586667,29.03221667,2014-06-11
6078,33.58190298080444,-33.13083,18.86278,2014-06-11
6079,70.60893630981445,-33.7075,18.97444444,2014-06-11
6080,3.4013235569000244,-25.57877778,29.12747222,2014-06-11
6081,0.0,-22.769722,30.886944,2014-06-12
6082,0.0,-26.006389,29.253889,2014-06-12
6083,4.587981700897217,-25.513889,31.224444,2014-06-12
6084,8.417815208435059,-27.363611,31.783333,2014-06-12
6085,0.0,-28.141944,26.417778,2014-06-12
6086,2.5550031661987305,-28.1175,26.719444,2014-06-12
6087,8.962499618530273,-31.436944,20.474722,2014-06-12
6088,0.0,-30.568333,29.422778,2014-06-12
6089,5.572624206542969,-24.99328,30.81444,2014-06-13
6090,0.0,-29.744167,29.905833,2014-06-13
6091,0.0,-27.573056,24.746389,2014-06-13
6092,8.962499618530273,-31.436944,20.474722,2014-06-13
6093,0.0,-29.987778,29.851667,2014-06-16
6094,0.0,-29.744167,29.905833,2014-06-16
6095,0.0,-25.127778,27.628889,2014-06-17
6096,0.0,-24.39619444,27.08983333,2014-06-17
6097,0.0,-24.69514,27.40906,2014-06-17
6098,0.0,-30.733889,29.828333,2014-06-17
6099,4.860198497772217,-29.380556,30.2775,2014-06-17
6100,2.5550031661987305,-28.1175,26.719444,2014-06-17
6101,2.5550031661987305,-28.116667,26.725278,2014-06-17
6102,31.310119152069092,-33.38056,19.30167,2014-06-17
6103,0.0,-27.01011111,26.69808333,2014-06-18
6104,2.723876714706421,-24.183889,30.823889,2014-06-18
6105,0.0,-25.20639,27.558,2014-06-18
6106,2.87861704826355,-24.058889,31.237222,2014-06-18
6107,2.732734441757202,-24.034167,31.123611,2014-06-18
6108,0.0,-30.398056,30.601944,2014-06-18
6109,0.0,-26.98472222,26.63227778,2014-06-18
6110,0.0,-27.935,26.126667,2014-06-18
6111,29.53682851791382,-33.31388889,19.07472222,2014-06-18
6112,0.0,-30.13573889,30.67422222,2014-06-19
6113,0.0,-26.970278,27.211111,2014-06-19
6114,2.9653091430664062,-27.398611,26.614722,2014-06-19
6115,0.0,-27.671111,27.236944,2014-06-19
6116,0.0,-28.376944,24.303056,2014-06-19
6117,0.0,-27.4,26.624722,2014-06-19
6118,5.614335536956787,-24.679167,30.8025,2014-06-20
6119,0.0,-26.880278,26.965,2014-06-20
6120,0.0,-29.803611,30.516111,2014-06-20
6121,0.0,-23.838611,31.640833,2014-06-21
6122,0.0,-25.99136,27.84208,2014-06-23
6123,0.0,-26.73806,27.59194,2014-06-23
6124,0.0,-26.45,28.085833,2014-06-23
6125,3.569671630859375,-29.160278,26.573333,2014-06-23
6126,0.0,-29.042222,24.6,2014-06-23
6127,0.0,-29.033333,23.983333,2014-06-23
6128,0.0,-27.01011111,26.69808333,2014-06-24
6129,6.717658996582031,-29.140556,31.391944,2014-06-24
6130,29.345218658447266,-34.065833,20.404167,2014-06-24
6131,23.12013339996338,-31.860278,18.6875,2014-06-24
6132,0.0,-24.282222,28.090278,2014-06-24
6133,4.595092296600342,-26.03611,30.99778,2014-06-24
6134,3.56264328956604,-25.362222,31.956667,2014-06-24
6135,4.005600452423096,-25.14944444,31.94055556,2014-06-24
6136,0.0,-27.169444,29.233889,2014-06-24
6137,0.0,-26.648056,27.089444,2014-06-24
6138,0.0,-26.970278,27.211111,2014-06-24
6139,0.0,-26.880278,26.965,2014-06-24
6140,0.0,-26.98472222,26.63227778,2014-06-24
6141,0.0,-28.141944,26.417778,2014-06-24
6142,3.118141412734986,-28.1175,26.719444,2014-06-24
6143,3.118141412734986,-28.116667,26.725278,2014-06-24
6144,0.0,-29.028629,24.638389,2014-06-24
6145,5.436926364898682,-28.69485,28.23487,2014-06-24
6146,6.176506280899048,-29.615556,27.065278,2014-06-24
6147,10.761183738708496,-33.501667,21.624167,2014-06-24
6148,0.0,-25.45963889,28.26430556,2014-06-24
6149,3.35160756111145,-25.81048333,27.90955222,2014-06-25
6150,0.0,-23.763056,27.908611,2014-06-25
6151,0.0,-23.23572222,27.717,2014-06-25
6152,2.787217378616333,-28.404444,30.013056,2014-06-25
6153,0.0,-29.744167,29.905833,2014-06-25
6154,2.7326784133911133,-27.3,28.586944,2014-06-25
6155,0.0,-27.802778,28.768333,2014-06-25
6156,0.0,-27.671111,27.236944,2014-06-25
6157,6.878076553344727,-30.160091,27.40124,2014-06-25
6158,5.697376012802124,-30.336111,27.359444,2014-06-25
6159,65.4935553073883,-34.405833,19.600556,2014-06-25
6160,0.0,-28.058889,30.373611,2014-06-25
6161,0.0,-29.161667,23.696389,2014-06-26
6162,11.972606658935549,-30.830556,26.921389,2014-06-26
6163,0.0,-22.91028,29.61111,2014-06-26
6164,0.0,-26.006389,29.253889,2014-06-26
6165,0.0,-25.49037,30.6986,2014-06-26
6166,0.0,-27.5275,30.858056,2014-06-26
6167,2.6964478492736816,-27.4275,28.525833,2014-06-26
6168,2.9198460578918457,-27.38972222,26.46388889,2014-06-26
6169,3.5572211742401123,-27.398611,26.614722,2014-06-26
6170,0.0,-27.573056,24.746389,2014-06-26
6171,6.221914052963257,-31.000833,26.353056,2014-06-26
6172,6.161652088165283,-30.679722,26.7125,2014-06-26
6173,66.28202724456787,-33.897778,20.012778,2014-06-26
6174,0.0,-28.7115,24.07288889,2014-06-27
6175,0.0,-23.23572222,27.717,2014-06-27
6176,2.87861704826355,-24.058889,31.237222,2014-06-27
6177,0.0,-27.902778,24.615556,2014-06-27
6178,0.0,-29.658056,25.973333,2014-06-27
6179,0.0,-30.534167,24.961944,2014-06-27
6180,0.0,-26.45,28.085833,2014-06-30
6181,0.0,-27.671111,27.236944,2014-06-30
6182,0.0,-25.57877778,29.12747222,2014-06-30
6183,0.0,-25.127778,27.628889,2014-07-01
6184,0.0,-25.20639,27.558,2014-07-01
6185,0.0,-24.69514,27.40906,2014-07-01
6186,0.0,-26.861111,28.884722,2014-07-01
6187,0.0,-26.98472222,26.63227778,2014-07-01
6188,3.118141412734986,-28.1175,26.719444,2014-07-01
6189,0.0,-27.671111,27.236944,2014-07-01
6190,13.424243927001951,-34.031944,22.053333,2014-07-01
6191,14.553582191467283,-34.039722,22.133333,2014-07-01
6192,3.245695114135742,-28.068333,31.55,2014-07-01
6193,0.0,-27.495556,26.074722,2014-07-01
6194,0.0,-29.161667,23.696389,2014-07-02
6195,0.0,-27.01011111,26.69808333,2014-07-02
6196,0.0,-29.641944,30.6875,2014-07-02
6197,0.0,-24.39619444,27.08983333,2014-07-02
6198,0.0,-27.00222,28.76528,2014-07-02
6199,0.0,-27.02314,28.59389,2014-07-02
6200,0.0,-26.648056,27.089444,2014-07-02
6201,0.0,-26.880278,26.965,2014-07-02
6202,0.0,-27.273889,28.49,2014-07-02
6203,0.0,-27.4275,28.525833,2014-07-02
6204,0.0,-27.3,28.586944,2014-07-02
6205,6.794916152954102,-28.44555556,32.325,2014-08-27
6206,0.0,-27.671111,27.236944,2014-07-03
6207,16.54923915863037,-34.005833,22.351111,2014-07-03
6208,4.127874851226807,-28.308889,31.9025,2014-07-03
6209,0.0,-25.99136,27.84208,2014-07-07
6210,0.0,-28.735556,29.820556,2014-07-07
6211,0.0,-26.73806,27.59194,2014-07-07
6212,0.0,-26.45,28.085833,2014-07-07
6213,0.0,-26.98472222,26.63227778,2014-07-07
6214,0.0,-28.1175,26.719444,2014-07-07
6215,0.0,-28.116667,26.725278,2014-07-07
6216,0.0,-27.169444,29.233889,2014-07-08
6217,0.0,-26.861111,28.884722,2014-07-08
6218,0.0,-31.436944,20.474722,2014-07-08
6219,2.73588490486145,-31.394444,20.947222,2014-07-08
6220,16.165218353271484,-34.092222,21.295278,2014-07-08
6221,0.0,-25.45963889,28.26430556,2014-07-08
6222,0.0,-29.161667,23.696389,2014-07-09
6223,0.0,-25.81048333,27.90955222,2014-07-09
6224,0.0,-25.362222,31.956667,2014-07-09
6225,3.08211088180542,-26.905,32.324722,2014-07-09
6226,3.192162275314331,-27.602222,29.942778,2014-07-09
6227,0.0,-26.98472222,26.63227778,2014-07-09
6228,0.0,-27.935,26.126667,2014-07-09
6229,0.0,-28.141944,26.417778,2014-07-09
6230,0.0,-29.033333,23.983333,2014-07-09
6231,0.0,-30.568333,29.422778,2014-07-09
6232,0.0,-30.570833,29.150556,2014-07-09
6233,0.0,-31.104278,29.399722,2014-07-09
6234,0.0,-27.4,26.624722,2014-07-09
6235,0.0,-27.01011111,26.69808333,2014-07-10
6236,0.0,-25.436111,31.982222,2014-07-10
6237,4.383988380432129,-27.363611,31.783333,2014-07-10
6238,0.0,-26.648056,27.089444,2014-07-10
6239,0.0,-26.970278,27.211111,2014-07-10
6240,0.0,-26.880278,26.965,2014-07-10
6241,0.0,-31.031389,28.883333,2014-07-10
6242,0.0,-30.86013889,29.07125,2014-07-10
6243,0.0,-30.77586667,29.03221667,2014-07-10
6244,10.677217483520508,-31.396,29.2651,2014-07-11
6245,3.0163612365722656,-29.7775,29.470833,2014-07-14
6246,4.535038948059082,-29.744167,29.905833,2014-07-14
6247,0.0,-26.45,28.085833,2014-07-14
6248,0.0,-27.671111,27.236944,2014-07-14
6249,0.0,-29.160278,26.573333,2014-07-14
6250,17.295401096343994,-33.818056,19.694722,2014-07-14
6251,0.0,-32.502778,19.535833,2014-07-14
6252,0.0,-25.57877778,29.12747222,2014-07-14
6253,0.0,-25.127778,27.628889,2014-07-15
6254,0.0,-24.39619444,27.08983333,2014-07-15
6255,0.0,-24.69514,27.40906,2014-07-15
6256,0.0,-26.006389,29.253889,2014-07-15
6257,4.129570484161377,-30.733889,29.828333,2014-07-15
6258,5.144542217254639,-29.987778,29.851667,2014-07-15
6259,4.412036895751953,-29.380556,30.2775,2014-07-15
6260,0.0,-26.861111,28.884722,2014-07-15
6261,0.0,-26.98472222,26.63227778,2014-07-15
6262,0.0,-28.768056,20.720556,2014-07-15
6263,13.927841186523438,-34.075556,20.145556,2014-07-15
6264,6.289295673370361,-31.5653,18.3306,2014-07-15
6265,11.544442653656006,-32.94583,18.33667,2014-07-15
6266,0.0,-27.495556,26.074722,2014-07-15
6267,0.0,-29.161667,23.696389,2014-07-16
6268,0.0,-27.01011111,26.69808333,2014-07-16
6269,0.0,-25.20639,27.558,2014-07-16
6270,3.178676128387451,-26.03611,30.99778,2014-07-16
6271,4.591707706451416,-30.398056,30.601944,2014-07-16
6272,0.0,-26.648056,27.089444,2014-07-16
6273,0.0,-26.970278,27.211111,2014-07-16
6274,0.0,-26.880278,26.965,2014-07-16
6275,0.0,-27.044444,27.005,2014-07-16
6276,14.583202362060549,-33.13083,18.86278,2014-07-16
6277,0.0,-28.1175,26.719444,2014-07-17
6278,0.0,-28.116667,26.725278,2014-07-17
6279,0.0,-28.376944,24.303056,2014-07-17
6280,0.0,-24.95861111,29.39527778,2014-07-18
6281,4.535038948059082,-29.744167,29.905833,2014-07-18
6282,0.0,-27.902778,24.615556,2014-07-18
6283,9.578657150268556,-29.803611,30.516111,2014-07-18
6284,9.23521614074707,-29.140556,31.391944,2014-07-21
6285,0.0,-25.99136,27.84208,2014-07-21
6286,3.481959581375122,-25.513889,31.224444,2014-07-21
6287,0.0,-29.160278,26.573333,2014-07-21
6288,1.5931477546691897,-29.042222,24.6,2014-07-21
6289,0.0,-29.033333,23.983333,2014-07-21
6290,7.093170404434204,-25.398889,31.610556,2014-07-22
6291,5.201054573059082,-28.801278,31.955389,2014-07-22
6292,0.0,-27.935,26.126667,2014-07-22
6293,0.0,-28.1175,26.719444,2014-07-22
6294,0.0,-28.116667,26.725278,2014-07-22
6295,0.0,-29.028629,24.638389,2014-07-22
6296,3.3380610942840576,-28.69485,28.23487,2014-07-22
6297,0.0,-29.615556,27.065278,2014-07-22
6298,0.0,-28.883333,27.89,2014-07-22
6299,0.0,-25.45963889,28.26430556,2014-07-22
6300,0.0,-25.81048333,27.90955222,2014-07-23
6301,0.0,-24.282222,28.090278,2014-07-23
6302,9.087920188903809,-28.747778,31.745833,2014-07-23
6303,3.049828052520752,-28.404444,30.013056,2014-07-23
6304,0.0,-30.160091,27.40124,2014-07-23
6305,3.808996200561523,-30.336111,27.359444,2014-07-23
6306,0.0,-33.501667,21.624167,2014-07-23
6307,3.3438045978546143,-28.058889,30.373611,2014-07-23
6308,0.0,-22.935,28.004167,2014-07-24
6309,0.0,-30.830556,26.921389,2014-07-24
6310,8.165167808532715,-24.99328,30.81444,2014-07-24
6311,3.5462160110473633,-27.937778,31.209444,2014-07-24
6312,6.51704478263855,-27.5275,30.858056,2014-07-24
6313,0.0,-31.000833,26.353056,2014-07-24
6314,0.0,-30.679722,26.7125,2014-07-24
6315,0.0,-30.534167,24.961944,2014-07-24
6316,0.0,-29.744167,29.905833,2014-07-25
6317,0.0,-29.658056,25.973333,2014-07-25
6318,27.88142490386963,-33.38056,19.30167,2014-07-28
6319,0.0,-30.534167,24.961944,2011-08-16
6320,0.0,-27.01011111,26.69808333,2014-07-29
6321,0.0,-30.534167,24.961944,2011-09-08
6322,6.598680019378662,-30.534167,24.961944,2011-09-28
6323,6.598680019378662,-30.534167,24.961944,2011-10-07
6324,5.822077751159668,-30.534167,24.961944,2011-11-04
6325,26.761981964111328,-30.534167,24.961944,2011-12-02
6326,38.95207452774048,-30.534167,24.961944,2011-12-23
6327,16.179020881652832,-30.534167,24.961944,2012-02-03
6328,5.072017192840576,-30.534167,24.961944,2012-03-02
6329,29.72876882553101,-30.534167,24.961944,2012-03-30
6330,6.346391201019287,-30.534167,24.961944,2012-05-25
6331,7.4297075271606445,-34.065833,20.404167,2014-07-29
6332,0.0,-22.91028,29.61111,2014-07-29
6333,2.596478223800659,-30.534167,24.961944,2012-07-20
6334,5.648043155670166,-30.534167,24.961944,2012-09-14
6335,43.42694854736328,-30.534167,24.961944,2012-10-12
6336,12.428247928619385,-30.534167,24.961944,2012-11-09
6337,57.221484661102295,-30.534167,24.961944,2012-12-06
6338,0.0,-25.127778,27.628889,2014-07-29
6339,14.51919651031494,-30.534167,24.961944,2013-02-08
6340,0.0,-25.20639,27.558,2014-07-29
6341,0.0,-24.69514,27.40906,2014-07-29
6342,3.0661025047302246,-28.75,30.442778,2014-07-29
6343,0.0,-26.880278,26.965,2014-07-29
6344,20.31884002685547,-30.534167,24.961944,2014-05-22
6345,0.0,-26.98472222,26.63227778,2014-07-29
6346,0.0,-28.141944,26.417778,2014-07-29
6347,6.338968753814697,-28.1175,26.719444,2014-07-29
6348,2.149087905883789,-29.651389,22.746389,2014-07-29
6349,2.723503589630127,-30.534167,24.961944,2014-10-16
6350,66.6035509109497,-30.534167,24.961944,2014-11-06
6351,22.741379737854004,-30.534167,24.961944,2014-12-04
6352,12.009807348251345,-30.534167,24.961944,2015-01-08
6353,6.172554969787598,-33.31388889,19.07472222,2014-07-29
6354,4.07004451751709,-28.338333,31.373611,2014-07-29
6355,2.570523500442505,-28.068333,31.55,2014-07-29
6356,0.0,-27.495556,26.074722,2014-07-29
6357,0.0,-29.161667,23.696389,2014-07-30
6358,0.0,-22.225556,29.990556,2014-07-30
6359,16.483019590377808,-30.534167,24.961944,2015-10-22
6360,31.06127643585205,-31.860278,18.6875,2014-07-30
6361,0.0,-24.39619444,27.08983333,2014-07-30
6362,0.0,-23.281,30.54305556,2014-07-30
6363,33.271822929382324,-28.44555556,32.325,2014-10-22
6364,4.628663539886475,-29.161667,30.629722,2014-07-30
6365,2.8161861896514893,-31.436944,20.474722,2014-04-24
6366,0.0,-26.861111,28.884722,2014-07-30
6367,0.0,-26.73806,27.59194,2014-07-30
6368,0.0,-26.45,28.085833,2014-07-30
6369,0.0,-27.38972222,26.46388889,2014-07-30
6370,0.0,-27.398611,26.614722,2014-07-30
6371,0.0,-27.671111,27.236944,2014-07-30
6372,2.4350924491882324,-28.768056,20.720556,2014-07-30
6373,50.15347456932068,-33.08883333,19.21878333,2014-07-30
6374,3.1221301555633545,-29.641944,30.6875,2014-07-31
6375,0.0,-22.769722,30.886944,2014-07-31
6376,8.096532344818115,-27.169444,29.233889,2014-07-31
6377,0.0,-27.00222,28.76528,2014-07-31
6378,0.0,-28.376944,24.303056,2014-07-31
6379,36.327619552612305,-34.405833,19.600556,2014-07-31
6380,,-34.329722,18.990278,2014-07-31
6381,0.0,-27.356667,27.286389,2014-07-31
6382,4.980674743652344,-28.308889,31.9025,2014-07-31
6383,7.848672389984131,-33.897778,20.012778,2014-07-31
6384,0.0,-29.744167,29.905833,2014-08-01
6385,0.0,-26.648056,27.089444,2014-08-01
6386,0.0,-27.671111,27.236944,2014-08-01
6387,0.0,-27.902778,24.615556,2014-08-01
6388,0.0,-25.99136,27.84208,2014-08-04
6389,4.520906925201416,-28.735556,29.820556,2014-08-04
6390,1.8170719146728516,-26.45,28.085833,2014-08-04
6391,0.0,-29.160278,26.573333,2014-08-04
6392,0.0,-24.058889,31.237222,2014-08-05
6393,3.9928581714630127,-26.861111,28.884722,2014-08-05
6394,13.716057300567629,-34.031944,22.053333,2014-08-05
6395,17.606110095977783,-34.039722,22.133333,2014-08-05
6396,0.0,-25.45963889,28.26430556,2014-08-05
6397,3.919682502746582,-29.161667,23.696389,2014-08-06
6398,0.0,-25.81048333,27.90955222,2014-08-06
6399,4.691740036010742,-25.73411,27.21422,2014-08-06
6400,3.6440200805664062,-27.363611,31.783333,2014-08-06
6401,0.0,-26.905,32.324722,2014-08-06
6402,0.0,-27.602222,29.942778,2014-08-06
6403,5.233990669250488,-27.4275,28.525833,2014-08-06
6404,4.4892730712890625,-27.3,28.586944,2014-08-06
6405,8.044906854629517,-27.935,26.126667,2014-08-06
6406,20.975897789001465,-34.005833,22.351111,2014-08-06
6407,4.337453842163086,-27.00222,28.76528,2014-08-07
6408,4.511128902435303,-27.02314,28.59389,2014-08-07
6409,0.0,-31.394444,20.947222,2014-08-07
6410,0.0,-23.658056,31.05,2014-08-08
6411,0.0,-28.96362,19.15486,2014-08-09
6412,6.748152732849121,-24.679167,30.8025,2014-08-11
6413,0.0,-29.7775,29.470833,2014-08-11
6414,0.0,-29.987778,29.851667,2014-08-11
6415,0.0,-29.744167,29.905833,2014-08-11
6416,0.0,-29.380556,30.2775,2014-08-11
6417,0.0,-26.970278,27.211111,2014-08-11
6418,1.8170719146728516,-26.45,28.085833,2014-08-11
6419,2.777071952819824,-26.98472222,26.63227778,2014-08-11
6420,0.0,-27.671111,27.236944,2014-08-11
6421,0.0,-31.396,29.2651,2014-08-11
6422,0.0,-31.554722,29.245556,2014-08-11
6423,0.0,-24.183889,30.823889,2014-08-12
6424,0.0,-25.127778,27.628889,2014-08-12
6425,0.0,-24.39619444,27.08983333,2014-08-12
6426,0.0,-24.69514,27.40906,2014-08-12
6427,4.691740036010742,-25.73411,27.21422,2014-08-12
6428,4.602901935577393,-26.03611,30.99778,2014-08-12
6429,9.220446586608888,-30.733889,29.828333,2014-08-12
6430,3.9928581714630127,-26.861111,28.884722,2014-08-12
6431,4.337453842163086,-27.00222,28.76528,2014-08-12
6432,2.777071952819824,-26.98472222,26.63227778,2014-08-12
6433,0.0,-27.398611,26.614722,2014-08-12
6434,0.0,-30.570833,29.150556,2014-08-12
6435,0.0,-31.104278,29.399722,2014-08-12
6436,3.1515843868255615,-27.495556,26.074722,2014-08-12
6437,0.0,-27.4,26.624722,2014-08-12
6438,3.919682502746582,-29.161667,23.696389,2014-08-13
6439,2.951037883758545,-27.01011111,26.69808333,2014-08-13
6440,0.0,-22.935,28.004167,2014-08-13
6441,0.0,-24.670833,28.560833,2014-08-13
6442,0.0,-25.20639,27.558,2014-08-13
6443,0.0,-24.058889,31.237222,2014-08-13
6444,0.0,-30.398056,30.601944,2014-08-13
6445,0.0,-26.648056,27.089444,2014-08-13
6446,0.0,-26.880278,26.965,2014-08-13
6447,0.0,-31.031389,28.883333,2014-08-13
6448,0.0,-30.86013889,29.07125,2014-08-13
6449,0.0,-30.77586667,29.03221667,2014-08-13
6450,0.0,-24.282222,28.090278,2014-08-14
6451,0.0,-22.91028,29.61111,2014-08-14
6452,4.669230937957764,-25.49037,30.6986,2014-08-14
6453,12.134950160980225,-30.13573889,30.67422222,2014-08-14
6454,0.0,-28.376944,24.303056,2014-08-14
6455,4.1836137771606445,-25.447222,30.711667,2014-08-14
6456,13.952895164489746,-29.744167,29.905833,2014-08-15
6457,0.0,-27.902778,24.615556,2014-08-15
6458,16.532197952270508,-29.803611,30.516111,2014-08-15
6459,21.408267974853516,-28.96362,19.15486,2014-08-16
6460,2.876021385192871,-25.99136,27.84208,2014-08-18
6461,2.800740003585815,-26.73806,27.59194,2014-08-18
6462,0.0,-26.45,28.085833,2014-08-18
6463,5.80295991897583,-28.1175,26.719444,2014-08-18
6464,3.4707939624786377,-27.671111,27.236944,2014-08-18
6465,10.657079696655272,-29.160278,26.573333,2014-08-18
6466,16.3865327835083,-29.140556,31.391944,2014-08-19
6467,0.0,-26.006389,29.253889,2014-08-19
6468,18.001960277557373,-28.801278,31.955389,2014-08-19
6469,0.0,-27.169444,29.233889,2014-08-19
6470,0.0,-26.861111,28.884722,2014-08-19
6471,0.0,-27.00222,28.76528,2014-08-19
6472,2.777071952819824,-26.98472222,26.63227778,2014-08-19
6473,0.0,-27.935,26.126667,2014-08-19
6474,3.277315855026245,-27.398611,26.614722,2014-08-19
6475,4.299745559692383,-28.69485,28.23487,2014-08-19
6476,5.05496072769165,-28.883333,27.89,2014-08-19
6477,0.0,-25.45963889,28.26430556,2014-08-19
6478,0.0,-27.495556,26.074722,2014-08-19
6479,3.1216375827789307,-27.4,26.624722,2014-08-19
6480,2.71733021736145,-29.161667,23.696389,2014-08-20
6481,2.951037883758545,-27.01011111,26.69808333,2014-08-20
6482,2.6051483154296875,-25.81048333,27.90955222,2014-08-20
6483,16.987924575805664,-28.747778,31.745833,2014-08-20
6484,3.365190267562866,-28.404444,30.013056,2014-08-20
6485,1.6462005376815796,-26.648056,27.089444,2014-08-20
6486,3.479560136795044,-26.970278,27.211111,2014-08-20
6487,2.261521577835083,-26.880278,26.965,2014-08-20
6488,0.0,-28.1175,26.719444,2014-08-20
6489,15.473984718322754,-30.160091,27.40124,2014-08-20
6490,16.437219619750977,-30.336111,27.359444,2014-08-20
6491,10.87895393371582,-29.615556,27.065278,2014-08-20
6492,3.808145761489868,-28.058889,30.373611,2014-08-20
6493,12.71438980102539,-30.830556,26.921389,2014-08-21
6494,4.290913105010986,-27.937778,31.209444,2014-08-21
6495,4.169520854949951,-27.5275,30.858056,2014-08-21
6496,0.0,-28.116667,26.725278,2014-08-21
6497,11.158418655395508,-31.000833,26.353056,2014-08-21
6498,11.13045883178711,-30.679722,26.7125,2014-08-21
6499,5.05496072769165,-28.883333,27.89,2014-08-21
6500,6.321766376495361,-30.534167,24.961944,2014-08-21
6501,7.162036895751953,-31.394444,20.947222,2014-08-21
6502,0.0,-24.925278,29.324444,2014-08-22
6503,10.27738332748413,-29.658056,25.973333,2014-08-22
6504,4.622369766235352,-26.45,28.085833,2014-08-25
6505,2.4034547805786133,-29.042222,24.6,2014-08-25
6506,2.319340229034424,-29.028629,24.638389,2014-08-25
6507,20.587082862854004,-33.818056,19.694722,2014-08-25
6508,5.153367519378662,-32.502778,19.535833,2014-08-25
6509,5.800394535064697,-27.01011111,26.69808333,2014-08-26
6510,0.0,-25.127778,27.628889,2014-08-26
6511,7.70767068862915,-25.20639,27.558,2014-08-26
6512,0.0,-24.69514,27.40906,2014-08-26
6513,7.974706411361694,-23.281,30.54305556,2014-08-26
6514,5.448878765106201,-26.861111,28.884722,2014-08-26
6515,5.634202837944031,-26.648056,27.089444,2014-08-26
6516,9.026862382888794,-26.970278,27.211111,2014-08-26
6517,7.491521120071411,-26.880278,26.965,2014-08-26
6518,5.498974800109863,-26.98472222,26.63227778,2014-08-26
6519,4.553353309631348,-28.141944,26.417778,2014-08-26
6520,0.0,-28.1175,26.719444,2014-08-26
6521,0.0,-33.501667,21.624167,2014-08-26
6522,16.045846462249756,-34.075556,20.145556,2014-08-26
6523,3.747111797332764,-31.5653,18.3306,2014-08-26
6524,19.958595275878903,-32.94583,18.33667,2014-08-26
6525,5.600318908691406,-28.338333,31.373611,2014-08-26
6526,5.217941761016846,-28.068333,31.55,2014-08-26
6527,0.0,-24.39619444,27.08983333,2014-08-27
6528,5.982730746269226,-22.769722,30.886944,2014-08-27
6529,32.778634786605835,-28.44555556,32.325,2014-11-19
6530,18.163757801055908,-29.161667,30.629722,2014-08-27
6531,5.161578178405762,-27.00222,28.76528,2014-08-27
6532,5.244423866271973,-27.02314,28.59389,2014-08-27
6533,6.797749996185303,-27.4275,28.525833,2014-08-27
6534,5.08441162109375,-27.3,28.586944,2014-08-27
6535,8.17607569694519,-27.398611,26.614722,2014-08-27
6536,26.429329872131348,-33.13083,18.86278,2014-08-27
6537,42.30935287475586,-33.7075,18.97444444,2014-08-27
6538,4.991379261016846,-28.308889,31.9025,2014-08-27
6539,6.901348829269409,-26.619444,27.980833,2014-08-28
6540,0.0,-26.510278,28.351389,2014-08-28
6541,9.139617204666138,-27.671111,27.236944,2014-08-28
6542,0.0,-27.573056,24.746389,2014-08-28
6543,0.0,-28.376944,24.303056,2014-08-28
6544,4.1878204345703125,-28.75,30.442778,2014-08-29
6545,6.222002983093262,-29.744167,29.905833,2014-08-29
6546,0.0,-27.902778,24.615556,2014-08-29
6547,4.340360641479492,-25.99136,27.84208,2014-09-01
6548,4.721578121185303,-26.73806,27.59194,2014-09-01
6549,4.622369766235352,-26.45,28.085833,2014-09-01
6550,0.0,-28.141944,26.417778,2014-09-01
6551,0.0,-28.116667,26.725278,2014-09-01
6552,14.525501251220703,-33.38056,19.30167,2014-09-01
6553,15.759850978851318,-34.065833,20.404167,2014-09-02
6554,4.842107772827148,-31.860278,18.6875,2014-09-02
6555,5.70827054977417,-27.169444,29.233889,2014-09-02
6556,10.536829471588137,-26.861111,28.884722,2014-09-02
6557,5.161578178405762,-27.00222,28.76528,2014-09-02
6558,5.229999542236328,-26.880278,26.965,2014-09-02
6559,2.412773609161377,-27.935,26.126667,2014-09-02
6560,5.6688232421875,-27.671111,27.236944,2014-09-02
6561,3.602024793624878,-34.031944,22.053333,2014-09-02
6562,0.0,-34.039722,22.133333,2014-09-02
6563,0.0,-25.45963889,28.26430556,2014-09-02
6564,0.0,-25.57877778,29.12747222,2014-09-02
6565,0.0,-29.161667,23.696389,2014-09-03
6566,5.549477815628052,-25.81048333,27.90955222,2014-09-03
6567,0.0,-23.658056,31.05,2014-09-03
6568,6.254268169403076,-26.006389,29.253889,2014-09-03
6569,4.770747661590576,-27.602222,29.942778,2014-09-03
6570,6.390619277954102,-27.802778,28.768333,2014-09-03
6571,0.0,-29.160278,26.573333,2014-09-03
6572,0.0,-31.436944,20.474722,2014-09-03
6573,7.899016857147217,-34.405833,19.600556,2014-09-03
6574,5.465660095214844,-27.363611,31.783333,2014-09-04
6575,5.54730224609375,-26.970278,27.211111,2014-09-04
6576,5.6688232421875,-27.671111,27.236944,2014-09-04
6577,,-34.329722,18.990278,2014-09-04
6578,7.571240425109863,-33.897778,20.012778,2014-09-04
6579,5.800394535064697,-27.01011111,26.69808333,2014-09-05
6580,4.679661273956299,-26.905,32.324722,2014-09-05
6581,6.264047145843506,-28.735556,29.820556,2014-09-05
6582,11.313682556152344,-29.744167,29.905833,2014-09-05
6583,5.498974800109863,-26.98472222,26.63227778,2014-09-05
6584,0.0,-34.005833,22.351111,2014-09-05
6585,3.081784248352051,-27.495556,26.074722,2014-09-05
6586,0.0,-28.96362,19.15486,2014-09-06
6587,0.0,-28.338333,31.373611,2014-09-06
6588,5.3400959968566895,-29.7775,29.470833,2014-09-08
6589,0.0,-29.987778,29.851667,2014-09-08
6590,11.313682556152344,-29.744167,29.905833,2014-09-08
6591,0.0,-26.98472222,26.63227778,2014-09-08
6592,0.0,-27.671111,27.236944,2014-09-08
6593,0.0,-29.160278,26.573333,2014-09-08
6594,13.605226039886476,-33.31388889,19.07472222,2014-09-08
6595,0.0,-25.127778,27.628889,2014-09-09
6596,0.0,-25.20639,27.558,2014-09-09
6597,0.0,-24.39619444,27.08983333,2014-09-09
6598,0.0,-24.69514,27.40906,2014-09-09
6599,7.563679218292236,-30.733889,29.828333,2014-09-09
6600,6.558405876159668,-29.380556,30.2775,2014-09-09
6601,2.3544132709503174,-28.141944,26.417778,2014-09-09
6602,2.6105494499206543,-28.1175,26.719444,2014-09-09
6603,0.0,-27.398611,26.614722,2014-09-09
6604,6.409694671630859,-28.69485,28.23487,2014-09-09
6605,0.0,-29.615556,27.065278,2014-09-09
6606,4.946092128753662,-28.883333,27.89,2014-09-09
6607,0.0,-31.554722,29.245556,2014-09-09
6608,0.0,-27.4,26.624722,2014-09-09
6609,0.0,-29.161667,23.696389,2014-09-10
6610,0.0,-27.01011111,26.69808333,2014-09-10
6611,2.282676696777344,-26.648056,27.089444,2014-09-10
6612,0.0,-26.970278,27.211111,2014-09-10
6613,0.0,-26.880278,26.965,2014-09-10
6614,0.0,-26.98472222,26.63227778,2014-09-10
6615,0.0,-27.671111,27.236944,2014-09-10
6616,0.0,-30.160091,27.40124,2014-09-10
6617,0.0,-30.336111,27.359444,2014-09-10
6618,0.6263142228126526,-28.460833,21.248889,2014-09-10
6619,0.0,-30.568333,29.422778,2014-09-10
6620,0.0,-30.570833,29.150556,2014-09-10
6621,3.037586212158203,-30.830556,26.921389,2014-09-11
6622,0.0,-30.13573889,30.67422222,2014-09-11
6623,0.0,-27.38972222,26.46388889,2014-09-11
6624,0.0,-27.398611,26.614722,2014-09-11
6625,0.0,-28.376944,24.303056,2014-09-11
6626,3.1449573040008545,-31.000833,26.353056,2014-09-11
6627,0.0,-30.679722,26.7125,2014-09-11
6628,2.928133487701416,-30.534167,24.961944,2014-09-11
6629,0.0,-30.77586667,29.03221667,2014-09-11
6630,0.0,-27.902778,24.615556,2014-09-12
6631,5.12412166595459,-29.803611,30.516111,2014-09-12
6632,17.024033546447754,-24.679167,30.8025,2014-09-15
6633,0.0,-25.99136,27.84208,2014-09-15
6634,21.476497650146484,-25.513889,31.224444,2014-09-15
6635,0.0,-26.73806,27.59194,2014-09-15
6636,5.287010192871094,-26.45,28.085833,2014-09-15
6637,4.099301338195801,-29.042222,24.6,2014-09-15
6638,4.4576334953308105,-29.028629,24.638389,2014-09-15
6639,7.64179801940918,-22.225556,29.990556,2014-09-16
6640,14.593212604522703,-25.436111,31.982222,2014-09-16
6641,0.0,-29.140556,31.391944,2014-09-16
6642,6.047595977783203,-24.183889,30.823889,2014-09-16
6643,7.570815086364746,-25.73411,27.21422,2014-09-16
6644,0.0,-23.838611,31.640833,2014-09-16
6645,3.0604124069213867,-24.058889,31.237222,2014-09-16
6646,14.94695234298706,-26.03611,30.99778,2014-09-16
6647,11.609272003173828,-25.681111,31.783333,2014-09-16
6648,11.379313945770264,-25.362222,31.956667,2014-09-16
6649,0.0,-27.169444,29.233889,2014-09-16
6650,13.684077739715576,-26.861111,28.884722,2014-09-16
6651,0.0,-27.802778,28.768333,2014-09-16
6652,3.5014877319335938,-33.501667,21.624167,2014-09-16
6653,0.0,-25.45963889,28.26430556,2014-09-16
6654,3.4484434127807617,-25.81048333,27.90955222,2014-09-17
6655,5.369458198547363,-24.282222,28.090278,2014-09-17
6656,4.333312511444092,-23.23572222,27.717,2014-09-17
6657,0.0,-24.670833,28.560833,2014-09-17
6658,0.0,-22.91028,29.61111,2014-09-17
6659,13.866280555725098,-24.768889,31.39,2014-09-17
6660,0.0,-28.801278,31.955389,2014-09-17
6661,0.0,-28.404444,30.013056,2014-09-17
6662,5.685527324676514,-27.00222,28.76528,2014-09-17
6663,6.057921409606934,-27.02314,28.59389,2014-09-17
6664,0.0,-27.273889,28.49,2014-09-17
6665,0.0,-27.4275,28.525833,2014-09-17
6666,0.0,-27.3,28.586944,2014-09-17
6667,3.438561201095581,-27.935,26.126667,2014-09-17
6668,4.218796610832214,-28.768056,20.720556,2014-09-17
6669,0.0,-28.058889,30.373611,2014-09-17
6670,5.431914329528809,-23.763056,27.908611,2014-09-18
6671,28.460755348205566,-24.99328,30.81444,2014-09-18
6672,0.0,-28.747778,31.745833,2014-09-18
6673,0.0,-27.937778,31.209444,2014-09-18
6674,0.0,-27.5275,30.858056,2014-09-18
6675,0.0,-26.619444,27.980833,2014-09-18
6676,14.902184009552002,-29.744167,29.905833,2014-09-19
6677,7.255895137786865,-31.394444,20.947222,2014-09-22
6678,10.095338344573976,-33.818056,19.694722,2014-09-22
6679,6.661065101623535,-32.502778,19.535833,2014-09-22
6680,8.246748924255371,-27.01011111,26.69808333,2014-09-23
6681,0.0,-31.860278,18.6875,2014-09-23
6682,2.1171398162841797,-25.127778,27.628889,2014-09-23
6683,3.148606538772583,-25.20639,27.558,2014-09-23
6684,2.7431282997131348,-24.69514,27.40906,2014-09-23
6685,7.570815086364746,-25.73411,27.21422,2014-09-23
6686,6.087213039398193,-26.970278,27.211111,2014-09-23
6687,5.9729437828063965,-26.880278,26.965,2014-09-23
6688,8.240232467651367,-26.98472222,26.63227778,2014-09-23
6689,6.176120042800903,-27.398611,26.614722,2014-09-23
6690,8.256872653961182,-27.671111,27.236944,2014-09-23
6691,5.9288201332092285,-34.075556,20.145556,2014-09-23
6692,4.816775321960449,-31.5653,18.3306,2014-09-23
6693,25.07581901550293,-28.338333,31.373611,2014-09-23
6694,0.0,-27.495556,26.074722,2014-09-23
6695,6.183720350265503,-27.4,26.624722,2014-09-23
6696,25.682600498199463,-29.641944,30.6875,2014-09-24
6697,15.723016738891602,-29.161667,30.629722,2014-09-24
6698,12.197081089019775,-27.00222,28.76528,2014-09-24
6699,9.979164123535156,-26.619444,27.980833,2014-09-24
6700,6.11044979095459,-26.45,28.085833,2014-09-24
6701,12.500765323638916,-33.38056,19.30167,2014-09-24
6702,2.630390167236328,-23.281,30.54305556,2014-09-25
6703,7.237509727478027,-26.861111,28.884722,2014-09-25
6704,8.087226629257202,-28.376944,24.303056,2014-09-25
6705,10.52594518661499,-32.94583,18.33667,2014-09-25
6706,3.626450538635254,-26.648056,27.089444,2014-09-26
6707,7.735079765319824,-27.573056,24.746389,2014-09-26
6708,5.287605285644531,-27.902778,24.615556,2014-09-26
6709,0.0,-28.96362,19.15486,2014-09-26
6710,7.144671440124512,-25.99136,27.84208,2014-09-29
6711,8.246748924255371,-27.01011111,26.69808333,2014-09-30
6712,18.038740158081055,-34.065833,20.404167,2014-09-30
6713,48.10343170166016,-30.398056,30.601944,2014-09-30
6714,3.626450538635254,-26.648056,27.089444,2014-09-30
6715,0.0,-26.970278,27.211111,2014-09-30
6716,0.0,-26.880278,26.965,2014-09-30
6717,7.3771233558654785,-26.73806,27.59194,2014-09-30
6718,6.11044979095459,-26.45,28.085833,2014-09-30
6719,8.240232467651367,-26.98472222,26.63227778,2014-09-30
6720,0.0,-27.935,26.126667,2014-09-30
6721,0.0,-28.141944,26.417778,2014-09-30
6722,12.003127098083496,-33.31388889,19.07472222,2014-09-30
6723,17.756441116333008,-33.7075,18.97444444,2014-09-30
6724,0.0,-25.45963889,28.26430556,2014-09-30
6725,0.0,-25.81048333,27.90955222,2014-10-01
6726,24.17513394355774,-27.169444,29.233889,2014-10-01
6727,0.0,-26.861111,28.884722,2014-10-01
6728,18.937891483306885,-34.405833,19.600556,2014-10-01
6729,9.952627658843994,-33.13083,18.86278,2014-10-01
6730,0.0,-25.73411,27.21422,2014-10-02
6731,12.197081089019775,-27.00222,28.76528,2014-10-02
6732,9.979164123535156,-26.619444,27.980833,2014-10-02
6733,0.0,-26.98472222,26.63227778,2014-10-02
6734,,-34.329722,18.990278,2014-10-02
6735,5.375004291534424,-33.897778,20.012778,2014-10-02
6736,0.0,-29.744167,29.905833,2014-10-03
6737,0.0,-31.031389,28.883333,2014-10-03
6738,24.71480178833008,-30.86013889,29.07125,2014-10-03
6739,19.906822204589844,-30.77586667,29.03221667,2014-10-03
6740,12.01080322265625,-25.49037,30.6986,2014-10-06
6741,4.45229959487915,-29.160278,26.573333,2014-10-06
6742,28.77216529846191,-30.568333,29.422778,2014-10-06
6743,22.998987197875977,-30.570833,29.150556,2014-10-06
6744,11.623284816741943,-25.447222,30.711667,2014-10-06
6745,0.0,-28.7115,24.07288889,2014-10-07
6746,0.0,-25.127778,27.628889,2014-10-07
6747,4.273011207580566,-24.69514,27.40906,2014-10-07
6748,0.0,-22.769722,30.886944,2014-10-07
6749,36.671287536621094,-31.396,29.2651,2014-10-07
6750,12.84562873840332,-34.031944,22.053333,2014-10-07
6751,13.570198059082031,-34.039722,22.133333,2014-10-07
6752,0.0,-25.20639,27.558,2014-10-08
6753,0.0,-25.73411,27.21422,2014-10-08
6754,7.018032550811768,-23.281,30.54305556,2014-10-08
6755,12.667224884033203,-26.905,32.324722,2014-10-08
6756,44.739444732666016,-29.380556,30.2775,2014-10-08
6757,7.921434640884399,-26.970278,27.211111,2014-10-08
6758,13.533721446990969,-28.116667,26.725278,2014-10-08
6759,46.92083740234375,-31.104278,29.399722,2014-10-08
6760,8.045934677124023,-34.02861,22.22222,2014-10-08
6761,6.749622821807861,-27.01011111,26.69808333,2014-10-09
6762,4.915769100189209,-25.127778,27.628889,2014-10-09
6763,12.585311889648438,-23.658056,31.05,2014-10-09
6764,34.24817419052124,-26.861111,28.884722,2014-10-09
6765,13.252761363983154,-26.45,28.085833,2014-10-09
6766,0.0,-26.98472222,26.63227778,2014-10-09
6767,7.733221530914307,-27.671111,27.236944,2014-10-09
6768,3.380972146987915,-28.376944,24.303056,2014-10-09
6769,45.29920959472656,-31.554722,29.245556,2014-10-09
6770,4.970987319946289,-34.005833,22.351111,2014-10-09
6771,4.4970927238464355,-27.495556,26.074722,2014-10-09
6772,7.255454063415527,-26.648056,27.089444,2014-10-10
6773,5.7301411628723145,-26.880278,26.965,2014-10-10
6774,0.0,-27.573056,24.746389,2014-10-10
6775,4.105990409851074,-27.902778,24.615556,2014-10-10
6776,68.86456871032715,-31.031389,28.883333,2011-02-16
6777,11.922143936157228,-25.99136,27.84208,2014-10-13
6778,12.504857540130615,-26.510278,28.351389,2014-10-13
6779,13.87523603439331,-26.73806,27.59194,2014-10-13
6780,13.252761363983154,-26.45,28.085833,2014-10-13
6781,7.733221530914307,-27.671111,27.236944,2014-10-13
6782,8.9045991897583,-29.160278,26.573333,2014-10-13
6783,0.0,-29.042222,24.6,2014-10-13
6784,0.0,-29.028629,24.638389,2014-10-13
6785,6.749622821807861,-27.01011111,26.69808333,2014-10-14
6786,62.35855960845947,-29.140556,31.391944,2014-10-14
6787,0.0,-25.73411,27.21422,2014-10-14
6788,23.20052433013916,-27.169444,29.233889,2014-10-14
6789,34.24817419052124,-26.861111,28.884722,2014-10-14
6790,16.100655794143677,-27.802778,28.768333,2014-10-14
6791,0.0,-26.98472222,26.63227778,2014-10-14
6792,13.533721446990969,-28.1175,26.719444,2014-10-14
6793,13.533721446990969,-28.116667,26.725278,2014-10-14
6794,0.0,-27.398611,26.614722,2014-10-14
6795,14.010848999023438,-28.69485,28.23487,2014-10-14
6796,11.274107933044434,-29.615556,27.065278,2014-10-14
6797,19.61662483215332,-28.883333,27.89,2014-10-14
6798,8.820257186889648,-27.4,26.624722,2014-10-14
6799,10.181571006774902,-25.81048333,27.90955222,2014-10-15
6800,45.883971214294434,-28.747778,31.745833,2014-10-15
6801,25.27486038208008,-28.404444,30.013056,2014-10-15
6802,42.410491943359375,-27.00222,28.76528,2014-10-15
6803,40.10204124450683,-27.02314,28.59389,2014-10-15
6804,7.255454063415527,-26.648056,27.089444,2014-10-15
6805,10.228417158126833,-26.970278,27.211111,2014-10-15
6806,5.7301411628723145,-26.880278,26.965,2014-10-15
6807,76.67643165588379,-27.273889,28.49,2014-10-15
6808,19.472752571105957,-27.4275,28.525833,2014-10-15
6809,25.016247749328613,-27.3,28.586944,2014-10-15
6810,7.918281555175781,-27.935,26.126667,2014-10-15
6811,12.478055000305176,-28.141944,26.417778,2014-10-15
6812,7.733221530914307,-27.671111,27.236944,2014-10-15
6813,10.232901096343994,-30.160091,27.40124,2014-10-15
6814,11.746267557144163,-30.336111,27.359444,2014-10-15
6815,0.0,-28.768056,20.720556,2014-10-15
6816,24.753314971923828,-34.092222,21.295278,2014-10-15
6817,29.09962272644043,-28.058889,30.373611,2014-10-15
6818,6.509518146514893,-30.830556,26.921389,2014-10-16
6819,31.40039896965027,-25.49037,30.6986,2014-10-16
6820,33.05776786804199,-27.937778,31.209444,2014-10-16
6821,36.22520112991333,-27.5275,30.858056,2014-10-16
6822,40.77834415435791,-29.744167,29.905833,2014-10-16
6823,14.623072147369385,-26.619444,27.980833,2014-10-16
6824,5.070852756500244,-27.38972222,26.46388889,2014-10-16
6825,0.0,-27.398611,26.614722,2014-10-16
6826,0.0,-31.000833,26.353056,2014-10-16
6827,8.43266224861145,-30.679722,26.7125,2014-10-16
6828,8.820257186889648,-27.4,26.624722,2014-10-16
6829,62.69803071022034,-24.99328,30.81444,2014-10-20
6830,10.59134817123413,-33.818056,19.694722,2014-10-20
6831,0.0,-32.502778,19.535833,2014-10-20
6832,15.691564798355104,-25.127778,27.628889,2014-10-21
6833,14.969378232955933,-25.20639,27.558,2014-10-21
6834,16.113099455833435,-24.69514,27.40906,2014-10-21
6835,25.541259765625,-26.006389,29.253889,2014-10-21
6836,47.9277446269989,-25.513889,31.224444,2014-10-21
6837,34.63654327392578,-25.398889,31.610556,2014-10-21
6838,19.375030755996704,-26.970278,27.211111,2014-10-21
6839,27.996658325195312,-26.45,28.085833,2014-10-21
6840,15.430045127868652,-34.075556,20.145556,2014-10-21
6841,3.2082533836364746,-32.595833,19.009444,2014-10-21
6842,22.443588256835938,-28.338333,31.373611,2014-10-21
6843,20.88890838623047,-28.068333,31.55,2014-10-21
6844,9.005400657653809,-27.01011111,26.69808333,2014-10-22
6845,27.181861877441406,-29.641944,30.6875,2014-10-22
6846,10.826634407043455,-24.39619444,27.08983333,2014-10-22
6847,38.065659523010254,-28.44555556,32.325,2014-12-16
6848,6.883259296417236,-26.861111,28.884722,2014-10-22
6849,13.838155508041382,-26.648056,27.089444,2014-10-22
6850,13.928537130355837,-26.880278,26.965,2014-10-22
6851,14.568922519683838,-26.98472222,26.63227778,2014-10-22
6852,12.423729419708252,-34.250556,20.9925,2014-10-22
6853,22.804827213287354,-25.57877778,29.12747222,2014-10-22
6854,20.960827350616455,-25.436111,31.982222,2014-10-23
6855,0.0,-25.681111,31.783333,2014-10-23
6856,13.16856288909912,-25.362222,31.956667,2014-10-23
6857,19.64794111251831,-28.75,30.442778,2014-10-23
6858,14.63291358947754,-29.161667,30.629722,2014-10-23
6859,0.0,-27.00222,28.76528,2014-10-23
6860,20.814544677734375,-26.619444,27.980833,2014-10-23
6861,11.21402072906494,-27.573056,24.746389,2014-10-23
6862,3.1591062545776367,-32.94583,18.33667,2014-10-23
6863,18.385814666748047,-28.308889,31.9025,2014-10-23
6864,0.0,-23.838611,31.640833,2014-10-24
6865,9.836833953857422,-24.95861111,29.39527778,2014-10-24
6866,8.141460180282593,-27.902778,24.615556,2014-10-24
6867,16.47431194782257,-29.161667,23.696389,2014-10-27
6868,26.266958236694336,-25.99136,27.84208,2014-10-27
6869,0.0,-31.554722,29.245556,2014-10-27
6870,23.45255947113037,-28.7115,24.07288889,2014-10-28
6871,60.235761642456055,-34.065833,20.404167,2014-10-28
6872,2.27405309677124,-22.91028,29.61111,2014-10-28
6873,29.517303705215458,-26.970278,27.211111,2014-10-28
6874,27.94990611076355,-26.880278,26.965,2014-10-28
6875,53.53629207611084,-27.802778,28.768333,2014-10-28
6876,42.551414012908936,-27.671111,27.236944,2014-10-28
6877,19.16542077064514,-29.1825,23.575556,2014-10-28
6878,39.69194412231445,-30.568333,29.422778,2014-10-28
6879,48.25779724121094,-30.570833,29.150556,2014-10-28
6880,18.412801265716553,-31.104278,29.399722,2014-10-28
6881,15.524242401123049,-33.501667,21.624167,2014-10-28
6882,31.49507236480713,-27.01011111,26.69808333,2014-10-29
6883,29.631436347961422,-25.81048333,27.90955222,2014-10-29
6884,19.3948335647583,-22.935,28.004167,2014-10-29
6885,25.75960493087769,-24.282222,28.090278,2014-10-29
6886,23.53344130516052,-24.670833,28.560833,2014-10-29
6887,30.149134635925293,-25.73411,27.21422,2014-10-29
6888,5.320894718170166,-26.905,32.324722,2014-10-29
6889,16.321287155151367,-28.735556,29.820556,2014-10-29
6890,11.552607536315918,-26.861111,28.884722,2014-10-29
6891,25.55637049674988,-26.648056,27.089444,2014-10-29
6892,21.296382904052734,-27.273889,28.49,2014-10-29
6893,48.03320503234863,-27.3,28.586944,2014-10-29
6894,36.46165466308594,-26.98472222,26.63227778,2014-10-29
6895,12.42488956451416,-28.768056,20.720556,2014-10-29
6896,38.87240982055664,-31.031389,28.883333,2014-10-29
6897,48.377352714538574,-30.86013889,29.07125,2014-10-29
6898,39.859681129455566,-30.77586667,29.03221667,2014-10-29
6899,36.31221008300781,-34.405833,19.600556,2014-10-29
6900,24.16447925567627,-33.13083,18.86278,2014-10-29
6901,45.49276351928711,-33.7075,18.97444444,2014-10-29
6902,14.005948543548584,-27.363611,31.783333,2014-10-30
6903,36.30914115905762,-27.602222,29.942778,2014-10-30
6904,14.427911043167114,-27.00222,28.76528,2014-10-30
6905,29.353883743286133,-26.619444,27.980833,2014-10-30
6906,37.63641083240509,-26.73806,27.59194,2014-10-30
6907,,-34.329722,18.990278,2014-10-30
6908,31.641235828399655,-33.31388889,19.07472222,2014-10-30
6909,27.288671493530273,-33.897778,20.012778,2014-10-30
6910,33.74221706390381,-29.744167,29.905833,2014-10-31
6911,29.895394802093502,-28.404444,30.013056,2014-11-02
6912,33.74221706390381,-29.744167,29.905833,2014-11-03
6913,15.643800735473633,-26.73806,27.59194,2014-11-03
6914,13.80528211593628,-26.45,28.085833,2014-11-03
6915,32.831125259399414,-27.671111,27.236944,2014-11-03
6916,58.268489360809326,-30.733889,29.828333,2014-11-04
6917,36.596404790878296,-29.380556,30.2775,2014-11-04
6918,41.12734317779541,-27.169444,29.233889,2014-11-04
6919,25.19013500213623,-26.861111,28.884722,2014-11-04
6920,30.9933819770813,-26.98472222,26.63227778,2014-11-04
6921,41.95061445236206,-28.141944,26.417778,2014-11-04
6922,35.61423301696777,-27.398611,26.614722,2014-11-04
6923,92.57315397262572,-29.160278,26.573333,2014-11-04
6924,66.74684929847717,-28.69485,28.23487,2014-11-04
6925,66.28113269805908,-28.883333,27.89,2014-11-04
6926,20.07613945007324,-34.039722,22.133333,2014-11-04
6927,35.14395332336426,-27.4,26.624722,2014-11-04
6928,32.168532609939575,-27.01011111,26.69808333,2014-11-05
6929,26.336798191070557,-25.73411,27.21422,2014-11-05
6930,36.26230716705322,-30.398056,30.601944,2014-11-05
6931,28.012479066848755,-27.00222,28.76528,2014-11-05
6932,25.44785785675049,-27.02314,28.59389,2014-11-05
6933,19.827309608459473,-26.648056,27.089444,2014-11-05
6934,29.708962440490723,-26.970278,27.211111,2014-11-05
6935,24.597464323043823,-26.880278,26.965,2014-11-05
6936,32.97560977935791,-27.273889,28.49,2014-11-05
6937,42.41267967224121,-27.4275,28.525833,2014-11-05
6938,54.223995208740234,-27.3,28.586944,2014-11-05
6939,54.42288851737976,-28.116667,26.725278,2014-11-05
6940,67.27654457092285,-30.160091,27.40124,2014-11-05
6941,72.41434121131897,-30.336111,27.359444,2014-11-05
6942,114.00035095214844,-29.615556,27.065278,2014-11-05
6943,31.022974491119385,-34.02861,22.22222,2014-11-05
6944,71.58659148216248,-30.830556,26.921389,2014-11-06
6945,37.94527101516723,-26.619444,27.980833,2014-11-06
6946,51.76106262207031,-28.376944,24.303056,2014-11-06
6947,63.72533178329468,-31.000833,26.353056,2014-11-06
6948,66.24283027648926,-30.679722,26.7125,2014-11-06
6949,7.46406364440918,-23.838611,31.640833,2014-11-07
6950,47.00881814956665,-27.902778,24.615556,2014-11-07
6951,120.43697929382324,-29.658056,25.973333,2014-11-07
6952,44.71449947357178,-25.99136,27.84208,2014-11-10
6953,40.872355222702026,-28.1175,26.719444,2014-11-10
6954,36.04582691192627,-27.671111,27.236944,2014-11-10
6955,22.950860023498535,-29.140556,31.391944,2014-11-11
6956,26.80649161338806,-24.183889,30.823889,2014-11-11
6957,24.23478841781616,-25.73411,27.21422,2014-11-11
6958,23.949426651000977,-28.801278,31.955389,2014-11-11
6959,27.574913024902344,-26.73806,27.59194,2014-11-11
6960,32.137370109558105,-26.45,28.085833,2014-11-11
6961,32.80530309677124,-26.98472222,26.63227778,2014-11-11
6962,30.709162712097168,-27.935,26.126667,2014-11-11
6963,39.80958652496338,-28.141944,26.417778,2014-11-11
6964,38.830596923828125,-27.398611,26.614722,2014-11-11
6965,14.564615726470947,-34.092222,21.295278,2014-11-11
6966,37.560495376586914,-25.45963889,28.26430556,2014-11-11
6967,36.823482513427734,-27.4,26.624722,2014-11-11
6968,26.22289776802063,-27.01011111,26.69808333,2014-11-12
6969,38.09438228607178,-25.81048333,27.90955222,2014-11-12
6970,15.03808879852295,-24.670833,28.560833,2014-11-12
6971,18.876765251159668,-22.769722,30.886944,2014-11-12
6972,14.613037109375,-24.058889,31.237222,2014-11-12
6973,24.095280289649963,-28.747778,31.745833,2014-11-12
6974,25.38506031036377,-27.937778,31.209444,2014-11-12
6975,29.801637649536133,-29.744167,29.905833,2014-11-12
6976,34.59719896316528,-27.169444,29.233889,2014-11-12
6977,33.136165618896484,-26.861111,28.884722,2014-11-12
6978,22.67280387878418,-26.648056,27.089444,2014-11-12
6979,25.461490631103516,-26.970278,27.211111,2014-11-12
6980,27.586797952651978,-26.880278,26.965,2014-11-12
6981,39.292513847351074,-27.802778,28.768333,2014-11-12
6982,19.601454257965088,-25.127778,27.628889,2014-11-13
6983,21.512518405914307,-25.20639,27.558,2014-11-13
6984,10.891857743263245,-23.658056,31.05,2014-11-13
6985,14.241837739944458,-23.281,30.54305556,2014-11-13
6986,24.22205924987793,-27.5275,30.858056,2014-11-13
6987,31.83473777770996,-27.00222,28.76528,2014-11-13
6988,37.33401966094971,-27.273889,28.49,2014-11-13
6989,14.894929885864258,-27.4275,28.525833,2014-11-13
6990,35.33230400085449,-27.3,28.586944,2014-11-13
6991,67.09032821655273,-24.679167,30.8025,2014-11-14
6992,25.507725715637207,-26.98472222,26.63227778,2014-11-14
6993,66.8586688041687,-25.49037,30.6986,2014-11-17
6994,50.14745378494263,-27.671111,27.236944,2014-11-17
6995,87.99068260192871,-29.042222,24.6,2014-11-17
6996,44.82190275192261,-29.033333,23.983333,2014-11-17
6997,57.638357162475586,-25.447222,30.711667,2014-11-17
6998,22.569939613342285,-25.127778,27.628889,2014-11-18
6999,23.49956703186035,-25.20639,27.558,2014-11-18
7000,16.641361474990845,-24.69514,27.40906,2014-11-18
7001,51.906513690948486,-26.006389,29.253889,2014-11-18
7002,55.23117637634277,-25.513889,31.224444,2014-11-18
7003,42.05154228210449,-25.398889,31.610556,2014-11-18
7004,49.57738494873047,-28.141944,26.417778,2014-11-18
7005,39.251933097839355,-28.1175,26.719444,2014-11-18
7006,97.5269775390625,-29.028629,24.638389,2014-11-18
7007,27.210402488708496,-28.338333,31.373611,2014-11-18
7008,24.581900358200073,-28.068333,31.55,2014-11-18
7009,39.296793937683105,-29.641944,30.6875,2014-11-19
7010,9.83410620689392,-24.39619444,27.08983333,2014-11-19
7011,32.798523902893066,-25.681111,31.783333,2014-11-19
7012,37.42306709289551,-28.44555556,32.325,2015-01-14
7013,42.57861948013306,-29.161667,30.629722,2014-11-19
7014,41.57359266281128,-26.45,28.085833,2014-11-19
7015,47.64894723892212,-27.38972222,26.46388889,2014-11-19
7016,45.58098602294922,-27.398611,26.614722,2014-11-19
7017,33.267316818237305,-25.57877778,29.12747222,2014-11-19
7018,62.9617977142334,-26.03611,30.99778,2014-11-20
7019,22.01684260368347,-28.75,30.442778,2014-11-20
7020,37.4193754196167,-26.861111,28.884722,2014-11-20
7021,33.97221326828003,-27.671111,27.236944,2014-11-20
7022,23.684096336364743,-28.376944,24.303056,2014-11-20
7023,46.97981071472168,-29.160278,26.573333,2014-11-20
7024,18.279621243476868,-28.308889,31.9025,2014-11-20
7025,44.52795124053955,-24.9675,31.516667,2014-11-21
7026,28.654784202575684,-28.058889,30.373611,2014-11-22
7027,9.806891441345217,-23.23572222,27.717,2014-11-24
7028,69.77426481246948,-25.99136,27.84208,2014-11-24
7029,40.49345111846924,-27.671111,27.236944,2014-11-24
7030,37.93554401397705,-31.554722,29.245556,2014-11-24
7031,0.0,-33.818056,19.694722,2014-11-24
7032,0.0,-32.502778,19.535833,2014-11-24
7033,42.34309482574463,-27.01011111,26.69808333,2014-11-25
7034,0.0,-31.860278,18.6875,2014-11-25
7035,17.345550537109375,-22.91028,29.61111,2014-11-25
7036,54.751102447509766,-26.970278,27.211111,2014-11-25
7037,50.07308769226074,-26.880278,26.965,2014-11-25
7038,31.15215826034546,-28.1175,26.719444,2014-11-25
7039,37.930789947509766,-30.568333,29.422778,2014-11-25
7040,41.308812618255615,-30.570833,29.150556,2014-11-25
7041,38.07719087600708,-31.104278,29.399722,2014-11-25
7042,2.5778119564056396,-33.501667,21.624167,2014-11-25
7043,0.0,-34.075556,20.145556,2014-11-25
7044,0.0,-32.595833,19.009444,2014-11-25
7045,50.51498222351074,-25.45963889,28.26430556,2014-11-25
7046,66.28734540939331,-25.81048333,27.90955222,2014-11-26
7047,28.316132068634033,-24.282222,28.090278,2014-11-26
7048,14.855481386184692,-23.763056,27.908611,2014-11-26
7049,26.987550973892212,-26.905,32.324722,2014-11-26
7050,42.62338852882385,-27.602222,29.942778,2014-11-26
7051,59.0323486328125,-27.00222,28.76528,2014-11-26
7052,55.540804862976074,-26.73806,27.59194,2014-11-26
7053,59.77605199813843,-26.45,28.085833,2014-11-26
7054,30.637189865112305,-29.042222,24.6,2014-11-26
7055,19.22158908843994,-29.033333,23.983333,2014-11-26
7056,37.401400566101074,-31.031389,28.883333,2014-11-26
7057,42.22750997543335,-30.86013889,29.07125,2014-11-26
7058,40.25747346878052,-30.77586667,29.03221667,2014-11-26
7059,0.0,-34.250556,20.9925,2014-11-26
7060,0.0,-33.38056,19.30167,2014-11-26
7061,55.42178297042847,-27.169444,29.233889,2014-11-27
7062,61.00369453430176,-26.861111,28.884722,2014-11-27
7063,53.84594535827637,-29.028629,24.638389,2014-11-27
7064,0.0,-32.94583,18.33667,2014-11-27
7065,21.556458473205566,-23.838611,31.640833,2014-11-28
7066,80.78379344940186,-29.744167,29.905833,2014-11-28
7067,54.40460538864136,-26.648056,27.089444,2014-11-28
7068,31.15215826034546,-28.116667,26.725278,2014-11-28
7069,22.785072565078735,-27.573056,24.746389,2014-11-28
7070,51.0245885848999,-29.744167,29.905833,2014-12-01
7071,25.316538333892822,-29.380556,30.2775,2014-12-01
7072,51.85550880432129,-26.970278,27.211111,2014-12-01
7073,51.91458749771118,-29.160278,26.573333,2014-12-01
7074,42.76300048828125,-27.01011111,26.69808333,2014-12-02
7075,0.0,-34.065833,20.404167,2014-12-02
7076,75.09421634674072,-25.127778,27.628889,2014-12-02
7077,52.94978165626526,-24.69514,27.40906,2014-12-02
7078,150.7650499343872,-25.49037,30.6986,2014-12-02
7079,78.59237289428711,-26.861111,28.884722,2014-12-02
7080,52.95353603363037,-26.648056,27.089444,2014-12-02
7081,42.03384494781494,-26.880278,26.965,2014-12-02
7082,45.36517524719238,-26.98472222,26.63227778,2014-12-02
7083,35.025460720062256,-27.671111,27.236944,2014-12-02
7084,52.741007804870605,-28.69485,28.23487,2014-12-02
7085,57.879369258880615,-29.615556,27.065278,2014-12-02
7086,59.746615409851074,-28.883333,27.89,2014-12-02
7087,7.388586044311523,-34.092222,21.295278,2014-12-02
7088,0.0,-33.31388889,19.07472222,2014-12-02
7089,0.0,-33.7075,18.97444444,2014-12-02
7090,74.12602996826172,-25.20639,27.558,2014-12-03
7091,85.26689434051514,-25.73411,27.21422,2014-12-03
7092,65.19668006896973,-26.45,28.085833,2014-12-03
7093,77.01796913146973,-27.273889,28.49,2014-12-03
7094,84.82083511352539,-27.4275,28.525833,2014-12-03
7095,85.22144603729248,-27.3,28.586944,2014-12-03
7096,96.3900899887085,-30.160091,27.40124,2014-12-03
7097,61.67728519439697,-30.336111,27.359444,2014-12-03
7098,0.0,-34.039722,22.133333,2014-12-03
7099,0.0,-34.02861,22.22222,2014-12-03
7100,8.579431533813477,-34.405833,19.600556,2014-12-03
7101,0.0,-33.13083,18.86278,2014-12-03
7102,0.0,-33.464444,18.740556,2014-12-03
7103,74.911301612854,-30.830556,26.921389,2014-12-04
7104,30.781482696533203,-25.362222,31.956667,2014-12-04
7105,27.765275955200195,-27.902778,24.615556,2014-12-04
7106,24.062965393066406,-28.376944,24.303056,2014-12-04
7107,50.565560817718506,-29.160278,26.573333,2014-12-04
7108,80.05263948440552,-30.679722,26.7125,2014-12-04
7109,,-34.329722,18.990278,2014-12-04
7110,52.37095928192139,-29.803611,30.516111,2014-12-04
7111,0.0,-33.897778,20.012778,2014-12-04
7112,58.19341874122619,-26.98472222,26.63227778,2014-12-05
7113,117.14274978637695,-25.99136,27.84208,2014-12-08
7114,60.53571271896362,-26.45,28.085833,2014-12-08
7115,37.749287128448486,-28.141944,26.417778,2014-12-08
7116,35.36167931556702,-29.042222,24.6,2014-12-08
7117,35.48483443260193,-29.028629,24.638389,2014-12-08
7118,25.907002925872803,-29.033333,23.983333,2014-12-08
7119,7.213737964630127,-28.460833,21.248889,2014-12-08
7120,98.60157775878906,-30.86013889,29.07125,2014-12-08
7121,96.78321313858032,-30.77586667,29.03221667,2014-12-08
7122,50.282036781311035,-29.140556,31.391944,2014-12-09
7123,79.66453170776367,-24.183889,30.823889,2014-12-09
7124,52.11287689208984,-24.69514,27.40906,2014-12-09
7125,79.21485710144043,-25.73411,27.21422,2014-12-09
7126,47.927507400512695,-28.747778,31.745833,2014-12-09
7127,49.017706871032715,-28.801278,31.955389,2014-12-09
7128,73.36516284942627,-26.861111,28.884722,2014-12-09
7129,38.645538330078125,-28.1175,26.719444,2014-12-09
7130,59.14908576011658,-27.398611,26.614722,2014-12-09
7131,82.82863712310791,-30.568333,29.422778,2014-12-09
7132,100.51459693908691,-30.570833,29.150556,2014-12-09
7133,92.31373596191406,-31.554722,29.245556,2014-12-09
7134,98.96234893798828,-25.45963889,28.26430556,2014-12-09
7135,64.90190601348877,-27.4,26.624722,2014-12-09
7136,59.60833740234375,-27.01011111,26.69808333,2014-12-10
7137,123.36491394042967,-25.81048333,27.90955222,2014-12-10
7138,44.1364049911499,-29.641944,30.6875,2014-12-10
7139,51.301405906677246,-24.670833,28.560833,2014-12-10
7140,97.85577774047852,-28.404444,30.013056,2014-12-10
7141,58.99643325805664,-26.648056,27.089444,2014-12-10
7142,64.7649655342102,-26.970278,27.211111,2014-12-10
7143,65.72781467437744,-26.880278,26.965,2014-12-10
7144,61.49744081497192,-26.98472222,26.63227778,2014-12-10
7145,50.27058219909668,-27.671111,27.236944,2014-12-10
7146,90.8888840675354,-28.058889,30.373611,2014-12-10
7147,45.62465286254883,-23.658056,31.05,2014-12-11
7148,43.10827445983887,-23.281,30.54305556,2014-12-11
7149,74.843581199646,-27.5275,30.858056,2014-12-11
7150,46.59619069099426,-27.38972222,26.46388889,2014-12-11
7151,44.16221976280213,-27.398611,26.614722,2014-12-11
7152,54.75461006164551,-27.4,26.624722,2014-12-11
7153,145.4403953552246,-24.679167,30.8025,2014-12-12
7154,57.98391342163086,-29.744167,29.905833,2014-12-12
7155,33.626917362213135,-26.73806,27.59194,2014-12-15
7156,36.750537395477295,-27.671111,27.236944,2014-12-15
7157,47.117859840393066,-25.127778,27.628889,2014-12-16
7158,42.63241958618164,-28.44555556,32.325,2015-02-18
7159,33.49173402786255,-26.970278,27.211111,2014-12-16
7160,40.00755500793457,-27.01011111,26.69808333,2014-12-17
7161,25.925040245056152,-27.602222,29.942778,2014-12-17
7162,46.058356285095215,-28.75,30.442778,2014-12-17
7163,59.57573986053467,-29.161667,30.629722,2014-12-17
7164,29.11916208267212,-26.648056,27.089444,2014-12-17
7165,42.09187316894531,-26.880278,26.965,2014-12-17
7166,46.71586275100708,-26.45,28.085833,2014-12-17
7167,38.47804355621338,-26.98472222,26.63227778,2014-12-17
7168,1.0924633741378784,-33.501667,21.624167,2014-12-17
7169,28.217475414276123,-29.641944,30.6875,2014-12-18
7170,38.15473246574402,-26.905,32.324722,2014-12-18
7171,24.632099151611328,-27.169444,29.233889,2014-12-18
7172,26.91638660430908,-26.861111,28.884722,2014-12-18
7173,25.35729503631592,-27.00222,28.76528,2014-12-18
7174,18.970776557922363,-28.376944,24.303056,2014-12-18
7175,0.0,-34.250556,20.9925,2014-12-18
7176,6.677058696746826,-27.902778,24.615556,2014-12-19
7177,76.35586261749268,-22.43772222,31.07805556,2014-12-21
7178,58.85293197631836,-24.282222,28.090278,2014-12-22
7179,21.81458568572998,-30.733889,29.828333,2014-12-22
7180,29.524324893951416,-26.970278,27.211111,2014-12-22
7181,23.520980834960938,-26.880278,26.965,2014-12-22
7182,55.51737070083618,-26.45,28.085833,2014-12-22
7183,26.480628967285156,-27.01011111,26.69808333,2014-12-23
7184,94.94306182861328,-25.81048333,27.90955222,2014-12-23
7185,47.43561816215515,-22.225556,29.990556,2014-12-23
7186,141.6710433959961,-22.91028,29.61111,2014-12-23
7187,16.611679077148438,-26.861111,28.884722,2014-12-23
7188,0.0,-27.00222,28.76528,2014-12-23
7189,27.434045791625977,-26.98472222,26.63227778,2014-12-23
7190,13.451802253723145,-29.744167,29.905833,2014-12-24
7191,7.121862888336182,-29.161667,23.696389,2014-12-31
7192,9.25665283203125,-28.376944,24.303056,2015-01-01
7193,19.498912811279297,-27.902778,24.615556,2015-01-02
7194,44.69038391113281,-25.99136,27.84208,2015-01-05
7195,63.43453407287598,-29.987778,29.851667,2015-01-05
7196,83.32601022720337,-29.744167,29.905833,2015-01-05
7197,25.431297302246097,-26.970278,27.211111,2015-01-05
7198,20.83843421936035,-28.1175,26.719444,2015-01-05
7199,30.98512887954712,-27.671111,27.236944,2015-01-05
7200,29.87756586074829,-29.140556,31.391944,2015-01-06
7201,72.96518325805664,-25.73411,27.21422,2015-01-06
7202,66.32299709320068,-30.733889,29.828333,2015-01-06
7203,10.501965522766112,-27.935,26.126667,2015-01-06
7204,17.486955642700195,-28.141944,26.417778,2015-01-06
7205,20.667009353637695,-27.398611,26.614722,2015-01-06
7206,12.48031234741211,-29.160278,26.573333,2015-01-06
7207,67.32982921600342,-28.69485,28.23487,2015-01-06
7208,47.78826522827149,-28.883333,27.89,2015-01-06
7209,26.743330001831055,-27.01011111,26.69808333,2015-01-07
7210,38.27430772781372,-25.81048333,27.90955222,2015-01-07
7211,21.019363403320312,-28.747778,31.745833,2015-01-07
7212,22.549644470214844,-28.801278,31.955389,2015-01-07
7213,90.55214309692384,-28.404444,30.013056,2015-01-07
7214,43.30458927154541,-26.648056,27.089444,2015-01-07
7215,30.21816992759705,-26.880278,26.965,2015-01-07
7216,37.27981376647949,-26.98472222,26.63227778,2015-01-07
7217,20.83843421936035,-28.116667,26.725278,2015-01-07
7218,34.25779438018799,-30.160091,27.40124,2015-01-07
7219,34.577478885650635,-30.336111,27.359444,2015-01-07
7220,12.618407249450684,-29.615556,27.065278,2015-01-07
7221,20.225873231887817,-30.830556,26.921389,2015-01-08
7222,19.501855850219727,-31.000833,26.353056,2015-01-08
7223,17.76452612876892,-30.679722,26.7125,2015-01-08
7224,0.0,-23.838611,31.640833,2015-01-09
7225,23.266845703125,-27.5275,30.858056,2015-01-09
7226,55.01145029067993,-29.744167,29.905833,2015-01-09
7227,31.1995849609375,-30.398056,30.601944,2015-01-09
7228,37.27981376647949,-26.98472222,26.63227778,2015-01-09
7229,19.700732231140137,-27.573056,24.746389,2015-01-09
7230,23.74264907836914,-29.658056,25.973333,2015-01-09
7231,36.783151388168335,-29.803611,30.516111,2015-01-09
7232,46.403761863708496,-28.735556,29.820556,2015-01-12
7233,19.460669994354248,-26.970278,27.211111,2015-01-12
7234,24.74834632873535,-26.73806,27.59194,2015-01-12
7235,27.46985960006714,-25.127778,27.628889,2015-01-13
7236,37.49412512779236,-25.20639,27.558,2015-01-13
7237,36.65750741958618,-24.69514,27.40906,2015-01-13
7238,34.97391128540039,-28.141944,26.417778,2015-01-13
7239,20.13752555847168,-28.1175,26.719444,2015-01-13
7240,20.13752555847168,-28.116667,26.725278,2015-01-13
7241,22.98579430580139,-30.568333,29.422778,2015-01-13
7242,27.52753257751465,-30.570833,29.150556,2015-01-13
7243,25.47216510772705,-28.338333,31.373611,2015-01-13
7244,22.50681972503662,-28.068333,31.55,2015-01-13
7245,13.581953048706056,-27.01011111,26.69808333,2015-01-14
7246,18.43760871887207,-29.641944,30.6875,2015-01-14
7247,17.198302745819092,-24.39619444,27.08983333,2015-01-14
7248,58.620450019836426,-25.73411,27.21422,2015-01-14
7249,43.04582214355469,-28.44555556,32.325,2015-04-09
7250,13.187227249145508,-27.602222,29.942778,2015-01-14
7251,21.96348762512207,-28.75,30.442778,2015-01-14
7252,6.2203593254089355,-29.161667,30.629722,2015-01-14
7253,29.908594608306885,-26.648056,27.089444,2015-01-14
7254,23.272196769714355,-26.45,28.085833,2015-01-14
7255,10.169548988342283,-27.38972222,26.46388889,2015-01-14
7256,18.877779006958008,-26.98472222,26.63227778,2015-01-14
7257,0.0,-27.398611,26.614722,2015-01-14
7258,30.550659894943237,-31.104278,29.399722,2015-01-14
7259,30.70993423461914,-31.396,29.2651,2015-01-14
7260,32.64963912963867,-31.554722,29.245556,2015-01-14
7261,13.65684413909912,-27.169444,29.233889,2015-01-15
7262,5.6067399978637695,-27.02314,28.59389,2015-01-15
7263,0.0,-27.398611,26.614722,2015-01-15
7264,19.700732231140137,-27.573056,24.746389,2015-01-15
7265,23.992533206939697,-28.376944,24.303056,2015-01-15
7266,24.548125743865967,-31.031389,28.883333,2015-01-15
7267,21.924654245376587,-30.86013889,29.07125,2015-01-15
7268,22.14931917190552,-30.77586667,29.03221667,2015-01-15
7269,22.51512050628662,-26.619444,27.980833,2015-01-16
7270,15.312334060668944,-27.671111,27.236944,2015-01-16
7271,16.74421453475952,-27.902778,24.615556,2015-01-16
7272,18.14413690567017,-28.747778,31.745833,2015-01-17
7273,36.04817485809326,-25.99136,27.84208,2015-01-19
7274,22.954525470733643,-26.970278,27.211111,2015-01-19
7275,38.14164733886719,-29.028629,24.638389,2015-01-19
7276,20.88083267211914,-29.033333,23.983333,2015-01-19
7277,8.139880180358887,-33.818056,19.694722,2015-01-19
7278,13.239546775817873,-27.01011111,26.69808333,2015-01-20
7279,0.0,-22.225556,29.990556,2015-01-20
7280,26.846744537353516,-26.98472222,26.63227778,2015-01-20
7281,21.003931045532227,-27.935,26.126667,2015-01-20
7282,10.06876277923584,-28.1175,26.719444,2015-01-20
7283,5.900131702423096,-34.075556,20.145556,2015-01-20
7284,0.0,-32.502778,19.535833,2015-01-20
7285,12.48353910446167,-29.161667,23.696389,2015-01-21
7286,41.51326584815979,-25.81048333,27.90955222,2015-01-21
7287,48.75636672973633,-29.641944,30.6875,2015-01-21
7288,37.84425067901611,-25.73411,27.21422,2015-01-21
7289,53.994861125946045,-26.648056,27.089444,2015-01-21
7290,22.88609743118286,-29.160278,26.573333,2015-01-21
7291,20.88083267211914,-29.033333,23.983333,2015-01-21
7292,214.47757053375244,-26.03611,30.99778,2015-01-22
7293,49.3860387802124,-27.363611,31.783333,2015-01-22
7294,42.71393203735352,-26.905,32.324722,2015-01-22
7295,0.0,-28.116667,26.725278,2015-01-22
7296,14.772955894470217,-23.838611,31.640833,2015-01-23
7297,58.69015455245972,-29.744167,29.905833,2015-01-23
7298,3.9658708572387695,-28.96362,19.15486,2015-01-24
7299,74.28026294708252,-26.73806,27.59194,2015-01-26
7300,69.9406967163086,-26.45,28.085833,2015-01-26
7301,8.24156379699707,-34.065833,20.404167,2015-01-27
7302,32.82088851928711,-25.127778,27.628889,2015-01-27
7303,24.419790267944336,-25.20639,27.558,2015-01-27
7304,16.752241134643555,-24.39619444,27.08983333,2015-01-27
7305,22.66175651550293,-24.69514,27.40906,2015-01-27
7306,67.67667579650879,-27.169444,29.233889,2015-01-27
7307,73.93580532073975,-26.861111,28.884722,2015-01-27
7308,46.91650581359863,-26.970278,27.211111,2015-01-27
7309,36.57655906677246,-26.880278,26.965,2015-01-27
7310,10.471394538879396,-33.501667,21.624167,2015-01-27
7311,5.898850440979004,-32.595833,19.009444,2015-01-27
7312,5.045436382293701,-29.161667,23.696389,2015-01-28
7313,13.55448031425476,-28.7115,24.07288889,2015-01-28
7314,33.22491931915283,-27.01011111,26.69808333,2015-01-28
7315,47.68219041824341,-24.282222,28.090278,2015-01-28
7316,66.94058036804199,-23.763056,27.908611,2015-01-28
7317,35.45474433898926,-23.658056,31.05,2015-01-28
7318,23.818035125732425,-23.281,30.54305556,2015-01-28
7319,61.3471097946167,-27.937778,31.209444,2015-01-28
7320,65.93741130828857,-28.404444,30.013056,2015-01-28
7321,47.16707992553711,-26.648056,27.089444,2015-01-28
7322,52.36947441101074,-27.273889,28.49,2015-01-28
7323,26.872495651245117,-27.4275,28.525833,2015-01-28
7324,45.71406936645508,-27.3,28.586944,2015-01-28
7325,26.846744537353516,-26.98472222,26.63227778,2015-01-28
7326,3.6768624782562256,-34.405833,19.600556,2015-01-28
7327,44.9877233505249,-28.068333,31.55,2015-01-28
7328,64.01037883758545,-28.058889,30.373611,2015-01-28
7329,50.95630073547363,-22.935,28.004167,2015-01-29
7330,21.040966987609863,-22.225556,29.990556,2015-01-29
7331,86.42050838470459,-24.670833,28.560833,2015-01-29
7332,107.13882637023926,-27.5275,30.858056,2015-01-29
7333,3.932928562164306,-28.376944,24.303056,2015-01-29
7334,,-34.329722,18.990278,2015-01-29
7335,10.73613691329956,-33.38056,19.30167,2015-01-29
7336,8.83871078491211,-27.573056,24.746389,2015-01-30
7337,4.744698524475098,-27.902778,24.615556,2015-01-30
7338,39.82221555709839,-25.99136,27.84208,2015-02-02
7339,54.47084426879883,-29.7775,29.470833,2015-02-02
7340,46.54063034057617,-29.744167,29.905833,2015-02-02
7341,34.0431022644043,-26.970278,27.211111,2015-02-02
7342,0.0,-28.116667,26.725278,2015-02-02
7343,13.687624454498293,-27.671111,27.236944,2015-02-02
7344,5.20321798324585,-33.818056,19.694722,2015-02-02
7345,126.34495162963869,-29.140556,31.391944,2015-02-03
7346,0.0,-25.73411,27.21422,2015-02-03
7347,57.23752212524414,-28.801278,31.955389,2015-02-03
7348,69.30613136291504,-29.987778,29.851667,2015-02-03
7349,0.0,-26.98472222,26.63227778,2015-02-03
7350,18.43600273132324,-27.398611,26.614722,2015-02-03
7351,3.8995068073272705,-33.31388889,19.07472222,2015-02-03
7352,19.686769485473633,-25.45963889,28.26430556,2015-02-03
7353,14.6713228225708,-27.4,26.624722,2015-02-03
7354,0.0,-27.01011111,26.69808333,2015-02-04
7355,28.95185279846191,-25.81048333,27.90955222,2015-02-04
7356,12.29873275756836,-29.641944,30.6875,2015-02-04
7357,43.52682638168335,-28.747778,31.745833,2015-02-04
7358,0.0,-26.648056,27.089444,2015-02-04
7359,9.125082969665527,-27.671111,27.236944,2015-02-04
7360,0.0,-28.768056,20.720556,2015-02-04
7361,3.8999528884887695,-32.94583,18.33667,2015-02-04
7362,53.471238136291504,-30.13573889,30.67422222,2015-02-05
7363,22.70237159729004,-29.160278,26.573333,2015-02-05
7364,7.222265958786011,-33.13083,18.86278,2015-02-05
7365,0.0,-29.744167,29.905833,2015-02-06
7366,29.408123016357425,-29.380556,30.2775,2015-02-06
7367,22.7663516998291,-29.803611,30.516111,2015-02-06
7368,23.41662120819092,-23.838611,31.640833,2015-02-09
7369,84.6396598815918,-25.49037,30.6986,2015-02-09
7370,115.66707038879396,-25.513889,31.224444,2015-02-09
7371,13.661772727966309,-28.735556,29.820556,2015-02-09
7372,10.18846321105957,-26.970278,27.211111,2015-02-09
7373,24.562273025512695,-26.45,28.085833,2015-02-09
7374,90.02397537231445,-25.447222,30.711667,2015-02-09
7375,0.0,-28.760833,17.730278,2015-02-10
7376,14.15421199798584,-27.01011111,26.69808333,2015-02-10
7377,81.77836227416992,-25.436111,31.982222,2015-02-10
7378,23.126285076141357,-25.20639,27.558,2015-02-10
7379,41.36725616455078,-24.69514,27.40906,2015-02-10
7380,48.707441329956055,-23.281,30.54305556,2015-02-10
7381,107.5496244430542,-25.681111,31.783333,2015-02-10
7382,101.87832736968994,-25.398889,31.610556,2015-02-10
7383,95.779447555542,-24.99328,30.81444,2015-02-10
7384,13.98781681060791,-27.602222,29.942778,2015-02-10
7385,35.43206977844238,-26.861111,28.884722,2015-02-10
7386,16.04520034790039,-26.648056,27.089444,2015-02-10
7387,12.89825439453125,-26.98472222,26.63227778,2015-02-10
7388,0.0,-28.141944,26.417778,2015-02-10
7389,0.0,-28.1175,26.719444,2015-02-10
7390,0.0,-28.116667,26.725278,2015-02-10
7391,0.0,-29.1825,23.575556,2015-02-10
7392,21.187013626098633,-31.396,29.2651,2015-02-10
7393,27.31080722808838,-31.554722,29.245556,2015-02-10
7394,22.108234405517575,-34.039722,22.133333,2015-02-10
7395,0.0,-29.161667,23.696389,2015-02-11
7396,30.033705711364743,-24.670833,28.560833,2015-02-11
7397,21.152393341064453,-24.39619444,27.08983333,2015-02-11
7398,6.446346282958984,-24.058889,31.237222,2015-02-11
7399,43.8049840927124,-25.362222,31.956667,2015-02-11
7400,49.163503646850586,-25.14944444,31.94055556,2015-02-11
7401,26.091206550598145,-28.75,30.442778,2015-02-11
7402,62.86721420288086,-29.161667,30.629722,2015-02-11
7403,8.880621910095215,-27.38972222,26.46388889,2015-02-11
7404,9.854426383972168,-27.398611,26.614722,2015-02-11
7405,16.727611541748047,-31.104278,29.399722,2015-02-11
7406,30.133943557739254,-30.77586667,29.03221667,2015-02-11
7407,25.872618198394775,-34.005833,22.351111,2015-02-11
7408,17.9315767288208,-23.658056,31.05,2015-02-12
7409,14.921762466430664,-27.671111,27.236944,2015-02-12
7410,0.0,-28.376944,24.303056,2015-02-12
7411,20.252092361450195,-30.568333,29.422778,2015-02-12
7412,18.596491813659668,-31.031389,28.883333,2015-02-12
7413,26.76966094970703,-30.86013889,29.07125,2015-02-12
7414,31.1180477142334,-30.570833,29.150556,2015-02-12
7415,43.10468292236328,-28.338333,31.373611,2015-02-12
7416,78.7548599243164,-24.679167,30.8025,2015-02-13
7417,15.091862678527832,-22.769722,30.886944,2015-02-13
7418,29.78458595275879,-24.768889,31.39,2015-02-13
7419,23.738449096679688,-24.9675,31.516667,2015-02-13
7420,0.0,-27.573056,24.746389,2015-02-13
7421,0.0,-27.902778,24.615556,2015-02-13
7422,0.0,-28.96362,19.15486,2015-02-14
7423,30.057042121887207,-25.99136,27.84208,2015-02-16
7424,10.18846321105957,-26.970278,27.211111,2015-02-16
7425,28.03572177886963,-26.73806,27.59194,2015-02-16
7426,32.035205364227295,-26.45,28.085833,2015-02-16
7427,14.921762466430664,-27.671111,27.236944,2015-02-16
7428,0.0,-32.502778,19.535833,2015-02-16
7429,14.15421199798584,-27.01011111,26.69808333,2015-02-17
7430,27.771557807922363,-27.169444,29.233889,2015-02-17
7431,35.43206977844238,-26.861111,28.884722,2015-02-17
7432,25.85654067993164,-27.02314,28.59389,2015-02-17
7433,12.89825439453125,-26.98472222,26.63227778,2015-02-17
7434,21.48605728149414,-29.160278,26.573333,2015-02-17
7435,36.8623743057251,-28.69485,28.23487,2015-02-17
7436,24.300902843475345,-28.883333,27.89,2015-02-17
7437,0.0,-31.436944,20.474722,2015-02-17
7438,8.496325731277466,-34.075556,20.145556,2015-02-17
7439,0.0,-32.595833,19.009444,2015-02-17
7440,28.65565061569214,-25.45963889,28.26430556,2015-02-17
7441,27.233357429504395,-28.068333,31.55,2015-02-17
7442,19.77157974243164,-29.161667,23.696389,2015-02-18
7443,12.076355934143066,-25.81048333,27.90955222,2015-02-18
7444,9.999373197555542,-22.225556,29.990556,2015-02-18
7445,83.9021053314209,-29.641944,30.6875,2015-02-18
7446,0.0,-25.73411,27.21422,2015-02-18
7447,0.0,-28.44555556,32.325,2015-05-07
7448,16.04520034790039,-26.648056,27.089444,2015-02-18
7449,13.816550254821776,-26.880278,26.965,2015-02-18
7450,44.65597724914551,-28.116667,26.725278,2015-02-18
7451,29.960881233215332,-29.033333,23.983333,2015-02-18
7452,67.66536235809326,-30.160091,27.40124,2015-02-18
7453,65.51786994934082,-30.336111,27.359444,2015-02-18
7454,65.26270771026611,-29.615556,27.065278,2015-02-18
7455,0.0,-25.57877778,29.12747222,2015-02-18
7456,47.85742521286011,-30.830556,26.921389,2015-02-19
7457,46.215362548828125,-28.141944,26.417778,2015-02-19
7458,27.399030685424805,-31.000833,26.353056,2015-02-19
7459,49.174978256225586,-30.679722,26.7125,2015-02-19
7460,10.061880111694336,-34.250556,20.9925,2015-02-19
7461,0.0,-33.31388889,19.07472222,2015-02-19
7462,29.939743041992188,-28.308889,31.9025,2015-02-19
7463,12.346195220947266,-22.43772222,31.07805556,2015-02-20
7464,90.14808940887453,-29.744167,29.905833,2015-02-20
7465,78.47328329086304,-29.658056,25.973333,2015-02-20
7466,85.31727600097656,-29.7775,29.470833,2015-02-23
7467,52.728981018066406,-29.987778,29.851667,2015-02-23
7468,61.91365337371826,-29.744167,29.905833,2015-02-23
7469,14.667012214660645,-26.45,28.085833,2015-02-23
7470,72.64483642578125,-29.042222,24.6,2015-02-23
7471,43.95486640930176,-29.033333,23.983333,2015-02-23
7472,6.361886978149414,-34.031944,22.053333,2015-02-23
7473,3.382957935333252,-33.38056,19.30167,2015-02-23
7474,44.42365550994873,-30.733889,29.828333,2015-02-24
7475,23.765756607055664,-26.861111,28.884722,2015-02-24
7476,21.04162216186523,-27.00222,28.76528,2015-02-24
7477,37.16901874542236,-26.970278,27.211111,2015-02-24
7478,12.83642864227295,-26.619444,27.980833,2015-02-24
7479,74.41526412963867,-29.028629,24.638389,2015-02-24
7480,0.0,-33.13083,18.86278,2015-02-24
7481,31.455835342407227,-29.161667,23.696389,2015-02-25
7482,24.701271057128903,-27.01011111,26.69808333,2015-02-25
7483,0.0,-23.23572222,27.717,2015-02-25
7484,3.706583261489868,-22.548889,28.898056,2015-02-25
7485,0.0,-22.91028,29.61111,2015-02-25
7486,31.759766578674316,-27.937778,31.209444,2015-02-25
7487,3.0923075675964355,-26.905,32.324722,2015-02-25
7488,41.48203659057617,-28.404444,30.013056,2015-02-25
7489,46.04411315917969,-30.398056,30.601944,2015-02-25
7490,29.982486724853516,-26.648056,27.089444,2015-02-25
7491,26.786436080932617,-26.98472222,26.63227778,2015-02-25
7492,4.227322101593018,-34.405833,19.600556,2015-02-25
7493,0.0,-32.94583,18.33667,2015-02-25
7494,0.0,-24.282222,28.090278,2015-02-26
7495,0.0,-23.763056,27.908611,2015-02-26
7496,29.56296157836914,-25.127778,27.628889,2015-02-26
7497,13.773480415344238,-25.20639,27.558,2015-02-26
7498,24.208656311035156,-25.73411,27.21422,2015-02-26
7499,22.793296813964844,-27.5275,30.858056,2015-02-26
7500,0.0,-27.363611,31.783333,2015-02-26
7501,68.72793674468994,-30.13573889,30.67422222,2015-02-26
7502,40.60413360595703,-28.376944,24.303056,2015-02-26
7503,,-34.329722,18.990278,2015-02-26
7504,0.0,-24.69514,27.40906,2015-02-27
7505,25.234651803970337,-27.573056,24.746389,2015-02-27
7506,34.832664489746094,-27.902778,24.615556,2015-02-27
7507,17.082000732421875,-28.058889,30.373611,2015-02-27
7508,38.45665264129639,-29.803611,30.516111,2015-02-27
7509,17.199125289916992,-29.140556,31.391944,2015-03-03
7510,30.852736473083496,-26.03611,30.99778,2015-03-03
7511,44.581783294677734,-28.801278,31.955389,2015-03-03
7512,37.16901874542236,-26.970278,27.211111,2015-03-03
7513,42.96679592132568,-27.671111,27.236944,2015-03-03
7514,4.766566276550293,-34.031944,22.053333,2015-03-03
7515,4.940299987792969,-34.039722,22.133333,2015-03-03
7516,7.415408134460449,-25.45963889,28.26430556,2015-03-03
7517,0.0,-27.01011111,26.69808333,2015-03-04
7518,9.835214614868164,-25.81048333,27.90955222,2015-03-04
7519,65.13930320739746,-29.641944,30.6875,2015-03-04
7520,16.82313871383667,-28.747778,31.745833,2015-03-04
7521,29.982486724853516,-26.648056,27.089444,2015-03-04
7522,37.871418952941895,-26.880278,26.965,2015-03-04
7523,0.0,-26.98472222,26.63227778,2015-03-04
7524,20.03184986114502,-27.398611,26.614722,2015-03-04
7525,17.77550220489502,-27.671111,27.236944,2015-03-04
7526,7.958832740783691,-34.02861,22.22222,2015-03-04
7527,18.370447158813477,-27.4,26.624722,2015-03-04
7528,55.03920841217041,-29.380556,30.2775,2015-03-05
7529,21.303953170776367,-26.73806,27.59194,2015-03-05
7530,0.0,-26.45,28.085833,2015-03-05
7531,17.992051124572754,-34.005833,22.351111,2015-03-05
7532,43.095848083496094,-29.744167,29.905833,2015-03-06
7533,30.714731216430664,-27.00222,28.76528,2015-03-06
7534,26.362768173217773,-27.02314,28.59389,2015-03-06
7535,36.59568691253662,-34.250556,20.9925,2011-02-17
7536,0.0,-22.43772222,31.07805556,2015-03-09
7537,18.67816162109375,-24.99328,30.81444,2015-03-09
7538,46.16888904571533,-28.735556,29.820556,2015-03-09
7539,32.6322603225708,-26.970278,27.211111,2015-03-09
7540,26.958898544311523,-26.880278,26.965,2015-03-09
7541,25.724186897277832,-26.510278,28.351389,2015-03-09
7542,27.719602584838867,-26.73806,27.59194,2015-03-09
7543,16.430262565612793,-26.45,28.085833,2015-03-09
7544,31.923250675201416,-26.98472222,26.63227778,2015-03-09
7545,40.360700607299805,-29.160278,26.573333,2015-03-09
7546,30.248095512390137,-27.01011111,26.69808333,2015-03-10
7547,0.0,-25.20639,27.558,2015-03-10
7548,49.71528911590576,-26.861111,28.884722,2015-03-10
7549,20.335474014282227,-26.648056,27.089444,2015-03-10
7550,56.73154354095459,-27.802778,28.768333,2015-03-10
7551,31.923250675201416,-26.98472222,26.63227778,2015-03-10
7552,16.460366249084473,-28.141944,26.417778,2015-03-10
7553,27.65976595878601,-34.250556,20.9925,2013-08-21
7554,20.886064052581787,-28.1175,26.719444,2015-03-10
7555,70.08617305755615,-28.69485,28.23487,2015-03-10
7556,45.28737831115723,-29.615556,27.065278,2015-03-10
7557,34.86931896209717,-28.883333,27.89,2015-03-10
7558,20.55042839050293,-34.250556,20.9925,2014-04-15
7559,6.814707040786743,-34.250556,20.9925,2014-05-20
7560,14.066063404083252,-34.250556,20.9925,2014-06-19
7561,11.866019248962402,-34.250556,20.9925,2014-07-15
7562,22.954731464385983,-34.250556,20.9925,2014-09-25
7563,26.98859715461731,-31.396,29.2651,2015-03-10
7564,29.21457290649414,-31.554722,29.245556,2015-03-10
7565,30.160964012145996,-28.338333,31.373611,2015-03-10
7566,26.319018363952637,-28.068333,31.55,2015-03-10
7567,5.601373672485352,-29.161667,23.696389,2015-03-11
7568,0.0,-24.282222,28.090278,2015-03-11
7569,10.94286060333252,-22.769722,30.886944,2015-03-11
7570,27.519302368164062,-28.44555556,32.325,2015-03-11
7571,43.00062370300293,-27.00222,28.76528,2015-03-11
7572,45.24512338638306,-27.02314,28.59389,2015-03-11
7573,58.97421073913574,-27.273889,28.49,2015-03-11
7574,53.30464267730713,-27.4275,28.525833,2015-03-11
7575,54.313011169433594,-27.3,28.586944,2015-03-11
7576,16.460366249084473,-28.141944,26.417778,2015-03-11
7577,20.886064052581787,-28.1175,26.719444,2015-03-11
7578,20.886064052581787,-28.116667,26.725278,2015-03-11
7579,42.90803050994873,-27.671111,27.236944,2015-03-11
7580,30.337931632995605,-34.092222,21.295278,2011-11-29
7581,4.4197821617126465,-34.092222,21.295278,2012-04-18
7582,47.9442720413208,-30.160091,27.40124,2015-03-11
7583,52.488908767700195,-34.092222,21.295278,2012-06-12
7584,41.51743745803833,-30.336111,27.359444,2015-03-11
7585,28.968320846557617,-30.568333,29.422778,2015-03-11
7586,50.61305332183838,-30.570833,29.150556,2015-03-11
7587,29.625524044036865,-31.104278,29.399722,2015-03-11
7588,39.916701793670654,-30.830556,26.921389,2015-03-12
7589,0.0,-24.670833,28.560833,2015-03-12
7590,32.009904861450195,-28.75,30.442778,2015-03-12
7591,54.49197340011597,-29.161667,30.629722,2015-03-12
7592,21.259636878967285,-26.619444,27.980833,2015-03-12
7593,0.0,-34.092222,21.295278,2013-11-05
7594,31.412811279296875,-27.38972222,26.46388889,2015-03-12
7595,19.358030319213867,-34.092222,21.295278,2014-01-07
7596,20.886064052581787,-28.1175,26.719444,2015-03-12
7597,25.529766082763672,-27.398611,26.614722,2015-03-12
7598,48.97893142700195,-29.160278,26.573333,2015-03-12
7599,31.004483222961422,-31.000833,26.353056,2015-03-12
7600,36.846923828125,-30.679722,26.7125,2015-03-12
7601,53.78875017166138,-31.031389,28.883333,2015-03-12
7602,66.47406315803528,-30.86013889,29.07125,2015-03-12
7603,67.38260436058044,-30.77586667,29.03221667,2015-03-12
7604,0.0,-34.250556,20.9925,2015-03-12
7605,22.729219913482662,-28.308889,31.9025,2015-03-12
7606,26.8012752532959,-27.4,26.624722,2015-03-12
7607,20.886064052581787,-28.116667,26.725278,2015-03-13
7608,28.713449239730835,-27.573056,24.746389,2015-03-13
7609,27.81221866607666,-27.902778,24.615556,2015-03-13
7610,87.57518577575684,-29.987778,29.851667,2015-03-14
7611,62.86048984527588,-25.99136,27.84208,2015-03-16
7612,62.92310047149658,-26.45,28.085833,2015-03-16
7613,2.9100542068481445,-32.502778,19.535833,2015-03-16
7614,4.498319625854492,-22.225556,29.990556,2015-03-17
7615,15.68083953857422,-24.183889,30.823889,2015-03-17
7616,97.65054702758788,-26.861111,28.884722,2015-03-17
7617,101.58953261375429,-27.802778,28.768333,2015-03-17
7618,42.82808494567871,-34.075556,20.145556,2015-03-17
7619,5.710827827453613,-32.595833,19.009444,2015-03-17
7620,67.70561075210571,-25.45963889,28.26430556,2015-03-17
7621,82.51735877990723,-25.81048333,27.90955222,2015-03-18
7622,76.17827534675598,-29.641944,30.6875,2015-03-18
7623,46.24267530441284,-26.905,32.324722,2015-03-18
7624,79.64285087585449,-29.758889,30.935278,2015-03-18
7625,89.94316720962524,-27.00222,28.76528,2015-03-18
7626,69.86985683441162,-26.619444,27.980833,2015-03-18
7627,3.981955528259278,-33.13083,18.86278,2015-03-18
7628,58.22078704833984,-27.01011111,26.69808333,2015-03-19
7629,14.79590892791748,-23.658056,31.05,2015-03-19
7630,15.685083389282228,-24.058889,31.237222,2015-03-19
7631,78.56075525283813,-27.363611,31.783333,2015-03-19
7632,48.90562725067139,-26.648056,27.089444,2015-03-19
7633,61.97621250152588,-26.970278,27.211111,2015-03-19
7634,61.98049068450928,-26.880278,26.965,2015-03-19
7635,75.9972186088562,-27.4275,28.525833,2015-03-19
7636,57.927649974823,-26.98472222,26.63227778,2015-03-19
7637,48.5198073387146,-24.679167,30.8025,2015-03-20
7638,69.78496503829956,-29.744167,29.905833,2015-03-20
7639,5.10674524307251,-28.96362,19.15486,2015-03-21
7640,126.33216094970705,-25.49037,30.6986,2015-03-23
7641,47.933058738708496,-29.744167,29.905833,2015-03-23
7642,44.93681240081787,-26.970278,27.211111,2015-03-23
7643,33.89962387084961,-29.042222,24.6,2015-03-23
7644,44.99875068664551,-29.033333,23.983333,2015-03-23
7645,19.23861074447632,-33.501667,21.624167,2015-03-23
7646,21.526838302612305,-33.38056,19.30167,2015-03-23
7647,51.2711238861084,-27.01011111,26.69808333,2015-03-24
7648,40.54019355773926,-22.935,28.004167,2015-03-24
7649,100.9560489654541,-34.065833,20.404167,2015-03-24
7650,44.545891761779785,-23.763056,27.908611,2015-03-24
7651,47.09799337387085,-23.23572222,27.717,2015-03-24
7652,60.08587169647217,-25.127778,27.628889,2015-03-24
7653,75.49737739562988,-25.20639,27.558,2015-03-24
7654,55.26756858825683,-24.69514,27.40906,2015-03-24
7655,63.79812002182007,-25.681111,31.783333,2015-03-24
7656,103.89590072631836,-25.67386,31.57527,2015-03-24
7657,60.98551654815674,-30.733889,29.828333,2015-03-24
7658,61.5091757774353,-29.987778,29.851667,2015-03-24
7659,43.451704025268555,-26.648056,27.089444,2015-03-24
7660,51.40320539474487,-26.880278,26.965,2015-03-24
7661,61.55741310119629,-26.73806,27.59194,2015-03-24
7662,56.3272762298584,-26.45,28.085833,2015-03-24
7663,68.35996580123901,-27.273889,28.49,2015-03-24
7664,61.42152428627014,-27.3,28.586944,2015-03-24
7665,48.397600173950195,-26.98472222,26.63227778,2015-03-24
7666,42.82192325592041,-29.028629,24.638389,2015-03-24
7667,5.60380220413208,-33.31388889,19.07472222,2015-03-24
7668,22.369396209716797,-22.225556,29.990556,2015-03-25
7669,62.56488847732544,-25.436111,31.982222,2015-03-25
7670,28.361874103546143,-22.548889,28.898056,2015-03-25
7671,42.295713901519775,-22.91028,29.61111,2015-03-25
7672,53.50432300567627,-25.362222,31.956667,2015-03-25
7673,40.133814334869385,-25.14944444,31.94055556,2015-03-25
7674,41.15508699417114,-28.404444,30.013056,2015-03-25
7675,88.1087818145752,-30.398056,30.601944,2015-03-25
7676,44.200464725494385,-27.169444,29.233889,2015-03-25
7677,67.13995456695557,-26.861111,28.884722,2015-03-25
7678,63.28697061538696,-27.00222,28.76528,2015-03-25
7679,64.21360349655151,-27.4275,28.525833,2015-03-25
7680,64.2366714477539,-34.405833,19.600556,2015-03-25
7681,9.682007312774658,-32.94583,18.33667,2015-03-25
7682,62.28282403945923,-25.57877778,29.12747222,2015-03-25
7683,88.26428413391113,-26.03611,30.99778,2015-03-26
7684,43.39878249168396,-27.937778,31.209444,2015-03-26
7685,51.35484027862549,-30.13573889,30.67422222,2015-03-26
7686,66.73041701316833,-26.619444,27.980833,2015-03-26
7687,25.854078888893127,-28.376944,24.303056,2015-03-26
7688,,-34.329722,18.990278,2015-03-26
7689,25.56049871444702,-33.897778,20.012778,2015-03-26
7690,35.850300908088684,-27.573056,24.746389,2015-03-27
7691,36.76229238510132,-27.902778,24.615556,2015-03-27
7692,58.6433539390564,-29.803611,30.516111,2015-03-27
7693,30.80864143371582,-25.99136,27.84208,2015-03-30
7694,31.50883913040161,-29.380556,30.2775,2015-03-30
7695,75.87698173522949,-29.140556,31.391944,2015-03-31
7696,78.99475765228271,-28.801278,31.955389,2015-03-31
7697,20.651280403137207,-26.45,28.085833,2015-03-31
7698,9.25828242301941,-25.45963889,28.26430556,2015-03-31
7699,0.0,-34.031944,22.053333,2014-12-04
7700,30.94970703125,-29.161667,23.696389,2015-04-01
7701,8.146604537963867,-25.81048333,27.90955222,2015-04-01
7702,52.84777069091797,-28.747778,31.745833,2015-04-01
7703,19.20469665527344,-26.861111,28.884722,2015-04-01
7704,16.34442710876465,-27.00222,28.76528,2015-04-01
7705,21.49913024902344,-29.033333,23.983333,2015-04-01
7706,31.151735305786133,-29.744167,29.905833,2015-04-02
7707,12.439155101776125,-28.96362,19.15486,2015-04-04
7708,21.285171508789062,-34.039722,22.133333,2011-01-19
7709,7.902719974517822,-25.127778,27.628889,2015-04-07
7710,20.312578201293945,-25.20639,27.558,2015-04-07
7711,9.379613876342772,-24.69514,27.40906,2015-04-07
7712,0.0,-24.99328,30.81444,2015-04-07
7713,13.85791015625,-28.735556,29.820556,2015-04-07
7714,0.0,-26.73806,27.59194,2015-04-07
7715,6.723519802093506,-27.398611,26.614722,2015-04-07
7716,8.984284400939941,-27.671111,27.236944,2015-04-07
7717,60.47175598144531,-31.396,29.2651,2015-04-07
7718,61.39055633544922,-31.554722,29.245556,2015-04-07
7719,0.0,-28.338333,31.373611,2015-04-07
7720,0.0,-28.068333,31.55,2015-04-07
7721,0.0,-25.73411,27.21422,2015-04-08
7722,5.477052211761475,-27.169444,29.233889,2015-04-08
7723,0.0,-26.861111,28.884722,2015-04-08
7724,0.0,-26.98472222,26.63227778,2015-04-08
7725,6.723519802093506,-27.398611,26.614722,2015-04-08
7726,33.48371505737305,-30.568333,29.422778,2015-04-08
7727,25.772266387939453,-30.570833,29.150556,2015-04-08
7728,45.80907440185547,-31.104278,29.399722,2015-04-08
7729,13.017739295959473,-34.031944,22.053333,2015-04-08
7730,6.406020164489746,-27.4,26.624722,2015-04-08
7731,0.0,-27.01011111,26.69808333,2015-04-09
7732,11.397705078125,-24.768889,31.39,2015-04-09
7733,4.429917812347412,-28.44555556,32.325,2015-06-04
7734,9.836252212524414,-27.602222,29.942778,2015-04-09
7735,18.0094051361084,-28.75,30.442778,2015-04-09
7736,33.19257354736328,-29.161667,30.629722,2015-04-09
7737,5.10270357131958,-26.648056,27.089444,2015-04-09
7738,4.700692176818848,-26.970278,27.211111,2015-04-09
7739,5.105627059936523,-26.880278,26.965,2015-04-09
7740,9.505944728851318,-28.376944,24.303056,2015-04-09
7741,17.382814407348633,-29.1825,23.575556,2015-04-09
7742,35.55721664428711,-31.031389,28.883333,2015-04-09
7743,31.266815185546875,-30.86013889,29.07125,2015-04-09
7744,23.731077194213867,-30.77586667,29.03221667,2015-04-09
7745,0.0,-28.308889,31.9025,2015-04-09
7746,0.0,-27.671111,27.236944,2015-04-10
7747,0.0,-27.573056,24.746389,2015-04-10
7748,13.719651222229004,-34.039722,22.133333,2015-04-08
7749,0.0,-27.902778,24.615556,2015-04-10
7750,26.149861812591553,-34.02861,22.22222,2015-04-10
7751,43.82296371459961,-24.679167,30.8025,2015-04-13
7752,12.870398998260498,-25.99136,27.84208,2015-04-13
7753,31.755056381225582,-34.02861,22.22222,2011-01-20
7754,0.0,-34.02861,22.22222,2011-03-17
7755,10.154611587524414,-34.02861,22.22222,2011-04-19
7756,24.764448404312137,-34.02861,22.22222,2011-05-19
7757,56.86716842651367,-34.02861,22.22222,2011-06-14
7758,4.471351623535156,-26.970278,27.211111,2015-04-13
7759,0.0,-26.45,28.085833,2015-04-13
7760,0.0,-34.02861,22.22222,2011-10-12
7761,0.0,-28.1175,26.719444,2015-04-13
7762,0.0,-28.116667,26.725278,2015-04-13
7763,11.326889038085938,-33.818056,19.694722,2015-04-13
7764,0.0,-27.01011111,26.69808333,2015-04-14
7765,37.63028526306152,-34.02861,22.22222,2012-04-24
7766,0.0,-34.02861,22.22222,2012-06-26
7767,8.641716957092285,-24.058889,31.237222,2015-04-14
7768,17.57889747619629,-25.681111,31.783333,2015-04-14
7769,14.88383674621582,-34.02861,22.22222,2012-10-11
7770,32.92949676513672,-25.362222,31.956667,2015-04-14
7771,28.10239601135254,-34.02861,22.22222,2012-12-06
7772,0.0,-34.02861,22.22222,2013-01-07
7773,17.361068725585938,-25.398889,31.610556,2015-04-14
7774,27.249156951904297,-34.02861,22.22222,2013-02-06
7775,20.3061580657959,-34.02861,22.22222,2013-03-07
7776,0.0,-26.861111,28.884722,2015-04-14
7777,7.522336959838867,-26.648056,27.089444,2015-04-14
7778,13.167064189910889,-34.02861,22.22222,2013-06-05
7779,17.548782348632812,-34.02861,22.22222,2013-07-03
7780,0.0,-26.98472222,26.63227778,2015-04-14
7781,0.0,-27.935,26.126667,2015-04-14
7782,0.0,-28.141944,26.417778,2015-04-14
7783,0.0,-28.1175,26.719444,2015-04-14
7784,6.10122537612915,-34.02861,22.22222,2013-12-13
7785,0.0,-29.160278,26.573333,2015-04-14
7786,0.0,-28.69485,28.23487,2015-04-14
7787,0.0,-28.883333,27.89,2015-04-14
7788,22.75727653503418,-34.02861,22.22222,2014-04-03
7789,10.628885984420776,-34.02861,22.22222,2014-05-08
7790,8.494305610656738,-34.02861,22.22222,2014-06-04
7791,15.603323459625244,-34.075556,20.145556,2015-04-14
7792,11.863613605499268,-32.595833,19.009444,2015-04-14
7793,0.0,-25.45963889,28.26430556,2015-04-14
7794,16.907567977905273,-34.02861,22.22222,2015-01-12
7795,14.932302474975586,-34.02861,22.22222,2015-01-29
7796,7.23293399810791,-25.81048333,27.90955222,2015-04-15
7797,6.566336154937744,-22.935,28.004167,2015-04-15
7798,7.4279279708862305,-29.641944,30.6875,2015-04-15
7799,4.952581405639648,-23.23572222,27.717,2015-04-15
7800,5.096290588378906,-22.548889,28.898056,2015-04-15
7801,11.89097499847412,-22.91028,29.61111,2015-04-15
7802,4.162182807922363,-22.769722,30.886944,2015-04-15
7803,52.50579833984375,-34.02861,22.22222,2015-11-04
7804,19.76493191719055,-25.49037,30.6986,2015-04-15
7805,18.42519760131836,-25.513889,31.224444,2015-04-15
7806,0.0,-27.00222,28.76528,2015-04-15
7807,0.0,-27.38972222,26.46388889,2015-04-15
7808,0.0,-27.398611,26.614722,2015-04-15
7809,0.0,-30.160091,27.40124,2015-04-15
7810,0.0,-30.336111,27.359444,2015-04-15
7811,0.0,-29.615556,27.065278,2015-04-15
7812,16.783991813659668,-34.092222,21.295278,2015-04-15
7813,0.0,-25.447222,30.711667,2015-04-15
7814,7.4279279708862305,-29.641944,30.6875,2015-04-16
7815,4.342075347900391,-30.830556,26.921389,2015-04-16
7816,9.18541145324707,-24.282222,28.090278,2015-04-16
7817,10.56182050704956,-23.763056,27.908611,2015-04-16
7818,12.577229499816896,-27.671111,27.236944,2015-04-16
7819,0.0,-31.000833,26.353056,2015-04-16
7820,0.0,-30.679722,26.7125,2015-04-16
7821,26.983562469482425,-34.405833,19.600556,2013-02-13
7822,0.0,-34.405833,19.600556,2013-03-13
7823,60.66106414794922,-34.405833,19.600556,2013-04-10
7824,0.0,-34.405833,19.600556,2013-05-08
7825,17.33305072784424,-34.250556,20.9925,2015-04-16
7826,5.531100749969482,-33.13083,18.86278,2015-04-16
7827,0.0,-29.744167,29.905833,2015-04-17
7828,0.0,-29.658056,25.973333,2015-04-17
7829,24.240138053894043,-34.405833,19.600556,2013-09-25
7830,17.85542392730713,-29.7775,29.470833,2015-04-20
7831,18.7459397315979,-29.987778,29.851667,2015-04-20
7832,10.716431617736816,-29.744167,29.905833,2015-04-20
7833,8.765182733535767,-34.405833,19.600556,2014-02-12
7834,0.0,-34.405833,19.600556,2014-03-12
7835,5.956284999847412,-33.38056,19.30167,2015-04-20
7836,0.0,-28.760833,17.730278,2015-04-21
7837,19.71109676361084,-34.065833,20.404167,2015-04-21
7838,18.397350788116455,-25.127778,27.628889,2015-04-21
7839,10.57393217086792,-25.20639,27.558,2015-04-21
7840,26.0770206451416,-24.39619444,27.08983333,2015-04-21
7841,26.48005199432373,-24.69514,27.40906,2015-04-21
7842,17.179967880249023,-26.03611,30.99778,2015-04-21
7843,29.36306381225586,-27.937778,31.209444,2015-04-21
7844,6.052597522735596,-30.733889,29.828333,2015-04-21
7845,36.93157958984375,-26.98472222,26.63227778,2015-04-21
7846,4.290524005889893,-33.31388889,19.07472222,2015-04-21
7847,35.49193572998047,-27.01011111,26.69808333,2015-04-22
7848,7.612112522125244,-28.404444,30.013056,2015-04-22
7849,24.61022186279297,-30.398056,30.601944,2015-04-22
7850,,-34.329722,18.990278,2011-07-06
7851,27.733043670654297,-26.648056,27.089444,2015-04-22
7852,,-34.329722,18.990278,2011-09-28
7853,,-34.329722,18.990278,2011-10-25
7854,,-34.329722,18.990278,2011-11-24
7855,,-34.329722,18.990278,2011-12-22
7856,43.86553478240967,-26.970278,27.211111,2015-04-22
7857,37.90637826919556,-26.880278,26.965,2015-04-22
7858,,-34.329722,18.990278,2012-04-04
7859,,-34.329722,18.990278,2012-05-03
7860,,-34.329722,18.990278,2012-05-24
7861,,-34.329722,18.990278,2012-07-19
7862,,-34.329722,18.990278,2012-08-16
7863,8.156943321228027,-34.405833,19.600556,2015-04-22
7864,,-34.329722,18.990278,2012-10-11
7865,6.391627788543701,-33.7075,18.97444444,2015-04-22
7866,13.76218318939209,-28.058889,30.373611,2015-04-22
7867,12.966948509216309,-25.57877778,29.12747222,2015-04-22
7868,8.933152198791504,-27.5275,30.858056,2015-04-23
7869,0.0,-30.13573889,30.67422222,2015-04-23
7870,,-34.329722,18.990278,2013-04-11
7871,,-34.329722,18.990278,2013-05-09
7872,,-34.329722,18.990278,2013-06-06
7873,0.0,-28.376944,24.303056,2015-04-23
7874,,-34.329722,18.990278,2013-08-01
7875,,-34.329722,18.990278,2013-08-29
7876,,-34.329722,18.990278,2013-09-26
7877,,-34.329722,18.990278,2015-04-23
7878,,-34.329722,18.990278,2014-01-23
7879,4.866352558135986,-32.94583,18.33667,2015-04-23
7880,7.8626837730407715,-33.897778,20.012778,2015-04-23
7881,0.0,-27.573056,24.746389,2015-04-24
7882,2.572082042694092,-27.902778,24.615556,2015-04-24
7883,0.0,-33.870833,20.003333,2015-04-27
7884,0.0,-29.140556,31.391944,2015-04-28
7885,4.911538600921631,-25.99136,27.84208,2015-04-28
7886,35.72450637817383,-28.801278,31.955389,2015-04-28
7887,39.39418315887451,-26.970278,27.211111,2015-04-28
7888,47.05778121948242,-26.73806,27.59194,2015-04-28
7889,21.171356201171875,-26.45,28.085833,2015-04-28
7890,13.534710884094238,-33.501667,21.624167,2015-04-28
7891,0.0,-28.760833,17.730278,2015-04-29
7892,,-34.329722,18.990278,2015-06-25
7893,,-34.329722,18.990278,2015-07-23
7894,,-34.329722,18.990278,2015-08-27
7895,,-34.329722,18.990278,2015-10-01
7896,0.0,-28.7115,24.07288889,2015-04-29
7897,35.49193572998047,-27.01011111,26.69808333,2015-04-29
7898,0.0,-25.73411,27.21422,2015-04-29
7899,33.69911289215088,-28.747778,31.745833,2015-04-29
7900,40.44569778442383,-26.861111,28.884722,2015-04-29
7901,35.15006685256958,-27.00222,28.76528,2015-04-29
7902,20.21070671081543,-26.648056,27.089444,2015-04-29
7903,32.385040283203125,-26.880278,26.965,2015-04-29
7904,36.93157958984375,-26.98472222,26.63227778,2015-04-29
7905,0.0,-27.935,26.126667,2015-04-29
7906,11.412138938903809,-28.141944,26.417778,2015-04-29
7907,17.019287109375,-28.1175,26.719444,2015-04-29
7908,0.0,-29.1825,23.575556,2015-04-29
7909,20.19447326660156,-25.45963889,28.26430556,2015-04-29
7910,6.063736915588379,-25.81048333,27.90955222,2015-04-30
7911,12.79157781600952,-29.744167,29.905833,2015-04-30
7912,8.931977272033691,-29.380556,30.2775,2015-04-30
7913,0.0,-27.602222,29.942778,2015-05-01
7914,0.0,-28.735556,29.820556,2015-05-04
7915,0.0,-26.510278,28.351389,2015-05-04
7916,0.0,-26.73806,27.59194,2015-05-04
7917,0.0,-27.671111,27.236944,2015-05-04
7918,0.0,-25.127778,27.628889,2015-05-05
7919,0.0,-25.20639,27.558,2015-05-05
7920,0.0,-24.69514,27.40906,2015-05-05
7921,0.0,-27.169444,29.233889,2015-05-05
7922,0.0,-27.802778,28.768333,2015-05-05
7923,0.0,-27.398611,26.614722,2015-05-05
7924,12.027454376220703,-34.031944,22.053333,2015-05-05
7925,11.57441234588623,-34.039722,22.133333,2015-05-05
7926,14.88558864593506,-28.338333,31.373611,2015-05-05
7927,9.082401275634766,-28.068333,31.55,2015-05-05
7928,2.0683321952819824,-27.4,26.624722,2015-05-05
7929,0.0,-27.01011111,26.69808333,2015-05-06
7930,0.0,-29.641944,30.6875,2015-05-06
7931,0.0,-24.39619444,27.08983333,2015-05-06
7932,0.0,-28.75,30.442778,2015-05-06
7933,0.0,-27.02314,28.59389,2015-05-06
7934,0.0,-26.648056,27.089444,2015-05-06
7935,0.0,-26.970278,27.211111,2015-05-06
7936,0.0,-26.880278,26.965,2015-05-06
7937,0.0,-27.4275,28.525833,2015-05-06
7938,0.0,-27.3,28.586944,2015-05-06
7939,0.0,-26.98472222,26.63227778,2015-05-06
7940,12.356053590774536,-33.870833,20.003333,2011-03-31
7941,15.077740669250488,-33.870833,20.003333,2011-08-23
7942,0.0,-33.870833,20.003333,2011-09-20
7943,6.990586280822754,-33.870833,20.003333,2011-10-26
7944,21.53459358215332,-33.870833,20.003333,2011-11-16
7945,16.305285453796387,-33.870833,20.003333,2012-04-02
7946,51.76303768157959,-33.870833,20.003333,2012-05-01
7947,14.423257827758787,-33.870833,20.003333,2012-05-22
7948,15.791640281677246,-33.870833,20.003333,2012-06-19
7949,11.586871147155762,-34.005833,22.351111,2015-05-06
7950,0.0,-33.870833,20.003333,2012-09-10
7951,0.0,-33.870833,20.003333,2012-10-08
7952,6.688699722290039,-33.870833,20.003333,2012-11-05
7953,7.695499897003174,-33.870833,20.003333,2013-02-06
7954,7.695499897003174,-33.870833,20.003333,2013-02-12
7955,0.0,-33.870833,20.003333,2013-03-11
7956,0.0,-33.870833,20.003333,2013-04-08
7957,0.0,-33.870833,20.003333,2013-06-03
7958,0.0,-33.870833,20.003333,2013-07-29
7959,5.339576244354248,-33.870833,20.003333,2013-08-29
7960,6.571760177612305,-33.870833,20.003333,2013-09-23
7961,36.373565673828125,-33.870833,20.003333,2013-10-21
7962,15.792407989501951,-28.44555556,32.325,2015-06-30
7963,3.1521074771881104,-33.870833,20.003333,2014-01-20
7964,3.20639705657959,-33.870833,20.003333,2014-02-10
7965,0.0,-33.870833,20.003333,2014-03-10
7966,20.43451690673828,-33.870833,20.003333,2014-04-07
7967,3.436675786972046,-33.870833,20.003333,2014-05-19
7968,64.38134384155273,-33.870833,20.003333,2014-06-26
7969,8.729020118713379,-33.870833,20.003333,2014-07-31
7970,7.511395931243896,-33.870833,20.003333,2014-09-04
7971,5.1394243240356445,-33.870833,20.003333,2014-10-02
7972,0.0,-33.870833,20.003333,2015-02-26
7973,0.0,-29.161667,30.629722,2015-05-07
7974,0.0,-33.870833,20.003333,2015-06-25
7975,0.0,-33.870833,20.003333,2015-07-23
7976,26.37024402618408,-33.870833,20.003333,2015-08-27
7977,6.209775447845459,-33.870833,20.003333,2015-10-29
7978,9.021355390548706,-33.870833,20.003333,2015-12-03
7979,0.0,-26.619444,27.980833,2015-05-07
7980,0.0,-27.573056,24.746389,2015-05-07
7981,0.0,-28.376944,24.303056,2015-05-07
7982,10.795801162719728,-34.02861,22.22222,2015-05-07
7983,4.621150970458984,-28.308889,31.9025,2015-05-07
7984,3.3568027019500732,-27.902778,24.615556,2015-05-08
7985,13.182217597961426,-28.058889,30.373611,2015-05-10
7986,2.901310443878174,-29.161667,23.696389,2015-05-11
7987,0.0,-24.058889,31.237222,2015-05-11
7988,5.777629852294922,-25.49037,30.6986,2015-05-11
7989,5.029955863952637,-24.99328,30.81444,2015-05-11
7990,0.0,-26.648056,27.089444,2015-05-11
7991,0.0,-26.970278,27.211111,2015-05-11
7992,0.0,-26.880278,26.965,2015-05-11
7993,8.893373489379883,-29.160278,26.573333,2015-05-11
7994,0.0,-31.396,29.2651,2015-05-11
7995,5.70037317276001,-31.554722,29.245556,2015-05-11
7996,7.04604959487915,-33.818056,19.694722,2015-05-11
7997,0.0,-32.502778,19.535833,2015-05-11
7998,0.0,-25.447222,30.711667,2015-05-11
7999,0.0,-33.818056,19.694722,2013-06-03
8000,0.0,-33.818056,19.694722,2013-07-29
8001,0.0,-28.7115,24.07288889,2015-05-12
8002,2.6437807083129883,-27.01011111,26.69808333,2015-05-12
8003,2.7458748817443848,-25.81048333,27.90955222,2015-05-12
8004,3.0139873027801514,-25.99136,27.84208,2015-05-12
8005,3.4011099338531494,-25.681111,31.783333,2015-05-12
8006,0.0,-25.67386,31.57527,2015-05-12
8007,10.100114822387695,-25.513889,31.224444,2015-05-12
8008,4.057694911956787,-24.768889,31.39,2015-05-12
8009,3.907089948654175,-24.9675,31.516667,2015-05-12
8010,4.084423542022705,-27.363611,31.783333,2015-05-12
8011,4.852132797241211,-26.73806,27.59194,2015-05-12
8012,0.0,-26.45,28.085833,2015-05-12
8013,0.0,-26.98472222,26.63227778,2015-05-12
8014,2.929748773574829,-28.69485,28.23487,2015-05-12
8015,4.709287643432617,-29.615556,27.065278,2015-05-12
8016,5.598215103149414,-28.883333,27.89,2015-05-12
8017,3.502922534942627,-29.1825,23.575556,2015-05-12
8018,5.243123769760132,-30.570833,29.150556,2015-05-12
8019,9.31271767616272,-31.104278,29.399722,2015-05-12
8020,0.0,-34.075556,20.145556,2015-05-12
8021,13.438267230987549,-32.595833,19.009444,2015-05-12
8022,4.970823764801025,-34.075556,20.145556,2011-01-26
8023,13.891067028045654,-34.075556,20.145556,2011-02-23
8024,6.353829860687256,-25.436111,31.982222,2015-05-13
8025,6.9895243644714355,-25.362222,31.956667,2015-05-13
8026,23.38813209533691,-34.075556,20.145556,2011-06-28
8027,5.5104875564575195,-25.398889,31.610556,2015-05-13
8028,4.71160888671875,-25.14944444,31.94055556,2015-05-13
8029,3.58748197555542,-26.861111,28.884722,2015-05-13
8030,0.0,-27.273889,28.49,2015-05-13
8031,0.0,-27.802778,28.768333,2015-05-13
8032,7.207499980926514,-27.935,26.126667,2015-05-13
8033,5.9238035678863525,-30.160091,27.40124,2015-05-13
8034,6.790489196777344,-30.336111,27.359444,2015-05-13
8035,5.438334107398987,-30.568333,29.422778,2015-05-13
8036,8.29278826713562,-31.031389,28.883333,2015-05-13
8037,8.830965042114258,-30.86013889,29.07125,2015-05-13
8038,7.662856340408325,-30.77586667,29.03221667,2015-05-13
8039,0.0,-33.38056,19.30167,2015-05-13
8040,0.0,-33.08883333,19.21878333,2015-05-13
8041,0.0,-25.45963889,28.26430556,2015-05-13
8042,15.581594467163086,-29.641944,30.6875,2015-05-14
8043,7.492618560791016,-30.830556,26.921389,2015-05-14
8044,0.0,-24.282222,28.090278,2015-05-14
8045,0.0,-23.658056,31.05,2015-05-14
8046,0.0,-27.273889,28.49,2015-05-14
8047,6.063042163848877,-31.000833,26.353056,2015-05-14
8048,6.429479598999023,-30.534167,24.961944,2015-05-14
8049,0.0,-33.7075,18.97444444,2015-05-14
8050,8.708359599113464,-29.744167,29.905833,2015-05-15
8051,7.555716633796692,-29.7775,29.470833,2015-05-18
8052,8.708359599113464,-29.744167,29.905833,2015-05-18
8053,0.0,-34.065833,20.404167,2015-05-19
8054,15.182213306427002,-34.075556,20.145556,2013-09-23
8055,9.173176288604736,-24.679167,30.8025,2015-05-19
8056,0.0,-25.127778,27.628889,2015-05-19
8057,0.0,-25.20639,27.558,2015-05-19
8058,0.0,-24.39619444,27.08983333,2015-05-19
8059,0.0,-24.69514,27.40906,2015-05-19
8060,5.848073482513428,-30.733889,29.828333,2015-05-19
8061,7.227242231369019,-29.987778,29.851667,2015-05-19
8062,0.0,-27.02314,28.59389,2015-05-19
8063,1.7414071559906006,-28.141944,26.417778,2015-05-19
8064,5.740015029907227,-28.1175,26.719444,2015-05-19
8065,4.528064250946045,-34.092222,21.295278,2015-05-19
8066,13.035863876342772,-33.31388889,19.07472222,2015-05-19
8067,0.0,-29.161667,23.696389,2015-05-20
8068,2.798794746398926,-22.225556,29.990556,2015-05-20
8069,5.189834356307983,-24.183889,30.823889,2015-05-20
8070,0.0,-24.058889,31.237222,2015-05-20
8071,11.17483377456665,-26.03611,30.99778,2015-05-20
8072,82.96584367752075,-34.075556,20.145556,2015-06-09
8073,13.543285369873049,-27.937778,31.209444,2015-05-20
8074,9.001216888427734,-28.404444,30.013056,2015-05-20
8075,0.0,-32.595833,19.009444,2011-03-17
8076,21.317684173583984,-32.595833,19.009444,2011-04-13
8077,0.0,-26.880278,26.965,2015-05-20
8078,66.37954616546631,-32.595833,19.009444,2011-06-14
8079,2.704354763031006,-32.595833,19.009444,2011-07-15
8080,19.59368467330933,-32.595833,19.009444,2011-08-11
8081,6.580349922180176,-32.595833,19.009444,2011-10-05
8082,0.0,-28.96362,19.15486,2015-05-20
8083,16.959951400756836,-34.405833,19.600556,2015-05-20
8084,0.0,-33.13083,18.86278,2015-05-20
8085,3.5376386642456055,-27.5275,30.858056,2015-05-21
8086,9.887617111206056,-30.13573889,30.67422222,2015-05-21
8087,0.0,-32.595833,19.009444,2012-04-10
8088,7.508646965026856,-32.595833,19.009444,2012-05-08
8089,0.0,-27.38972222,26.46388889,2015-05-21
8090,19.50801467895508,-32.595833,19.009444,2012-07-24
8091,12.04253101348877,-32.595833,19.009444,2012-08-22
8092,0.0,-27.398611,26.614722,2015-05-21
8093,3.645082712173462,-28.376944,24.303056,2015-05-21
8094,8.622369289398193,-34.250556,20.9925,2015-05-21
8095,,-34.329722,18.990278,2015-05-21
8096,9.617494583129885,-32.94583,18.33667,2015-05-21
8097,0.0,-27.4,26.624722,2015-05-21
8098,2.8992762565612793,-27.902778,24.615556,2015-05-22
8099,10.7377827167511,-29.803611,30.516111,2015-05-22
8100,9.72326111793518,-33.501667,21.624167,2015-05-23
8101,5.957643270492554,-25.99136,27.84208,2015-05-25
8102,0.0,-26.970278,27.211111,2015-05-25
8103,21.824060440063477,-32.595833,19.009444,2013-08-20
8104,0.0,-26.880278,26.965,2015-05-25
8105,0.0,-32.595833,19.009444,2013-10-08
8106,0.0,-26.73806,27.59194,2015-05-25
8107,5.438524007797241,-26.45,28.085833,2015-05-25
8108,2.8272294998168945,-27.01011111,26.69808333,2015-05-26
8109,0.0,-29.380556,30.2775,2015-05-26
8110,3.5058906078338623,-26.861111,28.884722,2015-05-26
8111,0.0,-26.648056,27.089444,2015-05-26
8112,34.90639400482178,-32.595833,19.009444,2014-06-24
8113,5.275336742401123,-32.595833,19.009444,2014-09-23
8114,5.964787483215332,-26.98472222,26.63227778,2015-05-26
8115,1.7414071559906006,-28.141944,26.417778,2015-05-26
8116,0.0,-25.45963889,28.26430556,2015-05-26
8117,2.685340881347656,-25.81048333,27.90955222,2015-05-27
8118,74.02837872505188,-32.595833,19.009444,2015-06-09
8119,37.03069305419922,-32.595833,19.009444,2015-07-21
8120,18.276695013046265,-32.595833,19.009444,2015-08-18
8121,0.0,-22.225556,29.990556,2015-05-27
8122,0.0,-24.282222,28.090278,2015-05-27
8123,0.0,-28.747778,31.745833,2015-05-27
8124,0.0,-27.00222,28.76528,2015-05-27
8125,0.0,-27.273889,28.49,2015-05-27
8126,0.0,-29.033333,23.983333,2015-05-27
8127,0.0,-33.08883333,19.21878333,2013-10-15
8128,0.0,-25.57877778,29.12747222,2015-05-28
8129,0.0,-29.744167,29.905833,2015-05-29
8130,0.0,-28.768056,20.720556,2015-05-29
8131,0.0,-22.225556,29.990556,2015-06-01
8132,38.52657699584961,-33.08883333,19.21878333,2014-06-23
8133,0.0,-26.510278,28.351389,2015-06-01
8134,24.556128978729248,-33.08883333,19.21878333,2014-08-12
8135,7.301677703857422,-33.08883333,19.21878333,2014-09-10
8136,10.900582313537598,-33.08883333,19.21878333,2014-10-22
8137,0.0,-33.08883333,19.21878333,2014-11-20
8138,0.0,-33.08883333,19.21878333,2015-01-14
8139,0.0,-33.08883333,19.21878333,2015-02-18
8140,20.0997257232666,-33.08883333,19.21878333,2015-03-19
8141,10.99493169784546,-33.08883333,19.21878333,2015-04-15
8142,3.538663864135742,-27.671111,27.236944,2015-06-01
8143,23.652019500732425,-33.08883333,19.21878333,2015-08-19
8144,24.334137439727783,-33.08883333,19.21878333,2015-09-16
8145,0.0,-30.568333,29.422778,2015-06-01
8146,21.129611015319824,-33.08883333,19.21878333,2015-11-25
8147,0.0,-31.396,29.2651,2015-06-01
8148,0.0,-25.127778,27.628889,2015-06-02
8149,0.0,-25.20639,27.558,2015-06-02
8150,37.746724128723145,-32.502778,19.535833,2011-06-13
8151,0.0,-24.69514,27.40906,2015-06-02
8152,0.0,-27.935,26.126667,2015-06-02
8153,0.0,-28.1175,26.719444,2015-06-02
8154,0.0,-27.398611,26.614722,2015-06-02
8155,12.96845531463623,-30.160091,27.40124,2015-06-02
8156,19.97107315063477,-30.336111,27.359444,2015-06-02
8157,0.0,-31.104278,29.399722,2015-06-02
8158,14.048617362976074,-32.502778,19.535833,2012-07-27
8159,68.14627265930176,-34.031944,22.053333,2015-06-02
8160,74.60873603820801,-34.039722,22.133333,2015-06-02
8161,80.75108528137207,-34.02861,22.22222,2015-06-02
8162,5.652993679046631,-28.338333,31.373611,2015-06-02
8163,4.526997089385986,-28.068333,31.55,2015-06-02
8164,0.0,-27.4,26.624722,2015-06-02
8165,17.105936765670776,-30.830556,26.921389,2015-06-03
8166,0.0,-24.670833,28.560833,2015-06-03
8167,0.0,-24.39619444,27.08983333,2015-06-03
8168,0.0,-28.75,30.442778,2015-06-03
8169,4.310533046722412,-29.161667,30.629722,2015-06-03
8170,0.0,-27.802778,28.768333,2015-06-03
8171,12.72714138031006,-31.000833,26.353056,2015-06-03
8172,12.61814785003662,-30.679722,26.7125,2015-06-03
8173,0.0,-30.570833,29.150556,2015-06-03
8174,0.0,-28.058889,30.373611,2015-06-03
8175,2.0357844829559326,-28.760833,17.730278,2015-06-04
8176,10.422801494598389,-32.502778,19.535833,2014-06-09
8177,20.109789848327637,-28.44555556,32.325,2015-07-28
8178,0.0,-27.273889,28.49,2015-06-04
8179,0.0,-27.573056,24.746389,2015-06-04
8180,2.9011945724487305,-28.376944,24.303056,2015-06-04
8181,9.315472602844238,-31.031389,28.883333,2015-06-04
8182,7.402004718780518,-30.86013889,29.07125,2015-06-04
8183,2.5316953659057617,-32.502778,19.535833,2015-04-13
8184,0.0,-30.77586667,29.03221667,2015-06-04
8185,54.92765045166016,-32.502778,19.535833,2015-06-08
8186,0.0,-27.902778,24.615556,2015-06-05
8187,10.72028112411499,-32.502778,19.535833,2015-08-17
8188,9.001698970794678,-31.554722,29.245556,2015-06-05
8189,0.0,-32.502778,19.535833,2015-10-19
8190,5.865482568740845,-25.99136,27.84208,2015-06-08
8191,0.0,-31.5653,18.3306,2011-01-05
8192,5.090019464492798,-31.5653,18.3306,2011-02-09
8193,0.0,-31.5653,18.3306,2011-03-16
8194,7.121548652648926,-31.5653,18.3306,2011-04-12
8195,0.0,-26.970278,27.211111,2015-06-08
8196,3.304043769836426,-26.880278,26.965,2015-06-08
8197,2.7771785259246826,-26.73806,27.59194,2015-06-08
8198,2.840160131454468,-26.45,28.085833,2015-06-08
8199,93.66146850585938,-33.818056,19.694722,2015-06-08
8200,0.0,-31.5653,18.3306,2011-11-09
8201,2.5870118141174316,-31.5653,18.3306,2011-12-21
8202,0.0,-31.5653,18.3306,2012-01-17
8203,0.0,-31.5653,18.3306,2012-02-15
8204,0.0,-31.5653,18.3306,2012-03-13
8205,0.0,-31.5653,18.3306,2012-04-17
8206,0.0,-31.5653,18.3306,2012-05-17
8207,0.0,-31.5653,18.3306,2012-05-29
8208,3.946967601776123,-27.01011111,26.69808333,2015-06-09
8209,6.460298776626587,-25.73411,27.21422,2015-06-09
8210,4.287634372711182,-27.363611,31.783333,2015-06-09
8211,2.4961965084075928,-26.861111,28.884722,2015-06-09
8212,8.299089431762695,-31.5653,18.3306,2012-10-23
8213,0.0,-31.5653,18.3306,2012-11-13
8214,5.292149543762207,-31.5653,18.3306,2012-12-04
8215,8.709186553955078,-31.5653,18.3306,2013-03-26
8216,15.1311674118042,-31.5653,18.3306,2013-04-23
8217,11.879977703094482,-31.5653,18.3306,2013-05-21
8218,2.6102607250213623,-27.00222,28.76528,2015-06-09
8219,2.9178755283355713,-27.02314,28.59389,2015-06-09
8220,11.91550636291504,-31.5653,18.3306,2014-01-28
8221,0.0,-31.5653,18.3306,2014-02-12
8222,0.0,-31.5653,18.3306,2014-03-04
8223,11.370782852172852,-31.5653,18.3306,2014-04-01
8224,0.0,-31.5653,18.3306,2014-05-13
8225,0.0,-26.648056,27.089444,2015-06-09
8226,4.063887596130371,-26.98472222,26.63227778,2015-06-09
8227,0.0,-27.935,26.126667,2015-06-09
8228,0.0,-28.141944,26.417778,2015-06-09
8229,2.453141212463379,-31.5653,18.3306,2014-10-21
8230,0.0,-31.5653,18.3306,2014-11-25
8231,0.0,-31.5653,18.3306,2015-01-27
8232,0.0,-31.5653,18.3306,2015-02-17
8233,1.909562349319458,-31.5653,18.3306,2015-03-17
8234,2.000371217727661,-31.5653,18.3306,2015-04-14
8235,0.0,-31.5653,18.3306,2015-05-12
8236,25.670426845550537,-31.5653,18.3306,2015-06-09
8237,0.0,-28.1175,26.719444,2015-06-09
8238,0.0,-29.160278,26.573333,2015-06-09
8239,10.435893058776855,-31.5653,18.3306,2015-09-15
8240,0.0,-31.5653,18.3306,2015-10-20
8241,2.912856101989746,-31.5653,18.3306,2015-11-24
8242,15.348223686218262,-32.601389,18.750556,2011-05-10
8243,60.44401931762695,-32.601389,18.750556,2011-06-13
8244,2.9365031719207764,-32.601389,18.750556,2011-07-12
8245,24.53165912628174,-32.601389,18.750556,2011-08-10
8246,21.908408164978027,-32.601389,18.750556,2011-09-06
8247,0.0,-32.601389,18.750556,2011-11-03
8248,5.612183570861816,-32.601389,18.750556,2012-05-29
8249,5.382882118225098,-32.601389,18.750556,2012-07-03
8250,13.27463173866272,-32.601389,18.750556,2012-07-31
8251,20.886269092559814,-32.601389,18.750556,2012-08-28
8252,21.621057510375977,-32.601389,18.750556,2012-09-26
8253,12.284088134765623,-32.601389,18.750556,2012-10-23
8254,4.224527359008789,-28.69485,28.23487,2015-06-09
8255,57.29975509643555,-32.601389,18.750556,2013-07-16
8256,26.161123275756836,-32.601389,18.750556,2013-08-13
8257,13.109639167785645,-32.601389,18.750556,2013-09-10
8258,12.487940788269045,-32.601389,18.750556,2013-10-09
8259,9.839531898498535,-32.601389,18.750556,2013-11-05
8260,4.315462112426758,-32.601389,18.750556,2013-11-26
8261,33.47636890411377,-32.601389,18.750556,2014-06-12
8262,15.705340385437012,-32.601389,18.750556,2014-07-17
8263,16.601194381713867,-32.601389,18.750556,2014-08-28
8264,5.455911636352539,-32.601389,18.750556,2014-09-25
8265,2.843780755996704,-32.601389,18.750556,2014-10-23
8266,0.0,-32.601389,18.750556,2014-11-27
8267,0.0,-32.601389,18.750556,2015-02-25
8268,4.342715263366699,-32.601389,18.750556,2015-05-21
8269,12.703041315078735,-32.601389,18.750556,2015-06-26
8270,0.0,-32.601389,18.750556,2015-07-30
8271,30.765159606933594,-32.601389,18.750556,2015-08-27
8272,5.028478622436523,-32.601389,18.750556,2015-10-29
8273,5.411660194396973,-28.883333,27.89,2015-06-09
8274,0.0,-25.45963889,28.26430556,2015-06-09
8275,5.997826337814331,-25.81048333,27.90955222,2015-06-10
8276,5.221383094787598,-29.641944,30.6875,2015-06-10
8277,0.0,-24.282222,28.090278,2015-06-10
8278,0.0,-23.763056,27.908611,2015-06-10
8279,0.0,-23.23572222,27.717,2015-06-10
8280,3.0602307319641113,-24.058889,31.237222,2015-06-10
8281,0.0,-27.802778,28.768333,2015-06-10
8282,3.538663864135742,-27.671111,27.236944,2015-06-10
8283,23.701844215393063,-30.160091,27.40124,2015-06-10
8284,19.97107315063477,-30.336111,27.359444,2015-06-10
8285,21.111854553222656,-29.615556,27.065278,2015-06-10
8286,20.20409393310547,-33.38056,19.30167,2015-06-10
8287,57.272629737854,-33.08883333,19.21878333,2015-06-10
8288,0.0,-25.57877778,29.12747222,2015-06-10
8289,0.0,-22.225556,29.990556,2015-06-11
8290,6.071341037750244,-30.830556,26.921389,2015-06-11
8291,0.0,-24.95861111,29.39527778,2015-06-11
8292,0.0,-27.02314,28.59389,2015-06-11
8293,0.0,-27.4275,28.525833,2015-06-11
8294,0.0,-27.3,28.586944,2015-06-11
8295,0.0,-27.38972222,26.46388889,2015-06-11
8296,5.25290060043335,-27.398611,26.614722,2015-06-11
8297,0.0,-31.000833,26.353056,2015-06-11
8298,0.0,-30.679722,26.7125,2015-06-11
8299,7.558355331420898,-30.534167,24.961944,2015-06-11
8300,56.18924903869629,-33.7075,18.97444444,2015-06-11
8301,38.92488861083984,-33.72266667,18.61691667,2015-06-11
8302,0.0,-27.356667,27.286389,2015-06-11
8303,5.221383094787598,-29.641944,30.6875,2015-06-12
8304,3.577902317047119,-29.744167,29.905833,2015-06-12
8305,0.0,-26.619444,27.980833,2015-06-12
8306,0.0,-27.573056,24.746389,2015-06-12
8307,0.0,-29.658056,25.973333,2015-06-12
8308,0.0,-23.658056,31.05,2015-06-15
8309,3.329024314880371,-29.7775,29.470833,2015-06-15
8310,3.1046953201293945,-29.987778,29.851667,2015-06-15
8311,3.577902317047119,-29.744167,29.905833,2015-06-15
8312,5.020315647125244,-24.679167,30.8025,2015-06-16
8313,0.0,-25.127778,27.628889,2015-06-16
8314,0.0,-25.20639,27.558,2015-06-16
8315,0.0,-24.39619444,27.08983333,2015-06-16
8316,0.0,-24.69514,27.40906,2015-06-16
8317,0.0,-22.769722,30.886944,2015-06-17
8318,3.0602307319641113,-24.058889,31.237222,2015-06-17
8319,7.381476879119873,-28.404444,30.013056,2015-06-17
8320,3.610666751861572,-30.733889,29.828333,2015-06-17
8321,8.284562110900879,-30.398056,30.601944,2015-06-17
8322,3.726206779479981,-27.273889,28.49,2015-06-17
8323,8.457509994506836,-34.092222,21.295278,2015-06-17
8324,0.0,-28.058889,30.373611,2015-06-17
8325,0.0,-27.5275,30.858056,2015-06-18
8326,5.363842964172363,-30.13573889,30.67422222,2015-06-18
8327,0.0,-26.880278,26.965,2015-06-18
8328,8.647362232208252,-28.1175,26.719444,2015-06-18
8329,0.0,-28.376944,24.303056,2015-06-18
8330,0.0,-31.394444,20.947222,2015-06-18
8331,0.0,-29.651389,22.746389,2015-06-18
8332,0.0,-34.250556,20.9925,2015-06-18
8333,10.7232084274292,-33.13083,18.86278,2012-07-04
8334,0.0,-24.183889,30.823889,2015-06-19
8335,2.687819004058838,-27.902778,24.615556,2015-06-19
8336,8.07111120223999,-29.803611,30.516111,2015-06-19
8337,0.0,-25.99136,27.84208,2015-06-22
8338,4.017507553100586,-25.49037,30.6986,2015-06-22
8339,10.546630859375,-24.99328,30.81444,2015-06-22
8340,6.430660009384155,-26.970278,27.211111,2015-06-22
8341,3.190854072570801,-26.880278,26.965,2015-06-22
8342,2.791163682937622,-26.73806,27.59194,2015-06-22
8343,2.707517385482788,-26.45,28.085833,2015-06-22
8344,7.589992523193359,-27.273889,28.49,2015-06-22
8345,4.003201961517334,-27.01011111,26.69808333,2015-06-23
8346,5.055589199066162,-25.436111,31.982222,2015-06-23
8347,4.748622417449951,-29.140556,31.391944,2015-06-23
8348,0.0,-34.065833,20.404167,2015-06-23
8349,0.0,-22.43772222,31.07805556,2015-06-23
8350,3.459646224975586,-25.681111,31.783333,2015-06-23
8351,7.577289819717407,-25.67386,31.57527,2015-06-23
8352,3.570979595184326,-25.398889,31.610556,2015-06-23
8353,5.020873546600342,-28.801278,31.955389,2015-06-23
8354,2.703552484512329,-27.00222,28.76528,2015-06-23
8355,4.084005832672119,-26.98472222,26.63227778,2015-06-23
8356,13.850168704986572,-28.1175,26.719444,2015-06-23
8357,0.0,-25.45963889,28.26430556,2015-06-23
8358,6.846479415893555,-29.161667,23.696389,2015-06-24
8359,6.344041347503662,-31.860278,18.6875,2015-06-24
8360,4.089026927947998,-25.362222,31.956667,2015-06-24
8361,0.0,-24.768889,31.39,2015-06-24
8362,2.8071329593658447,-24.9675,31.516667,2015-06-24
8363,5.037715435028076,-28.747778,31.745833,2015-06-24
8364,7.589992523193359,-27.273889,28.49,2015-06-24
8365,7.608053684234619,-29.033333,23.983333,2015-06-24
8366,4.818424701690674,-26.03611,30.99778,2015-06-25
8367,5.689842224121094,-33.7075,18.97444444,2011-02-17
8368,0.0,-26.648056,27.089444,2015-06-25
8369,0.0,-28.460833,21.248889,2015-06-25
8370,0.0,-32.94583,18.33667,2015-06-25
8371,0.0,-33.897778,20.012778,2015-06-25
8372,11.423768997192385,-33.7075,18.97444444,2012-01-25
8373,4.368716716766357,-33.7075,18.97444444,2012-02-22
8374,25.665632247924805,-33.7075,18.97444444,2012-03-21
8375,9.085504531860352,-29.744167,29.905833,2015-06-26
8376,0.0,-25.81048333,27.90955222,2015-06-29
8377,0.0,-26.510278,28.351389,2015-06-29
8378,2.707517385482788,-26.45,28.085833,2015-06-29
8379,3.263230323791504,-27.671111,27.236944,2015-06-29
8380,0.0,-25.127778,27.628889,2015-06-30
8381,2.6320366859436035,-25.20639,27.558,2015-06-30
8382,0.0,-24.69514,27.40906,2015-06-30
8383,3.0939016342163086,-28.735556,29.820556,2015-06-30
8384,2.6345512866973877,-26.861111,28.884722,2015-06-30
8385,2.703552484512329,-27.00222,28.76528,2015-06-30
8386,2.8376946449279785,-27.02314,28.59389,2015-06-30
8387,7.068609237670898,-27.398611,26.614722,2015-06-30
8388,24.446453094482425,-31.436944,20.474722,2015-06-30
8389,14.024466514587402,-29.651389,22.746389,2015-06-30
8390,14.722623825073242,-28.338333,31.373611,2015-06-30
8391,9.603102207183838,-28.068333,31.55,2015-06-30
8392,10.738508701324465,-28.308889,31.9025,2015-06-30
8393,6.8376054763793945,-27.4,26.624722,2015-06-30
8394,6.846479415893555,-29.161667,23.696389,2015-07-01
8395,3.0076539516448975,-27.602222,29.942778,2015-07-01
8396,4.256777763366699,-27.169444,29.233889,2015-07-01
8397,3.863785743713379,-27.273889,28.49,2015-07-01
8398,3.84039568901062,-27.4275,28.525833,2015-07-01
8399,3.6024153232574463,-27.3,28.586944,2015-07-01
8400,7.312253475189209,-27.802778,28.768333,2015-07-01
8401,5.857100009918213,-33.7075,18.97444444,2015-01-28
8402,0.0,-33.7075,18.97444444,2015-02-19
8403,9.274150848388672,-33.7075,18.97444444,2015-03-25
8404,4.991208076477051,-27.935,26.126667,2015-07-01
8405,5.920324325561523,-28.141944,26.417778,2015-07-01
8406,3.263230323791504,-27.671111,27.236944,2015-07-01
8407,9.364381790161133,-28.75,30.442778,2015-07-02
8408,13.047955989837646,-29.161667,30.629722,2015-07-02
8409,3.84039568901062,-27.4275,28.525833,2015-07-02
8410,7.312253475189209,-27.802778,28.768333,2015-07-02
8411,3.009904146194458,-28.376944,24.303056,2015-07-02
8412,5.293220043182373,-29.744167,29.905833,2015-07-03
8413,0.0,-27.573056,24.746389,2015-07-03
8414,3.041731834411621,-27.902778,24.615556,2015-07-03
8415,0.0,-25.99136,27.84208,2015-07-06
8416,0.0,-26.45,28.085833,2015-07-06
8417,0.0,-22.225556,29.990556,2015-07-07
8418,0.0,-23.658056,31.05,2015-07-07
8419,5.292552471160889,-27.363611,31.783333,2015-07-07
8420,0.0,-26.861111,28.884722,2015-07-07
8421,0.0,-27.00222,28.76528,2015-07-07
8422,0.0,-27.3,28.586944,2015-07-07
8423,18.71953296661377,-31.396,29.2651,2015-07-07
8424,15.232414245605469,-31.554722,29.245556,2015-07-07
8425,17.52796745300293,-34.031944,22.053333,2015-07-07
8426,0.0,-25.45963889,28.26430556,2015-07-07
8427,0.0,-25.81048333,27.90955222,2015-07-08
8428,6.727480411529541,-29.641944,30.6875,2015-07-08
8429,0.0,-23.23572222,27.717,2015-07-08
8430,0.0,-24.670833,28.560833,2015-07-08
8431,0.0,-22.91028,29.61111,2015-07-08
8432,0.0,-26.970278,27.211111,2015-07-08
8433,0.0,-27.38972222,26.46388889,2015-07-08
8434,0.0,-30.534167,24.961944,2015-07-08
8435,9.897435188293455,-30.570833,29.150556,2015-07-08
8436,0.0,-31.104278,29.399722,2015-07-08
8437,9.353697776794434,-30.77586667,29.03221667,2015-07-08
8438,16.149473190307617,-34.039722,22.133333,2015-07-08
8439,16.522328853607178,-34.02861,22.22222,2015-07-08
8440,4.449974060058594,-32.94583,18.33667,2015-12-03
8441,10.727002143859863,-33.464444,18.740556,2011-07-20
8442,23.62022113800049,-33.464444,18.740556,2011-08-17
8443,12.526066303253174,-33.464444,18.740556,2011-09-14
8444,0.0,-33.464444,18.740556,2011-10-12
8445,9.281010508537292,-33.464444,18.740556,2011-11-09
8446,22.513307094573975,-33.464444,18.740556,2012-06-26
8447,71.2567367553711,-33.464444,18.740556,2012-07-24
8448,0.0,-27.01011111,26.69808333,2015-07-09
8449,24.50881290435791,-33.464444,18.740556,2012-09-18
8450,16.084493160247803,-33.464444,18.740556,2012-10-16
8451,4.290308475494385,-33.464444,18.740556,2012-11-15
8452,0.0,-24.282222,28.090278,2015-07-09
8453,0.0,-33.464444,18.740556,2013-07-24
8454,85.95262908935547,-33.464444,18.740556,2013-08-21
8455,28.331997394561768,-33.464444,18.740556,2013-09-11
8456,20.74062204360962,-33.464444,18.740556,2013-10-09
8457,8.611550331115723,-33.464444,18.740556,2013-11-06
8458,6.607334613800049,-33.464444,18.740556,2013-11-27
8459,20.349748611450195,-33.464444,18.740556,2014-07-16
8460,31.48998975753784,-33.464444,18.740556,2014-08-27
8461,11.694679260253906,-33.464444,18.740556,2014-10-01
8462,24.297719955444336,-33.464444,18.740556,2014-10-29
8463,0.0,-23.23572222,27.717,2015-07-09
8464,0.0,-33.464444,18.740556,2015-07-23
8465,15.23470687866211,-33.464444,18.740556,2015-08-20
8466,40.829660415649414,-33.464444,18.740556,2015-09-17
8467,0.0,-26.648056,27.089444,2015-07-09
8468,0.0,-26.880278,26.965,2015-07-09
8469,0.0,-26.98472222,26.63227778,2015-07-09
8470,13.092496871948242,-31.031389,28.883333,2015-07-09
8471,62.61410856246948,-33.72266667,18.61691667,2014-06-11
8472,15.08190631866455,-30.86013889,29.07125,2015-07-09
8473,36.762725830078125,-33.970833,22.548333,2011-01-20
8474,5.728080749511719,-33.970833,22.548333,2011-02-28
8475,9.635953903198242,-33.970833,22.548333,2011-04-04
8476,59.295520305633545,-33.970833,22.548333,2011-05-03
8477,0.0,-33.970833,22.548333,2011-07-05
8478,5.9484758377075195,-33.970833,22.548333,2011-08-31
8479,4.755632400512695,-33.970833,22.548333,2011-09-14
8480,5.258260250091553,-33.970833,22.548333,2011-10-11
8481,43.17660903930664,-33.970833,22.548333,2011-11-25
8482,44.63300132751465,-33.970833,22.548333,2012-01-20
8483,25.337669372558594,-33.970833,22.548333,2012-03-20
8484,28.34963893890381,-34.005833,22.351111,2015-07-09
8485,48.909236907958984,-33.970833,22.548333,2012-07-09
8486,8.45129680633545,-33.970833,22.548333,2012-08-17
8487,23.93435001373291,-33.970833,22.548333,2012-09-19
8488,69.53133583068848,-33.970833,22.548333,2012-10-17
8489,14.115934371948242,-33.970833,22.548333,2012-11-23
8490,17.57426404953003,-33.970833,22.548333,2012-12-13
8491,21.19817352294922,-33.970833,22.548333,2013-01-30
8492,36.804100036621094,-33.970833,22.548333,2013-02-13
8493,0.0,-22.43772222,31.07805556,2015-07-10
8494,19.18478202819824,-33.970833,22.548333,2013-06-19
8495,13.866132259368896,-33.970833,22.548333,2013-07-19
8496,7.47144889831543,-33.970833,22.548333,2013-08-21
8497,13.814724922180176,-33.970833,22.548333,2013-09-20
8498,22.806116104125977,-33.970833,22.548333,2013-10-17
8499,0.0,-33.970833,22.548333,2013-11-05
8500,0.0,-33.970833,22.548333,2013-11-08
8501,62.000014305114746,-33.970833,22.548333,2014-01-15
8502,26.673194408416748,-33.970833,22.548333,2014-03-05
8503,28.768420219421387,-33.970833,22.548333,2014-04-02
8504,25.02504014968872,-33.970833,22.548333,2014-05-08
8505,0.0,-28.7115,24.07288889,2015-07-13
8506,8.124322891235352,-33.970833,22.548333,2014-07-09
8507,20.29731512069702,-33.970833,22.548333,2014-08-06
8508,5.8329010009765625,-33.970833,22.548333,2014-09-03
8509,21.393112659454346,-33.970833,22.548333,2014-10-08
8510,17.71149492263794,-33.970833,22.548333,2015-01-07
8511,17.31196403503418,-33.970833,22.548333,2015-02-04
8512,0.0,-33.970833,22.548333,2015-03-05
8513,15.713943481445312,-33.970833,22.548333,2015-04-08
8514,15.037572860717772,-33.970833,22.548333,2015-05-07
8515,84.35265159606934,-33.970833,22.548333,2015-06-02
8516,13.574437141418455,-33.970833,22.548333,2015-07-08
8517,0.0,-33.970833,22.548333,2015-08-05
8518,51.03102779388428,-33.970833,22.548333,2015-09-02
8519,16.923954010009766,-33.970833,22.548333,2015-10-06
8520,74.29626083374023,-33.970833,22.548333,2015-11-04
8521,5.561250686645508,-33.970833,22.548333,2015-12-03
8522,0.0,-34.005833,22.351111,2011-01-21
8523,25.842283248901367,-34.005833,22.351111,2011-02-11
8524,7.103073596954346,-34.005833,22.351111,2011-03-17
8525,11.485345840454102,-34.005833,22.351111,2011-04-19
8526,23.632778644561768,-34.005833,22.351111,2011-05-17
8527,16.735066890716553,-34.005833,22.351111,2011-06-21
8528,0.0,-24.679167,30.8025,2015-07-13
8529,4.643873691558838,-34.005833,22.351111,2011-10-12
8530,2.6315081119537354,-29.7775,29.470833,2015-07-13
8531,0.0,-29.744167,29.905833,2015-07-13
8532,4.117002010345459,-29.160278,26.573333,2015-07-13
8533,11.697683572769163,-34.005833,22.351111,2012-06-26
8534,85.78826332092285,-34.005833,22.351111,2012-07-18
8535,1.293629765510559,-29.1825,23.575556,2015-07-13
8536,0.0,-25.127778,27.628889,2015-07-14
8537,0.0,-24.39619444,27.08983333,2015-07-14
8538,0.0,-24.69514,27.40906,2015-07-14
8539,5.4239959716796875,-28.69485,28.23487,2015-07-14
8540,29.188685417175293,-34.005833,22.351111,2013-04-05
8541,0.0,-28.883333,27.89,2015-07-14
8542,23.14952850341797,-34.005833,22.351111,2013-07-04
8543,10.779985427856444,-34.005833,22.351111,2013-08-06
8544,0.0,-24.183889,30.823889,2015-07-15
8545,0.0,-25.20639,27.558,2015-07-15
8546,12.457481861114502,-34.005833,22.351111,2013-12-04
8547,37.90523815155029,-34.005833,22.351111,2014-01-22
8548,31.768159866333008,-34.005833,22.351111,2014-02-20
8549,0.0,-22.769722,30.886944,2015-07-15
8550,29.804183959960938,-34.005833,22.351111,2014-04-03
8551,3.141742706298828,-28.404444,30.013056,2015-07-15
8552,6.897159099578857,-30.733889,29.828333,2015-07-15
8553,4.9582977294921875,-30.160091,27.40124,2015-07-15
8554,8.908307552337646,-30.336111,27.359444,2015-07-15
8555,3.6829233169555664,-29.615556,27.065278,2015-07-15
8556,31.508978843688965,-34.005833,22.351111,2014-11-04
8557,0.0,-34.005833,22.351111,2014-12-03
8558,0.0,-28.058889,30.373611,2015-07-15
8559,16.63210964202881,-30.830556,26.921389,2015-07-16
8560,23.503987789154053,-34.005833,22.351111,2015-04-10
8561,4.181221961975098,-27.937778,31.209444,2015-07-16
8562,65.02568054199219,-34.005833,22.351111,2015-06-04
8563,5.1520843505859375,-27.5275,30.858056,2015-07-16
8564,5.104892730712891,-30.13573889,30.67422222,2015-07-16
8565,5.586822509765625,-30.398056,30.601944,2015-07-16
8566,0.0,-27.02314,28.59389,2015-07-16
8567,0.0,-27.273889,28.49,2015-07-16
8568,2.54089093208313,-27.935,26.126667,2015-07-16
8569,2.859525680541992,-28.141944,26.417778,2015-07-16
8570,2.8601255416870117,-28.1175,26.719444,2015-07-16
8571,7.210663318634033,-31.000833,26.353056,2015-07-16
8572,16.017658710479736,-30.679722,26.7125,2015-07-16
8573,17.031818389892578,-30.534167,24.961944,2015-07-16
8574,0.0,-29.744167,29.905833,2015-07-17
8575,0.0,-27.902778,24.615556,2015-07-17
8576,3.537625312805176,-29.803611,30.516111,2015-07-17
8577,0.0,-27.01011111,26.69808333,2015-07-20
8578,9.326524496078491,-29.140556,31.391944,2015-07-20
8579,0.0,-25.99136,27.84208,2015-07-20
8580,0.0,-26.648056,27.089444,2015-07-20
8581,0.0,-26.880278,26.965,2015-07-20
8582,0.0,-26.73806,27.59194,2015-07-20
8583,0.0,-26.45,28.085833,2015-07-20
8584,0.0,-26.98472222,26.63227778,2015-07-20
8585,0.0,-32.502778,19.535833,2015-07-20
8586,10.033482551574709,-34.065833,20.404167,2015-07-21
8587,34.074798583984375,-31.860278,18.6875,2015-07-21
8588,43.065321922302246,-33.980556,21.653333,2015-07-21
8589,0.0,-26.006389,29.253889,2015-07-21
8590,10.322801113128662,-28.801278,31.955389,2015-07-21
8591,0.0,-27.00222,28.76528,2015-07-21
8592,0.0,-27.38972222,26.46388889,2015-07-21
8593,0.0,-27.398611,26.614722,2015-07-21
8594,5.377165794372559,-34.092222,21.295278,2015-07-21
8595,22.568714141845703,-31.5653,18.3306,2015-07-21
8596,0.0,-27.4,26.624722,2015-07-21
8597,0.0,-25.81048333,27.90955222,2015-07-22
8598,6.69200325012207,-28.747778,31.745833,2015-07-22
8599,0.0,-26.970278,27.211111,2015-07-22
8600,0.0,-26.880278,26.965,2015-07-22
8601,0.0,-27.273889,28.49,2015-07-22
8602,2.859525680541992,-28.141944,26.417778,2015-07-22
8603,2.8601255416870117,-28.1175,26.719444,2015-07-22
8604,14.284764289855955,-34.250556,20.9925,2015-07-22
8605,0.0,-34.405833,19.600556,2015-07-22
8606,68.23583984375,-33.38056,19.30167,2015-07-22
8607,27.254668712615967,-33.08883333,19.21878333,2015-07-22
8608,0.0,-24.95861111,29.39527778,2015-07-23
8609,70.42269134521484,-33.7075,18.97444444,2015-07-23
8610,2.2818875312805176,-25.57877778,29.12747222,2015-07-23
8611,0.0,-33.897778,20.012778,2015-07-23
8612,0.0,-26.619444,27.980833,2015-07-27
8613,0.0,-25.127778,27.628889,2015-07-28
8614,0.0,-25.20639,27.558,2015-07-28
8615,0.0,-24.69514,27.40906,2015-07-28
8616,0.0,-28.44555556,32.325,2015-08-25
8617,3.7733521461486816,-27.169444,29.233889,2015-07-28
8618,2.5774292945861816,-27.935,26.126667,2015-07-28
8619,3.219911575317383,-28.141944,26.417778,2015-07-28
8620,3.7854442596435542,-28.1175,26.719444,2015-07-28
8621,0.0,-27.398611,26.614722,2015-07-28
8622,0.0,-27.671111,27.236944,2015-07-28
8623,0.0,-28.69485,28.23487,2015-07-28
8624,0.0,-33.501667,21.624167,2015-07-28
8625,0.0,-33.31388889,19.07472222,2015-07-28
8626,4.948007106781006,-28.338333,31.373611,2015-07-28
8627,4.672943592071533,-28.068333,31.55,2015-07-28
8628,13.759563207626345,-28.308889,31.9025,2015-07-28
8629,0.0,-27.4,26.624722,2015-07-28
8630,2.9217851161956787,-29.161667,23.696389,2015-07-29
8631,5.202919960021973,-27.602222,29.942778,2015-07-29
8632,3.544581174850464,-27.802778,28.768333,2015-07-29
8633,14.230937480926514,-33.13083,18.86278,2015-07-29
8634,5.879549026489258,-26.03611,30.99778,2015-07-30
8635,6.025463581085205,-28.75,30.442778,2015-07-30
8636,6.406085968017578,-29.161667,30.629722,2015-07-30
8637,0.0,-27.02314,28.59389,2015-07-30
8638,0.0,-27.273889,28.49,2015-07-30
8639,2.871513605117798,-27.4275,28.525833,2015-07-30
8640,0.0,-27.3,28.586944,2015-07-30
8641,0.0,-27.573056,24.746389,2015-07-30
8642,0.0,-28.460833,21.248889,2015-07-30
8643,0.0,-32.94583,18.33667,2015-07-30
8644,8.158169269561768,-29.641944,30.6875,2015-07-31
8645,0.0,-24.95861111,29.39527778,2015-07-31
8646,3.219911575317383,-28.141944,26.417778,2015-07-31
8647,3.7854442596435542,-28.1175,26.719444,2015-07-31
8648,0.0,-27.902778,24.615556,2015-07-31
8649,0.0,-25.99136,27.84208,2015-08-03
8650,0.0,-26.73806,27.59194,2015-08-03
8651,0.0,-26.45,28.085833,2015-08-03
8652,0.0,-29.160278,26.573333,2015-08-03
8653,0.0,-31.396,29.2651,2015-08-03
8654,0.0,-31.554722,29.245556,2015-08-03
8655,3.639169454574585,-26.861111,28.884722,2015-08-04
8656,3.358756303787231,-27.00222,28.76528,2015-08-04
8657,0.0,-26.970278,27.211111,2015-08-04
8658,0.0,-26.880278,26.965,2015-08-04
8659,0.0,-28.69485,28.23487,2015-08-04
8660,0.0,-29.615556,27.065278,2015-08-04
8661,0.0,-28.883333,27.89,2015-08-04
8662,0.0,-30.568333,29.422778,2015-08-04
8663,0.0,-30.570833,29.150556,2015-08-04
8664,0.0,-31.104278,29.399722,2015-08-04
8665,0.0,-34.031944,22.053333,2015-08-04
8666,0.0,-34.039722,22.133333,2015-08-04
8667,0.0,-25.45963889,28.26430556,2015-08-04
8668,0.0,-27.01011111,26.69808333,2015-08-05
8669,0.0,-25.81048333,27.90955222,2015-08-05
8670,0.0,-24.670833,28.560833,2015-08-05
8671,6.743783712387085,-25.73411,27.21422,2015-08-05
8672,0.0,-26.648056,27.089444,2015-08-05
8673,2.013580083847046,-26.98472222,26.63227778,2015-08-05
8674,4.902587175369263,-27.935,26.126667,2015-08-05
8675,0.0,-30.160091,27.40124,2015-08-05
8676,0.0,-30.336111,27.359444,2015-08-05
8677,0.0,-28.768056,20.720556,2015-08-05
8678,2.687837839126587,-31.031389,28.883333,2015-08-05
8679,3.6230762004852295,-30.86013889,29.07125,2015-08-05
8680,3.5173704624176025,-30.77586667,29.03221667,2015-08-05
8681,0.0,-34.02861,22.22222,2015-08-05
8682,5.071752071380615,-30.830556,26.921389,2015-08-06
8683,0.0,-22.769722,30.886944,2015-08-06
8684,10.07434892654419,-26.905,32.324722,2015-08-06
8685,0.0,-28.141944,26.417778,2015-08-06
8686,3.5694568157196045,-31.000833,26.353056,2015-08-06
8687,5.269015789031982,-30.679722,26.7125,2015-08-06
8688,4.216007232666016,-30.534167,24.961944,2015-08-06
8689,0.0,-23.658056,31.05,2015-08-07
8690,0.0,-23.838611,31.640833,2015-08-07
8691,2.5669901371002197,-24.058889,31.237222,2015-08-07
8692,1.98197603225708,-29.7775,29.470833,2015-08-10
8693,4.006698846817017,-29.987778,29.851667,2015-08-10
8694,0.0,-24.69514,27.40906,2015-08-11
8695,3.808150053024292,-24.99328,30.81444,2015-08-11
8696,6.121849536895752,-30.733889,29.828333,2015-08-11
8697,0.0,-25.127778,27.628889,2015-08-12
8698,0.0,-25.20639,27.558,2015-08-12
8699,0.0,-24.768889,31.39,2015-08-12
8700,5.528107166290283,-24.9675,31.516667,2015-08-12
8701,4.666698455810547,-27.937778,31.209444,2015-08-12
8702,6.211626052856445,-28.404444,30.013056,2015-08-12
8703,8.019989013671875,-30.398056,30.601944,2015-08-12
8704,2.1259567737579346,-28.141944,26.417778,2015-08-12
8705,3.4719367027282715,-28.1175,26.719444,2015-08-12
8706,2.669114589691162,-27.671111,27.236944,2015-08-12
8707,4.41460657119751,-28.058889,30.373611,2015-08-12
8708,6.489889621734619,-30.13573889,30.67422222,2015-08-13
8709,3.145782232284546,-27.38972222,26.46388889,2015-08-13
8710,3.022926092147827,-27.398611,26.614722,2015-08-13
8711,0.0,-27.902778,24.615556,2015-08-13
8712,2.87850570678711,-27.4,26.624722,2015-08-13
8713,2.5652101039886475,-29.744167,29.905833,2015-08-14
8714,6.504577159881592,-29.380556,30.2775,2015-08-17
8715,2.44449520111084,-26.73806,27.59194,2015-08-17
8716,2.5055596828460693,-26.45,28.085833,2015-08-17
8717,6.247258424758911,-28.760833,17.730278,2015-08-18
8718,0.0,-29.140556,31.391944,2015-08-18
8719,5.194932460784912,-31.860278,18.6875,2015-08-18
8720,0.0,-24.679167,30.8025,2015-08-18
8721,3.73478627204895,-25.99136,27.84208,2015-08-18
8722,8.194340705871582,-28.801278,31.955389,2015-08-18
8723,4.666698455810547,-27.937778,31.209444,2015-08-18
8724,3.639070510864258,-26.861111,28.884722,2015-08-18
8725,3.1439077854156494,-27.00222,28.76528,2015-08-18
8726,2.8909108638763428,-26.970278,27.211111,2015-08-18
8727,1.8436050415039065,-26.880278,26.965,2015-08-18
8728,7.077078104019165,-30.160091,27.40124,2015-08-18
8729,13.80518126487732,-34.092222,21.295278,2015-08-18
8730,26.547829151153564,-33.818056,19.694722,2015-08-18
8731,7.273719668388367,-31.5653,18.3306,2015-08-18
8732,0.0,-22.91028,29.61111,2015-08-19
8733,0.0,-25.73411,27.21422,2015-08-19
8734,3.1837143898010254,-26.006389,29.253889,2015-08-19
8735,0.0,-24.058889,31.237222,2015-08-19
8736,0.0,-28.747778,31.745833,2015-08-19
8737,0.0,-26.648056,27.089444,2015-08-19
8738,0.0,-27.273889,28.49,2015-08-19
8739,0.0,-26.98472222,26.63227778,2015-08-19
8740,43.422974586486816,-33.38056,19.30167,2015-08-19
8741,0.0,-25.45963889,28.26430556,2015-08-19
8742,0.0,-25.81048333,27.90955222,2015-08-20
8743,0.0,-24.183889,30.823889,2015-08-20
8744,0.0,-24.282222,28.090278,2015-08-20
8745,0.0,-27.935,26.126667,2015-08-20
8746,2.1259567737579346,-28.141944,26.417778,2015-08-20
8747,3.4719367027282715,-28.1175,26.719444,2015-08-20
8748,20.371750831604004,-33.7075,18.97444444,2015-08-20
8749,0.0,-24.95861111,29.39527778,2015-08-21
8750,0.0,-27.573056,24.746389,2015-08-21
8751,8.23015546798706,-29.380556,30.2775,2015-08-22
8752,0.0,-28.735556,29.820556,2015-08-24
8753,0.0,-28.308889,31.9025,2015-08-24
8754,56.7781457901001,-34.065833,20.404167,2015-08-25
8755,0.0,-25.127778,27.628889,2015-08-25
8756,0.0,-25.20639,27.558,2015-08-25
8757,10.783244132995604,-28.44555556,32.325,2015-09-21
8758,0.0,-26.619444,27.980833,2015-08-25
8759,0.0,-26.510278,28.351389,2015-08-25
8760,3.014622926712036,-27.671111,27.236944,2015-08-25
8761,36.00399422645569,-33.501667,21.624167,2015-08-25
8762,35.19490957260132,-33.31388889,19.07472222,2015-08-25
8763,0.0,-28.068333,31.55,2015-08-25
8764,4.027127265930176,-29.161667,23.696389,2015-08-26
8765,5.3650407791137695,-28.7115,24.07288889,2015-08-26
8766,10.612850666046144,-29.641944,30.6875,2015-08-26
8767,0.0,-27.169444,29.233889,2015-08-26
8768,0.0,-27.802778,28.768333,2015-08-26
8769,3.103113889694214,-27.398611,26.614722,2015-08-26
8770,59.91401290893555,-34.405833,19.600556,2015-08-26
8771,29.61041259765625,-33.13083,18.86278,2015-08-26
8772,2.978949546813965,-27.4,26.624722,2015-08-26
8773,3.755807399749756,-27.602222,29.942778,2015-08-27
8774,5.482641220092773,-28.75,30.442778,2015-08-27
8775,10.22567367553711,-29.161667,30.629722,2015-08-27
8776,16.23017692565918,-32.94583,18.33667,2015-08-27
8777,0.0,-23.838611,31.640833,2015-08-28
8778,0.0,-24.058889,31.237222,2015-08-28
8779,10.914631366729736,-29.744167,29.905833,2015-08-28
8780,5.3423614501953125,-29.1825,23.575556,2015-08-29
8781,27.494086623191833,-25.99136,27.84208,2015-08-31
8782,23.474955558776855,-26.73806,27.59194,2015-08-31
8783,25.400018453598022,-26.45,28.085833,2015-08-31
8784,14.216849327087402,-27.363611,31.783333,2015-09-01
8785,17.089638233184814,-26.861111,28.884722,2015-09-01
8786,14.597820281982422,-27.00222,28.76528,2015-09-01
8787,15.755908250808716,-26.970278,27.211111,2015-09-01
8788,14.425335884094238,-27.273889,28.49,2015-09-01
8789,17.489622116088867,-27.4275,28.525833,2015-09-01
8790,14.229462623596191,-27.3,28.586944,2015-09-01
8791,5.893082022666931,-27.935,26.126667,2015-09-01
8792,28.068610191345215,-31.396,29.2651,2015-09-01
8793,30.652371406555176,-31.554722,29.245556,2015-09-01
8794,54.10574007034302,-34.005833,22.351111,2015-09-01
8795,14.61448097229004,-25.45963889,28.26430556,2015-09-01
8796,37.49972438812256,-25.447222,30.711667,2015-09-01
8797,15.295809745788574,-27.01011111,26.69808333,2015-09-02
8798,24.548715591430664,-25.81048333,27.90955222,2015-09-02
8799,47.671603202819824,-25.436111,31.982222,2015-09-02
8800,14.544403076171877,-23.658056,31.05,2015-09-02
8801,25.73317170143127,-25.681111,31.783333,2015-09-02
8802,35.57996940612793,-25.362222,31.956667,2015-09-02
8803,13.850784301757812,-27.02314,28.59389,2015-09-02
8804,16.225224494934082,-26.648056,27.089444,2015-09-02
8805,14.425335884094238,-27.273889,28.49,2015-09-02
8806,17.489622116088867,-27.4275,28.525833,2015-09-02
8807,14.229462623596191,-27.3,28.586944,2015-09-02
8808,11.480013608932495,-30.570833,29.150556,2015-09-02
8809,22.487430095672607,-31.104278,29.399722,2015-09-02
8810,15.496333837509155,-30.77586667,29.03221667,2015-09-02
8811,34.53279685974121,-34.031944,22.053333,2015-09-02
8812,5.984476089477539,-29.641944,30.6875,2015-09-03
8813,27.36011528968811,-25.398889,31.610556,2015-09-03
8814,12.90004062652588,-27.802778,28.768333,2015-09-03
8815,5.893082022666931,-27.935,26.126667,2015-09-03
8816,8.024512767791748,-28.141944,26.417778,2015-09-03
8817,6.738739967346191,-30.679722,26.7125,2015-09-03
8818,11.197033882141112,-30.568333,29.422778,2015-09-03
8819,13.444119215011597,-31.031389,28.883333,2015-09-03
8820,16.223055362701416,-30.86013889,29.07125,2015-09-03
8821,9.939680576324465,-29.987778,29.851667,2015-09-07
8822,6.510983347892761,-29.744167,29.905833,2015-09-07
8823,9.16728925704956,-29.160278,26.573333,2015-09-07
8824,12.58037281036377,-25.57877778,29.12747222,2015-09-07
8825,29.78468132019043,-22.225556,29.990556,2015-09-08
8826,13.402942657470703,-22.91028,29.61111,2015-09-08
8827,6.714877605438232,-25.127778,27.628889,2015-09-08
8828,15.417701721191406,-25.20639,27.558,2015-09-08
8829,2.5490386486053467,-24.69514,27.40906,2015-09-08
8830,17.7523136138916,-23.838611,31.640833,2015-09-08
8831,13.279803276062012,-26.006389,29.253889,2015-09-08
8832,6.8659443855285645,-30.733889,29.828333,2015-09-08
8833,3.053081750869751,-29.7775,29.470833,2015-09-08
8834,2.6196203231811523,-28.141944,26.417778,2015-09-08
8835,0.0,-27.671111,27.236944,2015-09-08
8836,7.446135520935059,-28.69485,28.23487,2015-09-08
8837,0.0,-29.615556,27.065278,2015-09-08
8838,5.391399383544922,-28.883333,27.89,2015-09-08
8839,26.219547271728516,-24.058889,31.237222,2015-09-09
8840,11.404276847839355,-27.937778,31.209444,2015-09-09
8841,4.696935176849365,-28.404444,30.013056,2015-09-09
8842,0.0,-30.398056,30.601944,2015-09-09
8843,4.331521987915039,-27.398611,26.614722,2015-09-09
8844,2.494891881942749,-30.160091,27.40124,2015-09-09
8845,3.2085702419281006,-30.336111,27.359444,2015-09-09
8846,8.651334762573242,-28.058889,30.373611,2015-09-09
8847,3.857309103012085,-27.4,26.624722,2015-09-09
8848,1.3247896432876587,-29.161667,23.696389,2015-09-10
8849,3.2754433155059814,-30.830556,26.921389,2015-09-10
8850,9.240389823913574,-24.282222,28.090278,2015-09-10
8851,24.466286659240723,-22.769722,30.886944,2015-09-10
8852,22.262166023254395,-27.5275,30.858056,2015-09-10
8853,14.069706916809082,-30.13573889,30.67422222,2015-09-10
8854,2.833482503890991,-31.000833,26.353056,2015-09-10
8855,0.0,-30.679722,26.7125,2015-09-10
8856,0.0,-30.534167,24.961944,2015-09-10
8857,9.162168502807615,-24.95861111,29.39527778,2015-09-11
8858,0.0,-29.744167,29.905833,2015-09-11
8859,3.1627986431121826,-27.573056,24.746389,2015-09-11
8860,2.1197590827941895,-29.651389,22.746389,2015-09-11
8861,2.352337598800659,-29.1825,23.575556,2015-09-11
8862,0.0,-29.803611,30.516111,2015-09-11
8863,8.660545349121094,-26.73806,27.59194,2015-09-14
8864,6.960724115371704,-26.45,28.085833,2015-09-14
8865,10.885775804519652,-32.502778,19.535833,2015-09-14
8866,39.41952991485596,-29.140556,31.391944,2015-09-15
8867,9.323832035064695,-31.860278,18.6875,2015-09-15
8868,0.0,-24.679167,30.8025,2015-09-15
8869,28.529157161712646,-28.801278,31.955389,2015-09-15
8870,11.770030736923218,-26.861111,28.884722,2015-09-15
8871,14.09426975250244,-27.00222,28.76528,2015-09-15
8872,26.868736624717712,-26.970278,27.211111,2015-09-15
8873,17.81278896331787,-26.880278,26.965,2015-09-15
8874,4.487126350402832,-34.092222,21.295278,2015-09-15
8875,22.66818332672119,-34.075556,20.145556,2015-09-15
8876,15.3671612739563,-32.595833,19.009444,2015-09-15
8877,0.0,-25.45963889,28.26430556,2015-09-15
8878,31.651211738586422,-27.01011111,26.69808333,2015-09-16
8879,0.0,-25.81048333,27.90955222,2015-09-16
8880,40.903868198394775,-29.641944,30.6875,2015-09-16
8881,3.592395782470703,-24.670833,28.560833,2015-09-16
8882,0.0,-24.058889,31.237222,2015-09-16
8883,29.366365909576416,-26.648056,27.089444,2015-09-16
8884,29.528961181640625,-26.98472222,26.63227778,2015-09-16
8885,26.849553108215332,-34.250556,20.9925,2015-09-16
8886,32.449862480163574,-33.38056,19.30167,2015-09-16
8887,13.869568824768066,-24.183889,30.823889,2015-09-17
8888,21.48046112060547,-26.03611,30.99778,2015-09-17
8889,24.094698429107662,-28.747778,31.745833,2015-09-17
8890,9.923219561576843,-27.935,26.126667,2015-09-17
8891,16.251579523086548,-28.141944,26.417778,2015-09-17
8892,47.60542297363281,-33.7075,18.97444444,2015-09-17
8893,20.57251501083374,-28.44555556,32.325,2015-10-20
8894,21.15528190135956,-28.735556,29.820556,2015-09-21
8895,29.366365909576416,-26.648056,27.089444,2015-09-21
8896,17.14321541786194,-26.619444,27.980833,2015-09-21
8897,14.335248947143556,-26.510278,28.351389,2015-09-21
8898,10.450273513793944,-33.501667,21.624167,2015-09-21
8899,21.243998527526855,-28.338333,31.373611,2015-09-21
8900,0.0,-28.068333,31.55,2015-09-21
8901,0.0,-28.308889,31.9025,2015-09-21
8902,0.0,-25.127778,27.628889,2015-09-22
8903,0.0,-25.20639,27.558,2015-09-22
8904,0.0,-24.69514,27.40906,2015-09-22
8905,10.329829692840576,-27.169444,29.233889,2015-09-22
8906,4.985238552093506,-29.161667,23.696389,2015-09-23
8907,10.546770095825195,-28.7115,24.07288889,2015-09-23
8908,13.999457836151125,-27.02314,28.59389,2015-09-23
8909,19.322864532470703,-27.4275,28.525833,2015-09-23
8910,17.248619079589844,-27.3,28.586944,2015-09-23
8911,24.136116981506348,-27.398611,26.614722,2015-09-23
8912,24.34889340400696,-27.4,26.624722,2015-09-23
8913,14.513694286346436,-27.602222,29.942778,2015-09-24
8914,14.140908241271973,-28.75,30.442778,2015-09-24
8915,33.026113748550415,-29.161667,30.629722,2015-09-24
8916,31.387094497680664,-29.744167,29.905833,2015-09-25
8917,12.584740161895752,-27.902778,24.615556,2015-09-25
8918,8.837515830993652,-25.99136,27.84208,2015-09-28
8919,18.14578628540039,-26.45,28.085833,2015-09-28
8920,50.12637138366699,-34.065833,20.404167,2015-09-29
8921,38.96634459495544,-24.99328,30.81444,2015-09-29
8922,7.557525157928467,-27.363611,31.783333,2015-09-29
8923,0.0,-26.861111,28.884722,2015-09-29
8924,4.960576057434082,-26.970278,27.211111,2015-09-29
8925,8.066046714782715,-26.880278,26.965,2015-09-29
8926,10.677767992019652,-27.38972222,26.46388889,2015-09-29
8927,16.669721603393555,-33.31388889,19.07472222,2015-09-29
8928,0.0,-25.45963889,28.26430556,2015-09-29
8929,2.8808469772338867,-27.01011111,26.69808333,2015-09-30
8930,4.038160800933838,-25.81048333,27.90955222,2015-09-30
8931,13.320472240447998,-29.641944,30.6875,2015-09-30
8932,22.281980991363525,-24.768889,31.39,2015-09-30
8933,4.052646636962891,-27.00222,28.76528,2015-09-30
8934,0.0,-26.648056,27.089444,2015-09-30
8935,0.0,-27.273889,28.49,2015-09-30
8936,2.606095314025879,-26.98472222,26.63227778,2015-09-30
8937,7.971701979637146,-31.031389,28.883333,2015-09-30
8938,17.766729831695557,-30.86013889,29.07125,2015-09-30
8939,17.249264001846313,-30.77586667,29.03221667,2015-09-30
8940,17.801713943481445,-34.405833,19.600556,2015-09-30
8941,3.70458722114563,-32.94583,18.33667,2015-09-30
8942,0.0,-26.73806,27.59194,2015-10-01
8943,1.3181278705596924,-27.935,26.126667,2015-10-01
8944,0.0,-28.141944,26.417778,2015-10-01
8945,4.706976890563965,-30.160091,27.40124,2015-10-01
8946,18.37658166885376,-33.13083,18.86278,2015-10-01
8947,10.982730865478516,-33.897778,20.012778,2015-10-01
8948,13.313575744628906,-29.7775,29.470833,2015-10-05
8949,5.4831894636154175,-29.987778,29.851667,2015-10-05
8950,9.30161952972412,-29.744167,29.905833,2015-10-05
8951,5.129162788391113,-31.396,29.2651,2015-10-05
8952,6.2293782234191895,-31.554722,29.245556,2015-10-05
8953,6.879527807235718,-24.679167,30.8025,2015-10-06
8954,9.300701141357422,-25.127778,27.628889,2015-10-06
8955,4.829385280609131,-25.20639,27.558,2015-10-06
8956,14.23134970664978,-24.69514,27.40906,2015-10-06
8957,0.0,-23.658056,31.05,2015-10-06
8958,12.519533395767212,-30.733889,29.828333,2015-10-06
8959,3.3598008155822754,-30.568333,29.422778,2015-10-06
8960,9.04325270652771,-30.570833,29.150556,2015-10-06
8961,10.071170806884766,-31.104278,29.399722,2015-10-06
8962,24.858377933502197,-34.031944,22.053333,2015-10-06
8963,26.150328159332275,-34.039722,22.133333,2015-10-06
8964,16.37088370323181,-29.641944,30.6875,2015-10-07
8965,0.0,-24.058889,31.237222,2015-10-07
8966,11.116453170776367,-27.937778,31.209444,2015-10-07
8967,5.297069549560547,-28.404444,30.013056,2015-10-07
8968,12.501898288726808,-30.398056,30.601944,2015-10-07
8969,18.65721654891968,-34.02861,22.22222,2015-10-07
8970,27.929896354675293,-34.005833,22.351111,2015-10-07
8971,5.415837287902832,-28.058889,30.373611,2015-10-07
8972,5.576871871948242,-24.183889,30.823889,2015-10-08
8973,5.892004489898682,-27.5275,30.858056,2015-10-08
8974,22.98449468612671,-30.13573889,30.67422222,2015-10-08
8975,23.76549911499023,-27.273889,28.49,2015-10-08
8976,10.634621381759644,-27.4275,28.525833,2015-10-08
8977,21.62845802307129,-31.396,29.2651,2015-10-08
8978,0.0,-29.161667,23.696389,2015-10-09
8979,22.30778217315674,-29.744167,29.905833,2015-10-09
8980,1.8495628833770752,-27.573056,24.746389,2015-10-09
8981,0.9096977114677428,-27.902778,24.615556,2015-10-09
8982,17.0378315448761,-29.803611,30.516111,2015-10-09
8983,18.226773738861084,-25.99136,27.84208,2015-10-12
8984,13.765192031860352,-26.73806,27.59194,2015-10-12
8985,9.500202178955078,-26.45,28.085833,2015-10-12
8986,23.27237033843994,-29.140556,31.391944,2015-10-13
8987,24.78491973876953,-28.801278,31.955389,2015-10-13
8988,14.384014129638672,-26.861111,28.884722,2015-10-13
8989,9.136852264404297,-26.880278,26.965,2015-10-13
8990,10.673883438110352,-27.38972222,26.46388889,2015-10-13
8991,17.27539372444153,-28.141944,26.417778,2015-10-13
8992,18.502426147460938,-28.1175,26.719444,2015-10-13
8993,17.42599129676819,-27.398611,26.614722,2015-10-13
8994,13.915036678314207,-25.45963889,28.26430556,2015-10-13
8995,14.513836860656738,-27.01011111,26.69808333,2015-10-14
8996,19.23311471939087,-25.81048333,27.90955222,2015-10-14
8997,20.46777391433716,-25.73411,27.21422,2015-10-14
8998,5.381401777267456,-22.769722,30.886944,2015-10-14
8999,22.355527877807617,-28.747778,31.745833,2015-10-14
9000,14.049628973007202,-29.380556,30.2775,2015-10-14
9001,12.688372135162354,-27.00222,28.76528,2015-10-14
9002,10.641960382461548,-26.648056,27.089444,2015-10-14
9003,47.53099822998047,-27.273889,28.49,2015-10-14
9004,12.812260150909424,-26.98472222,26.63227778,2015-10-14
9005,11.478082656860352,-27.671111,27.236944,2015-10-14
9006,42.84935879707336,-26.03611,30.99778,2015-10-15
9007,24.66976523399353,-28.141944,26.417778,2015-10-15
9008,11.074032068252563,-24.058889,31.237222,2015-10-16
9009,19.69095993041992,-28.735556,29.820556,2015-10-19
9010,17.206918954849243,-26.619444,27.980833,2015-10-19
9011,33.921101570129395,-29.160278,26.573333,2015-10-19
9012,12.057056427001951,-33.818056,19.694722,2015-10-19
9013,29.481958150863647,-25.447222,30.711667,2015-10-19
9014,0.0,-28.760833,17.730278,2015-10-20
9015,0.0,-31.860278,18.6875,2015-10-20
9016,18.016147136688232,-25.127778,27.628889,2015-10-20
9017,16.766953468322754,-25.20639,27.558,2015-10-20
9018,14.04656219482422,-24.69514,27.40906,2015-10-20
9019,30.678584575653076,-25.681111,31.783333,2015-10-20
9020,28.274157762527462,-25.67386,31.57527,2015-10-20
9021,63.97312641143799,-28.44555556,32.325,2015-11-17
9022,22.60608291625977,-27.802778,28.768333,2015-10-20
9023,17.015295028686523,-27.671111,27.236944,2015-10-20
9024,37.285616397857666,-28.69485,28.23487,2015-10-20
9025,31.279374957084656,-28.883333,27.89,2015-10-20
9026,23.880637645721436,-34.092222,21.295278,2015-10-20
9027,0.0,-32.595833,19.009444,2015-10-20
9028,22.54197907447815,-28.338333,31.373611,2015-10-20
9029,11.459365844726562,-29.161667,23.696389,2015-10-21
9030,22.581883430480957,-30.830556,26.921389,2015-10-21
9031,26.083255767822266,-24.670833,28.560833,2015-10-21
9032,16.914440155029297,-22.91028,29.61111,2015-10-21
9033,6.716665267944336,-28.058889,30.373611,2015-04-27
9034,32.768697023391724,-26.006389,29.253889,2015-10-21
9035,20.876800537109375,-25.362222,31.956667,2015-10-21
9036,22.424436569213867,-25.398889,31.610556,2015-10-21
9037,28.77859878540039,-27.602222,29.942778,2015-10-21
9038,27.95577621459961,-27.169444,29.233889,2015-10-21
9039,16.05605173110962,-26.510278,28.351389,2015-10-21
9040,18.80332946777344,-27.398611,26.614722,2015-10-21
9041,24.27077841758728,-30.336111,27.359444,2015-10-21
9042,36.1422700881958,-29.615556,27.065278,2015-10-21
9043,14.28247356414795,-34.250556,20.9925,2015-10-21
9044,13.965224266052246,-33.38056,19.30167,2015-10-21
9045,6.40712833404541,-33.08883333,19.21878333,2015-10-21
9046,20.726778507232662,-27.4,26.624722,2015-10-21
9047,28.068525314331055,-28.75,30.442778,2015-10-22
9048,13.917534828186035,-29.161667,30.629722,2015-10-22
9049,15.622529983520508,-27.02314,28.59389,2015-10-22
9050,19.052449703216553,-27.4275,28.525833,2015-10-22
9051,27.489540100097656,-27.3,28.586944,2015-10-22
9052,19.59218716621399,-31.000833,26.353056,2015-10-22
9053,14.732212543487549,-30.679722,26.7125,2015-10-22
9054,0.0,-33.7075,18.97444444,2015-10-22
9055,10.206278085708618,-29.744167,29.905833,2015-10-23
9056,12.194109439849854,-27.573056,24.746389,2015-10-23
9057,13.44994604587555,-27.902778,24.615556,2015-10-23
9058,21.961251378059387,-29.658056,25.973333,2015-10-23
9059,10.148590087890623,-25.99136,27.84208,2015-10-26
9060,14.773751258850098,-26.45,28.085833,2015-10-26
9061,15.437013626098633,-31.554722,29.245556,2015-10-26
9062,23.481061697006226,-33.501667,21.624167,2015-10-26
9063,0.0,-25.73411,27.21422,2015-10-27
9064,10.406395673751833,-27.363611,31.783333,2015-10-27
9065,7.321989059448242,-26.970278,27.211111,2015-10-27
9066,8.133454322814941,-26.880278,26.965,2015-10-27
9067,18.210114002227783,-31.104278,29.399722,2015-10-27
9068,5.318058490753174,-33.31388889,19.07472222,2015-10-27
9069,6.525733947753906,-25.45963889,28.26430556,2015-10-27
9070,0.0,-28.760833,17.730278,2015-10-28
9071,0.0,-29.161667,23.696389,2015-10-28
9072,0.0,-28.7115,24.07288889,2015-10-28
9073,0.0,-27.01011111,26.69808333,2015-10-28
9074,9.56484031677246,-29.641944,30.6875,2015-10-28
9075,10.45772647857666,-27.00222,28.76528,2015-10-28
9076,4.015685081481934,-26.648056,27.089444,2015-10-28
9077,0.0,-26.98472222,26.63227778,2015-10-28
9078,0.0,-29.651389,22.746389,2015-10-28
9079,0.0,-29.1825,23.575556,2015-10-28
9080,23.463347911834717,-34.405833,19.600556,2015-10-28
9081,5.01853609085083,-33.13083,18.86278,2015-10-28
9082,6.713872909545898,-25.81048333,27.90955222,2015-10-29
9083,20.9335036277771,-30.570833,29.150556,2015-10-29
9084,17.009780883789062,-30.77586667,29.03221667,2015-10-29
9085,,-34.329722,18.990278,2015-10-29
9086,5.086028575897217,-32.94583,18.33667,2015-10-29
9087,14.632608413696287,-30.568333,29.422778,2015-10-30
9088,19.110767364501953,-31.031389,28.883333,2015-10-30
9089,15.990926265716553,-30.86013889,29.07125,2015-10-30
9090,10.572371006011965,-29.987778,29.851667,2015-11-01
9091,19.157593250274655,-29.7775,29.470833,2015-11-02
9092,2.6116299629211426,-29.987778,29.851667,2015-11-02
9093,0.0,-25.127778,27.628889,2015-11-03
9094,0.0,-25.20639,27.558,2015-11-03
9095,12.778735637664797,-30.733889,29.828333,2015-11-03
9096,24.908565998077393,-34.031944,22.053333,2015-11-03
9097,0.0,-27.937778,31.209444,2015-11-04
9098,7.880549907684326,-28.404444,30.013056,2015-11-04
9099,9.12053108215332,-30.398056,30.601944,2015-11-04
9100,8.600271224975586,-29.615556,27.065278,2015-11-04
9101,65.22257995605469,-34.005833,22.351111,2015-11-04
9102,3.584016799926758,-28.058889,30.373611,2015-11-04
9103,0.0,-22.91028,29.61111,2015-11-05
9104,3.668115377426147,-27.5275,30.858056,2015-11-05
9105,7.106912612915039,-30.13573889,30.67422222,2015-11-05
9106,18.676528453826904,-29.744167,29.905833,2015-11-06
9107,0.0,-27.573056,24.746389,2015-11-06
9108,0.0,-27.902778,24.615556,2015-11-06
9109,18.72446060180664,-29.803611,30.516111,2015-11-06
9110,4.220850944519043,-25.99136,27.84208,2015-11-09
9111,7.49925422668457,-29.380556,30.2775,2015-11-09
9112,7.289206504821777,-26.73806,27.59194,2015-11-09
9113,0.0,-29.160278,26.573333,2015-11-09
9114,4.685516834259033,-29.651389,22.746389,2015-11-09
9115,20.432547569274902,-28.747778,31.745833,2015-11-10
9116,0.0,-28.141944,26.417778,2015-11-10
9117,3.0419018268585205,-27.671111,27.236944,2015-11-10
9118,4.654702663421631,-28.69485,28.23487,2015-11-10
9119,8.600271224975586,-29.615556,27.065278,2015-11-10
9120,0.0,-28.883333,27.89,2015-11-10
9121,5.709433555603027,-31.394444,20.947222,2015-11-10
9122,9.69063949584961,-25.45963889,28.26430556,2015-11-10
9123,18.30800437927246,-25.81048333,27.90955222,2015-11-11
9124,34.597126960754395,-29.140556,31.391944,2015-11-11
9125,29.18123483657837,-28.801278,31.955389,2015-11-11
9126,22.29019546508789,-27.00222,28.76528,2015-11-11
9127,11.779888153076172,-26.970278,27.211111,2015-11-11
9128,14.038793087005615,-26.880278,26.965,2015-11-11
9129,20.58655261993408,-27.273889,28.49,2015-11-11
9130,9.144554138183594,-27.38972222,26.46388889,2015-11-11
9131,8.765143394470215,-27.398611,26.614722,2015-11-11
9132,0.0,-30.336111,27.359444,2015-11-11
9133,7.885990619659424,-27.4,26.624722,2015-11-11
9134,19.082176446914673,-27.01011111,26.69808333,2015-11-12
9135,17.116464614868164,-30.830556,26.921389,2015-11-12
9136,26.20129013061523,-23.658056,31.05,2015-11-12
9137,22.092530727386475,-26.648056,27.089444,2015-11-12
9138,21.7480788230896,-26.98472222,26.63227778,2015-11-12
9139,9.372251152992249,-27.935,26.126667,2015-11-12
9140,5.685981750488281,-28.1175,26.719444,2015-11-12
9141,8.900606989860535,-31.000833,26.353056,2015-11-12
9142,8.83139419555664,-30.679722,26.7125,2015-11-12
9143,60.64967918395996,-26.619444,27.980833,2015-11-16
9144,69.79251003265381,-24.679167,30.8025,2015-11-17
9145,46.21916484832764,-25.127778,27.628889,2015-11-17
9146,40.144909381866455,-25.20639,27.558,2015-11-17
9147,64.84639692306519,-24.99328,30.81444,2015-11-17
9148,55.99194049835205,-27.169444,29.233889,2015-11-17
9149,88.9452166557312,-26.510278,28.351389,2015-11-17
9150,44.71617650985718,-27.273889,28.49,2015-11-17
9151,49.33373165130615,-27.3,28.586944,2015-11-17
9152,26.97607159614563,-27.671111,27.236944,2015-11-17
9153,16.34783363342285,-34.092222,21.295278,2015-11-17
9154,10.778916835784912,-33.501667,21.624167,2015-11-17
9155,54.62638449668884,-28.338333,31.373611,2015-11-17
9156,61.89987087249756,-24.670833,28.560833,2015-11-18
9157,43.090808153152466,-25.73411,27.21422,2015-11-18
9158,53.754178524017334,-24.058889,31.237222,2015-11-18
9159,53.13529968261719,-24.034167,31.123611,2015-11-18
9160,47.88595199584961,-27.602222,29.942778,2015-11-18
9161,60.87055540084839,-27.02314,28.59389,2015-11-18
9162,36.64828300476074,-27.4275,28.525833,2015-11-18
9163,32.73141527175903,-27.802778,28.768333,2015-11-18
9164,26.295430183410645,-27.398611,26.614722,2015-11-18
9165,13.96030569076538,-34.250556,20.9925,2015-11-18
9166,27.600967168807983,-27.4,26.624722,2015-11-18
9167,60.51941728591919,-24.183889,30.823889,2015-11-19
9168,40.8029465675354,-28.75,30.442778,2015-11-19
9169,46.37990093231201,-29.161667,30.629722,2015-11-19
9170,49.33373165130615,-27.3,28.586944,2015-11-19
9171,34.85810661315918,-29.744167,29.905833,2015-11-20
9172,10.641536235809326,-27.573056,24.746389,2015-11-20
9173,6.523227691650391,-27.902778,24.615556,2015-11-20
9174,60.320332050323486,-25.99136,27.84208,2015-11-23
9175,47.51092195510864,-26.73806,27.59194,2015-11-23
9176,77.37897729873657,-26.45,28.085833,2015-11-23
9177,30.877169609069824,-31.554722,29.245556,2015-11-23
9178,0.0,-32.502778,19.535833,2015-11-23
9179,60.19170880317688,-25.447222,30.711667,2015-11-23
9180,41.02545928955078,-29.641944,30.6875,2015-11-24
9181,27.63779854774475,-25.681111,31.783333,2015-11-24
9182,33.46164536476135,-25.67386,31.57527,2015-11-24
9183,49.780033826828,-25.513889,31.224444,2015-11-24
9184,55.72634792327881,-26.861111,28.884722,2015-11-24
9185,39.6357421875,-26.970278,27.211111,2015-11-24
9186,37.036213397979736,-26.880278,26.965,2015-11-24
9187,46.318382263183594,-31.104278,29.399722,2015-11-24
9188,36.26391506195069,-31.396,29.2651,2015-11-24
9189,12.308959484100342,-33.818056,19.694722,2015-11-24
9190,0.0,-34.075556,20.145556,2015-11-24
9191,8.93813943862915,-32.595833,19.009444,2015-11-24
9192,52.71754455566406,-25.45963889,28.26430556,2015-11-24
9193,26.817206382751465,-27.01011111,26.69808333,2015-11-25
9194,40.70309591293335,-25.81048333,27.90955222,2015-11-25
9195,43.488332748413086,-25.436111,31.982222,2015-11-25
9196,25.44535756111145,-25.362222,31.956667,2015-11-25
9197,36.047794342041016,-25.398889,31.610556,2015-11-25
9198,33.69132876396179,-25.14944444,31.94055556,2015-11-25
9199,47.4814248085022,-27.00222,28.76528,2015-11-25
9200,35.310986042022705,-26.648056,27.089444,2015-11-25
9201,33.97852182388306,-27.273889,28.49,2015-11-25
9202,25.506618976593018,-26.98472222,26.63227778,2015-11-25
9203,41.218095779418945,-30.568333,29.422778,2015-11-25
9204,39.93249845504761,-30.570833,29.150556,2015-11-25
9205,21.15214157104492,-33.38056,19.30167,2015-11-25
9206,48.264556884765625,-30.86013889,29.07125,2015-11-26
9207,42.05268144607544,-30.77586667,29.03221667,2015-11-26
9208,23.361676692962646,-33.7075,18.97444444,2015-11-26
9209,47.72836780548096,-31.031389,28.883333,2015-11-27
9210,14.247800827026367,-29.7775,29.470833,2015-11-30
9211,12.888612747192385,-34.065833,20.404167,2015-12-01
9212,19.03113889694214,-25.127778,27.628889,2015-12-01
9213,23.8471417427063,-25.20639,27.558,2015-12-01
9214,35.79337501525879,-28.404444,30.013056,2015-12-01
9215,63.04813480377197,-30.733889,29.828333,2015-12-01
9216,21.516881942749023,-27.398611,26.614722,2015-12-01
9217,7.82252311706543,-34.031944,22.053333,2015-12-01
9218,2.9997730255126953,-34.039722,22.133333,2015-12-01
9219,5.455597877502441,-33.31388889,19.07472222,2015-12-01
9220,8.973331212997437,-29.161667,23.696389,2015-12-02
9221,15.979394912719728,-25.73411,27.21422,2015-12-02
9222,61.88009309768677,-27.5275,30.858056,2015-12-02
9223,62.97539949417114,-30.398056,30.601944,2015-12-02
9224,19.549118041992188,-27.671111,27.236944,2015-12-02
9225,4.358614921569824,-31.436944,20.474722,2015-12-02
9226,0.0,-34.02861,22.22222,2015-12-02
9227,13.90592908859253,-34.405833,19.600556,2015-12-02
9228,9.665239334106444,-33.13083,18.86278,2015-12-02
9229,0.0,-34.005833,22.351111,2015-12-02
9230,42.60862588882446,-28.058889,30.373611,2015-12-02
9231,21.457993984222412,-23.658056,31.05,2015-12-03
9232,,-34.329722,18.990278,2015-12-03
9233,40.91744017601013,-29.803611,30.516111,2015-12-03
9234,26.814741373062137,-29.744167,29.905833,2015-12-04
9235,12.069201231002808,-27.935,26.126667,2015-12-04
9236,11.557343006134031,-27.902778,24.615556,2015-12-04
9237,55.76214551925659,-28.058889,30.373611,2015-12-05
9238,25.62502694129944,-24.058889,31.237222,2015-12-06
9239,46.293808937072754,-25.99136,27.84208,2015-12-07
9240,65.05328810214996,-29.380556,30.2775,2015-12-07
9241,28.50997638702393,-26.73806,27.59194,2015-12-07
9242,38.99135112762451,-26.45,28.085833,2015-12-07
9243,0.0,-29.160278,26.573333,2015-12-07
9244,111.7853045463562,-29.140556,31.391944,2015-12-08
9245,35.0837779045105,-26.861111,28.884722,2015-12-08
9246,25.97774648666382,-26.970278,27.211111,2015-12-08
9247,25.52940845489502,-26.880278,26.965,2015-12-08
9248,8.414132118225098,-28.69485,28.23487,2015-12-08
9249,3.2362077236175537,-29.615556,27.065278,2015-12-08
9250,7.84804630279541,-28.883333,27.89,2015-12-08
9251,7.561064958572388,-33.501667,21.624167,2015-12-08
9252,60.37834930419922,-25.45963889,28.26430556,2015-12-08
9253,16.24920129776001,-27.01011111,26.69808333,2015-12-09
9254,57.79407262802124,-25.81048333,27.90955222,2015-12-09
9255,80.49560642242432,-24.670833,28.560833,2015-12-09
9256,65.56396007537842,-22.91028,29.61111,2015-12-09
9257,94.18780326843262,-28.747778,31.745833,2015-12-09
9258,15.51166534423828,-26.98472222,26.63227778,2015-12-09
9259,23.790708303451535,-27.671111,27.236944,2015-12-09
9260,12.35137701034546,-30.336111,27.359444,2015-12-09
9261,0.0,-34.092222,21.295278,2015-12-09
9262,82.64523005485535,-29.641944,30.6875,2015-12-10
9263,32.669837951660156,-22.769722,30.886944,2015-12-10
9264,93.54989337921144,-28.801278,31.955389,2015-12-10
9265,15.962664604187012,-27.38972222,26.46388889,2015-12-10
9266,6.104071617126465,-27.935,26.126667,2015-12-10
9267,7.888878345489502,-33.897778,20.012778,2012-01-12
9268,0.0,-33.897778,20.012778,2012-03-01
9269,17.07917594909668,-27.398611,26.614722,2015-12-10
9270,5.5726869106292725,-30.679722,26.7125,2015-12-10
9271,24.530234813690186,-33.897778,20.012778,2012-06-19
9272,18.35336542129517,-27.4,26.624722,2015-12-10
9273,6.561498641967773,-34.250556,20.9925,2015-12-11
9274,38.62147617340088,-28.735556,29.820556,2015-12-14
9275,0.0,-33.897778,20.012778,2013-01-18
9276,35.60072159767151,-26.619444,27.980833,2015-12-14
9277,100.18617868423462,-24.679167,30.8025,2015-12-15
9278,39.578673124313354,-27.169444,29.233889,2015-12-15
9279,55.63531541824341,-26.510278,28.351389,2015-12-15
9280,21.532639265060425,-27.671111,27.236944,2015-12-15
9281,4.014350891113281,-29.161667,23.696389,2015-12-16
9282,28.405107975006104,-25.127778,27.628889,2015-12-16
9283,33.321696281433105,-25.20639,27.558,2015-12-16
9284,31.074026584625244,-27.602222,29.942778,2015-12-16
9285,36.77923583984375,-27.00222,28.76528,2015-12-16
9286,39.24210071563721,-27.02314,28.59389,2015-12-16
9287,36.90202522277832,-27.273889,28.49,2015-12-16
9288,28.297991275787354,-27.4275,28.525833,2015-12-16
9289,36.30756139755249,-27.3,28.586944,2015-12-16
9290,0.0,-33.897778,20.012778,2015-02-26
9291,22.00091552734375,-27.398611,26.614722,2015-12-16
9292,4.3197503089904785,-29.033333,23.983333,2015-12-16
9293,5.437124729156494,-33.897778,20.012778,2015-05-21
9294,26.874135971069336,-33.897778,20.012778,2015-08-27
9295,4.8077073097229,-33.897778,20.012778,2015-10-29
9296,8.663363933563232,-33.897778,20.012778,2015-12-03
9297,22.44273853302002,-27.4,26.624722,2015-12-16
9298,38.89534592628479,-24.183889,30.823889,2015-12-17
9299,45.182207107543945,-29.161667,30.629722,2015-12-17
9300,21.22554659843445,-27.802778,28.768333,2015-12-17
9301,40.6894645690918,-29.744167,29.905833,2015-12-18
9302,0.0,-27.902778,24.615556,2015-12-18
9303,40.639296531677246,-25.99136,27.84208,2015-12-21
9304,33.92097187042236,-26.73806,27.59194,2015-12-21
9305,29.539860010147095,-26.45,28.085833,2015-12-21
9306,22.54283046722412,-28.404444,30.013056,2015-12-22
9307,24.278478145599365,-27.00222,28.76528,2015-12-22
9308,34.02979373931885,-26.970278,27.211111,2015-12-22
9309,34.01093900203705,-26.880278,26.965,2015-12-22
9310,25.792912244796753,-27.273889,28.49,2015-12-22
9311,14.94773817062378,-25.45963889,28.26430556,2015-12-22
9312,33.41438698768616,-27.01011111,26.69808333,2015-12-23
9313,33.11552166938782,-25.81048333,27.90955222,2015-12-23
9314,21.90248966217041,-27.5275,30.858056,2015-12-23
9315,25.616567611694336,-26.861111,28.884722,2015-12-23
9316,30.374333381652832,-26.98472222,26.63227778,2015-12-23
9317,12.569091081619264,-27.935,26.126667,2015-12-23
9318,56.84665489196777,-29.744167,29.905833,2015-12-31
