,Land Surface Temperature,Latitude,Longitude,Sample Date
0,15845.0,-28.760833,17.730278,2011-01-02
1,15190.0,-26.861111,28.884722,2011-01-03
2,14879.0,-26.45,28.085833,2011-01-03
3,15228.5,-27.671111,27.236944,2011-01-03
4,15130.0,-27.356667,27.286389,2011-01-03
5,15101.5,-27.01011111,26.69808333,2011-01-04
6,15036.5,-25.127778,27.628889,2011-01-04
7,14998.0,-25.20639,27.558,2011-01-04
8,15137.5,-24.69514,27.40906,2011-01-04
9,15182.0,-26.98472222,26.63227778,2011-01-04
10,15162.5,-28.141944,26.417778,2011-01-04
11,15206.5,-27.398611,26.614722,2011-01-04
12,15483.5,-33.501667,21.624167,2011-01-04
13,15727.0,-32.502778,19.535833,2011-01-04
14,15168.0,-25.45963889,28.26430556,2011-01-04
15,15231.5,-27.495556,26.074722,2011-01-04
16,15060.0,-26.648056,27.089444,2011-01-05
17,15023.0,-26.970278,27.211111,2011-01-05
18,15157.5,-27.38972222,26.46388889,2011-01-05
19,15106.0,-27.044444,27.005,2011-01-05
20,15192.5,-30.830556,26.921389,2011-01-06
21,14947.0,-27.00222,28.76528,2011-01-06
22,15104.0,-27.02314,28.59389,2011-01-06
23,15146.5,-30.679722,26.7125,2011-01-06
24,15172.0,-30.160091,27.40124,2011-01-06
25,15741.5,-32.595833,19.009444,2011-01-06
26,15005.0,-25.99136,27.84208,2011-01-10
27,15017.0,-26.73806,27.59194,2011-01-10
28,14942.5,-26.45,28.085833,2011-01-10
29,15283.5,-30.86013889,29.07125,2011-01-10
30,15169.0,-27.356667,27.286389,2011-01-10
31,15084.0,-27.01011111,26.69808333,2011-01-11
32,14933.0,-25.73411,27.21422,2011-01-11
33,15192.0,-26.98472222,26.63227778,2011-01-11
34,15189.0,-27.398611,26.614722,2011-01-11
35,15146.5,-27.671111,27.236944,2011-01-11
36,15073.0,-29.160278,26.573333,2011-01-11
37,15452.0,-34.250556,20.9925,2011-01-11
38,15162.5,-25.45963889,28.26430556,2011-01-11
39,15065.0,-25.81048333,27.90955222,2011-01-12
40,15043.0,-27.273889,28.49,2011-01-12
41,14998.5,-27.4275,28.525833,2011-01-12
42,15088.0,-28.883333,27.89,2011-01-12
43,14947.0,-27.00222,28.76528,2011-01-13
44,15104.0,-27.02314,28.59389,2011-01-13
45,15303.5,-30.534167,24.961944,2011-01-13
46,15519.0,-28.460833,21.248889,2011-01-13
47,15222.0,-29.658056,25.973333,2011-01-14
48,15759.0,-28.760833,17.730278,2011-01-16
49,14926.0,-25.513889,31.224444,2011-01-17
50,15040.0,-26.861111,28.884722,2011-01-17
51,15139.0,-31.554722,29.245556,2011-01-17
52,15222.0,-28.058889,30.373611,2011-01-17
53,15018.0,-25.127778,27.628889,2011-01-18
54,14989.5,-25.20639,27.558,2011-01-18
55,15179.0,-24.69514,27.40906,2011-01-18
56,15258.5,-25.681111,31.783333,2011-01-18
57,15060.0,-27.802778,28.768333,2011-01-18
58,15224.0,-27.398611,26.614722,2011-01-18
59,15248.0,-31.104278,29.399722,2011-01-18
60,15067.0,-31.396,29.2651,2011-01-18
61,15303.0,-33.38056,19.30167,2011-01-18
62,15432.0,-33.31388889,19.07472222,2011-01-18
63,15212.0,-27.495556,26.074722,2011-01-18
64,15127.0,-24.39619444,27.08983333,2011-01-19
65,15085.0,-26.970278,27.211111,2011-01-19
66,15036.0,-26.880278,26.965,2011-01-19
67,15062.0,-27.273889,28.49,2011-01-19
68,15024.0,-27.3,28.586944,2011-01-19
69,15112.0,-27.044444,27.005,2011-01-19
70,15253.0,-30.568333,29.422778,2011-01-19
71,15108.0,-30.570833,29.150556,2011-01-19
72,15170.0,-34.031944,22.053333,2011-01-19
73,15744.0,-33.13083,18.86278,2011-01-19
74,15562.0,-33.7075,18.97444444,2011-01-19
75,15074.0,-25.57877778,29.12747222,2011-01-19
76,15089.0,-26.006389,29.253889,2011-01-20
77,15105.0,-27.02314,28.59389,2011-01-20
78,15167.5,-30.679722,26.7125,2011-01-20
79,15488.0,-28.460833,21.248889,2011-01-20
80,15143.5,-30.77586667,29.03221667,2011-01-20
81,15086.0,-24.925278,29.324444,2011-01-21
82,15488.0,-28.460833,21.248889,2011-01-21
83,15029.0,-24.679167,30.8025,2011-01-24
84,14993.0,-25.99136,27.84208,2011-01-24
85,14958.0,-25.49037,30.6986,2011-01-24
86,15061.0,-26.970278,27.211111,2011-01-24
87,15185.0,-27.671111,27.236944,2011-01-24
88,15094.0,-27.356667,27.286389,2011-01-24
89,15084.0,-27.01011111,26.69808333,2011-01-25
90,15192.0,-26.98472222,26.63227778,2011-01-25
91,15224.0,-27.398611,26.614722,2011-01-25
92,15550.0,-33.818056,19.694722,2011-01-25
93,15082.0,-25.45963889,28.26430556,2011-01-25
94,15416.0,-33.897778,20.012778,2011-01-25
95,15074.0,-25.81048333,27.90955222,2011-01-26
96,15472.0,-34.065833,20.404167,2011-01-26
97,15189.0,-24.058889,31.237222,2011-01-26
98,15101.0,-26.648056,27.089444,2011-01-26
99,14994.0,-26.880278,26.965,2011-01-26
100,15073.0,-27.273889,28.49,2011-01-26
101,15100.0,-27.044444,27.005,2011-01-26
102,15415.0,-34.092222,21.295278,2011-01-26
103,15099.0,-27.02314,28.59389,2011-01-27
104,15057.0,-26.73806,27.59194,2011-01-27
105,15726.0,-28.760833,17.730278,2011-01-30
106,15055.0,-26.861111,28.884722,2011-01-31
107,15058.0,-26.73806,27.59194,2011-01-31
108,15092.0,-25.127778,27.628889,2011-02-01
109,15197.0,-24.69514,27.40906,2011-02-01
110,15134.5,-27.363611,31.783333,2011-02-01
111,15092.0,-27.802778,28.768333,2011-02-01
112,15259.0,-29.160278,26.573333,2011-02-01
113,15294.0,-34.329722,18.990278,2011-02-01
114,15022.0,-25.20639,27.558,2011-02-02
115,15021.5,-23.281,30.54305556,2011-02-03
116,15044.0,-28.801278,31.955389,2011-02-03
117,15086.0,-27.00222,28.76528,2011-02-03
118,15207.0,-27.02314,28.59389,2011-02-03
119,15024.0,-27.3,28.586944,2011-02-03
120,15184.0,-30.679722,26.7125,2011-02-03
121,15417.0,-28.460833,21.248889,2011-02-03
122,15417.0,-28.460833,21.248889,2011-02-04
123,15114.0,-29.140556,31.391944,2011-02-07
124,15034.5,-25.99136,27.84208,2011-02-07
125,15126.0,-24.058889,31.237222,2011-02-07
126,15038.0,-26.73806,27.59194,2011-02-07
127,15206.0,-30.86013889,29.07125,2011-02-07
128,15085.0,-27.356667,27.286389,2011-02-07
129,15121.5,-28.058889,30.373611,2011-02-07
130,15115.0,-27.01011111,26.69808333,2011-02-08
131,15077.5,-27.169444,29.233889,2011-02-08
132,15142.0,-26.98472222,26.63227778,2011-02-08
133,15104.0,-27.398611,26.614722,2011-02-08
134,15105.0,-27.573056,24.746389,2011-02-08
135,15384.0,-33.501667,21.624167,2011-02-08
136,15696.0,-32.502778,19.535833,2011-02-08
137,15081.0,-25.45963889,28.26430556,2011-02-08
138,15061.0,-26.970278,27.211111,2011-02-09
139,15142.0,-27.273889,28.49,2011-02-09
140,14940.0,-28.69485,28.23487,2011-02-09
141,15049.0,-28.883333,27.89,2011-02-09
142,15099.0,-27.02314,28.59389,2011-02-10
143,15167.0,-30.679722,26.7125,2011-02-10
144,15213.0,-30.534167,24.961944,2011-02-10
145,15068.0,-34.031944,22.053333,2011-02-10
146,15073.0,-34.039722,22.133333,2011-02-10
147,15710.0,-32.595833,19.009444,2011-02-10
148,15018.0,-28.801278,31.955389,2011-02-11
149,15139.0,-29.658056,25.973333,2011-02-11
150,15217.0,-28.068333,31.55,2011-02-11
151,15716.5,-28.760833,17.730278,2011-02-13
152,15009.0,-29.7775,29.470833,2011-02-14
153,15012.0,-29.987778,29.851667,2011-02-14
154,15118.0,-29.744167,29.905833,2011-02-14
155,15117.0,-26.861111,28.884722,2011-02-14
156,15056.5,-26.45,28.085833,2011-02-14
157,15192.0,-31.396,29.2651,2011-02-14
158,15032.5,-25.20639,27.558,2011-02-15
159,15191.0,-24.69514,27.40906,2011-02-15
160,15110.0,-26.006389,29.253889,2011-02-15
161,15041.5,-27.802778,28.768333,2011-02-15
162,15104.0,-27.398611,26.614722,2011-02-15
163,15134.0,-27.671111,27.236944,2011-02-15
164,15131.5,-29.160278,26.573333,2011-02-15
165,15183.5,-30.568333,29.422778,2011-02-15
166,15046.5,-30.570833,29.150556,2011-02-15
167,15377.0,-33.38056,19.30167,2011-02-15
168,15441.5,-33.31388889,19.07472222,2011-02-15
169,15073.5,-27.495556,26.074722,2011-02-15
170,15062.5,-25.436111,31.982222,2011-02-16
171,15223.5,-24.39619444,27.08983333,2011-02-16
172,15143.0,-25.67386,31.57527,2011-02-16
173,15288.5,-30.733889,29.828333,2011-02-16
174,15073.0,-30.398056,30.601944,2011-02-16
175,15150.5,-27.273889,28.49,2011-02-16
176,15161.0,-27.3,28.586944,2011-02-16
177,15053.5,-27.044444,27.005,2011-02-16
178,15237.5,-30.86013889,29.07125,2011-02-16
179,15101.5,-30.77586667,29.03221667,2011-02-16
180,15751.5,-33.13083,18.86278,2011-02-16
181,15271.0,-24.925278,29.324444,2011-02-17
182,15098.0,-27.00222,28.76528,2011-02-17
183,15284.0,-27.02314,28.59389,2011-02-17
184,15131.0,-22.43772222,31.07805556,2011-02-18
185,15141.0,-29.803611,30.516111,2011-02-18
186,15071.5,-25.99136,27.84208,2011-02-21
187,15152.0,-26.861111,28.884722,2011-02-21
188,15053.0,-26.73806,27.59194,2011-02-21
189,15103.0,-26.45,28.085833,2011-02-21
190,15133.0,-27.01011111,26.69808333,2011-02-22
191,15136.0,-27.169444,29.233889,2011-02-22
192,15159.0,-26.98472222,26.63227778,2011-02-22
193,15178.5,-27.398611,26.614722,2011-02-22
194,15181.0,-29.160278,26.573333,2011-02-22
195,15368.5,-33.818056,19.694722,2011-02-22
196,15105.5,-25.81048333,27.90955222,2011-02-23
197,15269.0,-29.641944,30.6875,2011-02-23
198,15260.0,-34.065833,20.404167,2011-02-23
199,15292.0,-33.980556,21.653333,2011-02-23
200,15207.0,-22.769722,30.886944,2011-02-23
201,15109.0,-27.00222,28.76528,2011-02-23
202,15297.0,-27.02314,28.59389,2011-02-23
203,15109.5,-27.38972222,26.46388889,2011-02-23
204,15178.5,-27.398611,26.614722,2011-02-23
205,15134.0,-27.671111,27.236944,2011-02-23
206,15072.0,-27.356667,27.286389,2011-02-23
207,15325.5,-33.897778,20.012778,2011-02-23
208,15130.5,-23.763056,27.908611,2011-02-24
209,15391.0,-23.23572222,27.717,2011-02-24
210,15094.0,-28.44555556,32.325,2011-02-24
211,15096.5,-30.679722,26.7125,2011-02-24
212,15072.0,-30.160091,27.40124,2011-02-24
213,15075.5,-30.336111,27.359444,2011-02-24
214,15442.0,-28.460833,21.248889,2011-02-24
215,15263.0,-22.91028,29.61111,2011-02-25
216,15731.0,-28.760833,17.730278,2011-02-27
217,15296.0,-24.183889,30.823889,2011-03-01
218,15211.5,-27.398611,26.614722,2011-03-01
219,15089.5,-27.671111,27.236944,2011-03-01
220,15131.5,-29.160278,26.573333,2011-03-01
221,15108.0,-27.495556,26.074722,2011-03-01
222,15278.0,-23.658056,31.05,2011-03-02
223,14996.5,-26.648056,27.089444,2011-03-02
224,15041.5,-27.802778,28.768333,2011-03-02
225,15090.5,-24.679167,30.8025,2011-03-03
226,15150.5,-27.273889,28.49,2011-03-03
227,15169.0,-27.3,28.586944,2011-03-03
228,15043.0,-30.679722,26.7125,2011-03-03
229,15165.0,-27.02314,28.59389,2011-03-04
230,15047.0,-25.99136,27.84208,2011-03-07
231,15227.0,-31.554722,29.245556,2011-03-07
232,15121.0,-27.01011111,26.69808333,2011-03-08
233,15044.0,-27.802778,28.768333,2011-03-08
234,15148.0,-26.98472222,26.63227778,2011-03-08
235,15225.0,-27.398611,26.614722,2011-03-08
236,15076.0,-27.671111,27.236944,2011-03-08
237,15150.0,-29.160278,26.573333,2011-03-08
238,15209.0,-31.396,29.2651,2011-03-08
239,15123.0,-25.45963889,28.26430556,2011-03-08
240,15085.0,-25.81048333,27.90955222,2011-03-09
241,15357.5,-22.225556,29.990556,2011-03-09
242,15048.5,-26.03611,30.99778,2011-03-09
243,15087.0,-28.404444,30.013056,2011-03-09
244,15034.5,-29.380556,30.2775,2011-03-09
245,15031.0,-26.648056,27.089444,2011-03-09
246,15110.5,-26.970278,27.211111,2011-03-09
247,15152.0,-27.273889,28.49,2011-03-09
248,15062.0,-27.3,28.586944,2011-03-09
249,15096.0,-27.044444,27.005,2011-03-09
250,14951.5,-28.69485,28.23487,2011-03-09
251,15084.5,-28.883333,27.89,2011-03-09
252,14998.0,-30.568333,29.422778,2011-03-09
253,14991.5,-30.570833,29.150556,2011-03-09
254,15214.0,-34.329722,18.990278,2011-03-09
255,15083.0,-30.830556,26.921389,2011-03-10
256,14999.5,-25.49037,30.6986,2011-03-10
257,15034.5,-29.380556,30.2775,2011-03-10
258,15124.5,-30.86013889,29.07125,2011-03-10
259,15069.0,-30.77586667,29.03221667,2011-03-10
260,15115.0,-29.658056,25.973333,2011-03-11
261,15163.0,-30.534167,24.961944,2011-03-11
262,15100.0,-31.031389,28.883333,2011-03-11
263,15101.5,-34.039722,22.133333,2011-03-11
264,15672.0,-28.760833,17.730278,2011-03-13
265,14948.0,-29.7775,29.470833,2011-03-14
266,14956.0,-29.987778,29.851667,2011-03-14
267,15043.0,-29.744167,29.905833,2011-03-14
268,15268.0,-26.861111,28.884722,2011-03-14
269,15008.0,-26.73806,27.59194,2011-03-14
270,15015.0,-26.45,28.085833,2011-03-14
271,15131.0,-25.127778,27.628889,2011-03-15
272,15142.0,-25.20639,27.558,2011-03-15
273,15151.0,-24.69514,27.40906,2011-03-15
274,15021.0,-25.73411,27.21422,2011-03-15
275,15140.0,-26.006389,29.253889,2011-03-15
276,15266.0,-28.747778,31.745833,2011-03-15
277,15132.0,-30.733889,29.828333,2011-03-15
278,15198.0,-27.398611,26.614722,2011-03-15
279,15090.0,-27.495556,26.074722,2011-03-15
280,15128.0,-24.282222,28.090278,2011-03-16
281,15121.0,-30.398056,30.601944,2011-03-16
282,15143.0,-30.27402,30.69602,2011-03-16
283,15060.0,-26.880278,26.965,2011-03-16
284,15145.0,-27.273889,28.49,2011-03-16
285,15064.0,-34.031944,22.053333,2011-03-16
286,15178.5,-23.763056,27.908611,2011-03-17
287,15207.5,-27.00222,28.76528,2011-03-17
288,15218.0,-27.02314,28.59389,2011-03-17
289,15255.5,-24.925278,29.324444,2011-03-18
290,15112.0,-29.803611,30.516111,2011-03-18
291,15140.0,-26.970278,27.211111,2011-03-21
292,15123.0,-27.01011111,26.69808333,2011-03-22
293,15032.0,-25.99136,27.84208,2011-03-22
294,15213.0,-26.861111,28.884722,2011-03-22
295,15015.0,-26.45,28.085833,2011-03-22
296,15152.0,-27.398611,26.614722,2011-03-22
297,15188.0,-33.501667,21.624167,2011-03-22
298,15180.0,-33.31388889,19.07472222,2011-03-22
299,15134.0,-28.338333,31.373611,2011-03-22
300,15194.0,-29.641944,30.6875,2011-03-23
301,15000.0,-28.735556,29.820556,2011-03-23
302,15068.0,-26.648056,27.089444,2011-03-23
303,15137.0,-27.044444,27.005,2011-03-23
304,15056.0,-29.160278,26.573333,2011-03-23
305,15384.0,-33.13083,18.86278,2011-03-23
306,15109.0,-25.45963889,28.26430556,2011-03-23
307,15046.0,-25.81048333,27.90955222,2011-03-24
308,15172.0,-27.602222,29.942778,2011-03-24
309,14994.0,-27.3,28.586944,2011-03-24
310,15062.0,-33.38056,19.30167,2011-03-24
311,15087.5,-27.00222,28.76528,2011-03-25
312,15126.0,-27.02314,28.59389,2011-03-25
313,14943.5,-30.160091,27.40124,2011-03-25
314,14974.5,-30.336111,27.359444,2011-03-25
315,15537.5,-28.760833,17.730278,2011-03-27
316,15266.0,-22.43772222,31.07805556,2011-03-28
317,15003.0,-26.73806,27.59194,2011-03-28
318,15020.0,-25.127778,27.628889,2011-03-29
319,15118.0,-25.20639,27.558,2011-03-29
320,15104.0,-24.69514,27.40906,2011-03-29
321,15107.0,-27.169444,29.233889,2011-03-29
322,15163.0,-26.98472222,26.63227778,2011-03-29
323,14980.0,-28.141944,26.417778,2011-03-29
324,15043.0,-28.116667,26.725278,2011-03-29
325,15038.0,-27.398611,26.614722,2011-03-29
326,15056.0,-29.160278,26.573333,2011-03-29
327,15011.0,-27.495556,26.074722,2011-03-29
328,15043.0,-34.065833,20.404167,2011-03-30
329,15118.0,-27.363611,31.783333,2011-03-30
330,15084.0,-26.905,32.324722,2011-03-30
331,15191.0,-28.75,30.442778,2011-03-30
332,15186.0,-29.161667,30.629722,2011-03-30
333,15066.0,-26.880278,26.965,2011-03-30
334,15038.0,-27.398611,26.614722,2011-03-30
335,14957.0,-28.69485,28.23487,2011-03-30
336,15011.0,-28.883333,27.89,2011-03-30
337,15061.0,-33.818056,19.694722,2011-03-30
338,14940.0,-34.075556,20.145556,2011-03-30
339,15199.0,-27.00222,28.76528,2011-03-31
340,15197.0,-27.02314,28.59389,2011-03-31
341,14913.0,-30.679722,26.7125,2011-03-31
342,14924.0,-30.534167,24.961944,2011-03-31
343,14961.0,-33.897778,20.012778,2011-03-31
344,15362.0,-22.769722,30.886944,2011-04-01
345,15006.0,-27.802778,28.768333,2011-04-01
346,14970.0,-27.5275,30.858056,2011-04-02
347,14974.0,-25.99136,27.84208,2011-04-04
348,14837.0,-25.513889,31.224444,2011-04-04
349,15042.0,-25.398889,31.610556,2011-04-04
350,15180.5,-24.183889,30.823889,2011-04-05
351,15199.0,-23.281,30.54305556,2011-04-05
352,15082.5,-25.362222,31.956667,2011-04-05
353,14945.0,-29.380556,30.2775,2011-04-05
354,14969.0,-27.398611,26.614722,2011-04-05
355,15070.5,-25.45963889,28.26430556,2011-04-05
356,14951.5,-25.81048333,27.90955222,2011-04-06
357,15242.5,-23.658056,31.05,2011-04-06
358,15140.0,-24.058889,31.237222,2011-04-06
359,14932.0,-24.034167,31.123611,2011-04-06
360,14721.0,-24.99328,30.81444,2011-04-06
361,15208.0,-25.14944444,31.94055556,2011-04-06
362,14999.0,-27.937778,31.209444,2011-04-06
363,14883.0,-28.404444,30.013056,2011-04-06
364,14901.0,-26.880278,26.965,2011-04-06
365,14716.0,-31.000833,26.353056,2011-04-06
366,14862.0,-24.679167,30.8025,2011-04-07
367,14721.0,-24.99328,30.81444,2011-04-07
368,15147.0,-27.02314,28.59389,2011-04-07
369,15342.0,-28.760833,17.730278,2011-04-10
370,14764.0,-26.73806,27.59194,2011-04-10
371,14794.0,-25.49037,30.6986,2011-04-11
372,14750.5,-29.987778,29.851667,2011-04-11
373,14836.5,-29.744167,29.905833,2011-04-11
374,15021.0,-26.861111,28.884722,2011-04-11
375,14816.0,-26.970278,27.211111,2011-04-11
376,14821.5,-26.45,28.085833,2011-04-11
377,14798.5,-31.396,29.2651,2011-04-11
378,14783.0,-31.554722,29.245556,2011-04-11
379,14825.5,-27.356667,27.286389,2011-04-11
380,14790.0,-25.447222,30.711667,2011-04-11
381,14824.5,-27.01011111,26.69808333,2011-04-12
382,14834.5,-25.127778,27.628889,2011-04-12
383,14991.0,-25.20639,27.558,2011-04-12
384,15097.0,-24.69514,27.40906,2011-04-12
385,14847.0,-25.73411,27.21422,2011-04-12
386,14800.0,-26.006389,29.253889,2011-04-12
387,14818.5,-26.03611,30.99778,2011-04-12
388,14896.0,-28.801278,31.955389,2011-04-12
389,14969.0,-30.733889,29.828333,2011-04-12
390,14886.5,-27.169444,29.233889,2011-04-12
391,14718.5,-27.802778,28.768333,2011-04-12
392,14833.0,-26.98472222,26.63227778,2011-04-12
393,14881.0,-27.398611,26.614722,2011-04-12
394,14851.0,-29.160278,26.573333,2011-04-12
395,14827.5,-30.568333,29.422778,2011-04-12
396,14717.5,-30.570833,29.150556,2011-04-12
397,14939.5,-33.501667,21.624167,2011-04-12
398,14838.0,-27.495556,26.074722,2011-04-12
399,14827.5,-25.57877778,29.12747222,2011-04-12
400,14896.0,-28.801278,31.955389,2011-04-13
401,14942.5,-30.398056,30.601944,2011-04-13
402,14913.5,-30.27402,30.69602,2011-04-13
403,14819.5,-26.648056,27.089444,2011-04-13
404,14919.0,-27.044444,27.005,2011-04-13
405,14912.5,-31.031389,28.883333,2011-04-13
406,14857.0,-30.86013889,29.07125,2011-04-13
407,14995.0,-24.925278,29.324444,2011-04-14
408,14849.0,-27.00222,28.76528,2011-04-14
409,14903.0,-27.02314,28.59389,2011-04-14
410,14638.0,-30.160091,27.40124,2011-04-14
411,14643.0,-30.336111,27.359444,2011-04-14
412,14698.0,-30.830556,26.921389,2011-04-15
413,14712.0,-27.902778,24.615556,2011-04-15
414,14807.0,-34.031944,22.053333,2011-04-15
415,14806.0,-29.803611,30.516111,2011-04-15
416,15169.0,-22.43772222,31.07805556,2011-04-16
417,14677.0,-25.99136,27.84208,2011-04-18
418,14713.0,-34.039722,22.133333,2011-04-18
419,14747.5,-28.735556,29.820556,2011-04-19
420,14694.5,-27.802778,28.768333,2011-04-19
421,14721.0,-33.38056,19.30167,2011-04-19
422,14851.5,-33.31388889,19.07472222,2011-04-19
423,14726.0,-27.356667,27.286389,2011-04-19
424,15082.5,-28.068333,31.55,2011-04-19
425,14793.5,-27.398611,26.614722,2011-04-20
426,14794.0,-29.160278,26.573333,2011-04-20
427,14675.0,-30.830556,26.921389,2011-04-21
428,14987.0,-27.363611,31.783333,2011-04-21
429,14778.0,-27.044444,27.005,2011-04-21
430,14738.5,-27.902778,24.615556,2011-04-21
431,15085.0,-28.760833,17.730278,2011-04-25
432,14747.5,-26.861111,28.884722,2011-04-25
433,14652.0,-26.970278,27.211111,2011-04-25
434,14779.0,-26.45,28.085833,2011-04-25
435,14702.5,-27.01011111,26.69808333,2011-04-26
436,14771.0,-25.127778,27.628889,2011-04-26
437,14909.0,-25.20639,27.558,2011-04-26
438,14855.0,-24.69514,27.40906,2011-04-26
439,14733.5,-27.169444,29.233889,2011-04-26
440,14698.0,-26.98472222,26.63227778,2011-04-26
441,14697.5,-27.398611,26.614722,2011-04-26
442,14736.5,-27.495556,26.074722,2011-04-26
443,14716.5,-34.065833,20.404167,2011-04-27
444,14892.0,-28.75,30.442778,2011-04-27
445,14796.0,-29.161667,30.629722,2011-04-27
446,14729.0,-26.880278,26.965,2011-04-27
447,14646.0,-33.897778,20.012778,2011-04-28
448,14745.0,-25.99136,27.84208,2011-05-02
449,14749.0,-29.380556,30.2775,2011-05-03
450,14697.0,-26.45,28.085833,2011-05-03
451,14711.0,-27.902778,24.615556,2011-05-03
452,14842.0,-25.45963889,28.26430556,2011-05-03
453,14799.0,-25.57877778,29.12747222,2011-05-03
454,14741.0,-25.81048333,27.90955222,2011-05-04
455,14760.0,-26.006389,29.253889,2011-05-04
456,14707.5,-28.404444,30.013056,2011-05-04
457,14662.5,-27.802778,28.768333,2011-05-04
458,14646.5,-27.356667,27.286389,2011-05-04
459,14847.0,-27.937778,31.209444,2011-05-05
460,14780.5,-27.5275,30.858056,2011-05-05
461,14726.0,-27.3,28.586944,2011-05-05
462,14694.0,-27.398611,26.614722,2011-05-05
463,14721.5,-27.00222,28.76528,2011-05-06
464,14729.5,-27.02314,28.59389,2011-05-06
465,14694.5,-26.648056,27.089444,2011-05-06
466,14638.0,-26.970278,27.211111,2011-05-06
467,14959.0,-28.760833,17.730278,2011-05-08
468,14668.0,-29.7775,29.470833,2011-05-09
469,14645.0,-29.744167,29.905833,2011-05-09
470,14728.0,-26.861111,28.884722,2011-05-09
471,14652.0,-26.970278,27.211111,2011-05-09
472,14663.0,-31.104278,29.399722,2011-05-09
473,14748.0,-25.127778,27.628889,2011-05-10
474,14903.0,-25.20639,27.558,2011-05-10
475,14878.0,-24.69514,27.40906,2011-05-10
476,15033.0,-24.058889,31.237222,2011-05-10
477,14936.0,-24.034167,31.123611,2011-05-10
478,14891.0,-28.747778,31.745833,2011-05-10
479,14756.0,-30.733889,29.828333,2011-05-10
480,14695.0,-26.98472222,26.63227778,2011-05-10
481,14718.0,-27.398611,26.614722,2011-05-10
482,14658.0,-29.160278,26.573333,2011-05-10
483,14729.0,-31.396,29.2651,2011-05-10
484,14604.0,-33.501667,21.624167,2011-05-10
485,14712.0,-32.502778,19.535833,2011-05-10
486,14919.0,-31.5653,18.3306,2011-05-10
487,14718.0,-27.495556,26.074722,2011-05-10
488,14881.0,-24.183889,30.823889,2011-05-11
489,14813.0,-28.801278,31.955389,2011-05-11
490,14763.0,-30.398056,30.601944,2011-05-11
491,14810.0,-30.27402,30.69602,2011-05-11
492,14721.0,-27.00222,28.76528,2011-05-11
493,14708.0,-27.02314,28.59389,2011-05-11
494,14725.0,-27.273889,28.49,2011-05-11
495,14788.0,-27.4275,28.525833,2011-05-11
496,14699.0,-27.044444,27.005,2011-05-11
497,15874.0,-22.225556,29.990556,2014-11-24
498,14731.0,-30.568333,29.422778,2011-05-11
499,14611.0,-30.570833,29.150556,2011-05-11
500,14781.0,-32.595833,19.009444,2011-05-11
501,14822.5,-29.140556,31.391944,2011-05-12
502,14774.5,-29.641944,30.6875,2011-05-12
503,14737.5,-24.679167,30.8025,2011-05-12
504,14471.5,-30.830556,26.921389,2011-05-12
505,14779.5,-30.13573889,30.67422222,2011-05-12
506,14683.0,-26.73806,27.59194,2011-05-12
507,14423.5,-31.000833,26.353056,2011-05-12
508,15042.0,-22.225556,29.990556,2015-07-30
509,15086.0,-22.225556,29.990556,2015-08-03
510,14460.5,-30.679722,26.7125,2011-05-12
511,14678.0,-31.031389,28.883333,2011-05-12
512,14735.5,-30.86013889,29.07125,2011-05-12
513,14668.5,-30.77586667,29.03221667,2011-05-12
514,14841.0,-24.925278,29.324444,2011-05-13
515,14582.5,-29.658056,25.973333,2011-05-13
516,14540.0,-30.534167,24.961944,2011-05-13
517,14704.0,-29.803611,30.516111,2011-05-13
518,14719.5,-25.447222,30.711667,2011-05-13
519,14741.0,-25.99136,27.84208,2011-05-16
520,14698.0,-25.513889,31.224444,2011-05-16
521,14728.0,-26.861111,28.884722,2011-05-16
522,14623.0,-26.970278,27.211111,2011-05-16
523,14472.0,-34.031944,22.053333,2011-05-16
524,14614.0,-34.039722,22.133333,2011-05-16
525,14348.0,-33.38056,19.30167,2011-05-16
526,14421.0,-33.31388889,19.07472222,2011-05-16
527,14639.0,-27.01011111,26.69808333,2011-05-17
528,14918.0,-25.436111,31.982222,2011-05-17
529,14901.0,-25.681111,31.783333,2011-05-17
530,14967.0,-25.67386,31.57527,2011-05-17
531,14605.0,-26.98472222,26.63227778,2011-05-17
532,14669.0,-27.398611,26.614722,2011-05-17
533,14877.0,-25.45963889,28.26430556,2011-05-17
534,14767.0,-28.338333,31.373611,2011-05-17
535,14839.0,-28.068333,31.55,2011-05-17
536,14718.0,-25.81048333,27.90955222,2011-05-18
537,14912.0,-24.768889,31.39,2011-05-18
538,14664.0,-26.880278,26.965,2011-05-18
539,14754.0,-28.801278,31.955389,2011-05-19
540,14681.0,-27.169444,29.233889,2011-05-19
541,14721.0,-25.447222,30.711667,2011-05-19
542,15003.0,-22.548889,28.898056,2011-05-20
543,15071.5,-22.43772222,31.07805556,2011-05-20
544,14515.0,-27.902778,24.615556,2011-05-20
545,14858.5,-28.760833,17.730278,2011-05-22
546,14661.0,-25.49037,30.6986,2011-05-23
547,14701.0,-28.75,30.442778,2011-05-23
548,14638.5,-26.73806,27.59194,2011-05-23
549,14649.0,-26.45,28.085833,2011-05-23
550,14618.0,-27.356667,27.286389,2011-05-23
551,14842.0,-22.935,28.004167,2011-05-24
552,14427.0,-33.980556,21.653333,2011-05-24
553,14568.0,-25.127778,27.628889,2011-05-24
554,14650.0,-25.20639,27.558,2011-05-24
555,14734.0,-24.69514,27.40906,2011-05-24
556,14812.0,-27.363611,31.783333,2011-05-24
557,14572.0,-27.169444,29.233889,2011-05-24
558,14580.0,-27.802778,28.768333,2011-05-24
559,14419.0,-28.141944,26.417778,2011-05-24
560,14425.0,-28.116667,26.725278,2011-05-24
561,14542.0,-27.398611,26.614722,2011-05-24
562,14484.0,-27.671111,27.236944,2011-05-24
563,14265.0,-28.69485,28.23487,2011-05-24
564,14432.0,-34.092222,21.295278,2011-05-24
565,14471.0,-27.495556,26.074722,2011-05-24
566,14404.0,-34.065833,20.404167,2011-05-25
567,14863.0,-23.23572222,27.717,2011-05-25
568,14602.0,-28.75,30.442778,2011-05-25
569,14577.0,-29.161667,30.629722,2011-05-25
570,14594.0,-26.648056,27.089444,2011-05-25
571,14587.0,-27.273889,28.49,2011-05-25
572,14510.0,-27.4275,28.525833,2011-05-25
573,14590.0,-27.3,28.586944,2011-05-25
574,14542.0,-27.398611,26.614722,2011-05-25
575,14641.0,-27.044444,27.005,2011-05-25
576,14355.0,-30.679722,26.7125,2011-05-25
577,14411.0,-34.250556,20.9925,2011-05-25
578,14379.0,-33.818056,19.694722,2011-05-25
579,14431.0,-34.075556,20.145556,2011-05-25
580,14625.0,-30.398056,30.601944,2011-05-26
581,14641.0,-30.27402,30.69602,2011-05-26
582,14592.0,-27.00222,28.76528,2011-05-26
583,14685.0,-27.02314,28.59389,2011-05-26
584,14484.0,-27.671111,27.236944,2011-05-26
585,14573.0,-27.356667,27.286389,2011-05-26
586,14413.0,-33.897778,20.012778,2011-05-26
587,14476.0,-27.902778,24.615556,2011-05-27
588,14941.5,-22.91028,29.61111,2011-05-28
589,14593.5,-25.99136,27.84208,2011-05-30
590,14662.5,-26.861111,28.884722,2011-05-30
591,14555.5,-26.970278,27.211111,2011-05-30
592,14594.5,-26.45,28.085833,2011-05-30
593,14537.0,-27.01011111,26.69808333,2011-05-31
594,14570.5,-29.380556,30.2775,2011-05-31
595,14517.0,-27.802778,28.768333,2011-05-31
596,14569.5,-26.98472222,26.63227778,2011-05-31
597,14541.0,-27.398611,26.614722,2011-05-31
598,14500.0,-29.160278,26.573333,2011-05-31
599,14727.5,-25.45963889,28.26430556,2011-05-31
600,14548.0,-25.81048333,27.90955222,2011-06-01
601,14649.0,-28.404444,30.013056,2011-06-01
602,14518.0,-27.00222,28.76528,2011-06-01
603,14598.0,-27.02314,28.59389,2011-06-01
604,14547.0,-26.648056,27.089444,2011-06-01
605,14548.0,-27.3,28.586944,2011-06-01
606,14524.0,-27.044444,27.005,2011-06-01
607,14633.0,-28.058889,30.373611,2011-06-01
608,14571.0,-27.937778,31.209444,2011-06-02
609,14615.0,-27.5275,30.858056,2011-06-02
610,14514.0,-30.568333,29.422778,2011-06-04
611,14717.5,-28.760833,17.730278,2011-06-05
612,14440.0,-29.7775,29.470833,2011-06-06
613,14417.5,-29.987778,29.851667,2011-06-06
614,14454.5,-29.744167,29.905833,2011-06-06
615,14515.0,-26.73806,27.59194,2011-06-06
616,14373.5,-31.104278,29.399722,2011-06-06
617,14416.5,-31.396,29.2651,2011-06-06
618,14525.5,-31.554722,29.245556,2011-06-06
619,14577.0,-25.57877778,29.12747222,2011-06-06
620,14541.5,-25.127778,27.628889,2011-06-07
621,14585.0,-25.20639,27.558,2011-06-07
622,14718.5,-24.69514,27.40906,2011-06-07
623,14952.5,-23.658056,31.05,2011-06-07
624,14656.5,-26.006389,29.253889,2011-06-07
625,14692.0,-28.747778,31.745833,2011-06-07
626,14578.0,-30.733889,29.828333,2011-06-07
627,14512.5,-27.169444,29.233889,2011-06-07
628,14518.0,-27.398611,26.614722,2011-06-07
629,14472.0,-30.86013889,29.07125,2011-06-07
630,14452.0,-30.570833,29.150556,2011-06-07
631,14457.5,-30.77586667,29.03221667,2011-06-07
632,14447.0,-27.495556,26.074722,2011-06-07
633,14327.0,-30.830556,26.921389,2011-06-08
634,14979.0,-22.769722,30.886944,2011-06-08
635,14625.5,-30.398056,30.601944,2011-06-08
636,14592.0,-30.27402,30.69602,2011-06-08
637,14524.0,-27.02314,28.59389,2011-06-08
638,14510.0,-26.880278,26.965,2011-06-08
639,14692.0,-29.140556,31.391944,2011-06-09
640,14667.0,-24.925278,29.324444,2011-06-09
641,14426.0,-27.902778,24.615556,2011-06-10
642,14566.0,-29.803611,30.516111,2011-06-10
643,14483.0,-31.5653,18.3306,2011-06-12
644,14557.0,-25.99136,27.84208,2011-06-13
645,14466.0,-27.671111,27.236944,2011-06-13
646,14448.0,-27.356667,27.286389,2011-06-13
647,14400.5,-31.860278,18.6875,2011-06-14
648,14642.0,-24.679167,30.8025,2011-06-14
649,14521.5,-28.735556,29.820556,2011-06-14
650,14524.0,-26.861111,28.884722,2011-06-14
651,14436.0,-27.00222,28.76528,2011-06-14
652,14520.0,-26.45,28.085833,2011-06-14
653,14518.0,-27.398611,26.614722,2011-06-14
654,14393.0,-34.031944,22.053333,2011-06-14
655,14686.0,-25.45963889,28.26430556,2011-06-14
656,14582.0,-28.338333,31.373611,2011-06-14
657,14708.5,-28.068333,31.55,2011-06-14
658,14499.5,-25.81048333,27.90955222,2011-06-15
659,14274.5,-30.830556,26.921389,2011-06-15
660,14894.0,-24.058889,31.237222,2011-06-15
661,14773.0,-24.034167,31.123611,2011-06-15
662,14421.5,-27.3,28.586944,2011-06-15
663,14339.5,-33.501667,21.624167,2011-06-15
664,14644.5,-27.602222,29.942778,2011-06-16
665,14256.0,-30.679722,26.7125,2011-06-16
666,14675.0,-28.760833,17.730278,2011-06-19
667,14626.0,-27.602222,29.942778,2011-06-20
668,14359.0,-28.883333,27.89,2011-06-20
669,14736.5,-25.436111,31.982222,2011-06-21
670,14480.5,-25.127778,27.628889,2011-06-21
671,14533.5,-25.20639,27.558,2011-06-21
672,14607.0,-24.69514,27.40906,2011-06-21
673,14812.0,-25.681111,31.783333,2011-06-21
674,14424.5,-26.970278,27.211111,2011-06-21
675,14483.0,-26.73806,27.59194,2011-06-21
676,14405.5,-34.039722,22.133333,2011-06-21
677,14255.0,-33.38056,19.30167,2011-06-21
678,14438.0,-33.31388889,19.07472222,2011-06-21
679,14386.5,-27.356667,27.286389,2011-06-21
680,14433.5,-29.161667,23.696389,2011-06-22
681,14445.0,-27.01011111,26.69808333,2011-06-22
682,14927.5,-25.14944444,31.94055556,2011-06-22
683,14797.0,-24.9675,31.516667,2011-06-22
684,14504.5,-28.75,30.442778,2011-06-22
685,14477.5,-29.161667,30.629722,2011-06-22
686,14444.5,-27.169444,29.233889,2011-06-22
687,14447.0,-27.02314,28.59389,2011-06-22
688,14477.5,-26.98472222,26.63227778,2011-06-22
689,14477.5,-27.398611,26.614722,2011-06-22
690,14338.0,-29.042222,24.6,2011-06-22
691,14342.5,-34.092222,21.295278,2011-06-22
692,14440.0,-27.495556,26.074722,2011-06-22
693,14590.0,-30.27402,30.69602,2011-06-23
694,14499.0,-26.648056,27.089444,2011-06-23
695,14479.5,-26.880278,26.965,2011-06-23
696,14469.0,-27.044444,27.005,2011-06-23
697,14330.5,-28.376944,24.303056,2011-06-23
698,14426.5,-29.028629,24.638389,2011-06-23
699,14205.5,-28.69485,28.23487,2011-06-23
700,14830.5,-25.398889,31.610556,2011-06-24
701,14370.0,-27.573056,24.746389,2011-06-24
702,14397.0,-27.902778,24.615556,2011-06-24
703,14520.0,-26.861111,28.884722,2011-06-27
704,14450.0,-27.02314,28.59389,2011-06-27
705,14508.0,-26.45,28.085833,2011-06-27
706,14422.0,-31.396,29.2651,2011-06-27
707,14609.0,-24.670833,28.560833,2011-06-28
708,14422.0,-29.380556,30.2775,2011-06-28
709,14337.0,-31.104278,29.399722,2011-06-28
710,14295.0,-33.818056,19.694722,2011-06-28
711,14433.5,-29.161667,23.696389,2011-06-29
712,14502.5,-25.81048333,27.90955222,2011-06-29
713,14694.5,-24.282222,28.090278,2011-06-29
714,14773.0,-23.23572222,27.717,2011-06-29
715,14566.0,-26.03611,30.99778,2011-06-29
716,14590.0,-27.937778,31.209444,2011-06-29
717,14485.0,-28.404444,30.013056,2011-06-29
718,14454.0,-27.02314,28.59389,2011-06-29
719,14329.5,-28.141944,26.417778,2011-06-29
720,14330.5,-28.1175,26.719444,2011-06-29
721,14361.5,-29.033333,23.983333,2011-06-29
722,14386.5,-30.568333,29.422778,2011-06-29
723,14536.0,-25.447222,30.711667,2011-06-29
724,14445.0,-27.01011111,26.69808333,2011-06-30
725,14729.0,-22.935,28.004167,2011-06-30
726,14804.0,-22.91028,29.61111,2011-06-30
727,14516.5,-27.5275,30.858056,2011-06-30
728,14485.5,-26.648056,27.089444,2011-06-30
729,14424.5,-26.970278,27.211111,2011-06-30
730,14473.0,-26.880278,26.965,2011-06-30
731,14426.5,-27.38972222,26.46388889,2011-06-30
732,14477.5,-26.98472222,26.63227778,2011-06-30
733,15538.5,-34.065833,20.404167,2012-01-10
734,15397.0,-34.065833,20.404167,2012-02-01
735,15385.0,-34.065833,20.404167,2012-02-29
736,14471.0,-27.398611,26.614722,2011-06-30
737,14440.0,-31.031389,28.883333,2011-06-30
738,14409.0,-30.86013889,29.07125,2011-06-30
739,14372.0,-30.77586667,29.03221667,2011-06-30
740,14386.5,-27.356667,27.286389,2011-06-30
741,14360.0,-33.897778,20.012778,2011-06-30
742,14894.0,-22.43772222,31.07805556,2011-07-02
743,14674.0,-28.760833,17.730278,2011-07-03
744,14317.0,-29.7775,29.470833,2011-07-04
745,14250.0,-29.987778,29.851667,2011-07-04
746,14408.0,-29.744167,29.905833,2011-07-04
747,14464.0,-26.73806,27.59194,2011-07-04
748,14230.0,-30.830556,26.921389,2011-07-05
749,14487.0,-25.127778,27.628889,2011-07-05
750,14536.0,-25.20639,27.558,2011-07-05
751,14591.0,-24.69514,27.40906,2011-07-05
752,14859.0,-23.658056,31.05,2011-07-05
753,14492.0,-30.733889,29.828333,2011-07-05
754,14433.0,-27.169444,29.233889,2011-07-05
755,15312.0,-34.065833,20.404167,2014-01-21
756,15307.0,-34.065833,20.404167,2014-02-11
757,15031.0,-34.065833,20.404167,2014-03-11
758,14448.0,-27.671111,27.236944,2011-07-05
759,14195.0,-28.69485,28.23487,2011-07-05
760,14286.0,-28.883333,27.89,2011-07-05
761,14437.0,-29.161667,23.696389,2011-07-06
762,14562.0,-30.27402,30.69602,2011-07-06
763,14426.0,-27.00222,28.76528,2011-07-06
764,14458.0,-27.02314,28.59389,2011-07-06
765,14459.0,-27.398611,26.614722,2011-07-06
766,15320.0,-34.065833,20.404167,2015-02-24
767,14458.0,-27.044444,27.005,2011-07-06
768,14419.0,-34.405833,19.600556,2011-07-06
769,14457.0,-27.495556,26.074722,2011-07-06
770,14402.5,-28.376944,24.303056,2011-07-07
771,15164.0,-34.065833,20.404167,2015-10-27
772,14454.5,-27.573056,24.746389,2011-07-08
773,14438.0,-27.902778,24.615556,2011-07-08
774,14577.0,-28.460833,21.248889,2011-07-08
775,14480.5,-29.803611,30.516111,2011-07-08
776,14508.5,-28.96362,19.15486,2011-07-09
777,14608.0,-25.99136,27.84208,2011-07-11
778,14575.0,-26.45,28.085833,2011-07-11
779,14548.0,-26.98472222,26.63227778,2011-07-11
780,14466.0,-29.160278,26.573333,2011-07-11
781,14735.0,-23.281,30.54305556,2011-07-12
782,14489.0,-27.02314,28.59389,2011-07-12
783,14506.0,-26.648056,27.089444,2011-07-12
784,14460.0,-26.970278,27.211111,2011-07-12
785,14489.0,-26.880278,26.965,2011-07-12
786,14506.0,-27.044444,27.005,2011-07-12
787,14466.0,-29.160278,26.573333,2011-07-12
788,14289.0,-30.160091,27.40124,2011-07-12
789,14368.0,-28.883333,27.89,2011-07-12
790,14443.0,-34.039722,22.133333,2011-07-12
791,14436.0,-32.502778,19.535833,2011-07-12
792,14603.0,-31.5653,18.3306,2011-07-12
793,14440.0,-34.005833,22.351111,2011-07-12
794,14704.0,-25.45963889,28.26430556,2011-07-12
795,14544.0,-29.161667,23.696389,2011-07-13
796,14556.0,-25.81048333,27.90955222,2011-07-13
797,14502.0,-29.641944,30.6875,2011-07-13
798,14848.0,-22.769722,30.886944,2011-07-13
799,14467.0,-29.033333,23.983333,2011-07-13
800,14392.0,-34.02861,22.22222,2011-07-13
801,14616.0,-31.860278,18.6875,2011-07-14
802,14671.0,-27.602222,29.942778,2011-07-14
803,14408.0,-27.3,28.586944,2011-07-14
804,14512.0,-27.573056,24.746389,2011-07-14
805,14467.0,-29.033333,23.983333,2011-07-14
806,14289.0,-30.160091,27.40124,2011-07-14
807,14335.0,-30.336111,27.359444,2011-07-14
808,14430.0,-34.250556,20.9925,2011-07-14
809,14799.0,-25.362222,31.956667,2011-07-15
810,14852.5,-25.14944444,31.94055556,2011-07-15
811,14423.0,-29.658056,25.973333,2011-07-15
812,14228.0,-31.000833,26.353056,2011-07-15
813,14365.0,-30.534167,24.961944,2011-07-15
814,14756.5,-28.760833,17.730278,2011-07-17
815,14558.0,-26.861111,28.884722,2011-07-18
816,14572.5,-26.73806,27.59194,2011-07-18
817,14284.0,-28.69485,28.23487,2011-07-18
818,14542.0,-25.127778,27.628889,2011-07-19
819,14583.0,-25.20639,27.558,2011-07-19
820,14643.0,-24.69514,27.40906,2011-07-19
821,14513.0,-27.169444,29.233889,2011-07-19
822,14338.0,-33.38056,19.30167,2011-07-19
823,14458.0,-33.31388889,19.07472222,2011-07-19
824,14653.0,-27.495556,26.074722,2011-07-19
825,14567.0,-29.161667,23.696389,2011-07-20
826,14586.0,-27.01011111,26.69808333,2011-07-20
827,14532.0,-28.75,30.442778,2011-07-20
828,14527.0,-29.161667,30.629722,2011-07-20
829,14378.0,-30.534167,24.961944,2011-07-20
830,14456.0,-34.092222,21.295278,2011-07-20
831,14486.0,-33.13083,18.86278,2011-07-20
832,14261.0,-31.000833,26.353056,2011-07-21
833,14619.0,-33.7075,18.97444444,2011-07-21
834,14665.0,-25.99136,27.84208,2011-07-25
835,14642.0,-26.861111,28.884722,2011-07-25
836,14802.5,-26.006389,29.253889,2011-07-26
837,14575.5,-29.380556,30.2775,2011-07-26
838,14636.5,-26.648056,27.089444,2011-07-26
839,14601.0,-26.880278,26.965,2011-07-26
840,14636.0,-26.98472222,26.63227778,2011-07-26
841,14486.5,-28.141944,26.417778,2011-07-26
842,14601.5,-27.044444,27.005,2011-07-26
843,14404.0,-33.501667,21.624167,2011-07-26
844,14784.5,-25.45963889,28.26430556,2011-07-26
845,14620.0,-29.161667,23.696389,2011-07-27
846,14650.0,-25.81048333,27.90955222,2011-07-27
847,14378.0,-34.065833,20.404167,2011-07-27
848,14904.0,-23.23572222,27.717,2011-07-27
849,14576.0,-27.4275,28.525833,2011-07-27
850,14538.0,-27.935,26.126667,2011-07-27
851,14611.0,-29.033333,23.983333,2011-07-27
852,14402.0,-34.075556,20.145556,2011-07-27
853,14943.0,-22.91028,29.61111,2011-07-28
854,14725.0,-24.925278,29.324444,2011-07-28
855,14749.0,-26.905,32.324722,2011-07-28
856,14586.0,-27.38972222,26.46388889,2011-07-28
857,14622.0,-27.398611,26.614722,2011-07-28
858,14581.0,-27.671111,27.236944,2011-07-28
859,14555.0,-28.404444,30.013056,2011-07-29
860,14629.0,-28.058889,30.373611,2011-07-29
861,14798.0,-28.760833,17.730278,2011-07-31
862,14532.5,-29.7775,29.470833,2011-08-01
863,14467.5,-29.987778,29.851667,2011-08-01
864,14509.5,-29.744167,29.905833,2011-08-01
865,14554.5,-27.169444,29.233889,2011-08-01
866,14711.5,-26.45,28.085833,2011-08-01
867,14634.5,-27.4,26.624722,2011-08-01
868,14653.5,-25.127778,27.628889,2011-08-02
869,14629.5,-25.20639,27.558,2011-08-02
870,14674.5,-24.69514,27.40906,2011-08-02
871,14546.0,-30.733889,29.828333,2011-08-02
872,14509.5,-27.802778,28.768333,2011-08-02
873,14426.5,-30.160091,27.40124,2011-08-02
874,14462.0,-30.336111,27.359444,2011-08-02
875,14442.5,-34.405833,19.600556,2011-08-02
876,14647.5,-27.01011111,26.69808333,2011-08-03
877,14368.0,-30.830556,26.921389,2011-08-03
878,14661.0,-30.398056,30.601944,2011-08-03
879,14551.0,-27.00222,28.76528,2011-08-03
880,14594.0,-27.02314,28.59389,2011-08-03
881,14610.0,-26.970278,27.211111,2011-08-03
882,14544.0,-27.4275,28.525833,2011-08-03
883,14545.5,-27.3,28.586944,2011-08-03
884,14633.5,-27.398611,26.614722,2011-08-03
885,14356.5,-30.679722,26.7125,2011-08-03
886,14668.5,-27.495556,26.074722,2011-08-03
887,14573.0,-29.803611,30.516111,2011-08-05
888,14751.0,-26.73806,27.59194,2011-08-07
889,14775.5,-25.99136,27.84208,2011-08-08
890,14692.5,-26.861111,28.884722,2011-08-08
891,14750.0,-26.45,28.085833,2011-08-08
892,14576.0,-29.160278,26.573333,2011-08-08
893,14679.0,-27.01011111,26.69808333,2011-08-09
894,14584.5,-27.00222,28.76528,2011-08-09
895,14650.5,-26.880278,26.965,2011-08-09
896,14723.0,-26.98472222,26.63227778,2011-08-09
897,14493.5,-28.69485,28.23487,2011-08-09
898,14534.5,-29.615556,27.065278,2011-08-09
899,14565.5,-28.883333,27.89,2011-08-09
900,14877.5,-25.45963889,28.26430556,2011-08-09
901,14664.0,-29.161667,23.696389,2011-08-10
902,14750.5,-25.81048333,27.90955222,2011-08-10
903,14594.5,-29.641944,30.6875,2011-08-10
904,14692.0,-27.602222,29.942778,2011-08-10
905,14627.0,-31.554722,29.245556,2011-08-10
906,14496.5,-34.039722,22.133333,2011-08-10
907,14534.5,-32.502778,19.535833,2011-08-10
908,14711.5,-31.5653,18.3306,2011-08-10
909,14670.0,-31.860278,18.6875,2011-08-11
910,14441.5,-30.830556,26.921389,2011-08-11
911,15067.0,-22.43772222,31.07805556,2011-08-11
912,14627.0,-28.735556,29.820556,2011-08-11
913,14382.0,-31.000833,26.353056,2011-08-11
914,14457.0,-30.679722,26.7125,2011-08-11
915,14539.0,-30.160091,27.40124,2011-08-11
916,14557.0,-30.336111,27.359444,2011-08-11
917,14514.5,-30.568333,29.422778,2011-08-11
918,14527.0,-30.570833,29.150556,2011-08-11
919,14515.0,-31.104278,29.399722,2011-08-11
920,14463.0,-34.250556,20.9925,2011-08-11
921,14736.0,-27.573056,24.746389,2011-08-12
922,14599.0,-29.658056,25.973333,2011-08-12
923,14600.0,-30.534167,24.961944,2011-08-12
924,14820.0,-28.460833,21.248889,2011-08-12
925,14571.0,-30.86013889,29.07125,2011-08-12
926,14572.0,-30.77586667,29.03221667,2011-08-12
927,15084.0,-23.838611,31.640833,2011-08-13
928,14845.0,-28.760833,17.730278,2011-08-14
929,14648.0,-26.970278,27.211111,2011-08-15
930,14771.0,-26.73806,27.59194,2011-08-15
931,14674.0,-27.044444,27.005,2011-08-15
932,14971.0,-24.679167,30.8025,2011-08-16
933,14836.0,-25.127778,27.628889,2011-08-16
934,14729.0,-25.20639,27.558,2011-08-16
935,14839.0,-24.69514,27.40906,2011-08-16
936,14772.5,-27.169444,29.233889,2011-08-16
937,14815.0,-26.648056,27.089444,2011-08-16
938,14715.5,-29.160278,26.573333,2011-08-16
939,14360.0,-33.38056,19.30167,2011-08-16
940,14499.0,-33.31388889,19.07472222,2011-08-16
941,14867.5,-27.495556,26.074722,2011-08-16
942,14837.0,-29.161667,23.696389,2011-08-17
943,15234.5,-22.769722,30.886944,2011-08-17
944,15180.5,-24.058889,31.237222,2011-08-17
945,14787.5,-28.75,30.442778,2011-08-17
946,14813.0,-29.161667,30.629722,2011-08-17
947,14669.5,-27.802778,28.768333,2011-08-17
948,14827.0,-29.033333,23.983333,2011-08-17
949,14931.0,-33.980556,21.653333,2011-04-06
950,14427.0,-33.980556,21.653333,2011-08-17
951,14774.5,-33.980556,21.653333,2011-09-27
952,14920.0,-33.980556,21.653333,2011-10-25
953,15136.0,-33.980556,21.653333,2011-11-29
954,15285.0,-33.980556,21.653333,2012-02-15
955,14679.0,-33.980556,21.653333,2012-04-18
956,14502.0,-33.980556,21.653333,2012-05-16
957,14372.0,-33.980556,21.653333,2012-06-12
958,14372.0,-33.980556,21.653333,2012-07-05
959,14371.5,-33.980556,21.653333,2012-08-07
960,14741.0,-33.980556,21.653333,2012-09-05
961,14661.5,-33.980556,21.653333,2012-10-03
962,15108.0,-33.980556,21.653333,2012-11-06
963,15244.0,-33.980556,21.653333,2012-12-03
964,15259.5,-33.980556,21.653333,2013-01-29
965,15238.0,-33.980556,21.653333,2013-02-28
966,15212.0,-33.980556,21.653333,2013-03-10
967,15177.5,-33.980556,21.653333,2013-03-19
968,14574.0,-33.980556,21.653333,2013-05-15
969,14446.0,-33.980556,21.653333,2013-06-12
970,14487.0,-33.980556,21.653333,2013-07-18
971,14376.0,-33.980556,21.653333,2013-08-14
972,14730.0,-33.980556,21.653333,2013-09-11
973,14922.0,-33.980556,21.653333,2013-10-08
974,14527.5,-34.092222,21.295278,2011-08-17
975,15164.0,-33.980556,21.653333,2013-12-05
976,15330.5,-33.980556,21.653333,2014-01-07
977,15287.0,-33.980556,21.653333,2014-02-18
978,15085.5,-33.980556,21.653333,2014-03-11
979,14785.5,-33.980556,21.653333,2014-04-10
980,14516.0,-33.980556,21.653333,2014-05-13
981,14408.0,-33.980556,21.653333,2014-06-10
982,14368.5,-33.980556,21.653333,2014-07-08
983,14658.0,-33.980556,21.653333,2014-08-21
984,14774.0,-33.980556,21.653333,2014-09-11
985,15062.5,-33.980556,21.653333,2014-10-14
986,15095.0,-33.980556,21.653333,2014-11-11
987,15336.0,-33.980556,21.653333,2014-12-02
988,15364.5,-33.980556,21.653333,2015-01-15
989,15214.0,-33.980556,21.653333,2015-02-17
990,15152.0,-33.980556,21.653333,2015-03-10
991,14677.0,-33.980556,21.653333,2015-04-14
992,14634.0,-33.980556,21.653333,2015-05-19
993,14511.0,-33.980556,21.653333,2015-08-18
994,14680.0,-33.980556,21.653333,2015-09-15
995,14969.0,-33.980556,21.653333,2015-10-20
996,15122.0,-33.980556,21.653333,2015-11-17
997,15236.0,-33.980556,21.653333,2015-12-09
998,15107.0,-24.183889,30.823889,2011-08-18
999,15068.5,-23.281,30.54305556,2011-08-18
1000,14775.0,-27.671111,27.236944,2011-08-18
1001,14816.5,-27.902778,24.615556,2011-08-18
1002,14813.5,-28.376944,24.303056,2011-08-18
1003,14697.0,-29.658056,25.973333,2011-08-18
1004,14699.0,-30.534167,24.961944,2011-08-18
1005,15224.0,-22.225556,29.990556,2011-08-22
1006,15029.0,-24.282222,28.090278,2011-08-22
1007,15013.0,-25.99136,27.84208,2011-08-22
1008,14888.0,-29.380556,30.2775,2011-08-22
1009,14925.0,-26.861111,28.884722,2011-08-22
1010,14982.0,-26.45,28.085833,2011-08-22
1011,14703.0,-30.830556,26.921389,2011-08-23
1012,14869.0,-25.73411,27.21422,2011-08-23
1013,14888.0,-29.380556,30.2775,2011-08-23
1014,14791.0,-28.141944,26.417778,2011-08-23
1015,14764.0,-30.679722,26.7125,2011-08-23
1016,14553.0,-33.501667,21.624167,2011-08-23
1017,14945.0,-25.57877778,29.12747222,2011-08-23
1018,15096.5,-29.161667,23.696389,2011-08-24
1019,14538.0,-34.065833,20.404167,2011-08-24
1020,15195.5,-23.23572222,27.717,2011-08-24
1021,15003.0,-28.404444,30.013056,2011-08-24
1022,15014.5,-27.38972222,26.46388889,2011-08-24
1023,15016.0,-27.398611,26.614722,2011-08-24
1024,15027.0,-27.044444,27.005,2011-08-24
1025,15035.0,-29.033333,23.983333,2011-08-24
1026,14625.5,-33.818056,19.694722,2011-08-24
1027,14591.0,-34.075556,20.145556,2011-08-24
1028,15023.5,-28.058889,30.373611,2011-08-24
1029,15016.5,-27.4,26.624722,2011-08-24
1030,15024.0,-27.01011111,26.69808333,2011-08-25
1031,15304.5,-22.225556,29.990556,2011-08-25
1032,15199.5,-22.91028,29.61111,2011-08-25
1033,15086.0,-24.925278,29.324444,2011-08-25
1034,14889.5,-30.398056,30.601944,2011-08-25
1035,14849.0,-30.27402,30.69602,2011-08-25
1036,15013.5,-26.648056,27.089444,2011-08-25
1037,14977.0,-26.970278,27.211111,2011-08-25
1038,14999.5,-26.880278,26.965,2011-08-25
1039,15014.5,-27.38972222,26.46388889,2011-08-25
1040,14837.5,-23.763056,27.908611,2014-07-25
1041,15013.0,-23.763056,27.908611,2014-08-13
1042,15080.5,-26.98472222,26.63227778,2011-08-25
1043,15047.0,-29.028629,24.638389,2011-08-25
1044,15189.0,-23.763056,27.908611,2014-12-22
1045,14633.5,-33.897778,20.012778,2011-08-25
1046,14985.0,-29.641944,30.6875,2011-08-26
1047,15047.5,-27.937778,31.209444,2011-08-26
1048,14999.0,-27.671111,27.236944,2011-08-26
1049,15017.5,-27.573056,24.746389,2011-08-26
1050,15099.5,-23.763056,27.908611,2015-08-19
1051,15268.0,-23.763056,27.908611,2015-09-09
1052,14978.0,-28.460833,21.248889,2011-08-26
1053,15086.0,-28.760833,17.730278,2011-08-28
1054,15108.0,-27.169444,29.233889,2011-08-29
1055,15226.0,-26.73806,27.59194,2011-08-29
1056,15083.0,-25.127778,27.628889,2011-08-30
1057,14975.0,-25.20639,27.558,2011-08-30
1058,15019.0,-24.69514,27.40906,2011-08-30
1059,15078.0,-27.00222,28.76528,2011-08-30
1060,14570.0,-34.405833,19.600556,2011-08-30
1061,15181.0,-27.495556,26.074722,2011-08-30
1062,15190.0,-29.161667,23.696389,2011-08-31
1063,14435.0,-34.329722,18.990278,2011-08-31
1064,15023.0,-25.447222,30.711667,2011-08-31
1065,15224.0,-29.161667,23.696389,2011-09-01
1066,15177.5,-27.902778,24.615556,2011-09-02
1067,15226.0,-25.99136,27.84208,2011-09-05
1068,15152.0,-26.861111,28.884722,2011-09-05
1069,15244.0,-26.45,28.085833,2011-09-05
1070,15115.0,-29.160278,26.573333,2011-09-05
1071,15142.0,-28.768056,20.720556,2011-09-05
1072,15098.0,-25.73411,27.21422,2011-09-06
1073,15028.0,-29.380556,30.2775,2011-09-06
1074,15177.0,-27.398611,26.614722,2011-09-06
1075,15155.0,-27.671111,27.236944,2011-09-06
1076,14941.0,-28.69485,28.23487,2011-09-06
1077,15085.0,-29.615556,27.065278,2011-09-06
1078,15048.0,-28.883333,27.89,2011-09-06
1079,14975.0,-31.104278,29.399722,2011-09-06
1080,14891.0,-31.396,29.2651,2011-09-06
1081,14934.0,-31.554722,29.245556,2011-09-06
1082,14652.0,-34.039722,22.133333,2011-09-06
1083,15206.0,-25.81048333,27.90955222,2011-09-07
1084,15026.0,-29.641944,30.6875,2011-09-07
1085,15037.0,-31.860278,18.6875,2011-09-07
1086,15293.0,-27.602222,29.942778,2011-09-07
1087,15128.0,-27.02314,28.59389,2011-09-07
1088,15075.0,-27.4275,28.525833,2011-09-07
1089,15101.0,-27.3,28.586944,2011-09-07
1090,15140.0,-27.044444,27.005,2011-09-07
1091,15169.0,-29.033333,23.983333,2011-09-07
1092,15061.0,-30.160091,27.40124,2011-09-07
1093,15056.0,-30.336111,27.359444,2011-09-07
1094,15085.0,-30.568333,29.422778,2011-09-07
1095,15103.0,-30.86013889,29.07125,2011-09-07
1096,15079.0,-30.77586667,29.03221667,2011-09-07
1097,14622.0,-34.02861,22.22222,2011-09-07
1098,15032.0,-30.830556,26.921389,2011-09-08
1099,14890.0,-30.398056,30.601944,2011-09-08
1100,14893.0,-30.27402,30.69602,2011-09-08
1101,15169.0,-29.033333,23.983333,2011-09-08
1102,15052.0,-30.679722,26.7125,2011-09-08
1103,15071.0,-31.031389,28.883333,2011-09-08
1104,14741.0,-34.031944,22.053333,2011-09-08
1105,15127.0,-29.658056,25.973333,2011-09-09
1106,14972.0,-31.000833,26.353056,2011-09-09
1107,15201.5,-28.760833,17.730278,2011-09-10
1108,15139.0,-26.970278,27.211111,2011-09-12
1109,15240.0,-27.01011111,26.69808333,2011-09-13
1110,15402.0,-24.679167,30.8025,2011-09-13
1111,15357.0,-24.183889,30.823889,2011-09-13
1112,15165.0,-25.127778,27.628889,2011-09-13
1113,15047.0,-25.20639,27.558,2011-09-13
1114,15113.0,-24.69514,27.40906,2011-09-13
1115,15317.0,-24.925278,29.324444,2011-09-13
1116,15102.0,-29.161667,30.629722,2011-09-13
1117,15226.0,-26.648056,27.089444,2011-09-13
1118,15214.0,-26.880278,26.965,2011-09-13
1119,15148.0,-27.802778,28.768333,2011-09-13
1120,15297.0,-26.98472222,26.63227778,2011-09-13
1121,15205.0,-29.033333,23.983333,2011-09-13
1122,15079.0,-30.679722,26.7125,2011-09-13
1123,14941.0,-31.396,29.2651,2011-09-13
1124,14530.0,-33.38056,19.30167,2011-09-13
1125,14624.0,-33.31388889,19.07472222,2011-09-13
1126,15342.0,-27.495556,26.074722,2011-09-13
1127,15543.0,-24.058889,31.237222,2011-09-14
1128,15237.0,-28.75,30.442778,2011-09-14
1129,14953.0,-29.380556,30.2775,2011-09-14
1130,15274.0,-26.73806,27.59194,2011-09-14
1131,15172.0,-27.4275,28.525833,2011-09-14
1132,15233.0,-27.3,28.586944,2011-09-14
1133,15128.0,-29.042222,24.6,2011-09-14
1134,15242.0,-29.028629,24.638389,2011-09-14
1135,15116.0,-30.160091,27.40124,2011-09-14
1136,14752.0,-34.250556,20.9925,2011-09-14
1137,14988.0,-33.7075,18.97444444,2011-09-14
1138,15264.0,-29.161667,23.696389,2011-09-15
1139,14862.0,-30.398056,30.601944,2011-09-15
1140,15290.0,-27.169444,29.233889,2011-09-15
1141,15231.0,-27.00222,28.76528,2011-09-15
1142,15228.0,-27.902778,24.615556,2011-09-16
1143,15184.0,-28.460833,21.248889,2011-09-16
1144,14918.0,-30.27402,30.69602,2011-09-19
1145,15213.5,-26.861111,28.884722,2011-09-19
1146,15134.5,-26.970278,27.211111,2011-09-19
1147,15229.0,-27.01011111,26.69808333,2011-09-20
1148,15486.0,-24.058889,31.237222,2011-09-20
1149,15161.0,-27.937778,31.209444,2011-09-20
1150,14939.0,-29.380556,30.2775,2011-09-20
1151,15165.0,-27.00222,28.76528,2011-09-20
1152,15188.5,-26.648056,27.089444,2011-09-20
1153,15166.0,-26.880278,26.965,2011-09-20
1154,15309.0,-26.98472222,26.63227778,2011-09-20
1155,14824.5,-33.501667,21.624167,2011-09-20
1156,15183.5,-28.058889,30.373611,2011-09-20
1157,15197.0,-25.57877778,29.12747222,2011-09-20
1158,15391.0,-29.161667,23.696389,2011-09-21
1159,15206.0,-25.81048333,27.90955222,2011-09-21
1160,14871.0,-34.065833,20.404167,2011-09-21
1161,15165.0,-27.5275,30.858056,2011-09-21
1162,15105.0,-28.404444,30.013056,2011-09-21
1163,15051.0,-28.141944,26.417778,2011-09-21
1164,15314.0,-29.033333,23.983333,2011-09-21
1165,15098.0,-33.818056,19.694722,2011-09-21
1166,14912.0,-34.075556,20.145556,2011-09-21
1167,15391.0,-29.161667,23.696389,2011-09-22
1168,15263.0,-27.38972222,26.46388889,2011-09-22
1169,15231.0,-27.398611,26.614722,2011-09-22
1170,15013.0,-33.897778,20.012778,2011-09-22
1171,14939.0,-29.641944,30.6875,2011-09-23
1172,15403.0,-28.760833,17.730278,2011-09-24
1173,14939.0,-29.641944,30.6875,2011-09-24
1174,15002.5,-25.513889,31.224444,2011-09-26
1175,15120.5,-29.7775,29.470833,2011-09-26
1176,14902.5,-29.987778,29.851667,2011-09-26
1177,15101.0,-29.744167,29.905833,2011-09-26
1178,15213.0,-27.169444,29.233889,2011-09-26
1179,15300.0,-26.73806,27.59194,2011-09-26
1180,15304.0,-26.45,28.085833,2011-09-26
1181,14964.0,-31.396,29.2651,2011-09-26
1182,14975.0,-31.554722,29.245556,2011-09-26
1183,15286.0,-24.282222,28.090278,2011-09-27
1184,15187.5,-25.127778,27.628889,2011-09-27
1185,15056.0,-25.20639,27.558,2011-09-27
1186,15471.5,-23.281,30.54305556,2011-09-27
1187,15000.0,-28.747778,31.745833,2011-09-27
1188,15094.0,-30.733889,29.828333,2011-09-27
1189,15178.0,-27.273889,28.49,2011-09-27
1190,15134.5,-27.3,28.586944,2011-09-27
1191,15079.5,-30.568333,29.422778,2011-09-27
1192,15031.5,-31.104278,29.399722,2011-09-27
1193,14951.5,-34.092222,21.295278,2011-09-27
1194,14804.0,-34.405833,19.600556,2011-09-27
1195,15431.0,-29.161667,23.696389,2011-09-28
1196,15397.0,-22.935,28.004167,2011-09-28
1197,15297.0,-23.763056,27.908611,2011-09-28
1198,15438.0,-24.768889,31.39,2011-09-28
1199,14990.0,-28.801278,31.955389,2011-09-28
1200,15001.5,-30.27402,30.69602,2011-09-28
1201,15091.0,-27.802778,28.768333,2011-09-28
1202,15278.5,-27.398611,26.614722,2011-09-28
1203,15061.5,-31.031389,28.883333,2011-09-28
1204,15118.5,-30.86013889,29.07125,2011-09-28
1205,15087.5,-30.77586667,29.03221667,2011-09-28
1206,15302.5,-27.495556,26.074722,2011-09-28
1207,14797.0,-24.99328,30.81444,2011-09-29
1208,14946.0,-30.13573889,30.67422222,2011-09-29
1209,15245.0,-27.573056,24.746389,2011-09-30
1210,15287.0,-27.902778,24.615556,2011-09-30
1211,14973.0,-29.803611,30.516111,2011-09-30
1212,15281.5,-26.861111,28.884722,2011-10-03
1213,15303.5,-29.160278,26.573333,2011-10-03
1214,15343.5,-26.03611,30.99778,2011-10-04
1215,15422.0,-27.398611,26.614722,2011-10-04
1216,15363.5,-27.671111,27.236944,2011-10-04
1217,15290.0,-30.160091,27.40124,2011-10-04
1218,15242.5,-30.336111,27.359444,2011-10-04
1219,15166.0,-28.69485,28.23487,2011-10-04
1220,15249.5,-28.883333,27.89,2011-10-04
1221,15410.5,-31.5653,18.3306,2011-10-04
1222,15420.5,-25.45963889,28.26430556,2011-10-04
1223,15304.0,-28.338333,31.373611,2011-10-04
1224,15365.5,-28.068333,31.55,2011-10-04
1225,15426.5,-27.4,26.624722,2011-10-04
1226,15556.5,-29.161667,23.696389,2011-10-05
1227,15386.0,-25.81048333,27.90955222,2011-10-05
1228,15099.0,-29.641944,30.6875,2011-10-05
1229,15338.0,-31.860278,18.6875,2011-10-05
1230,15240.0,-27.00222,28.76528,2011-10-05
1231,15271.5,-27.02314,28.59389,2011-10-05
1232,15332.0,-27.273889,28.49,2011-10-05
1233,15242.0,-27.4275,28.525833,2011-10-05
1234,15345.0,-27.3,28.586944,2011-10-05
1235,15210.0,-30.830556,26.921389,2011-10-06
1236,15203.5,-30.679722,26.7125,2011-10-06
1237,15290.0,-30.160091,27.40124,2011-10-06
1238,15242.5,-30.336111,27.359444,2011-10-06
1239,15294.0,-31.000833,26.353056,2011-10-07
1240,15564.0,-28.460833,21.248889,2011-10-07
1241,15562.0,-28.760833,17.730278,2011-10-08
1242,15365.0,-27.602222,29.942778,2011-10-08
1243,15406.0,-27.169444,29.233889,2011-10-10
1244,15510.0,-27.01011111,26.69808333,2011-10-11
1245,15464.0,-24.183889,30.823889,2011-10-11
1246,15305.5,-25.127778,27.628889,2011-10-11
1247,15202.5,-25.20639,27.558,2011-10-11
1248,15220.0,-24.69514,27.40906,2011-10-11
1249,15317.0,-25.73411,27.21422,2011-10-11
1250,15356.5,-27.363611,31.783333,2011-10-11
1251,15464.0,-26.648056,27.089444,2011-10-11
1252,15436.0,-26.970278,27.211111,2011-10-11
1253,15463.5,-26.880278,26.965,2011-10-11
1254,15648.0,-26.98472222,26.63227778,2011-10-11
1255,15492.5,-27.573056,24.746389,2011-10-11
1256,15587.5,-29.028629,24.638389,2011-10-11
1257,15459.5,-30.160091,27.40124,2011-10-11
1258,14990.0,-33.31388889,19.07472222,2011-10-11
1259,15655.5,-29.161667,23.696389,2011-10-12
1260,15459.5,-24.058889,31.237222,2011-10-12
1261,15290.0,-26.905,32.324722,2011-10-12
1262,15539.0,-26.73806,27.59194,2011-10-12
1263,15313.5,-31.000833,26.353056,2011-10-12
1264,15338.0,-30.679722,26.7125,2011-10-12
1265,15171.0,-33.7075,18.97444444,2011-10-12
1266,15437.0,-24.679167,30.8025,2011-10-13
1267,15115.5,-34.250556,20.9925,2011-10-13
1268,14877.5,-34.031944,22.053333,2011-10-13
1269,14895.5,-34.039722,22.133333,2011-10-13
1270,14901.0,-34.02861,22.22222,2011-10-14
1271,15512.0,-27.01011111,26.69808333,2011-10-17
1272,15426.0,-25.99136,27.84208,2011-10-17
1273,15465.0,-26.861111,28.884722,2011-10-17
1274,15555.0,-26.73806,27.59194,2011-10-17
1275,15653.0,-26.98472222,26.63227778,2011-10-17
1276,15556.0,-29.042222,24.6,2011-10-17
1277,15233.0,-29.380556,30.2775,2011-10-18
1278,15425.0,-27.00222,28.76528,2011-10-18
1279,15491.0,-26.648056,27.089444,2011-10-18
1280,15464.0,-26.970278,27.211111,2011-10-18
1281,15502.0,-26.880278,26.965,2011-10-18
1282,15408.0,-28.141944,26.417778,2011-10-18
1283,15459.0,-31.436944,20.474722,2011-10-18
1284,15164.0,-33.501667,21.624167,2011-10-18
1285,15187.0,-33.818056,19.694722,2011-10-18
1286,15496.0,-25.45963889,28.26430556,2011-10-18
1287,15640.0,-28.7115,24.07288889,2011-10-19
1288,15452.0,-25.81048333,27.90955222,2011-10-19
1289,15421.0,-26.006389,29.253889,2011-10-19
1290,15547.5,-29.1825,23.575556,2011-10-19
1291,15120.0,-34.075556,20.145556,2011-10-19
1292,15298.5,-27.5275,30.858056,2011-10-20
1293,15419.0,-28.404444,30.013056,2011-10-20
1294,15644.0,-27.38972222,26.46388889,2011-10-20
1295,15666.5,-29.028629,24.638389,2011-10-20
1296,15362.0,-28.058889,30.373611,2011-10-20
1297,15300.0,-25.57877778,29.12747222,2011-10-20
1298,15304.5,-27.937778,31.209444,2011-10-21
1299,15657.5,-28.760833,17.730278,2011-10-22
1300,15484.0,-24.058889,31.237222,2011-10-24
1301,15497.0,-29.7775,29.470833,2011-10-24
1302,15172.0,-29.987778,29.851667,2011-10-24
1303,15490.0,-29.744167,29.905833,2011-10-24
1304,15406.0,-27.169444,29.233889,2011-10-24
1305,15555.0,-26.73806,27.59194,2011-10-24
1306,15313.0,-26.45,28.085833,2011-10-24
1307,15122.0,-34.065833,20.404167,2011-10-25
1308,15311.0,-25.127778,27.628889,2011-10-25
1309,15289.0,-25.20639,27.558,2011-10-25
1310,15376.0,-24.69514,27.40906,2011-10-25
1311,15306.0,-25.73411,27.21422,2011-10-25
1312,15739.0,-22.769722,30.886944,2011-10-25
1313,15232.0,-28.747778,31.745833,2011-10-25
1314,15446.0,-30.733889,29.828333,2011-10-25
1315,15360.0,-31.104278,29.399722,2011-10-25
1316,15382.0,-30.77586667,29.03221667,2011-10-25
1317,15060.0,-31.396,29.2651,2011-10-25
1318,15113.0,-31.554722,29.245556,2011-10-25
1319,15084.0,-34.092222,21.295278,2011-10-25
1320,15743.0,-27.495556,26.074722,2011-10-25
1321,15111.0,-30.398056,30.601944,2011-10-26
1322,15080.0,-30.27402,30.69602,2011-10-26
1323,15422.0,-30.568333,29.422778,2011-10-26
1324,15452.0,-30.86013889,29.07125,2011-10-26
1325,15482.0,-30.570833,29.150556,2011-10-26
1326,15143.0,-33.897778,20.012778,2011-10-26
1327,15185.0,-25.447222,30.711667,2011-10-26
1328,15184.0,-30.13573889,30.67422222,2011-10-27
1329,15270.0,-31.031389,28.883333,2011-10-27
1330,14922.0,-34.405833,19.600556,2011-10-27
1331,15629.5,-27.398611,26.614722,2011-10-28
1332,15696.0,-27.902778,24.615556,2011-10-28
1333,15254.5,-29.803611,30.516111,2011-10-28
1334,15514.0,-25.99136,27.84208,2011-10-31
1335,15774.0,-26.861111,28.884722,2011-10-31
1336,15558.0,-26.45,28.085833,2011-10-31
1337,15374.0,-32.502778,19.535833,2011-10-31
1338,15466.0,-31.860278,18.6875,2011-11-01
1339,15503.0,-28.735556,29.820556,2011-11-01
1340,15539.0,-27.00222,28.76528,2011-11-01
1341,15605.0,-26.880278,26.965,2011-11-01
1342,15666.0,-27.38972222,26.46388889,2011-11-01
1343,15553.0,-29.160278,26.573333,2011-11-01
1344,15475.0,-30.679722,26.7125,2011-11-01
1345,15785.0,-25.45963889,28.26430556,2011-11-01
1346,15280.0,-28.338333,31.373611,2011-11-01
1347,15561.0,-25.81048333,27.90955222,2011-11-02
1348,15366.0,-29.641944,30.6875,2011-11-02
1349,15394.0,-28.69485,28.23487,2011-11-02
1350,15593.0,-29.615556,27.065278,2011-11-02
1351,15793.0,-29.161667,23.696389,2011-11-03
1352,15200.0,-28.44555556,32.325,2011-11-03
1353,15610.0,-27.602222,29.942778,2011-11-03
1354,15749.0,-30.160091,27.40124,2011-11-03
1355,15532.0,-30.336111,27.359444,2011-11-03
1356,15518.0,-28.883333,27.89,2011-11-03
1357,15552.0,-29.1825,23.575556,2011-11-03
1358,15280.5,-32.595833,19.009444,2011-11-03
1359,15705.5,-28.7115,24.07288889,2011-11-04
1360,15546.0,-30.830556,26.921389,2011-11-04
1361,15633.0,-27.573056,24.746389,2011-11-04
1362,15543.5,-30.679722,26.7125,2011-11-04
1363,15377.5,-28.69485,28.23487,2011-11-04
1364,15629.5,-28.760833,17.730278,2011-11-05
1365,15553.5,-29.658056,25.973333,2011-11-05
1366,15464.0,-31.000833,26.353056,2011-11-05
1367,15575.0,-27.169444,29.233889,2011-11-07
1368,15672.5,-26.73806,27.59194,2011-11-07
1369,15575.0,-27.01011111,26.69808333,2011-11-08
1370,15434.0,-24.679167,30.8025,2011-11-08
1371,15480.5,-24.183889,30.823889,2011-11-08
1372,15603.0,-25.127778,27.628889,2011-11-08
1373,15783.0,-25.20639,27.558,2011-11-08
1374,15687.0,-24.69514,27.40906,2011-11-08
1375,15199.0,-27.363611,31.783333,2011-11-08
1376,15156.5,-29.380556,30.2775,2011-11-08
1377,15834.0,-26.98472222,26.63227778,2011-11-08
1378,15625.0,-27.398611,26.614722,2011-11-08
1379,15521.0,-27.671111,27.236944,2011-11-08
1380,15738.0,-27.495556,26.074722,2011-11-08
1381,15416.0,-24.058889,31.237222,2011-11-09
1382,15638.0,-27.02314,28.59389,2011-11-09
1383,15428.0,-26.648056,27.089444,2011-11-09
1384,15339.0,-27.273889,28.49,2011-11-09
1385,15417.0,-27.4275,28.525833,2011-11-09
1386,15366.0,-27.3,28.586944,2011-11-09
1387,15354.0,-29.161667,30.629722,2011-11-10
1388,15022.0,-33.38056,19.30167,2011-11-10
1389,15219.0,-33.31388889,19.07472222,2011-11-10
1390,15349.0,-33.13083,18.86278,2011-11-10
1391,15382.0,-33.7075,18.97444444,2011-11-10
1392,15460.0,-28.75,30.442778,2011-11-11
1393,15431.0,-30.733889,29.828333,2011-11-11
1394,15234.5,-27.5275,30.858056,2011-11-12
1395,15326.0,-24.670833,28.560833,2011-11-14
1396,15277.5,-25.99136,27.84208,2011-11-14
1397,15506.5,-24.925278,29.324444,2011-11-14
1398,15355.0,-24.282222,28.090278,2011-11-15
1399,15135.0,-29.380556,30.2775,2011-11-15
1400,15454.0,-27.00222,28.76528,2011-11-15
1401,15337.5,-26.648056,27.089444,2011-11-15
1402,15123.5,-34.031944,22.053333,2011-11-15
1403,15054.0,-34.039722,22.133333,2011-11-15
1404,15602.5,-25.45963889,28.26430556,2011-11-15
1405,15881.0,-29.161667,23.696389,2011-11-16
1406,15348.0,-25.81048333,27.90955222,2011-11-16
1407,15848.0,-22.935,28.004167,2011-11-16
1408,15159.0,-34.065833,20.404167,2011-11-16
1409,15350.0,-27.937778,31.209444,2011-11-16
1410,15328.0,-28.404444,30.013056,2011-11-16
1411,15540.0,-28.141944,26.417778,2011-11-16
1412,15724.0,-30.160091,27.40124,2011-11-16
1413,15049.0,-34.02861,22.22222,2011-11-16
1414,15400.0,-33.818056,19.694722,2011-11-16
1415,15288.0,-34.075556,20.145556,2011-11-16
1416,15118.0,-34.005833,22.351111,2011-11-16
1417,15379.0,-28.058889,30.373611,2011-11-16
1418,15688.0,-22.91028,29.61111,2011-11-17
1419,15624.0,-27.38972222,26.46388889,2011-11-17
1420,15582.0,-27.398611,26.614722,2011-11-17
1421,15478.0,-27.671111,27.236944,2011-11-17
1422,15297.0,-33.897778,20.012778,2011-11-17
1423,15757.0,-27.902778,24.615556,2011-11-18
1424,15733.0,-28.760833,17.730278,2011-11-19
1425,15836.5,-29.161667,23.696389,2011-11-21
1426,15555.5,-27.01011111,26.69808333,2011-11-21
1427,15086.0,-29.7775,29.470833,2011-11-21
1428,15180.5,-29.744167,29.905833,2011-11-21
1429,15460.5,-26.861111,28.884722,2011-11-21
1430,15420.0,-26.45,28.085833,2011-11-21
1431,15718.0,-26.98472222,26.63227778,2011-11-21
1432,15230.0,-31.554722,29.245556,2011-11-21
1433,15581.5,-25.127778,27.628889,2011-11-22
1434,15731.0,-25.20639,27.558,2011-11-22
1435,15668.0,-24.69514,27.40906,2011-11-22
1436,15146.5,-29.987778,29.851667,2011-11-22
1437,15583.5,-27.169444,29.233889,2011-11-22
1438,15446.5,-26.970278,27.211111,2011-11-22
1439,15525.0,-26.880278,26.965,2011-11-22
1440,15871.5,-31.394444,20.947222,2011-11-22
1441,15699.0,-29.651389,22.746389,2011-11-22
1442,15682.5,-27.495556,26.074722,2011-11-22
1443,15576.5,-23.658056,31.05,2011-11-23
1444,15231.5,-28.747778,31.745833,2011-11-23
1445,15188.0,-28.801278,31.955389,2011-11-23
1446,15125.0,-30.398056,30.601944,2011-11-23
1447,15058.0,-30.27402,30.69602,2011-11-23
1448,15361.0,-28.69485,28.23487,2011-11-23
1449,15455.0,-30.568333,29.422778,2011-11-23
1450,14998.0,-30.13573889,30.67422222,2011-11-24
1451,15461.0,-27.573056,24.746389,2011-11-24
1452,15275.0,-31.031389,28.883333,2011-11-24
1453,15244.0,-30.86013889,29.07125,2011-11-24
1454,15172.0,-30.77586667,29.03221667,2011-11-24
1455,15732.0,-27.902778,24.615556,2011-11-25
1456,15190.0,-29.803611,30.516111,2011-11-25
1457,15163.5,-25.99136,27.84208,2011-11-28
1458,15128.0,-30.398056,30.601944,2011-11-28
1459,15019.0,-30.27402,30.69602,2011-11-28
1460,15491.0,-27.169444,29.233889,2011-11-28
1461,15424.5,-26.861111,28.884722,2011-11-28
1462,15389.0,-26.73806,27.59194,2011-11-28
1463,15489.5,-29.160278,26.573333,2011-11-28
1464,15296.5,-28.735556,29.820556,2011-11-29
1465,15486.5,-30.679722,26.7125,2011-11-29
1466,15276.0,-28.69485,28.23487,2011-11-29
1467,15472.0,-29.615556,27.065278,2011-11-29
1468,15361.5,-28.883333,27.89,2011-11-29
1469,15548.0,-25.45963889,28.26430556,2011-11-29
1470,15263.0,-25.81048333,27.90955222,2011-11-30
1471,15179.5,-29.641944,30.6875,2011-11-30
1472,15602.5,-27.602222,29.942778,2011-11-30
1473,15407.0,-27.02314,28.59389,2011-11-30
1474,15374.0,-27.273889,28.49,2011-11-30
1475,15419.0,-27.4275,28.525833,2011-11-30
1476,15349.5,-27.3,28.586944,2011-11-30
1477,15497.0,-30.160091,27.40124,2011-11-30
1478,15391.5,-30.336111,27.359444,2011-11-30
1479,15134.0,-25.447222,30.711667,2011-11-30
1480,15482.0,-30.830556,26.921389,2011-12-01
1481,15423.5,-27.398611,26.614722,2011-12-01
1482,15449.5,-31.000833,26.353056,2011-12-01
1483,15657.0,-29.658056,25.973333,2011-12-02
1484,15778.0,-28.760833,17.730278,2011-12-03
1485,15760.0,-28.96362,19.15486,2011-12-03
1486,15296.5,-24.679167,30.8025,2011-12-06
1487,15440.5,-24.183889,30.823889,2011-12-06
1488,15444.5,-25.127778,27.628889,2011-12-06
1489,15548.0,-25.20639,27.558,2011-12-06
1490,15499.0,-24.69514,27.40906,2011-12-06
1491,14953.0,-24.39619444,27.08983333,2014-04-09
1492,15038.0,-29.380556,30.2775,2011-12-06
1493,15384.0,-27.671111,27.236944,2011-12-06
1494,15666.5,-29.658056,25.973333,2011-12-06
1495,15436.5,-33.501667,21.624167,2011-12-06
1496,15890.0,-29.161667,23.696389,2011-12-07
1497,15399.5,-27.01011111,26.69808333,2011-12-07
1498,15179.5,-29.641944,30.6875,2011-12-07
1499,15384.0,-24.282222,28.090278,2011-12-07
1500,15483.5,-24.058889,31.237222,2011-12-07
1501,15249.0,-26.45,28.085833,2011-12-07
1502,15397.5,-26.98472222,26.63227778,2011-12-07
1503,15349.5,-27.398611,26.614722,2011-12-07
1504,15188.0,-28.69485,28.23487,2011-12-07
1505,15647.5,-29.1825,23.575556,2011-12-07
1506,15308.5,-27.4,26.624722,2011-12-07
1507,15368.5,-27.00222,28.76528,2011-12-08
1508,15239.5,-26.648056,27.089444,2011-12-08
1509,15409.0,-26.970278,27.211111,2011-12-08
1510,15362.0,-26.880278,26.965,2011-12-08
1511,15609.5,-27.902778,24.615556,2011-12-09
1512,15664.5,-28.768056,20.720556,2011-12-09
1513,15359.0,-27.01011111,26.69808333,2011-12-12
1514,15113.0,-25.99136,27.84208,2011-12-12
1515,15552.0,-24.058889,31.237222,2011-12-12
1516,15062.0,-29.380556,30.2775,2011-12-12
1517,15489.0,-26.861111,28.884722,2011-12-12
1518,15327.0,-26.73806,27.59194,2011-12-12
1519,15252.0,-26.45,28.085833,2011-12-12
1520,15326.0,-26.98472222,26.63227778,2011-12-12
1521,15640.0,-24.925278,29.324444,2011-12-13
1522,15479.0,-27.169444,29.233889,2011-12-13
1523,15306.0,-26.648056,27.089444,2011-12-13
1524,15441.0,-26.970278,27.211111,2011-12-13
1525,15335.0,-26.880278,26.965,2011-12-13
1526,15355.0,-29.615556,27.065278,2011-12-13
1527,15228.0,-31.396,29.2651,2011-12-13
1528,15136.0,-33.38056,19.30167,2011-12-13
1529,15367.0,-33.31388889,19.07472222,2011-12-13
1530,15847.0,-29.161667,23.696389,2011-12-14
1531,15253.0,-25.81048333,27.90955222,2011-12-14
1532,15204.5,-27.937778,31.209444,2011-12-14
1533,15382.0,-28.141944,26.417778,2011-12-14
1534,15317.0,-28.1175,26.719444,2011-12-14
1535,15336.0,-30.568333,29.422778,2011-12-14
1536,15308.5,-31.104278,29.399722,2011-12-14
1537,15495.5,-28.058889,30.373611,2011-12-14
1538,15158.0,-25.447222,30.711667,2011-12-14
1539,15143.0,-27.5275,30.858056,2011-12-15
1540,15281.5,-27.398611,26.614722,2011-12-15
1541,15371.5,-27.671111,27.236944,2011-12-15
1542,15317.5,-31.031389,28.883333,2011-12-15
1543,15354.5,-30.86013889,29.07125,2011-12-15
1544,15676.5,-32.502778,19.535833,2011-12-19
1545,15977.5,-29.161667,23.696389,2011-12-20
1546,15426.5,-29.160278,26.573333,2011-12-20
1547,15655.5,-32.595833,19.009444,2011-12-20
1548,15759.5,-33.13083,18.86278,2011-12-20
1549,15178.0,-28.69485,28.23487,2011-12-21
1550,15358.0,-28.883333,27.89,2011-12-21
1551,15726.5,-29.1825,23.575556,2011-12-21
1552,15574.0,-33.7075,18.97444444,2011-12-21
1553,15496.0,-27.573056,24.746389,2011-12-22
1554,15395.0,-30.160091,27.40124,2011-12-22
1555,15325.0,-30.336111,27.359444,2011-12-22
1556,15385.0,-30.830556,26.921389,2011-12-23
1557,15680.5,-29.658056,25.973333,2011-12-23
1558,15406.5,-31.000833,26.353056,2011-12-23
1559,15301.0,-25.362222,31.956667,2011-12-26
1560,15630.0,-25.14944444,31.94055556,2011-12-26
1561,15210.0,-28.735556,29.820556,2011-12-27
1562,15247.0,-29.641944,30.6875,2011-12-28
1563,15247.5,-29.758889,30.935278,2011-12-28
1564,15388.5,-27.602222,29.942778,2011-12-29
1565,15098.0,-30.398056,30.601944,2011-12-29
1566,15088.5,-30.27402,30.69602,2011-12-29
1567,15875.0,-28.760833,17.730278,2012-01-03
1568,15116.0,-25.99136,27.84208,2012-01-03
1569,15110.0,-26.861111,28.884722,2012-01-03
1570,15266.0,-26.73806,27.59194,2012-01-03
1571,15111.0,-26.45,28.085833,2012-01-03
1572,15389.0,-27.671111,27.236944,2012-01-03
1573,15416.0,-27.01011111,26.69808333,2012-01-04
1574,15296.0,-25.127778,27.628889,2012-01-04
1575,15174.0,-25.20639,27.558,2012-01-04
1576,15346.0,-24.69514,27.40906,2012-01-04
1577,15041.0,-27.169444,29.233889,2012-01-04
1578,15322.0,-26.880278,26.965,2012-01-04
1579,15533.0,-26.98472222,26.63227778,2012-01-04
1580,15315.5,-27.398611,26.614722,2012-01-04
1581,15296.0,-25.45963889,28.26430556,2012-01-04
1582,15534.0,-27.495556,26.074722,2012-01-04
1583,15301.0,-27.4,26.624722,2012-01-04
1584,15142.0,-25.81048333,27.90955222,2012-01-05
1585,15168.0,-29.161667,30.629722,2012-01-05
1586,15155.5,-27.00222,28.76528,2012-01-05
1587,15233.5,-27.02314,28.59389,2012-01-05
1588,15249.0,-26.648056,27.089444,2012-01-05
1589,15230.5,-26.970278,27.211111,2012-01-05
1590,15164.0,-27.273889,28.49,2012-01-05
1591,15181.0,-27.4275,28.525833,2012-01-05
1592,15170.5,-27.3,28.586944,2012-01-05
1593,15721.5,-28.376944,24.303056,2012-01-05
1594,15199.5,-29.744167,29.905833,2012-01-06
1595,15101.5,-29.7775,29.470833,2012-01-09
1596,15121.5,-29.987778,29.851667,2012-01-09
1597,15199.5,-29.744167,29.905833,2012-01-09
1598,15230.5,-26.970278,27.211111,2012-01-09
1599,15321.0,-30.733889,29.828333,2012-01-10
1600,15322.0,-26.880278,26.965,2012-01-10
1601,15533.0,-26.98472222,26.63227778,2012-01-10
1602,15545.5,-33.501667,21.624167,2012-01-10
1603,15148.0,-30.27402,30.69602,2012-01-11
1604,15600.0,-33.818056,19.694722,2012-01-11
1605,15133.0,-30.13573889,30.67422222,2012-01-12
1606,15526.5,-34.075556,20.145556,2012-01-12
1607,15249.5,-29.803611,30.516111,2012-01-13
1608,15071.0,-24.670833,28.560833,2012-01-16
1609,15151.0,-26.73806,27.59194,2012-01-16
1610,15111.0,-26.45,28.085833,2012-01-16
1611,15293.0,-27.044444,27.005,2012-01-16
1612,15195.0,-31.396,29.2651,2012-01-16
1613,15140.0,-31.554722,29.245556,2012-01-16
1614,15017.0,-25.73411,27.21422,2011-03-29
1615,15383.0,-27.01011111,26.69808333,2012-01-17
1616,15142.0,-25.81048333,27.90955222,2012-01-17
1617,15103.5,-24.679167,30.8025,2012-01-17
1618,15047.0,-24.183889,30.823889,2012-01-17
1619,15116.0,-24.282222,28.090278,2012-01-17
1620,15112.0,-25.99136,27.84208,2012-01-17
1621,15139.0,-25.20639,27.558,2012-01-17
1622,15038.0,-27.169444,29.233889,2012-01-17
1623,15167.0,-27.00222,28.76528,2012-01-17
1624,15225.0,-26.648056,27.089444,2012-01-17
1625,15299.0,-26.880278,26.965,2012-01-17
1626,15173.0,-25.73411,27.21422,2013-02-12
1627,15512.0,-27.38972222,26.46388889,2012-01-17
1628,15815.0,-29.042222,24.6,2012-01-17
1629,15594.0,-30.679722,26.7125,2012-01-17
1630,15546.0,-30.160091,27.40124,2012-01-17
1631,15331.0,-31.104278,29.399722,2012-01-17
1632,15650.0,-32.502778,19.535833,2012-01-17
1633,15998.0,-29.161667,23.696389,2012-01-18
1634,15463.0,-22.935,28.004167,2012-01-18
1635,15475.0,-30.830556,26.921389,2012-01-18
1636,15280.0,-23.23572222,27.717,2012-01-18
1637,15183.0,-25.127778,27.628889,2012-01-18
1638,15316.0,-24.69514,27.40906,2012-01-18
1639,15241.0,-27.4275,28.525833,2012-01-18
1640,15139.0,-25.73411,27.21422,2014-02-11
1641,15452.0,-28.141944,26.417778,2012-01-18
1642,14976.0,-25.73411,27.21422,2014-03-13
1643,15393.0,-27.671111,27.236944,2012-01-18
1644,14760.0,-25.73411,27.21422,2014-06-04
1645,14650.0,-25.73411,27.21422,2014-07-09
1646,15314.0,-30.336111,27.359444,2012-01-18
1647,15706.0,-32.595833,19.009444,2012-01-18
1648,15074.0,-25.73411,27.21422,2014-09-02
1649,15232.0,-25.45963889,28.26430556,2012-01-18
1650,15229.0,-27.356667,27.286389,2012-01-18
1651,15267.0,-22.548889,28.898056,2012-01-19
1652,15333.5,-22.91028,29.61111,2012-01-19
1653,15322.0,-27.398611,26.614722,2012-01-19
1654,15594.0,-30.679722,26.7125,2012-01-19
1655,15229.0,-27.356667,27.286389,2012-01-19
1656,15290.0,-23.658056,31.05,2012-01-20
1657,15194.0,-30.27402,30.69602,2012-01-20
1658,15367.5,-27.671111,27.236944,2012-01-20
1659,15581.0,-27.573056,24.746389,2012-01-20
1660,15461.0,-27.902778,24.615556,2012-01-20
1661,15816.0,-28.760833,17.730278,2012-01-22
1662,15268.0,-27.044444,27.005,2012-01-23
1663,15953.0,-29.161667,23.696389,2012-01-24
1664,15403.0,-27.01011111,26.69808333,2012-01-24
1665,15243.0,-26.880278,26.965,2012-01-24
1666,15258.0,-27.273889,28.49,2012-01-24
1667,15241.0,-27.4275,28.525833,2012-01-24
1668,14739.0,-25.73411,27.21422,2015-06-24
1669,14705.5,-25.73411,27.21422,2015-07-07
1670,15223.0,-27.3,28.586944,2012-01-24
1671,15337.0,-31.031389,28.883333,2012-01-24
1672,15390.0,-30.86013889,29.07125,2012-01-24
1673,15617.0,-33.31388889,19.07472222,2012-01-24
1674,15232.0,-25.45963889,28.26430556,2012-01-24
1675,15953.0,-29.161667,23.696389,2012-01-25
1676,15636.0,-29.042222,24.6,2012-01-25
1677,15778.0,-29.028629,24.638389,2012-01-25
1678,15152.0,-30.568333,29.422778,2012-01-25
1679,15349.0,-33.38056,19.30167,2012-01-25
1680,15828.0,-33.13083,18.86278,2012-01-25
1681,15307.0,-29.758889,30.935278,2012-01-26
1682,15366.0,-29.161667,30.629722,2012-01-26
1683,15179.0,-34.031944,22.053333,2012-01-26
1684,15124.0,-34.039722,22.133333,2012-01-26
1685,15097.0,-34.02861,22.22222,2012-01-26
1686,15075.0,-30.398056,30.601944,2012-01-27
1687,15148.0,-30.27402,30.69602,2012-01-27
1688,15066.0,-25.447222,30.711667,2012-01-27
1689,15200.5,-29.641944,30.6875,2012-01-28
1690,15046.5,-29.380556,30.2775,2012-01-28
1691,15211.5,-25.127778,27.628889,2012-01-30
1692,15118.0,-25.20639,27.558,2012-01-30
1693,15331.0,-24.69514,27.40906,2012-01-30
1694,15040.5,-27.169444,29.233889,2012-01-30
1695,15261.0,-26.861111,28.884722,2012-01-30
1696,15238.0,-26.970278,27.211111,2012-01-30
1697,15141.5,-26.73806,27.59194,2012-01-30
1698,15114.5,-26.45,28.085833,2012-01-30
1699,15192.0,-27.00222,28.76528,2012-01-31
1700,15235.0,-27.273889,28.49,2012-01-31
1701,15507.0,-26.98472222,26.63227778,2012-01-31
1702,15623.5,-29.160278,26.573333,2012-01-31
1703,15441.0,-33.818056,19.694722,2012-01-31
1704,15184.0,-27.3,28.586944,2012-02-01
1705,15160.0,-28.69485,28.23487,2012-02-01
1706,15309.0,-29.615556,27.065278,2012-02-01
1707,15289.0,-28.883333,27.89,2012-02-01
1708,15401.0,-34.075556,20.145556,2012-02-01
1709,15350.0,-24.925278,29.324444,2012-02-02
1710,15215.0,-30.336111,27.359444,2012-02-02
1711,15324.0,-27.573056,24.746389,2012-02-03
1712,15362.0,-27.902778,24.615556,2012-02-03
1713,15738.0,-29.658056,25.973333,2012-02-03
1714,15382.0,-31.000833,26.353056,2012-02-03
1715,15345.0,-30.679722,26.7125,2012-02-03
1716,15743.5,-28.760833,17.730278,2012-02-05
1717,15100.0,-25.99136,27.84208,2012-02-06
1718,15016.5,-29.987778,29.851667,2012-02-06
1719,15114.5,-26.45,28.085833,2012-02-06
1720,15380.5,-27.398611,26.614722,2012-02-06
1721,15363.0,-27.671111,27.236944,2012-02-06
1722,15671.0,-29.042222,24.6,2012-02-06
1723,15212.0,-27.356667,27.286389,2012-02-06
1724,15386.5,-27.01011111,26.69808333,2012-02-07
1725,15247.5,-30.830556,26.921389,2012-02-07
1726,15220.5,-30.733889,29.828333,2012-02-07
1727,15046.5,-29.380556,30.2775,2012-02-07
1728,15450.5,-26.98472222,26.63227778,2012-02-07
1729,15326.5,-25.45963889,28.26430556,2012-02-07
1730,15211.0,-25.57877778,29.12747222,2012-02-07
1731,15387.5,-27.4,26.624722,2012-02-07
1732,15134.0,-25.81048333,27.90955222,2012-02-08
1733,15265.0,-27.937778,31.209444,2012-02-08
1734,15083.5,-30.398056,30.601944,2012-02-08
1735,15124.5,-30.27402,30.69602,2012-02-08
1736,15134.5,-27.00222,28.76528,2012-02-08
1737,15275.5,-27.02314,28.59389,2012-02-08
1738,15085.5,-26.648056,27.089444,2012-02-08
1739,15201.5,-26.970278,27.211111,2012-02-08
1740,15150.0,-26.880278,26.965,2012-02-08
1741,15237.5,-27.273889,28.49,2012-02-08
1742,15231.5,-27.4275,28.525833,2012-02-08
1743,15203.5,-27.3,28.586944,2012-02-08
1744,15231.0,-27.044444,27.005,2012-02-08
1745,15679.5,-29.028629,24.638389,2012-02-08
1746,15319.0,-34.329722,18.990278,2012-02-08
1747,15153.0,-27.5275,30.858056,2012-02-09
1748,15076.0,-30.13573889,30.67422222,2012-02-09
1749,15246.0,-29.803611,30.516111,2012-02-10
1750,15063.0,-28.44555556,32.325,2012-02-12
1751,15175.0,-29.161667,30.629722,2012-02-12
1752,15116.0,-26.73806,27.59194,2012-02-13
1753,15222.0,-31.396,29.2651,2012-02-13
1754,15163.5,-31.554722,29.245556,2012-02-13
1755,15284.5,-25.127778,27.628889,2012-02-14
1756,15158.0,-25.20639,27.558,2012-02-14
1757,15132.0,-27.169444,29.233889,2012-02-14
1758,15172.5,-30.568333,29.422778,2012-02-14
1759,15089.5,-30.570833,29.150556,2012-02-14
1760,15291.0,-31.104278,29.399722,2012-02-14
1761,15573.5,-32.595833,19.009444,2012-02-14
1762,15374.5,-28.141944,26.417778,2012-02-15
1763,15329.5,-28.1175,26.719444,2012-02-15
1764,15184.0,-31.031389,28.883333,2012-02-15
1765,15196.5,-30.86013889,29.07125,2012-02-15
1766,15250.5,-30.77586667,29.03221667,2012-02-15
1767,15270.5,-24.69514,27.40906,2012-02-16
1768,15321.5,-27.398611,26.614722,2012-02-16
1769,15332.5,-27.671111,27.236944,2012-02-16
1770,15429.0,-28.376944,24.303056,2012-02-16
1771,15268.0,-29.615556,27.065278,2012-02-16
1772,15221.5,-27.356667,27.286389,2012-02-16
1773,15335.5,-27.4,26.624722,2012-02-16
1774,15313.0,-22.43772222,31.07805556,2012-02-17
1775,15405.0,-27.902778,24.615556,2012-02-17
1776,15517.5,-34.250556,20.9925,2012-02-17
1777,15686.0,-28.760833,17.730278,2012-02-19
1778,15305.0,-27.01011111,26.69808333,2012-02-20
1779,15172.0,-26.45,28.085833,2012-02-20
1780,15307.0,-26.98472222,26.63227778,2012-02-20
1781,15479.0,-33.501667,21.624167,2012-02-20
1782,15477.0,-33.31388889,19.07472222,2012-02-20
1783,15070.5,-24.679167,30.8025,2012-02-21
1784,15247.5,-30.830556,26.921389,2012-02-21
1785,15242.5,-24.670833,28.560833,2012-02-21
1786,15125.5,-28.735556,29.820556,2012-02-21
1787,15175.5,-26.648056,27.089444,2012-02-21
1788,15160.5,-26.970278,27.211111,2012-02-21
1789,15091.0,-26.880278,26.965,2012-02-21
1790,15256.5,-27.044444,27.005,2012-02-21
1791,15371.5,-25.45963889,28.26430556,2012-02-21
1792,15282.0,-28.068333,31.55,2012-02-21
1793,15741.0,-29.161667,23.696389,2012-02-22
1794,15222.5,-29.641944,30.6875,2012-02-22
1795,15293.5,-27.38972222,26.46388889,2012-02-22
1796,15261.5,-30.679722,26.7125,2012-02-22
1797,15507.5,-29.1825,23.575556,2012-02-22
1798,15467.5,-28.7115,24.07288889,2012-02-23
1799,15228.0,-27.602222,29.942778,2012-02-23
1800,15409.0,-28.75,30.442778,2012-02-23
1801,15005.5,-29.380556,30.2775,2012-02-23
1802,15311.0,-27.398611,26.614722,2012-02-23
1803,15232.5,-29.758889,30.935278,2012-02-24
1804,15295.0,-27.573056,24.746389,2012-02-24
1805,15205.0,-34.031944,22.053333,2012-02-24
1806,15183.5,-34.039722,22.133333,2012-02-24
1807,15143.0,-30.398056,30.601944,2012-02-25
1808,15132.0,-30.27402,30.69602,2012-02-25
1809,15147.0,-27.169444,29.233889,2012-02-27
1810,15198.0,-26.861111,28.884722,2012-02-27
1811,15107.0,-26.73806,27.59194,2012-02-27
1812,15309.0,-25.127778,27.628889,2012-02-28
1813,15221.0,-25.20639,27.558,2012-02-28
1814,15248.0,-24.69514,27.40906,2012-02-28
1815,15074.0,-27.00222,28.76528,2012-02-28
1816,15417.0,-33.818056,19.694722,2012-02-28
1817,15702.5,-29.161667,23.696389,2012-02-29
1818,15511.0,-22.769722,30.886944,2012-02-29
1819,15184.0,-23.281,30.54305556,2012-02-29
1820,15074.0,-26.905,32.324722,2012-02-29
1821,15154.5,-28.69485,28.23487,2012-02-29
1822,15147.5,-28.883333,27.89,2012-02-29
1823,15324.5,-34.075556,20.145556,2012-02-29
1824,15321.0,-24.925278,29.324444,2012-03-01
1825,15295.0,-27.573056,24.746389,2012-03-01
1826,15141.0,-30.160091,27.40124,2012-03-01
1827,15157.5,-30.336111,27.359444,2012-03-01
1828,15269.0,-29.615556,27.065278,2012-03-01
1829,15227.5,-30.830556,26.921389,2012-03-02
1830,15496.5,-23.658056,31.05,2012-03-02
1831,15443.5,-27.902778,24.615556,2012-03-02
1832,15518.5,-29.658056,25.973333,2012-03-02
1833,15530.5,-29.028629,24.638389,2012-03-02
1834,15253.5,-31.000833,26.353056,2012-03-02
1835,15227.0,-30.679722,26.7125,2012-03-02
1836,15710.0,-28.760833,17.730278,2012-03-04
1837,15065.0,-25.99136,27.84208,2012-03-05
1838,15261.0,-24.058889,31.237222,2012-03-05
1839,14903.0,-29.987778,29.851667,2012-03-05
1840,15049.0,-29.744167,29.905833,2012-03-05
1841,15304.0,-26.861111,28.884722,2012-03-05
1842,15166.0,-26.45,28.085833,2012-03-05
1843,15568.0,-28.768056,20.720556,2012-03-05
1844,15247.0,-30.733889,29.828333,2012-03-06
1845,14939.0,-29.380556,30.2775,2012-03-06
1846,15345.0,-27.398611,26.614722,2012-03-06
1847,15313.0,-27.671111,27.236944,2012-03-06
1848,15480.0,-29.042222,24.6,2012-03-06
1849,15189.0,-30.336111,27.359444,2012-03-06
1850,15355.0,-27.4,26.624722,2012-03-06
1851,15687.0,-29.161667,23.696389,2012-03-07
1852,15461.0,-24.925278,29.324444,2011-10-18
1853,15459.0,-28.7115,24.07288889,2012-03-07
1854,15217.0,-25.81048333,27.90955222,2012-03-07
1855,15023.0,-27.937778,31.209444,2012-03-07
1856,15128.0,-28.404444,30.013056,2012-03-07
1857,15110.0,-30.398056,30.601944,2012-03-07
1858,14777.5,-24.925278,29.324444,2012-06-07
1859,14922.0,-24.925278,29.324444,2012-08-09
1860,15322.5,-24.925278,29.324444,2012-10-05
1861,15132.0,-30.27402,30.69602,2012-03-07
1862,15301.0,-27.02314,28.59389,2012-03-07
1863,15277.0,-27.273889,28.49,2012-03-07
1864,14803.5,-24.925278,29.324444,2013-07-02
1865,15058.0,-24.925278,29.324444,2013-08-22
1866,15449.0,-24.925278,29.324444,2013-09-16
1867,15297.0,-27.4275,28.525833,2012-03-07
1868,15235.5,-24.925278,29.324444,2014-01-20
1869,15285.0,-27.3,28.586944,2012-03-07
1870,15501.0,-29.1825,23.575556,2012-03-07
1871,14639.0,-24.925278,29.324444,2014-06-10
1872,14717.5,-24.925278,29.324444,2014-07-18
1873,15255.0,-34.329722,18.990278,2012-03-07
1874,15295.0,-24.925278,29.324444,2014-09-05
1875,15309.0,-28.058889,30.373611,2012-03-07
1876,15109.5,-27.5275,30.858056,2012-03-08
1877,15215.0,-27.38972222,26.46388889,2012-03-08
1878,15314.0,-27.398611,26.614722,2012-03-08
1879,15203.5,-30.679722,26.7125,2012-03-08
1880,15176.0,-29.803611,30.516111,2012-03-09
1881,15305.0,-27.01011111,26.69808333,2012-03-12
1882,15499.0,-32.595833,19.009444,2012-03-12
1883,15247.0,-25.127778,27.628889,2012-03-13
1884,15226.0,-25.20639,27.558,2012-03-13
1885,15201.0,-24.69514,27.40906,2012-03-13
1886,15065.0,-28.747778,31.745833,2012-03-13
1887,15184.0,-27.169444,29.233889,2012-03-13
1888,15189.0,-27.00222,28.76528,2012-03-13
1889,15187.0,-26.648056,27.089444,2012-03-13
1890,15138.0,-26.970278,27.211111,2012-03-13
1891,15144.0,-26.880278,26.965,2012-03-13
1892,15323.0,-26.98472222,26.63227778,2012-03-13
1893,15160.0,-31.104278,29.399722,2012-03-13
1894,15132.0,-31.396,29.2651,2012-03-13
1895,15222.0,-33.501667,21.624167,2012-03-13
1896,15554.0,-29.161667,23.696389,2012-03-14
1897,14974.0,-28.801278,31.955389,2012-03-14
1898,15297.0,-28.141944,26.417778,2012-03-14
1899,15324.0,-28.1175,26.719444,2012-03-14
1900,15544.0,-29.033333,23.983333,2012-03-14
1901,15019.0,-29.161667,30.629722,2012-03-15
1902,15345.0,-27.398611,26.614722,2012-03-15
1903,15313.0,-27.671111,27.236944,2012-03-15
1904,15319.0,-27.902778,24.615556,2012-03-15
1905,15208.5,-27.573056,24.746389,2012-03-16
1906,15084.0,-31.031389,28.883333,2012-03-16
1907,15050.5,-30.86013889,29.07125,2012-03-16
1908,15028.5,-30.77586667,29.03221667,2012-03-16
1909,15543.0,-28.760833,17.730278,2012-03-17
1910,15431.5,-28.96362,19.15486,2012-03-17
1911,15280.5,-27.01011111,26.69808333,2012-03-19
1912,15286.5,-26.861111,28.884722,2012-03-19
1913,14925.0,-24.679167,30.8025,2012-03-20
1914,15128.0,-26.970278,27.211111,2012-03-20
1915,15117.0,-33.38056,19.30167,2012-03-20
1916,15285.0,-33.31388889,19.07472222,2012-03-20
1917,15163.0,-28.068333,31.55,2012-03-20
1918,15457.0,-29.161667,23.696389,2012-03-21
1919,15143.0,-24.183889,30.823889,2012-03-21
1920,15033.0,-28.44555556,32.325,2012-03-21
1921,15085.0,-27.602222,29.942778,2012-03-21
1922,15435.0,-33.13083,18.86278,2012-03-21
1923,14992.0,-30.398056,30.601944,2012-03-23
1924,15009.0,-30.27402,30.69602,2012-03-23
1925,15029.5,-29.641944,30.6875,2012-03-26
1926,14906.5,-25.99136,27.84208,2012-03-26
1927,14862.5,-29.987778,29.851667,2012-03-26
1928,15051.0,-29.758889,30.935278,2012-03-26
1929,15194.0,-26.98472222,26.63227778,2012-03-26
1930,15133.0,-33.818056,19.694722,2012-03-26
1931,15092.0,-25.127778,27.628889,2012-03-27
1932,15114.5,-25.20639,27.558,2012-03-27
1933,15093.5,-24.69514,27.40906,2012-03-27
1934,14995.5,-27.363611,31.783333,2012-03-27
1935,15014.5,-26.648056,27.089444,2012-03-27
1936,15043.0,-26.880278,26.965,2012-03-27
1937,15080.5,-27.573056,24.746389,2012-03-27
1938,15269.5,-28.768056,20.720556,2012-03-27
1939,14899.5,-34.031944,22.053333,2012-03-27
1940,14892.0,-34.039722,22.133333,2012-03-27
1941,15042.0,-34.075556,20.145556,2012-03-27
1942,15172.5,-25.45963889,28.26430556,2012-03-27
1943,14922.0,-25.81048333,27.90955222,2012-03-28
1944,14924.0,-29.380556,30.2775,2012-03-28
1945,14860.0,-30.398056,30.601944,2012-03-28
1946,14966.0,-30.27402,30.69602,2012-03-28
1947,14871.0,-26.73806,27.59194,2012-03-28
1948,14959.0,-26.45,28.085833,2012-03-28
1949,14846.0,-30.679722,26.7125,2012-03-28
1950,14874.0,-28.69485,28.23487,2012-03-28
1951,14914.0,-29.615556,27.065278,2012-03-28
1952,14937.0,-28.883333,27.89,2012-03-28
1953,14788.0,-34.02861,22.22222,2012-03-28
1954,14847.0,-25.447222,30.711667,2012-03-28
1955,15042.0,-27.273889,28.49,2012-03-29
1956,15057.0,-27.3,28.586944,2012-03-29
1957,15013.0,-28.376944,24.303056,2012-03-29
1958,14811.0,-30.160091,27.40124,2012-03-29
1959,14857.0,-30.336111,27.359444,2012-03-29
1960,15066.0,-27.4275,28.525833,2012-03-30
1961,15040.0,-27.902778,24.615556,2012-03-30
1962,14805.0,-31.000833,26.353056,2012-03-30
1963,14846.0,-30.679722,26.7125,2012-03-30
1964,15359.0,-28.760833,17.730278,2012-04-01
1965,14869.5,-25.99136,27.84208,2012-04-02
1966,15068.0,-28.735556,29.820556,2012-04-02
1967,14946.5,-29.380556,30.2775,2012-04-02
1968,14862.0,-30.398056,30.601944,2012-04-02
1969,14973.5,-33.897778,20.012778,2012-04-02
1970,14888.0,-34.065833,20.404167,2012-04-03
1971,15252.0,-23.658056,31.05,2012-04-03
1972,15090.0,-27.398611,26.614722,2012-04-03
1973,15034.5,-27.671111,27.236944,2012-04-03
1974,15053.0,-25.45963889,28.26430556,2012-04-03
1975,15089.5,-27.4,26.624722,2012-04-03
1976,15032.0,-29.161667,23.696389,2012-04-04
1977,14917.5,-25.81048333,27.90955222,2012-04-04
1978,14964.0,-27.937778,31.209444,2012-04-04
1979,14988.0,-28.404444,30.013056,2012-04-04
1980,15087.5,-27.02314,28.59389,2012-04-04
1981,14957.5,-26.880278,26.965,2012-04-04
1982,15001.5,-27.273889,28.49,2012-04-04
1983,15005.5,-27.4275,28.525833,2012-04-04
1984,15018.5,-27.3,28.586944,2012-04-04
1985,14956.5,-29.615556,27.065278,2012-04-04
1986,14942.0,-25.57877778,29.12747222,2012-04-04
1987,14940.0,-27.5275,30.858056,2012-04-05
1988,14977.5,-27.01011111,26.69808333,2012-04-10
1989,14993.5,-25.127778,27.628889,2012-04-10
1990,15085.5,-25.20639,27.558,2012-04-10
1991,15058.0,-24.69514,27.40906,2012-04-10
1992,15033.5,-26.861111,28.884722,2012-04-10
1993,14878.0,-26.73806,27.59194,2012-04-10
1994,15054.5,-26.98472222,26.63227778,2012-04-10
1995,14999.0,-29.161667,23.696389,2012-04-11
1996,14962.0,-26.03611,30.99778,2012-04-11
1997,15088.5,-28.747778,31.745833,2012-04-11
1998,14939.0,-27.00222,28.76528,2012-04-11
1999,14926.5,-26.648056,27.089444,2012-04-11
2000,14892.0,-26.970278,27.211111,2012-04-11
2001,14979.5,-28.141944,26.417778,2012-04-11
2002,14952.5,-28.116667,26.725278,2012-04-11
2003,14907.0,-29.615556,27.065278,2012-04-11
2004,14750.5,-34.250556,20.9925,2012-04-11
2005,14951.5,-28.7115,24.07288889,2012-04-12
2006,14925.0,-28.801278,31.955389,2012-04-12
2007,15087.5,-28.75,30.442778,2012-04-12
2008,14949.5,-29.161667,30.629722,2012-04-12
2009,14945.0,-27.38972222,26.46388889,2012-04-12
2010,14952.5,-28.1175,26.719444,2012-04-12
2011,14952.5,-28.116667,26.725278,2012-04-12
2012,15006.0,-27.398611,26.614722,2012-04-12
2013,14991.0,-27.671111,27.236944,2012-04-12
2014,14948.5,-28.376944,24.303056,2012-04-12
2015,14907.0,-29.615556,27.065278,2012-04-12
2016,14993.5,-33.31388889,19.07472222,2012-04-12
2017,14857.0,-25.49037,30.6986,2012-04-13
2018,15055.0,-27.573056,24.746389,2012-04-13
2019,15040.0,-27.902778,24.615556,2012-04-13
2020,15065.0,-33.7075,18.97444444,2012-04-13
2021,15276.0,-28.760833,17.730278,2012-04-15
2022,14882.0,-25.99136,27.84208,2012-04-16
2023,15197.0,-22.935,28.004167,2012-04-17
2024,15278.0,-22.91028,29.61111,2012-04-17
2025,15094.0,-24.058889,31.237222,2012-04-17
2026,15161.5,-25.681111,31.783333,2012-04-17
2027,15039.0,-25.67386,31.57527,2012-04-17
2028,15067.0,-28.735556,29.820556,2012-04-17
2029,15039.5,-26.861111,28.884722,2012-04-17
2030,14978.5,-26.45,28.085833,2012-04-17
2031,14853.0,-28.69485,28.23487,2012-04-17
2032,14871.0,-28.883333,27.89,2012-04-17
2033,14835.5,-31.396,29.2651,2012-04-17
2034,14828.0,-31.554722,29.245556,2012-04-17
2035,15080.0,-25.45963889,28.26430556,2012-04-17
2036,15018.0,-28.338333,31.373611,2012-04-17
2037,14890.0,-29.161667,23.696389,2012-04-18
2038,15010.0,-27.01011111,26.69808333,2012-04-18
2039,14917.5,-25.81048333,27.90955222,2012-04-18
2040,15055.0,-24.282222,28.090278,2012-04-18
2041,15028.5,-24.768889,31.39,2012-04-18
2042,14985.0,-24.9675,31.516667,2012-04-18
2043,14939.0,-27.00222,28.76528,2012-04-18
2044,14938.0,-26.648056,27.089444,2012-04-18
2045,14905.5,-26.970278,27.211111,2012-04-18
2046,14957.5,-26.880278,26.965,2012-04-18
2047,15010.5,-27.38972222,26.46388889,2012-04-18
2048,15084.5,-26.98472222,26.63227778,2012-04-18
2049,14849.5,-30.568333,29.422778,2012-04-18
2050,14752.0,-30.570833,29.150556,2012-04-18
2051,15086.0,-27.602222,29.942778,2012-04-19
2052,14999.5,-27.671111,27.236944,2012-04-19
2053,14887.5,-31.031389,28.883333,2012-04-19
2054,14824.5,-30.86013889,29.07125,2012-04-19
2055,15055.0,-33.13083,18.86278,2012-04-19
2056,14949.5,-29.140556,31.391944,2012-04-20
2057,15125.0,-27.573056,24.746389,2012-04-22
2058,14865.0,-29.7775,29.470833,2012-04-23
2059,14780.0,-29.987778,29.851667,2012-04-23
2060,14873.0,-29.744167,29.905833,2012-04-23
2061,14924.0,-26.73806,27.59194,2012-04-23
2062,15109.0,-29.160278,26.573333,2012-04-23
2063,14738.0,-29.1825,23.575556,2012-04-23
2064,14752.0,-33.501667,21.624167,2012-04-23
2065,14686.0,-33.818056,19.694722,2012-04-23
2066,14886.0,-28.7115,24.07288889,2012-04-24
2067,14963.0,-24.679167,30.8025,2012-04-24
2068,15063.0,-25.127778,27.628889,2012-04-24
2069,15101.0,-25.20639,27.558,2012-04-24
2070,15157.0,-24.69514,27.40906,2012-04-24
2071,15021.0,-27.363611,31.783333,2012-04-24
2072,14887.0,-30.733889,29.828333,2012-04-24
2073,14973.0,-26.880278,26.965,2012-04-24
2074,14858.0,-29.615556,27.065278,2012-04-24
2075,14900.0,-28.883333,27.89,2012-04-24
2076,14862.0,-29.161667,23.696389,2012-04-25
2077,15123.5,-24.183889,30.823889,2012-04-25
2078,15403.0,-22.769722,30.886944,2012-04-25
2079,14989.5,-27.937778,31.209444,2012-04-25
2080,14959.5,-26.905,32.324722,2012-04-25
2081,14973.0,-27.935,26.126667,2012-04-25
2082,14626.5,-34.075556,20.145556,2012-04-25
2083,14848.0,-30.398056,30.601944,2012-04-26
2084,14868.0,-30.27402,30.69602,2012-04-26
2085,14725.0,-30.679722,26.7125,2012-04-26
2086,14759.5,-30.160091,27.40124,2012-04-26
2087,14672.5,-34.005833,22.351111,2012-04-26
2088,14926.5,-29.803611,30.516111,2012-04-27
2089,14921.0,-29.758889,30.935278,2012-04-28
2090,15124.0,-28.760833,17.730278,2012-04-29
2091,14882.0,-25.99136,27.84208,2012-04-30
2092,14870.0,-29.380556,30.2775,2012-04-30
2093,14636.0,-34.065833,20.404167,2012-05-01
2094,14998.0,-26.006389,29.253889,2012-05-01
2095,15103.0,-25.45963889,28.26430556,2012-05-01
2096,14609.0,-33.897778,20.012778,2012-05-01
2097,14780.0,-29.161667,23.696389,2012-05-02
2098,14879.0,-25.81048333,27.90955222,2012-05-02
2099,14968.0,-26.861111,28.884722,2012-05-02
2100,14747.0,-29.033333,23.983333,2012-05-02
2101,15022.0,-28.058889,30.373611,2012-05-02
2102,15022.0,-24.925278,29.324444,2012-05-03
2103,14898.5,-27.00222,28.76528,2012-05-03
2104,14942.0,-27.398611,26.614722,2012-05-03
2105,14901.5,-27.671111,27.236944,2012-05-03
2106,14992.0,-27.4,26.624722,2012-05-03
2107,14904.0,-26.648056,27.089444,2012-05-04
2108,14840.0,-26.970278,27.211111,2012-05-04
2109,14898.0,-26.880278,26.965,2012-05-04
2110,14938.0,-27.01011111,26.69808333,2012-05-07
2111,14847.0,-26.73806,27.59194,2012-05-07
2112,14931.0,-26.45,28.085833,2012-05-07
2113,15045.0,-26.98472222,26.63227778,2012-05-07
2114,14796.0,-32.502778,19.535833,2012-05-07
2115,14750.0,-29.161667,23.696389,2012-05-08
2116,15009.0,-25.127778,27.628889,2012-05-08
2117,15025.0,-25.20639,27.558,2012-05-08
2118,15049.0,-24.69514,27.40906,2012-05-08
2119,15024.0,-28.747778,31.745833,2012-05-08
2120,14970.0,-27.169444,29.233889,2012-05-08
2121,14895.0,-26.648056,27.089444,2012-05-08
2122,14794.0,-26.970278,27.211111,2012-05-08
2123,14902.0,-26.880278,26.965,2012-05-08
2124,14967.0,-28.141944,26.417778,2012-05-08
2125,14902.0,-28.116667,26.725278,2012-05-08
2126,14789.0,-29.042222,24.6,2012-05-08
2127,14966.0,-28.460833,21.248889,2012-05-08
2128,14871.0,-31.396,29.2651,2012-05-08
2129,14946.0,-25.57877778,29.12747222,2012-05-08
2130,14750.0,-29.161667,23.696389,2012-05-09
2131,14783.0,-25.49037,30.6986,2012-05-09
2132,14872.0,-28.801278,31.955389,2012-05-09
2133,14914.0,-27.273889,28.49,2012-05-09
2134,14925.0,-27.4275,28.525833,2012-05-09
2135,14950.0,-27.3,28.586944,2012-05-09
2136,15023.0,-27.398611,26.614722,2012-05-09
2137,14905.0,-29.028629,24.638389,2012-05-09
2138,14738.0,-29.1825,23.575556,2012-05-09
2139,14719.0,-30.570833,29.150556,2012-05-09
2140,14828.0,-31.104278,29.399722,2012-05-09
2141,14570.0,-33.31388889,19.07472222,2012-05-09
2142,14886.0,-28.7115,24.07288889,2012-05-10
2143,14983.0,-29.140556,31.391944,2012-05-10
2144,15013.0,-28.75,30.442778,2012-05-10
2145,14915.0,-29.161667,30.629722,2012-05-10
2146,15018.0,-27.38972222,26.46388889,2012-05-10
2147,14985.0,-27.935,26.126667,2012-05-10
2148,14912.0,-27.671111,27.236944,2012-05-10
2149,14862.0,-28.376944,24.303056,2012-05-10
2150,14878.0,-31.031389,28.883333,2012-05-10
2151,14823.0,-30.86013889,29.07125,2012-05-10
2152,14799.0,-30.77586667,29.03221667,2012-05-10
2153,14755.0,-33.7075,18.97444444,2012-05-10
2154,14673.0,-33.72266667,18.61691667,2012-05-10
2155,14936.0,-27.902778,24.615556,2012-05-11
2156,14934.5,-28.44555556,32.325,2012-04-19
2157,14824.0,-31.554722,29.245556,2012-05-12
2158,15024.5,-28.760833,17.730278,2012-05-13
2159,14829.0,-25.99136,27.84208,2012-05-14
2160,14889.5,-26.861111,28.884722,2012-05-14
2161,14860.5,-26.45,28.085833,2012-05-14
2162,15038.0,-25.681111,31.783333,2012-05-15
2163,14992.0,-25.398889,31.610556,2012-05-15
2164,14751.0,-27.00222,28.76528,2012-05-15
2165,14784.0,-26.648056,27.089444,2012-05-15
2166,14392.0,-33.38056,19.30167,2012-05-15
2167,14921.0,-25.45963889,28.26430556,2012-05-15
2168,14972.0,-28.068333,31.55,2012-05-15
2169,14738.0,-25.81048333,27.90955222,2012-05-16
2170,14958.0,-24.768889,31.39,2012-05-16
2171,14672.0,-29.033333,23.983333,2012-05-16
2172,14541.0,-34.092222,21.295278,2012-05-16
2173,14576.0,-33.13083,18.86278,2012-05-16
2174,14641.0,-24.99328,30.81444,2012-05-17
2175,14518.0,-33.970833,22.548333,2012-05-17
2176,14916.0,-25.436111,31.982222,2012-05-18
2177,15130.0,-25.14944444,31.94055556,2012-05-18
2178,14589.5,-29.7775,29.470833,2012-05-21
2179,14578.5,-29.987778,29.851667,2012-05-21
2180,14631.0,-29.744167,29.905833,2012-05-21
2181,14751.0,-30.27402,30.69602,2012-05-21
2182,14729.0,-26.73806,27.59194,2012-05-21
2183,14578.5,-33.818056,19.694722,2012-05-21
2184,14757.5,-27.01011111,26.69808333,2012-05-22
2185,14470.0,-34.065833,20.404167,2012-05-22
2186,14762.5,-24.679167,30.8025,2012-05-22
2187,15005.0,-24.183889,30.823889,2012-05-22
2188,14820.5,-25.127778,27.628889,2012-05-22
2189,14887.0,-25.20639,27.558,2012-05-22
2190,14946.0,-24.69514,27.40906,2012-05-22
2191,14895.5,-27.363611,31.783333,2012-05-22
2192,14762.0,-30.733889,29.828333,2012-05-22
2193,14812.0,-27.169444,29.233889,2012-05-22
2194,14739.5,-26.880278,26.965,2012-05-22
2195,14842.0,-26.98472222,26.63227778,2012-05-22
2196,14849.5,-29.160278,26.573333,2012-05-22
2197,14587.5,-30.336111,27.359444,2012-05-22
2198,14550.5,-33.501667,21.624167,2012-05-22
2199,14507.5,-34.075556,20.145556,2012-05-22
2200,14487.5,-33.897778,20.012778,2012-05-22
2201,15008.0,-24.058889,31.237222,2012-05-23
2202,14738.0,-30.398056,30.601944,2012-05-23
2203,14563.0,-30.160091,27.40124,2012-05-23
2204,14619.0,-28.69485,28.23487,2012-05-23
2205,14649.0,-28.883333,27.89,2012-05-23
2206,14580.0,-34.005833,22.351111,2012-05-23
2207,14734.0,-29.641944,30.6875,2012-05-24
2208,14493.0,-30.830556,26.921389,2012-05-24
2209,14638.0,-29.380556,30.2775,2012-05-24
2210,14499.0,-30.679722,26.7125,2012-05-24
2211,14592.0,-29.615556,27.065278,2012-05-24
2212,14558.0,-34.031944,22.053333,2012-05-24
2213,14575.0,-34.039722,22.133333,2012-05-24
2214,14738.0,-30.398056,30.601944,2012-05-25
2215,14750.0,-30.27402,30.69602,2012-05-25
2216,14627.0,-29.658056,25.973333,2012-05-25
2217,14423.0,-31.000833,26.353056,2012-05-25
2218,14775.0,-28.460833,21.248889,2012-05-25
2219,14773.0,-29.803611,30.516111,2012-05-25
2220,14719.0,-29.758889,30.935278,2012-05-26
2221,14824.0,-28.760833,17.730278,2012-05-27
2222,14774.5,-25.99136,27.84208,2012-05-28
2223,14786.0,-26.861111,28.884722,2012-05-28
2224,14689.5,-26.970278,27.211111,2012-05-28
2225,14743.0,-26.45,28.085833,2012-05-28
2226,14717.5,-27.01011111,26.69808333,2012-05-29
2227,14606.5,-29.380556,30.2775,2012-05-29
2228,14683.5,-27.00222,28.76528,2012-05-29
2229,14731.5,-26.648056,27.089444,2012-05-29
2230,14721.5,-26.880278,26.965,2012-05-29
2231,14808.0,-26.98472222,26.63227778,2012-05-29
2232,14382.0,-31.000833,26.353056,2012-05-29
2233,14889.0,-25.45963889,28.26430556,2012-05-29
2234,14673.5,-29.161667,23.696389,2012-05-30
2235,14881.5,-24.282222,28.090278,2012-05-30
2236,14801.0,-27.937778,31.209444,2012-05-30
2237,14708.5,-28.404444,30.013056,2012-05-30
2238,14673.5,-28.1175,26.719444,2012-05-30
2239,14887.0,-28.44555556,32.325,2012-05-12
2240,14813.0,-24.670833,28.560833,2012-05-31
2241,14747.0,-27.573056,24.746389,2012-05-31
2242,14499.0,-30.679722,26.7125,2012-05-31
2243,14730.0,-28.44555556,32.325,2012-07-12
2244,14312.0,-33.38056,19.30167,2012-05-31
2245,14557.0,-33.13083,18.86278,2012-05-31
2246,14648.0,-29.161667,23.696389,2012-06-01
2247,14633.0,-28.7115,24.07288889,2012-06-01
2248,14784.0,-27.5275,30.858056,2012-06-01
2249,14562.0,-29.1825,23.575556,2012-06-01
2250,14683.5,-26.73806,27.59194,2012-06-04
2251,14473.5,-32.502778,19.535833,2012-06-04
2252,14750.5,-25.127778,27.628889,2012-06-05
2253,14749.0,-25.20639,27.558,2012-06-05
2254,14867.5,-24.69514,27.40906,2012-06-05
2255,14724.0,-26.006389,29.253889,2012-06-05
2256,14813.0,-28.747778,31.745833,2012-06-05
2257,14632.5,-27.169444,29.233889,2012-06-05
2258,14410.0,-34.250556,20.9925,2012-06-05
2259,14729.0,-25.57877778,29.12747222,2012-06-05
2260,15054.0,-23.658056,31.05,2012-06-06
2261,14702.0,-28.801278,31.955389,2012-06-06
2262,14733.0,-27.02314,28.59389,2012-06-06
2263,14687.0,-27.4275,28.525833,2012-06-06
2264,14672.0,-27.3,28.586944,2012-06-06
2265,14704.5,-28.141944,26.417778,2012-06-06
2266,14690.5,-28.1175,26.719444,2012-06-06
2267,14779.5,-28.44555556,32.325,2012-08-08
2268,14507.0,-33.7075,18.97444444,2012-06-06
2269,14460.0,-33.72266667,18.61691667,2012-06-06
2270,14768.5,-29.140556,31.391944,2012-06-07
2271,14929.0,-23.838611,31.640833,2012-06-07
2272,14909.0,-28.44555556,32.325,2012-09-12
2273,14686.0,-28.75,30.442778,2012-06-07
2274,14611.5,-29.161667,30.629722,2012-06-07
2275,14767.0,-27.398611,26.614722,2012-06-07
2276,14683.5,-27.671111,27.236944,2012-06-07
2277,15059.5,-27.5275,30.858056,2011-08-25
2278,14754.5,-27.4,26.624722,2012-06-07
2279,14749.0,-25.99136,27.84208,2012-06-11
2280,14746.0,-26.861111,28.884722,2012-06-11
2281,14657.0,-27.671111,27.236944,2012-06-11
2282,14612.0,-31.554722,29.245556,2012-06-11
2283,14363.0,-33.818056,19.694722,2012-06-11
2284,14570.0,-27.935,26.126667,2012-06-12
2285,14593.5,-28.141944,26.417778,2012-06-12
2286,14485.0,-29.658056,25.973333,2012-06-12
2287,14215.5,-31.000833,26.353056,2012-06-12
2288,14343.5,-30.534167,24.961944,2012-06-12
2289,14418.5,-31.104278,29.399722,2012-06-12
2290,14375.5,-34.075556,20.145556,2012-06-12
2291,14857.5,-25.45963889,28.26430556,2012-06-12
2292,14827.5,-28.068333,31.55,2012-06-12
2293,14445.5,-29.161667,23.696389,2012-06-13
2294,14648.5,-25.81048333,27.90955222,2012-06-13
2295,14566.0,-27.00222,28.76528,2012-06-13
2296,14593.0,-28.1175,26.719444,2012-06-13
2297,14343.5,-30.534167,24.961944,2012-06-13
2298,14499.0,-30.568333,29.422778,2012-06-13
2299,14454.5,-30.570833,29.150556,2012-06-13
2300,14445.5,-29.161667,23.696389,2012-06-14
2301,14792.0,-26.905,32.324722,2012-06-14
2302,14756.0,-27.602222,29.942778,2012-06-14
2303,14570.0,-27.935,26.126667,2012-06-14
2304,14593.0,-28.1175,26.719444,2012-06-14
2305,14215.5,-31.000833,26.353056,2012-06-14
2306,14273.0,-30.679722,26.7125,2012-06-14
2307,14270.0,-30.160091,27.40124,2012-06-14
2308,14552.0,-30.86013889,29.07125,2012-06-14
2309,14483.0,-28.7115,24.07288889,2012-06-15
2310,14630.5,-27.01011111,26.69808333,2012-06-15
2311,14649.5,-29.641944,30.6875,2012-06-15
2312,14674.0,-26.648056,27.089444,2012-06-15
2313,14625.0,-26.970278,27.211111,2012-06-15
2314,14641.0,-26.880278,26.965,2012-06-15
2315,14691.5,-26.98472222,26.63227778,2012-06-15
2316,14686.0,-27.398611,26.614722,2012-06-15
2317,14337.0,-29.1825,23.575556,2012-06-15
2318,14988.0,-22.91028,29.61111,2012-06-18
2319,14513.0,-29.7775,29.470833,2012-06-18
2320,14509.0,-29.744167,29.905833,2012-06-18
2321,14622.0,-26.861111,28.884722,2012-06-18
2322,14563.0,-26.73806,27.59194,2012-06-18
2323,14646.0,-26.45,28.085833,2012-06-18
2324,14383.0,-34.065833,20.404167,2012-06-19
2325,14650.0,-25.127778,27.628889,2012-06-19
2326,14631.0,-25.20639,27.558,2012-06-19
2327,14793.0,-24.69514,27.40906,2012-06-19
2328,14796.0,-27.363611,31.783333,2012-06-19
2329,14545.0,-30.733889,29.828333,2012-06-19
2330,14547.0,-27.169444,29.233889,2012-06-19
2331,14551.0,-27.00222,28.76528,2012-06-19
2332,14524.0,-29.160278,26.573333,2012-06-19
2333,14473.0,-29.028629,24.638389,2012-06-19
2334,14405.5,-29.161667,23.696389,2012-06-20
2335,14882.0,-24.282222,28.090278,2012-06-20
2336,14957.0,-25.681111,31.783333,2012-06-20
2337,14906.5,-25.398889,31.610556,2012-06-20
2338,14643.0,-30.398056,30.601944,2012-06-20
2339,14692.0,-30.27402,30.69602,2012-06-20
2340,14377.0,-29.615556,27.065278,2012-06-20
2341,14356.0,-28.883333,27.89,2012-06-20
2342,14389.5,-34.405833,19.600556,2012-06-20
2343,14786.5,-24.670833,28.560833,2012-06-21
2344,14534.5,-24.99328,30.81444,2012-06-21
2345,14901.0,-24.768889,31.39,2012-06-21
2346,14501.0,-27.802778,28.768333,2012-06-21
2347,14495.5,-27.935,26.126667,2012-06-21
2348,14469.0,-28.1175,26.719444,2012-06-21
2349,14252.5,-30.679722,26.7125,2012-06-21
2350,14256.0,-30.160091,27.40124,2012-06-21
2351,14284.0,-30.336111,27.359444,2012-06-21
2352,14389.0,-33.501667,21.624167,2012-06-21
2353,14318.0,-34.329722,18.990278,2012-06-21
2354,14837.5,-25.436111,31.982222,2012-06-22
2355,15020.0,-25.14944444,31.94055556,2012-06-22
2356,14404.0,-29.658056,25.973333,2012-06-22
2357,14209.0,-31.000833,26.353056,2012-06-22
2358,14667.5,-29.803611,30.516111,2012-06-22
2359,15509.5,-27.363611,31.783333,2015-11-24
2360,14717.0,-28.760833,17.730278,2012-06-24
2361,14703.0,-24.679167,30.8025,2012-06-25
2362,14749.0,-25.99136,27.84208,2012-06-25
2363,14890.0,-25.362222,31.956667,2012-06-25
2364,15041.0,-25.14944444,31.94055556,2012-06-25
2365,14550.0,-27.01011111,26.69808333,2012-06-26
2366,14916.0,-24.183889,30.823889,2012-06-26
2367,14687.0,-29.758889,30.935278,2012-06-26
2368,14681.0,-29.380556,30.2775,2012-06-26
2369,14603.0,-26.861111,28.884722,2012-06-26
2370,14595.0,-26.880278,26.965,2012-06-26
2371,14662.0,-26.45,28.085833,2012-06-26
2372,14595.0,-26.98472222,26.63227778,2012-06-26
2373,14424.0,-34.039722,22.133333,2012-06-26
2374,14418.0,-33.7075,18.97444444,2012-06-26
2375,14388.0,-33.72266667,18.61691667,2012-06-26
2376,14853.0,-25.45963889,28.26430556,2012-06-26
2377,14398.0,-29.161667,23.696389,2012-06-27
2378,14652.0,-25.81048333,27.90955222,2012-06-27
2379,14261.0,-30.830556,26.921389,2012-06-27
2380,14954.0,-24.058889,31.237222,2012-06-27
2381,14754.0,-28.404444,30.013056,2012-06-27
2382,14522.0,-27.4275,28.525833,2012-06-27
2383,14435.0,-34.031944,22.053333,2012-06-27
2384,14410.0,-32.595833,19.009444,2012-06-27
2385,14717.0,-28.058889,30.373611,2012-06-27
2386,14687.0,-25.447222,30.711667,2012-06-27
2387,14366.0,-29.161667,23.696389,2012-06-28
2388,14649.5,-29.641944,30.6875,2012-06-28
2389,14478.0,-31.860278,18.6875,2012-06-28
2390,14742.0,-27.5275,30.858056,2012-06-28
2391,14627.5,-29.380556,30.2775,2012-06-28
2392,14521.5,-27.00222,28.76528,2012-06-28
2393,14622.0,-26.648056,27.089444,2012-06-28
2394,14430.0,-29.028629,24.638389,2012-06-28
2395,14315.5,-29.1825,23.575556,2012-06-28
2396,14761.0,-25.49037,30.6986,2012-06-29
2397,14643.0,-30.398056,30.601944,2012-06-29
2398,14686.0,-30.27402,30.69602,2012-06-29
2399,14480.5,-27.935,26.126667,2012-06-29
2400,14425.0,-28.1175,26.719444,2012-06-29
2401,14650.0,-25.127778,27.628889,2012-07-03
2402,14631.0,-25.20639,27.558,2012-07-03
2403,14793.0,-24.69514,27.40906,2012-07-03
2404,14783.0,-28.747778,31.745833,2012-07-03
2405,14576.0,-31.5653,18.3306,2012-07-03
2406,14913.0,-24.39619444,27.08983333,2012-07-04
2407,14731.0,-28.801278,31.955389,2012-07-04
2408,14474.0,-27.935,26.126667,2012-07-04
2409,14388.0,-28.141944,26.417778,2012-07-04
2410,14421.0,-28.1175,26.719444,2012-07-04
2411,14595.0,-28.75,30.442778,2012-07-05
2412,14603.0,-29.161667,30.629722,2012-07-05
2413,14531.0,-28.460833,21.248889,2012-07-05
2414,14429.0,-34.092222,21.295278,2012-07-05
2415,14164.0,-33.38056,19.30167,2012-07-05
2416,14532.0,-27.4,26.624722,2012-07-05
2417,14501.5,-27.573056,24.746389,2012-07-06
2418,14683.0,-28.760833,17.730278,2012-07-08
2419,14457.0,-29.028629,24.638389,2012-07-09
2420,14370.0,-33.818056,19.694722,2012-07-09
2421,14673.0,-26.861111,28.884722,2012-07-10
2422,14595.0,-26.880278,26.965,2012-07-10
2423,14665.0,-26.45,28.085833,2012-07-10
2424,14595.0,-26.98472222,26.63227778,2012-07-10
2425,14474.0,-27.935,26.126667,2012-07-10
2426,14429.0,-28.1175,26.719444,2012-07-10
2427,14265.0,-28.69485,28.23487,2012-07-10
2428,14443.0,-31.104278,29.399722,2012-07-10
2429,14522.0,-31.396,29.2651,2012-07-10
2430,14286.0,-34.075556,20.145556,2012-07-10
2431,14800.0,-25.45963889,28.26430556,2012-07-10
2432,14772.0,-28.338333,31.373611,2012-07-10
2433,14898.0,-28.068333,31.55,2012-07-10
2434,14649.0,-28.760833,17.730278,2012-07-11
2435,14413.0,-29.161667,23.696389,2012-07-11
2436,14652.0,-25.81048333,27.90955222,2012-07-11
2437,14662.0,-29.641944,30.6875,2012-07-11
2438,14327.0,-28.883333,27.89,2012-07-11
2439,14527.0,-30.568333,29.422778,2012-07-11
2440,14515.0,-30.86013889,29.07125,2012-07-11
2441,14480.0,-30.570833,29.150556,2012-07-11
2442,14537.0,-30.77586667,29.03221667,2012-07-11
2443,14338.0,-34.250556,20.9925,2012-07-11
2444,14978.5,-28.44555556,32.325,2012-10-09
2445,14636.0,-26.648056,27.089444,2012-07-12
2446,14511.0,-27.902778,24.615556,2012-07-12
2447,14548.0,-28.768056,20.720556,2012-07-12
2448,14503.0,-31.031389,28.883333,2012-07-12
2449,14597.0,-29.7775,29.470833,2012-07-16
2450,14500.5,-29.987778,29.851667,2012-07-16
2451,14619.0,-29.744167,29.905833,2012-07-16
2452,14380.0,-33.897778,20.012778,2012-07-16
2453,14608.0,-27.01011111,26.69808333,2012-07-17
2454,14366.0,-34.065833,20.404167,2012-07-17
2455,14687.0,-25.127778,27.628889,2012-07-17
2456,14673.0,-25.20639,27.558,2012-07-17
2457,14805.0,-24.69514,27.40906,2012-07-17
2458,14723.5,-25.73411,27.21422,2012-07-17
2459,14818.0,-27.363611,31.783333,2012-07-17
2460,14610.0,-30.733889,29.828333,2012-07-17
2461,14675.5,-26.648056,27.089444,2012-07-17
2462,14593.5,-26.970278,27.211111,2012-07-17
2463,14712.0,-26.45,28.085833,2012-07-17
2464,14666.5,-26.98472222,26.63227778,2012-07-17
2465,14543.0,-27.935,26.126667,2012-07-17
2466,14459.0,-29.160278,26.573333,2012-07-17
2467,14397.5,-33.870833,20.003333,2012-07-17
2468,14571.0,-29.161667,23.696389,2012-07-18
2469,14883.0,-24.39619444,27.08983333,2012-07-18
2470,14805.0,-26.905,32.324722,2012-07-18
2471,14629.0,-30.398056,30.601944,2012-07-18
2472,14669.0,-30.27402,30.69602,2012-07-18
2473,14666.0,-27.169444,29.233889,2012-07-18
2474,14701.0,-26.861111,28.884722,2012-07-18
2475,14398.0,-28.69485,28.23487,2012-07-18
2476,14402.0,-29.615556,27.065278,2012-07-18
2477,14484.0,-28.883333,27.89,2012-07-18
2478,14434.0,-34.02861,22.22222,2012-07-18
2479,14332.0,-34.405833,19.600556,2012-07-18
2480,14298.0,-30.160091,27.40124,2012-07-19
2481,14346.0,-30.336111,27.359444,2012-07-19
2482,14334.0,-30.830556,26.921389,2012-07-20
2483,14489.0,-29.658056,25.973333,2012-07-20
2484,14219.0,-31.000833,26.353056,2012-07-20
2485,14314.0,-30.679722,26.7125,2012-07-20
2486,14667.0,-28.460833,21.248889,2012-07-20
2487,14671.0,-29.803611,30.516111,2012-07-20
2488,14617.0,-31.5653,18.3306,2012-07-21
2489,14806.5,-24.679167,30.8025,2012-07-23
2490,14808.0,-25.99136,27.84208,2012-07-23
2491,14655.5,-26.880278,26.965,2012-07-23
2492,14708.5,-26.98472222,26.63227778,2012-07-23
2493,14374.5,-33.31388889,19.07472222,2012-07-23
2494,14928.5,-24.183889,30.823889,2012-07-24
2495,14704.0,-26.861111,28.884722,2012-07-24
2496,14598.5,-26.970278,27.211111,2012-07-24
2497,14581.0,-27.802778,28.768333,2012-07-24
2498,14418.0,-28.69485,28.23487,2012-07-24
2499,14360.0,-33.501667,21.624167,2012-07-24
2500,14584.5,-29.161667,23.696389,2012-07-25
2501,14700.5,-25.81048333,27.90955222,2012-07-25
2502,14843.0,-24.034167,31.123611,2012-07-25
2503,14637.0,-29.380556,30.2775,2012-07-25
2504,14728.0,-28.058889,30.373611,2012-07-25
2505,14685.0,-29.641944,30.6875,2012-07-26
2506,14552.0,-31.860278,18.6875,2012-07-26
2507,14842.0,-27.5275,30.858056,2012-07-26
2508,14700.0,-29.380556,30.2775,2012-07-26
2509,14619.0,-27.00222,28.76528,2012-07-26
2510,14738.0,-26.648056,27.089444,2012-07-26
2511,14702.0,-29.758889,30.935278,2012-07-27
2512,14742.0,-30.27402,30.69602,2012-07-28
2513,14682.5,-27.01011111,26.69808333,2012-07-30
2514,14745.5,-26.648056,27.089444,2012-07-30
2515,14664.0,-26.880278,26.965,2012-07-30
2516,14764.0,-26.98472222,26.63227778,2012-07-30
2517,14665.0,-31.554722,29.245556,2012-07-30
2518,14269.5,-33.38056,19.30167,2012-07-30
2519,14743.0,-25.127778,27.628889,2012-07-31
2520,14677.0,-25.20639,27.558,2012-07-31
2521,14723.5,-26.861111,28.884722,2012-07-31
2522,14627.0,-26.970278,27.211111,2012-07-31
2523,14696.5,-26.73806,27.59194,2012-07-31
2524,14788.5,-26.45,28.085833,2012-07-31
2525,14499.5,-31.104278,29.399722,2012-07-31
2526,14892.0,-24.39619444,27.08983333,2012-08-01
2527,14708.0,-27.169444,29.233889,2012-08-01
2528,14594.0,-28.141944,26.417778,2012-08-01
2529,14588.0,-28.1175,26.719444,2012-08-01
2530,14389.5,-33.13083,18.86278,2012-08-01
2531,14692.0,-28.75,30.442778,2012-08-02
2532,14711.5,-29.161667,30.629722,2012-08-02
2533,14657.5,-27.00222,28.76528,2012-08-02
2534,14745.5,-26.648056,27.089444,2012-08-02
2535,14720.5,-27.398611,26.614722,2012-08-02
2536,14625.0,-28.376944,24.303056,2012-08-02
2537,14686.0,-27.671111,27.236944,2012-08-03
2538,14684.0,-28.735556,29.820556,2012-08-04
2539,14747.0,-28.760833,17.730278,2012-08-05
2540,14825.0,-25.99136,27.84208,2012-08-06
2541,14610.0,-26.970278,27.211111,2012-08-06
2542,14321.0,-33.818056,19.694722,2012-08-06
2543,14735.0,-27.01011111,26.69808333,2012-08-07
2544,14766.0,-29.641944,30.6875,2012-08-07
2545,14745.5,-28.735556,29.820556,2012-08-07
2546,14701.5,-26.880278,26.965,2012-08-07
2547,14808.0,-26.98472222,26.63227778,2012-08-07
2548,14761.5,-27.398611,26.614722,2012-08-07
2549,14378.5,-34.075556,20.145556,2012-08-07
2550,14972.5,-25.45963889,28.26430556,2012-08-07
2551,14922.0,-28.338333,31.373611,2012-08-07
2552,14994.5,-28.068333,31.55,2012-08-07
2553,14885.5,-25.57877778,29.12747222,2012-08-07
2554,14764.0,-25.81048333,27.90955222,2012-08-08
2555,15063.0,-28.44555556,32.325,2012-10-31
2556,14748.0,-26.861111,28.884722,2012-08-08
2557,14792.0,-26.45,28.085833,2012-08-08
2558,14736.5,-27.273889,28.49,2012-08-09
2559,14684.0,-27.802778,28.768333,2012-08-09
2560,14722.0,-27.00222,28.76528,2012-08-10
2561,14744.5,-27.02314,28.59389,2012-08-10
2562,14760.0,-26.648056,27.089444,2012-08-10
2563,14727.5,-27.573056,24.746389,2012-08-10
2564,14381.0,-34.065833,20.404167,2012-08-12
2565,14771.0,-27.01011111,26.69808333,2012-08-13
2566,14778.0,-29.7775,29.470833,2012-08-13
2567,14663.0,-29.987778,29.851667,2012-08-13
2568,14696.0,-29.744167,29.905833,2012-08-13
2569,14744.0,-26.880278,26.965,2012-08-13
2570,14826.0,-26.98472222,26.63227778,2012-08-13
2571,14792.0,-25.127778,27.628889,2012-08-14
2572,15018.0,-24.39619444,27.08983333,2012-08-14
2573,14917.0,-24.69514,27.40906,2012-08-14
2574,14814.0,-25.73411,27.21422,2012-08-14
2575,14878.0,-26.03611,30.99778,2012-08-14
2576,14988.0,-27.363611,31.783333,2012-08-14
2577,14785.0,-26.73806,27.59194,2012-08-14
2578,14803.0,-26.45,28.085833,2012-08-14
2579,14757.0,-27.273889,28.49,2012-08-14
2580,14663.0,-29.160278,26.573333,2012-08-14
2581,14410.0,-34.250556,20.9925,2012-08-14
2582,14379.0,-33.897778,20.012778,2012-08-14
2583,14843.5,-25.20639,27.558,2012-08-15
2584,15047.0,-25.49037,30.6986,2012-08-15
2585,14839.5,-30.398056,30.601944,2012-08-15
2586,14879.0,-30.27402,30.69602,2012-08-15
2587,14977.5,-27.169444,29.233889,2012-08-15
2588,14935.5,-27.3,28.586944,2012-08-15
2589,14785.0,-29.033333,23.983333,2012-08-15
2590,14752.5,-28.69485,28.23487,2012-08-15
2591,14734.5,-29.615556,27.065278,2012-08-15
2592,14820.5,-28.883333,27.89,2012-08-15
2593,14383.5,-34.405833,19.600556,2012-08-15
2594,14954.5,-25.447222,30.711667,2012-08-15
2595,14885.0,-30.13573889,30.67422222,2012-08-16
2596,14960.5,-26.648056,27.089444,2012-08-16
2597,14960.5,-27.902778,24.615556,2012-08-16
2598,14675.5,-30.160091,27.40124,2012-08-16
2599,14682.5,-30.336111,27.359444,2012-08-16
2600,14617.0,-30.830556,26.921389,2012-08-17
2601,14793.5,-29.658056,25.973333,2012-08-17
2602,14507.5,-31.000833,26.353056,2012-08-17
2603,14612.5,-30.679722,26.7125,2012-08-17
2604,14852.5,-29.803611,30.516111,2012-08-17
2605,14825.5,-28.760833,17.730278,2012-08-18
2606,15337.0,-22.43772222,31.07805556,2012-08-19
2607,15204.0,-24.679167,30.8025,2012-08-20
2608,15231.0,-25.99136,27.84208,2012-08-20
2609,14879.0,-30.27402,30.69602,2012-08-20
2610,15091.0,-26.880278,26.965,2012-08-20
2611,15166.0,-26.98472222,26.63227778,2012-08-20
2612,14620.0,-33.7075,18.97444444,2012-08-20
2613,15293.0,-24.183889,30.823889,2012-08-21
2614,14897.0,-29.380556,30.2775,2012-08-21
2615,15211.0,-26.45,28.085833,2012-08-21
2616,14445.0,-33.464444,18.740556,2012-08-21
2617,15318.0,-25.45963889,28.26430556,2012-08-21
2618,15154.0,-25.81048333,27.90955222,2012-08-22
2619,15341.0,-24.058889,31.237222,2012-08-22
2620,15145.0,-27.169444,29.233889,2012-08-22
2621,15084.0,-27.273889,28.49,2012-08-22
2622,15046.0,-27.802778,28.768333,2012-08-22
2623,15140.0,-28.058889,30.373611,2012-08-22
2624,15034.5,-29.161667,23.696389,2012-08-23
2625,15060.5,-28.7115,24.07288889,2012-08-23
2626,14662.0,-31.860278,18.6875,2012-08-23
2627,15050.0,-27.937778,31.209444,2012-08-23
2628,15110.5,-26.648056,27.089444,2012-08-23
2629,14886.0,-29.1825,23.575556,2012-08-23
2630,14556.0,-34.031944,22.053333,2012-08-23
2631,14543.5,-34.02861,22.22222,2012-08-23
2632,15329.5,-23.838611,31.640833,2012-08-24
2633,14629.5,-32.502778,19.535833,2012-08-24
2634,14855.5,-29.380556,30.2775,2012-08-26
2635,14987.0,-29.641944,30.6875,2012-08-27
2636,14952.0,-29.758889,30.935278,2012-08-27
2637,15126.0,-27.01011111,26.69808333,2012-08-28
2638,15105.0,-25.127778,27.628889,2012-08-28
2639,14991.0,-25.20639,27.558,2012-08-28
2640,15166.0,-24.69514,27.40906,2012-08-28
2641,15126.0,-28.747778,31.745833,2012-08-28
2642,15048.0,-26.970278,27.211111,2012-08-28
2643,15091.0,-26.880278,26.965,2012-08-28
2644,15211.0,-26.45,28.085833,2012-08-28
2645,15166.0,-26.98472222,26.63227778,2012-08-28
2646,14973.0,-30.86013889,29.07125,2012-08-28
2647,14823.0,-31.104278,29.399722,2012-08-28
2648,14800.0,-31.396,29.2651,2012-08-28
2649,14860.0,-31.554722,29.245556,2012-08-28
2650,14648.0,-33.501667,21.624167,2012-08-28
2651,14800.0,-31.5653,18.3306,2012-08-28
2652,15146.0,-29.161667,23.696389,2012-08-29
2653,14984.0,-28.801278,31.955389,2012-08-29
2654,15062.0,-28.141944,26.417778,2012-08-29
2655,15083.0,-28.1175,26.719444,2012-08-29
2656,14944.0,-30.568333,29.422778,2012-08-29
2657,14939.0,-30.77586667,29.03221667,2012-08-29
2658,14517.0,-33.13083,18.86278,2012-08-29
2659,15255.0,-24.282222,28.090278,2012-08-30
2660,15012.0,-28.75,30.442778,2012-08-30
2661,15038.0,-29.161667,30.629722,2012-08-30
2662,15121.0,-27.00222,28.76528,2012-08-30
2663,15129.0,-27.398611,26.614722,2012-08-30
2664,15070.0,-27.671111,27.236944,2012-08-30
2665,14407.0,-33.38056,19.30167,2012-08-30
2666,15189.5,-27.902778,24.615556,2012-08-31
2667,15070.5,-28.760833,17.730278,2012-09-02
2668,15178.5,-25.99136,27.84208,2012-09-03
2669,15351.0,-22.43772222,31.07805556,2012-09-03
2670,15017.0,-26.970278,27.211111,2012-09-03
2671,15124.5,-27.3,28.586944,2012-09-03
2672,14979.0,-31.031389,28.883333,2012-09-03
2673,14715.0,-33.818056,19.694722,2012-09-03
2674,15119.0,-27.01011111,26.69808333,2012-09-04
2675,15116.0,-26.880278,26.965,2012-09-04
2676,15202.0,-26.98472222,26.63227778,2012-09-04
2677,14999.0,-27.671111,27.236944,2012-09-04
2678,14729.0,-34.075556,20.145556,2012-09-04
2679,15149.0,-25.45963889,28.26430556,2012-09-04
2680,15009.0,-28.338333,31.373611,2012-09-04
2681,15001.0,-28.068333,31.55,2012-09-04
2682,15118.0,-27.4,26.624722,2012-09-04
2683,15191.0,-29.161667,23.696389,2012-09-05
2684,15061.0,-25.81048333,27.90955222,2012-09-05
2685,15115.0,-27.602222,29.942778,2012-09-05
2686,15126.0,-27.169444,29.233889,2012-09-05
2687,15036.0,-26.73806,27.59194,2012-09-05
2688,15000.0,-26.45,28.085833,2012-09-05
2689,15011.0,-29.641944,30.6875,2012-09-06
2690,15191.0,-29.161667,23.696389,2012-09-07
2691,15167.0,-28.7115,24.07288889,2012-09-07
2692,15176.0,-27.02314,28.59389,2012-09-07
2693,15140.0,-27.273889,28.49,2012-09-07
2694,15039.0,-29.1825,23.575556,2012-09-07
2695,15202.5,-29.028629,24.638389,2012-09-08
2696,15116.0,-27.01011111,26.69808333,2012-09-10
2697,14868.5,-29.987778,29.851667,2012-09-10
2698,15078.5,-29.744167,29.905833,2012-09-10
2699,15192.5,-26.98472222,26.63227778,2012-09-10
2700,15199.0,-29.160278,26.573333,2012-09-10
2701,14681.5,-34.065833,20.404167,2012-09-11
2702,15205.5,-25.127778,27.628889,2012-09-11
2703,15376.0,-24.39619444,27.08983333,2012-09-11
2704,15229.0,-24.69514,27.40906,2012-09-11
2705,15126.5,-27.363611,31.783333,2012-09-11
2706,14977.0,-30.733889,29.828333,2012-09-11
2707,15039.0,-26.970278,27.211111,2012-09-11
2708,15003.5,-26.45,28.085833,2012-09-11
2709,14935.0,-28.69485,28.23487,2012-09-11
2710,15069.0,-29.615556,27.065278,2012-09-11
2711,15001.0,-28.883333,27.89,2012-09-11
2712,14851.5,-33.897778,20.012778,2012-09-11
2713,15258.0,-29.161667,23.696389,2012-09-12
2714,15149.0,-25.20639,27.558,2012-09-12
2715,15413.0,-22.769722,30.886944,2012-09-12
2716,15130.0,-28.44555556,32.325,2013-01-24
2717,15005.0,-26.905,32.324722,2012-09-12
2718,14869.0,-30.398056,30.601944,2012-09-12
2719,14875.0,-30.27402,30.69602,2012-09-12
2720,15003.0,-30.160091,27.40124,2012-09-12
2721,14973.0,-30.336111,27.359444,2012-09-12
2722,15242.0,-28.768056,20.720556,2012-09-12
2723,14777.0,-34.405833,19.600556,2012-09-12
2724,14985.0,-30.830556,26.921389,2012-09-13
2725,15183.0,-27.00222,28.76528,2012-09-13
2726,15176.0,-26.648056,27.089444,2012-09-13
2727,14869.0,-31.000833,26.353056,2012-09-13
2728,15006.0,-30.679722,26.7125,2012-09-13
2729,14696.0,-34.329722,18.990278,2012-09-13
2730,15261.0,-27.573056,24.746389,2012-09-14
2731,15161.0,-29.658056,25.973333,2012-09-14
2732,14935.0,-29.803611,30.516111,2012-09-14
2733,15339.5,-29.161667,23.696389,2012-09-17
2734,15133.0,-25.99136,27.84208,2012-09-17
2735,15071.5,-26.73806,27.59194,2012-09-17
2736,15003.5,-26.45,28.085833,2012-09-17
2737,15158.5,-27.935,26.126667,2012-09-17
2738,15149.5,-29.1825,23.575556,2012-09-17
2739,14678.5,-33.31388889,19.07472222,2012-09-17
2740,15116.0,-27.01011111,26.69808333,2012-09-18
2741,15304.0,-22.91028,29.61111,2012-09-18
2742,15156.0,-27.5275,30.858056,2012-09-18
2743,15012.0,-29.380556,30.2775,2012-09-18
2744,15156.5,-27.169444,29.233889,2012-09-18
2745,15199.0,-26.648056,27.089444,2012-09-18
2746,15039.0,-26.970278,27.211111,2012-09-18
2747,15122.5,-26.880278,26.965,2012-09-18
2748,15038.0,-27.802778,28.768333,2012-09-18
2749,14884.5,-33.7075,18.97444444,2012-09-18
2750,15283.0,-25.45963889,28.26430556,2012-09-18
2751,15339.5,-29.161667,23.696389,2012-09-19
2752,15136.0,-25.81048333,27.90955222,2012-09-19
2753,15286.5,-23.763056,27.908611,2012-09-19
2754,15192.5,-27.00222,28.76528,2012-09-19
2755,15103.5,-27.273889,28.49,2012-09-19
2756,14732.0,-34.039722,22.133333,2012-09-19
2757,14867.0,-32.595833,19.009444,2012-09-19
2758,14842.5,-34.005833,22.351111,2012-09-19
2759,15205.0,-31.860278,18.6875,2012-09-20
2760,15347.0,-29.744167,29.905833,2013-12-27
2761,15363.0,-24.282222,28.090278,2012-09-20
2762,15574.0,-23.838611,31.640833,2012-09-20
2763,15324.0,-24.670833,28.560833,2012-09-21
2764,14995.0,-32.502778,19.535833,2012-09-21
2765,15493.0,-24.183889,30.823889,2012-09-25
2766,15442.0,-25.127778,27.628889,2012-09-25
2767,15296.5,-25.20639,27.558,2012-09-25
2768,15306.5,-24.69514,27.40906,2012-09-25
2769,15276.5,-25.73411,27.21422,2012-09-25
2770,15114.5,-26.45,28.085833,2012-09-25
2771,14898.0,-31.396,29.2651,2012-09-25
2772,14935.5,-31.554722,29.245556,2012-09-25
2773,14896.5,-33.501667,21.624167,2012-09-25
2774,14652.5,-33.38056,19.30167,2012-09-25
2775,15520.5,-29.161667,23.696389,2012-09-26
2776,15216.5,-27.01011111,26.69808333,2012-09-26
2777,15558.5,-24.39619444,27.08983333,2012-09-26
2778,15022.5,-29.380556,30.2775,2012-09-26
2779,15273.0,-26.648056,27.089444,2012-09-26
2780,15245.5,-26.880278,26.965,2012-09-26
2781,15177.0,-27.802778,28.768333,2012-09-26
2782,15301.5,-26.98472222,26.63227778,2012-09-26
2783,15397.0,-28.141944,26.417778,2012-09-26
2784,15468.0,-28.1175,26.719444,2012-09-26
2785,14998.5,-30.568333,29.422778,2012-09-26
2786,15057.5,-30.570833,29.150556,2012-09-26
2787,14932.5,-31.104278,29.399722,2012-09-26
2788,15114.5,-31.5653,18.3306,2012-09-26
2789,15006.5,-29.641944,30.6875,2012-09-27
2790,15420.5,-24.679167,30.8025,2012-09-27
2791,15041.0,-28.747778,31.745833,2012-09-27
2792,15066.0,-28.801278,31.955389,2012-09-27
2793,15239.0,-28.75,30.442778,2012-09-27
2794,15002.5,-29.758889,30.935278,2012-09-27
2795,15063.5,-29.161667,30.629722,2012-09-27
2796,15294.5,-27.00222,28.76528,2012-09-27
2797,15364.5,-27.38972222,26.46388889,2012-09-27
2798,15292.5,-27.398611,26.614722,2012-09-27
2799,15230.0,-27.671111,27.236944,2012-09-27
2800,15023.0,-31.031389,28.883333,2012-09-27
2801,15047.0,-30.86013889,29.07125,2012-09-27
2802,15022.5,-30.77586667,29.03221667,2012-09-27
2803,14795.5,-33.13083,18.86278,2012-09-27
2804,14914.0,-30.27402,30.69602,2012-09-28
2805,15639.0,-27.902778,24.615556,2012-09-28
2806,15358.0,-24.9675,31.516667,2012-09-30
2807,15620.0,-29.161667,23.696389,2012-10-01
2808,15283.0,-26.861111,28.884722,2012-10-01
2809,15346.0,-26.73806,27.59194,2012-10-01
2810,15222.0,-26.45,28.085833,2012-10-01
2811,14781.0,-33.818056,19.694722,2012-10-01
2812,15532.5,-28.7115,24.07288889,2012-10-02
2813,15700.5,-23.658056,31.05,2012-10-02
2814,15216.0,-28.735556,29.820556,2012-10-02
2815,15339.5,-27.169444,29.233889,2012-10-02
2816,15177.0,-27.802778,28.768333,2012-10-02
2817,15440.5,-27.398611,26.614722,2012-10-02
2818,15370.0,-27.671111,27.236944,2012-10-02
2819,15334.0,-29.1825,23.575556,2012-10-02
2820,14623.0,-34.075556,20.145556,2012-10-02
2821,15512.0,-25.45963889,28.26430556,2012-10-02
2822,15092.0,-28.338333,31.373611,2012-10-02
2823,15146.0,-28.068333,31.55,2012-10-02
2824,15394.0,-27.01011111,26.69808333,2012-10-03
2825,15321.0,-25.81048333,27.90955222,2012-10-03
2826,15021.0,-29.641944,30.6875,2012-10-03
2827,15781.5,-22.769722,30.886944,2012-10-03
2828,15397.5,-27.00222,28.76528,2012-10-03
2829,15341.5,-27.02314,28.59389,2012-10-03
2830,15331.5,-26.648056,27.089444,2012-10-03
2831,15377.0,-26.880278,26.965,2012-10-03
2832,15246.5,-27.273889,28.49,2012-10-03
2833,15247.5,-27.4275,28.525833,2012-10-03
2834,15270.0,-27.3,28.586944,2012-10-03
2835,14824.0,-34.092222,21.295278,2012-10-03
2836,15401.0,-25.57877778,29.12747222,2012-10-03
2837,15240.5,-27.602222,29.942778,2012-10-04
2838,15570.5,-27.573056,24.746389,2012-10-05
2839,15483.5,-29.042222,24.6,2012-10-05
2840,15557.5,-29.028629,24.638389,2012-10-05
2841,15125.0,-29.7775,29.470833,2012-10-08
2842,15060.0,-29.744167,29.905833,2012-10-08
2843,15222.0,-26.45,28.085833,2012-10-08
2844,14781.0,-33.897778,20.012778,2012-10-08
2845,15474.0,-27.01011111,26.69808333,2012-10-09
2846,14713.0,-34.065833,20.404167,2012-10-09
2847,15546.0,-25.127778,27.628889,2012-10-09
2848,15681.0,-24.39619444,27.08983333,2012-10-09
2849,15335.0,-24.69514,27.40906,2012-10-09
2850,15386.0,-25.73411,27.21422,2012-10-09
2851,15019.0,-30.733889,29.828333,2012-10-09
2852,15339.0,-26.648056,27.089444,2012-10-09
2853,15279.0,-26.970278,27.211111,2012-10-09
2854,15392.0,-26.880278,26.965,2012-10-09
2855,15220.0,-27.802778,28.768333,2012-10-09
2856,15601.0,-26.98472222,26.63227778,2012-10-09
2857,15438.0,-29.160278,26.573333,2012-10-09
2858,15133.0,-28.69485,28.23487,2012-10-09
2859,15267.0,-28.883333,27.89,2012-10-09
2860,15038.0,-28.068333,31.55,2012-10-09
2861,15209.0,-30.830556,26.921389,2012-10-10
2862,15298.0,-25.20639,27.558,2012-10-10
2863,14973.0,-30.398056,30.601944,2012-10-10
2864,15397.5,-27.00222,28.76528,2012-10-10
2865,15183.5,-31.000833,26.353056,2012-10-10
2866,15479.5,-28.768056,20.720556,2012-10-10
2867,14814.0,-34.031944,22.053333,2012-10-10
2868,14701.0,-34.039722,22.133333,2012-10-10
2869,14864.0,-34.405833,19.600556,2012-10-10
2870,14790.0,-34.005833,22.351111,2012-10-10
2871,15209.0,-30.830556,26.921389,2012-10-11
2872,15244.5,-30.679722,26.7125,2012-10-11
2873,15148.0,-30.160091,27.40124,2012-10-11
2874,15134.5,-30.336111,27.359444,2012-10-11
2875,15191.5,-28.404444,30.013056,2012-10-12
2876,15684.5,-27.902778,24.615556,2012-10-12
2877,15429.5,-29.658056,25.973333,2012-10-12
2878,15183.5,-31.000833,26.353056,2012-10-12
2879,14996.5,-29.803611,30.516111,2012-10-12
2880,15132.0,-25.99136,27.84208,2012-10-15
2881,15115.0,-26.45,28.085833,2012-10-15
2882,15037.0,-33.31388889,19.07472222,2012-10-15
2883,15683.0,-29.161667,23.696389,2012-10-16
2884,15314.0,-27.01011111,26.69808333,2012-10-16
2885,15326.5,-25.681111,31.783333,2012-10-16
2886,14976.0,-29.380556,30.2775,2012-10-16
2887,15324.0,-26.648056,27.089444,2012-10-16
2888,15251.0,-26.970278,27.211111,2012-10-16
2889,15362.0,-26.880278,26.965,2012-10-16
2890,15401.0,-26.98472222,26.63227778,2012-10-16
2891,15562.0,-27.935,26.126667,2012-10-16
2892,15380.0,-29.160278,26.573333,2012-10-16
2893,15449.0,-29.1825,23.575556,2012-10-16
2894,14867.0,-34.250556,20.9925,2012-10-16
2895,15132.0,-33.7075,18.97444444,2012-10-16
2896,15156.0,-25.45963889,28.26430556,2012-10-16
2897,15683.0,-29.161667,23.696389,2012-10-17
2898,15103.0,-25.81048333,27.90955222,2012-10-17
2899,15114.0,-24.768889,31.39,2012-10-17
2900,15114.0,-24.9675,31.516667,2012-10-17
2901,15082.0,-27.937778,31.209444,2012-10-17
2902,15248.0,-27.169444,29.233889,2012-10-17
2903,15387.0,-27.00222,28.76528,2012-10-17
2904,15110.0,-27.802778,28.768333,2012-10-17
2905,15272.0,-32.595833,19.009444,2012-10-17
2906,15183.0,-28.058889,30.373611,2012-10-17
2907,15359.5,-31.860278,18.6875,2012-10-18
2908,15246.5,-27.273889,28.49,2012-10-18
2909,15309.5,-27.671111,27.236944,2012-10-18
2910,15123.0,-25.14944444,31.94055556,2012-10-19
2911,15262.0,-32.502778,19.535833,2012-10-19
2912,15024.5,-31.031389,28.883333,2012-10-21
2913,15167.0,-24.679167,30.8025,2012-10-22
2914,15154.0,-26.861111,28.884722,2012-10-22
2915,15115.0,-26.45,28.085833,2012-10-22
2916,14982.0,-31.396,29.2651,2012-10-22
2917,14662.0,-31.554722,29.245556,2012-10-22
2918,15240.0,-27.01011111,26.69808333,2012-10-23
2919,15058.0,-24.183889,30.823889,2012-10-23
2920,15306.0,-25.127778,27.628889,2012-10-23
2921,15238.0,-25.20639,27.558,2012-10-23
2922,15280.0,-24.69514,27.40906,2012-10-23
2923,15088.0,-28.747778,31.745833,2012-10-23
2924,15339.0,-26.648056,27.089444,2012-10-23
2925,15251.0,-26.970278,27.211111,2012-10-23
2926,15392.0,-26.880278,26.965,2012-10-23
2927,15054.0,-27.802778,28.768333,2012-10-23
2928,15452.0,-27.38972222,26.46388889,2012-10-23
2929,15522.0,-26.98472222,26.63227778,2012-10-23
2930,15015.0,-28.69485,28.23487,2012-10-23
2931,14927.0,-30.568333,29.422778,2012-10-23
2932,15133.0,-30.570833,29.150556,2012-10-23
2933,15072.0,-31.104278,29.399722,2012-10-23
2934,14949.0,-33.501667,21.624167,2012-10-23
2935,15724.0,-29.161667,23.696389,2012-10-24
2936,15425.0,-24.39619444,27.08983333,2012-10-24
2937,15403.0,-24.058889,31.237222,2012-10-24
2938,15377.0,-28.141944,26.417778,2012-10-24
2939,15426.0,-27.398611,26.614722,2012-10-24
2940,15266.0,-27.671111,27.236944,2012-10-24
2941,15169.0,-30.679722,26.7125,2012-10-24
2942,15116.0,-30.336111,27.359444,2012-10-24
2943,15641.0,-28.768056,20.720556,2012-10-24
2944,15000.0,-30.86013889,29.07125,2012-10-24
2945,14991.0,-30.77586667,29.03221667,2012-10-24
2946,15205.0,-33.13083,18.86278,2012-10-24
2947,14935.0,-28.75,30.442778,2012-10-25
2948,14843.0,-29.161667,30.629722,2012-10-25
2949,15452.0,-27.38972222,26.46388889,2012-10-25
2950,15285.0,-27.671111,27.236944,2012-10-28
2951,15041.5,-28.068333,31.55,2012-10-28
2952,15103.5,-25.99136,27.84208,2012-10-29
2953,15416.0,-27.00222,28.76528,2012-10-29
2954,15203.0,-26.45,28.085833,2012-10-29
2955,15240.0,-27.01011111,26.69808333,2012-10-30
2956,15351.0,-26.648056,27.089444,2012-10-30
2957,15270.0,-26.970278,27.211111,2012-10-30
2958,15241.0,-26.880278,26.965,2012-10-30
2959,15508.0,-26.98472222,26.63227778,2012-10-30
2960,15424.0,-29.160278,26.573333,2012-10-30
2961,15328.0,-25.45963889,28.26430556,2012-10-30
2962,15062.5,-28.338333,31.373611,2012-10-30
2963,15173.0,-25.57877778,29.12747222,2012-10-30
2964,15727.0,-29.161667,23.696389,2012-10-31
2965,15082.0,-25.81048333,27.90955222,2012-10-31
2966,14980.0,-29.641944,30.6875,2012-10-31
2967,15641.0,-22.769722,30.886944,2012-10-31
2968,15094.5,-28.44555556,32.325,2013-02-21
2969,15107.0,-26.73806,27.59194,2012-10-31
2970,15462.0,-23.658056,31.05,2012-11-01
2971,15727.0,-29.161667,23.696389,2012-11-02
2972,15766.0,-28.7115,24.07288889,2012-11-02
2973,15553.0,-29.1825,23.575556,2012-11-02
2974,15046.5,-29.7775,29.470833,2012-11-05
2975,15004.5,-29.987778,29.851667,2012-11-05
2976,15106.5,-29.744167,29.905833,2012-11-05
2977,15319.5,-26.970278,27.211111,2012-11-05
2978,15318.0,-26.45,28.085833,2012-11-05
2979,15310.0,-33.818056,19.694722,2012-11-05
2980,15255.5,-33.897778,20.012778,2012-11-05
2981,15182.5,-34.065833,20.404167,2012-11-06
2982,15306.0,-24.670833,28.560833,2012-11-06
2983,15438.0,-25.127778,27.628889,2012-11-06
2984,15459.0,-25.20639,27.558,2012-11-06
2985,15623.0,-24.39619444,27.08983333,2012-11-06
2986,15414.5,-24.69514,27.40906,2012-11-06
2987,15245.0,-26.03611,30.99778,2012-11-06
2988,15069.0,-27.363611,31.783333,2012-11-06
2989,15200.0,-30.733889,29.828333,2012-11-06
2990,15572.5,-27.38972222,26.46388889,2012-11-06
2991,15453.5,-27.398611,26.614722,2012-11-06
2992,15285.0,-27.671111,27.236944,2012-11-06
2993,15490.5,-29.160278,26.573333,2012-11-06
2994,15158.5,-28.69485,28.23487,2012-11-06
2995,15299.5,-28.883333,27.89,2012-11-06
2996,15090.0,-34.092222,21.295278,2012-11-06
2997,15147.5,-34.075556,20.145556,2012-11-06
2998,15939.0,-29.161667,23.696389,2012-11-07
2999,15569.0,-22.935,28.004167,2012-11-07
3000,15137.0,-26.905,32.324722,2012-11-07
3001,15102.5,-30.398056,30.601944,2012-11-07
3002,15030.0,-30.27402,30.69602,2012-11-07
3003,15355.0,-27.3,28.586944,2012-11-07
3004,15432.0,-29.615556,27.065278,2012-11-07
3005,15258.0,-34.405833,19.600556,2012-11-07
3006,15355.0,-27.01011111,26.69808333,2012-11-08
3007,15296.0,-30.830556,26.921389,2012-11-08
3008,15522.0,-22.91028,29.61111,2012-11-08
3009,15340.0,-26.861111,28.884722,2012-11-08
3010,15424.0,-27.00222,28.76528,2012-11-08
3011,15412.0,-27.02314,28.59389,2012-11-08
3012,15515.0,-26.648056,27.089444,2012-11-08
3013,15438.0,-26.880278,26.965,2012-11-08
3014,15522.0,-26.98472222,26.63227778,2012-11-08
3015,15667.0,-29.028629,24.638389,2012-11-08
3016,15452.0,-30.679722,26.7125,2012-11-08
3017,15278.0,-30.160091,27.40124,2012-11-08
3018,15321.0,-30.336111,27.359444,2012-11-08
3019,15110.0,-34.329722,18.990278,2012-11-08
3020,15642.0,-29.658056,25.973333,2012-11-09
3021,15444.0,-31.000833,26.353056,2012-11-09
3022,15099.0,-29.803611,30.516111,2012-11-09
3023,15308.0,-25.99136,27.84208,2012-11-12
3024,15363.5,-26.861111,28.884722,2012-11-12
3025,15318.0,-26.45,28.085833,2012-11-12
3026,15412.5,-27.671111,27.236944,2012-11-12
3027,15157.0,-33.38056,19.30167,2012-11-12
3028,15579.5,-32.502778,19.535833,2012-11-12
3029,15418.5,-27.01011111,26.69808333,2012-11-13
3030,15656.0,-31.860278,18.6875,2012-11-13
3031,15311.5,-25.73411,27.21422,2012-11-13
3032,15740.0,-22.43772222,31.07805556,2012-11-13
3033,15049.0,-29.380556,30.2775,2012-11-13
3034,15489.5,-27.169444,29.233889,2012-11-13
3035,15407.5,-27.00222,28.76528,2012-11-13
3036,15406.0,-26.970278,27.211111,2012-11-13
3037,15508.5,-26.880278,26.965,2012-11-13
3038,15568.5,-26.98472222,26.63227778,2012-11-13
3039,15577.5,-27.935,26.126667,2012-11-13
3040,15555.0,-32.595833,19.009444,2012-11-13
3041,15360.5,-25.45963889,28.26430556,2012-11-13
3042,15907.0,-29.161667,23.696389,2012-11-14
3043,15203.5,-25.81048333,27.90955222,2012-11-14
3044,15434.0,-27.3,28.586944,2012-11-14
3045,15347.5,-33.31388889,19.07472222,2012-11-14
3046,15519.0,-33.13083,18.86278,2012-11-14
3047,15228.0,-27.5275,30.858056,2012-11-15
3048,15403.0,-33.7075,18.97444444,2012-11-15
3049,15411.0,-34.250556,20.9925,2012-11-16
3050,15188.0,-24.679167,30.8025,2012-11-19
3051,15284.0,-26.45,28.085833,2012-11-19
3052,15589.0,-28.116667,26.725278,2012-11-19
3053,15701.5,-29.160278,26.573333,2012-11-19
3054,15429.0,-27.01011111,26.69808333,2012-11-20
3055,15404.0,-24.183889,30.823889,2012-11-20
3056,15433.5,-25.127778,27.628889,2012-11-20
3057,15510.0,-25.20639,27.558,2012-11-20
3058,15300.5,-26.861111,28.884722,2012-11-20
3059,15375.0,-27.00222,28.76528,2012-11-20
3060,15490.5,-26.648056,27.089444,2012-11-20
3061,15405.0,-26.970278,27.211111,2012-11-20
3062,15558.0,-26.880278,26.965,2012-11-20
3063,15561.5,-26.98472222,26.63227778,2012-11-20
3064,15092.5,-31.396,29.2651,2012-11-20
3065,15052.5,-31.554722,29.245556,2012-11-20
3066,15188.0,-34.031944,22.053333,2012-11-20
3067,15072.0,-34.039722,22.133333,2012-11-20
3068,15907.0,-29.161667,23.696389,2012-11-21
3069,15913.0,-28.7115,24.07288889,2012-11-21
3070,15174.5,-28.747778,31.745833,2012-11-21
3071,15523.5,-28.141944,26.417778,2012-11-21
3072,14853.0,-30.27402,30.69602,2012-10-10
3073,15701.5,-29.160278,26.573333,2012-11-21
3074,15243.5,-30.570833,29.150556,2012-11-21
3075,15131.5,-31.104278,29.399722,2012-11-21
3076,15019.5,-34.02861,22.22222,2012-11-21
3077,15080.5,-34.005833,22.351111,2012-11-21
3078,15148.0,-29.140556,31.391944,2012-11-22
3079,15548.0,-24.39619444,27.08983333,2012-11-22
3080,15329.0,-28.75,30.442778,2012-11-22
3081,15805.5,-27.38972222,26.46388889,2012-11-22
3082,15522.0,-27.671111,27.236944,2012-11-22
3083,15143.5,-30.568333,29.422778,2012-11-22
3084,15195.0,-31.031389,28.883333,2012-11-22
3085,15170.0,-30.86013889,29.07125,2012-11-22
3086,15175.0,-30.77586667,29.03221667,2012-11-22
3087,15270.0,-25.99136,27.84208,2012-11-26
3088,15256.0,-26.73806,27.59194,2012-11-26
3089,15277.0,-26.45,28.085833,2012-11-26
3090,15327.0,-33.818056,19.694722,2012-11-26
3091,15373.0,-33.897778,20.012778,2012-11-26
3092,15328.5,-34.065833,20.404167,2012-11-27
3093,15359.0,-28.404444,30.013056,2012-11-27
3094,15308.0,-27.169444,29.233889,2012-11-27
3095,15291.0,-26.861111,28.884722,2012-11-27
3096,15488.0,-27.3,28.586944,2012-11-27
3097,15625.0,-29.042222,24.6,2012-11-27
3098,15665.0,-29.028629,24.638389,2012-11-27
3099,15335.0,-33.501667,21.624167,2012-11-27
3100,15257.0,-34.075556,20.145556,2012-11-27
3101,15263.5,-25.45963889,28.26430556,2012-11-27
3102,15228.5,-28.338333,31.373611,2012-11-27
3103,15168.5,-28.068333,31.55,2012-11-27
3104,15118.5,-25.57877778,29.12747222,2012-11-27
3105,15779.5,-29.161667,23.696389,2012-11-28
3106,15429.0,-27.01011111,26.69808333,2012-11-28
3107,15191.0,-25.81048333,27.90955222,2012-11-28
3108,15490.5,-26.648056,27.089444,2012-11-28
3109,15405.0,-26.970278,27.211111,2012-11-28
3110,15558.0,-26.880278,26.965,2012-11-28
3111,15373.0,-27.802778,28.768333,2012-11-28
3112,15554.0,-26.98472222,26.63227778,2012-11-28
3113,15257.0,-34.405833,19.600556,2012-11-28
3114,14995.0,-29.641944,30.6875,2012-11-29
3115,15297.0,-25.73411,27.21422,2012-11-29
3116,15350.5,-24.925278,29.324444,2012-11-29
3117,15574.5,-27.398611,26.614722,2012-11-29
3118,15206.5,-34.329722,18.990278,2012-11-29
3119,15082.0,-29.7775,29.470833,2012-12-03
3120,15013.0,-29.987778,29.851667,2012-12-03
3121,15143.0,-29.744167,29.905833,2012-12-03
3122,15367.0,-26.970278,27.211111,2012-12-03
3123,15228.0,-26.45,28.085833,2012-12-03
3124,15397.0,-33.31388889,19.07472222,2012-12-03
3125,15420.0,-25.127778,27.628889,2012-12-04
3126,15427.0,-25.20639,27.558,2012-12-04
3127,15309.0,-24.39619444,27.08983333,2012-12-04
3128,15342.0,-24.69514,27.40906,2012-12-04
3129,15672.0,-22.769722,30.886944,2012-12-04
3130,15117.0,-27.363611,31.783333,2012-12-04
3131,15046.0,-30.733889,29.828333,2012-12-04
3132,15195.0,-26.861111,28.884722,2012-12-04
3133,15389.0,-27.02314,28.59389,2012-12-04
3134,15523.0,-27.671111,27.236944,2012-12-04
3135,15247.0,-28.69485,28.23487,2012-12-04
3136,15330.0,-29.615556,27.065278,2012-12-04
3137,15343.0,-34.092222,21.295278,2012-12-04
3138,15657.0,-33.13083,18.86278,2012-12-04
3139,15430.0,-33.7075,18.97444444,2012-12-04
3140,15688.5,-29.161667,23.696389,2012-12-05
3141,15328.0,-27.01011111,26.69808333,2012-12-05
3142,15080.0,-30.398056,30.601944,2012-12-05
3143,15260.0,-27.00222,28.76528,2012-12-05
3144,15387.5,-26.648056,27.089444,2012-12-05
3145,15514.0,-26.880278,26.965,2012-12-05
3146,15375.5,-27.273889,28.49,2012-12-05
3147,15370.0,-27.3,28.586944,2012-12-05
3148,15483.0,-26.98472222,26.63227778,2012-12-05
3149,15276.5,-30.336111,27.359444,2012-12-05
3150,15729.5,-28.768056,20.720556,2012-12-05
3151,15164.0,-34.039722,22.133333,2012-12-05
3152,15681.0,-32.595833,19.009444,2012-12-05
3153,15787.5,-31.860278,18.6875,2012-12-06
3154,15408.5,-30.830556,26.921389,2012-12-06
3155,15580.0,-23.658056,31.05,2012-12-06
3156,15042.0,-26.905,32.324722,2012-12-06
3157,15483.0,-26.98472222,26.63227778,2012-12-06
3158,15389.5,-31.000833,26.353056,2012-12-06
3159,15532.0,-30.679722,26.7125,2012-12-06
3160,15414.5,-33.501667,21.624167,2012-12-06
3161,15297.5,-33.38056,19.30167,2012-12-06
3162,14870.0,-29.803611,30.516111,2012-12-06
3163,15395.0,-29.658056,25.973333,2012-12-07
3164,15689.5,-28.96362,19.15486,2012-12-08
3165,15219.0,-25.99136,27.84208,2012-12-10
3166,15154.5,-29.380556,30.2775,2012-12-10
3167,15183.0,-26.73806,27.59194,2012-12-10
3168,15029.0,-26.45,28.085833,2012-12-10
3169,15409.0,-27.671111,27.236944,2012-12-10
3170,15129.0,-30.86013889,29.07125,2012-12-10
3171,15123.0,-31.104278,29.399722,2012-12-10
3172,15098.0,-31.396,29.2651,2012-12-10
3173,15003.0,-31.554722,29.245556,2012-12-10
3174,15165.0,-34.005833,22.351111,2012-12-10
3175,15280.0,-27.01011111,26.69808333,2012-12-11
3176,15195.0,-26.861111,28.884722,2012-12-11
3177,15173.0,-27.00222,28.76528,2012-12-11
3178,15296.0,-26.970278,27.211111,2012-12-11
3179,15491.0,-26.880278,26.965,2012-12-11
3180,15473.0,-26.98472222,26.63227778,2012-12-11
3181,15111.0,-30.77586667,29.03221667,2012-12-11
3182,15238.0,-25.45963889,28.26430556,2012-12-11
3183,15195.0,-25.81048333,27.90955222,2012-12-12
3184,15160.0,-27.5275,30.858056,2012-12-12
3185,15327.0,-28.141944,26.417778,2012-12-12
3186,15527.0,-28.1175,26.719444,2012-12-12
3187,15132.0,-30.568333,29.422778,2012-12-12
3188,15187.0,-31.031389,28.883333,2012-12-12
3189,15111.0,-30.570833,29.150556,2012-12-12
3190,15549.0,-34.250556,20.9925,2012-12-12
3191,15224.5,-24.670833,28.560833,2012-12-13
3192,15123.0,-27.937778,31.209444,2012-12-13
3193,15333.5,-27.398611,26.614722,2012-12-13
3194,15417.5,-27.671111,27.236944,2012-12-13
3195,15741.5,-22.43772222,31.07805556,2012-12-14
3196,15753.0,-28.96362,19.15486,2012-12-15
3197,15167.0,-28.735556,29.820556,2012-12-17
3198,15609.0,-28.7115,24.07288889,2012-12-18
3199,15310.0,-25.127778,27.628889,2012-12-18
3200,15165.0,-25.20639,27.558,2012-12-18
3201,15300.0,-24.69514,27.40906,2012-12-18
3202,15029.0,-26.45,28.085833,2012-12-18
3203,15616.0,-29.1825,23.575556,2012-12-18
3204,15670.0,-33.501667,21.624167,2012-12-18
3205,15776.5,-29.161667,23.696389,2012-12-19
3206,15254.0,-27.01011111,26.69808333,2012-12-19
3207,15295.0,-24.39619444,27.08983333,2012-12-19
3208,15230.5,-28.404444,30.013056,2012-12-19
3209,15211.5,-26.861111,28.884722,2012-12-19
3210,15191.0,-27.00222,28.76528,2012-12-19
3211,15295.5,-26.648056,27.089444,2012-12-19
3212,15281.5,-26.970278,27.211111,2012-12-19
3213,15425.5,-26.880278,26.965,2012-12-19
3214,15385.0,-26.98472222,26.63227778,2012-12-19
3215,15688.5,-28.768056,20.720556,2012-12-19
3216,15314.5,-28.75,30.442778,2012-12-20
3217,15156.5,-29.161667,30.629722,2012-12-20
3218,15800.5,-28.96362,19.15486,2012-12-22
3219,15800.5,-28.96362,19.15486,2012-12-29
3220,15306.5,-25.14944444,31.94055556,2013-01-01
3221,15227.5,-27.00222,28.76528,2013-01-01
3222,15325.0,-25.127778,27.628889,2013-01-02
3223,15286.0,-25.99136,27.84208,2013-01-02
3224,15297.0,-25.20639,27.558,2013-01-02
3225,15301.0,-30.160091,27.40124,2013-01-02
3226,15792.0,-28.96362,19.15486,2013-01-02
3227,15371.0,-25.81048333,27.90955222,2013-01-03
3228,15280.0,-26.73806,27.59194,2013-01-03
3229,15224.0,-27.398611,26.614722,2013-01-03
3230,15426.0,-27.671111,27.236944,2013-01-03
3231,15329.0,-25.45963889,28.26430556,2013-01-03
3232,15288.0,-27.01011111,26.69808333,2013-01-04
3233,15321.0,-26.648056,27.089444,2013-01-04
3234,15306.5,-26.970278,27.211111,2013-01-04
3235,15421.0,-26.880278,26.965,2013-01-04
3236,15382.5,-26.98472222,26.63227778,2013-01-04
3237,15796.0,-28.96362,19.15486,2013-01-05
3238,15250.5,-25.99136,27.84208,2013-01-07
3239,15271.5,-28.747778,31.745833,2013-01-07
3240,15127.5,-29.7775,29.470833,2013-01-07
3241,15283.5,-29.744167,29.905833,2013-01-07
3242,15272.5,-26.45,28.085833,2013-01-07
3243,15724.0,-28.768056,20.720556,2013-01-07
3244,15288.0,-27.01011111,26.69808333,2013-01-08
3245,15841.0,-23.658056,31.05,2013-01-08
3246,15204.0,-27.169444,29.233889,2013-01-08
3247,15264.5,-26.861111,28.884722,2013-01-08
3248,15321.0,-26.648056,27.089444,2013-01-08
3249,15306.5,-26.970278,27.211111,2013-01-08
3250,15421.0,-26.880278,26.965,2013-01-08
3251,15382.5,-26.98472222,26.63227778,2013-01-08
3252,15425.0,-29.160278,26.573333,2013-01-08
3253,15229.0,-28.883333,27.89,2013-01-08
3254,15328.5,-25.45963889,28.26430556,2013-01-08
3255,15339.0,-25.81048333,27.90955222,2013-01-09
3256,15971.0,-22.769722,30.886944,2013-01-09
3257,15283.5,-29.744167,29.905833,2013-01-09
3258,15182.0,-30.398056,30.601944,2013-01-09
3259,15175.0,-30.27402,30.69602,2013-01-09
3260,15227.5,-27.00222,28.76528,2013-01-09
3261,15525.5,-27.02314,28.59389,2013-01-09
3262,15446.0,-27.273889,28.49,2013-01-09
3263,15247.0,-27.4275,28.525833,2013-01-09
3264,15466.5,-27.3,28.586944,2013-01-09
3265,15626.0,-30.830556,26.921389,2013-01-10
3266,15350.0,-30.733889,29.828333,2013-01-10
3267,15862.0,-29.042222,24.6,2013-01-10
3268,15890.0,-29.028629,24.638389,2013-01-10
3269,15695.0,-30.679722,26.7125,2013-01-10
3270,15301.0,-30.160091,27.40124,2013-01-10
3271,15363.0,-30.336111,27.359444,2013-01-10
3272,15357.0,-24.39619444,27.08983333,2013-01-11
3273,15613.0,-29.658056,25.973333,2013-01-11
3274,15490.0,-31.000833,26.353056,2013-01-11
3275,15717.0,-30.534167,24.961944,2013-01-11
3276,15593.0,-34.250556,20.9925,2013-01-11
3277,15245.0,-29.803611,30.516111,2013-01-11
3278,15243.0,-29.140556,31.391944,2013-01-13
3279,15204.5,-31.396,29.2651,2013-01-14
3280,15185.5,-31.554722,29.245556,2013-01-14
3281,15435.5,-33.818056,19.694722,2013-01-14
3282,15304.0,-27.01011111,26.69808333,2013-01-15
3283,15457.5,-34.065833,20.404167,2013-01-15
3284,15218.5,-25.20639,27.558,2013-01-15
3285,15258.0,-28.747778,31.745833,2013-01-15
3286,15351.0,-26.648056,27.089444,2013-01-15
3287,15306.5,-26.970278,27.211111,2013-01-15
3288,15357.5,-26.880278,26.965,2013-01-15
3289,15332.0,-26.98472222,26.63227778,2013-01-15
3290,15141.5,-30.568333,29.422778,2013-01-15
3291,15119.0,-30.570833,29.150556,2013-01-15
3292,15286.0,-31.104278,29.399722,2013-01-15
3293,15403.0,-34.075556,20.145556,2013-01-15
3294,15860.0,-29.161667,23.696389,2013-01-16
3295,15287.0,-29.140556,31.391944,2013-01-16
3296,15339.0,-24.39619444,27.08983333,2013-01-16
3297,15273.0,-26.45,28.085833,2013-01-16
3298,15159.0,-27.802778,28.768333,2013-01-16
3299,15793.0,-28.768056,20.720556,2013-01-16
3300,15304.0,-31.031389,28.883333,2013-01-16
3301,15280.0,-30.86013889,29.07125,2013-01-16
3302,15253.0,-30.77586667,29.03221667,2013-01-16
3303,15428.0,-33.501667,21.624167,2013-01-16
3304,15357.0,-34.405833,19.600556,2013-01-16
3305,15105.0,-28.801278,31.955389,2013-01-17
3306,15376.0,-28.75,30.442778,2013-01-17
3307,15179.0,-29.161667,30.629722,2013-01-17
3308,15150.0,-26.861111,28.884722,2013-01-17
3309,15179.0,-27.00222,28.76528,2013-01-17
3310,15251.0,-27.4275,28.525833,2013-01-17
3311,15314.0,-34.329722,18.990278,2013-01-17
3312,15248.0,-25.99136,27.84208,2013-01-21
3313,15220.5,-26.73806,27.59194,2013-01-21
3314,15245.0,-26.45,28.085833,2013-01-21
3315,15306.0,-27.01011111,26.69808333,2013-01-22
3316,15258.0,-28.747778,31.745833,2013-01-22
3317,15182.5,-26.861111,28.884722,2013-01-22
3318,15351.0,-26.648056,27.089444,2013-01-22
3319,15266.0,-26.970278,27.211111,2013-01-22
3320,15352.0,-26.880278,26.965,2013-01-22
3321,15332.0,-26.98472222,26.63227778,2013-01-22
3322,15513.0,-27.935,26.126667,2013-01-22
3323,15505.5,-28.1175,26.719444,2013-01-22
3324,15324.0,-30.160091,27.40124,2013-01-22
3325,15210.0,-34.031944,22.053333,2013-01-22
3326,15184.0,-34.039722,22.133333,2013-01-22
3327,15293.5,-25.45963889,28.26430556,2013-01-22
3328,15131.5,-28.338333,31.373611,2013-01-22
3329,15337.0,-28.068333,31.55,2013-01-22
3330,15868.0,-29.161667,23.696389,2013-01-23
3331,15250.0,-25.81048333,27.90955222,2013-01-23
3332,15199.5,-29.744167,29.905833,2013-01-23
3333,15140.5,-27.00222,28.76528,2013-01-23
3334,15548.0,-27.38972222,26.46388889,2013-01-23
3335,15398.0,-28.141944,26.417778,2013-01-23
3336,15436.0,-27.398611,26.614722,2013-01-23
3337,15363.5,-30.336111,27.359444,2013-01-23
3338,15203.0,-24.058889,31.237222,2013-01-24
3339,14971.0,-28.44555556,32.325,2013-03-21
3340,15503.0,-28.1175,26.719444,2013-01-24
3341,15517.0,-27.671111,27.236944,2013-01-24
3342,15081.0,-29.641944,30.6875,2013-01-28
3343,15178.0,-29.758889,30.935278,2013-01-28
3344,15221.0,-30.398056,30.601944,2013-01-28
3345,15176.5,-30.27402,30.69602,2013-01-28
3346,15159.5,-26.45,28.085833,2013-01-28
3347,15131.5,-34.02861,22.22222,2013-01-28
3348,15461.0,-33.31388889,19.07472222,2013-01-28
3349,15299.5,-27.01011111,26.69808333,2013-01-29
3350,15278.0,-25.127778,27.628889,2013-01-29
3351,15151.5,-25.20639,27.558,2013-01-29
3352,15285.0,-24.39619444,27.08983333,2013-01-29
3353,15286.0,-24.69514,27.40906,2013-01-29
3354,15058.0,-27.363611,31.783333,2013-01-29
3355,15046.5,-28.735556,29.820556,2013-01-29
3356,15118.0,-26.861111,28.884722,2013-01-29
3357,15300.0,-26.98472222,26.63227778,2013-01-29
3358,15434.5,-27.398611,26.614722,2013-01-29
3359,15577.5,-33.7075,18.97444444,2013-01-29
3360,15181.5,-34.005833,22.351111,2013-01-29
3361,15081.0,-29.641944,30.6875,2013-01-30
3362,15040.0,-29.380556,30.2775,2013-01-30
3363,15298.0,-26.648056,27.089444,2013-01-30
3364,15807.0,-29.042222,24.6,2013-01-30
3365,15815.5,-29.028629,24.638389,2013-01-30
3366,15716.0,-32.595833,19.009444,2013-01-30
3367,15707.0,-33.13083,18.86278,2013-01-30
3368,15027.0,-26.905,32.324722,2013-01-31
3369,15481.0,-27.935,26.126667,2013-01-31
3370,15481.5,-28.1175,26.719444,2013-01-31
3371,15644.0,-27.902778,24.615556,2013-01-31
3372,15314.0,-30.160091,27.40124,2013-01-31
3373,15351.5,-33.38056,19.30167,2013-01-31
3374,15550.0,-32.502778,19.535833,2013-02-01
3375,15212.0,-25.99136,27.84208,2013-02-04
3376,15162.0,-26.73806,27.59194,2013-02-04
3377,15102.0,-26.45,28.085833,2013-02-04
3378,15338.0,-23.658056,31.05,2013-02-05
3379,15202.0,-23.281,30.54305556,2013-02-05
3380,15049.5,-25.14944444,31.94055556,2013-02-05
3381,15037.5,-27.169444,29.233889,2013-02-05
3382,15150.5,-26.861111,28.884722,2013-02-05
3383,15434.5,-27.398611,26.614722,2013-02-05
3384,15435.0,-27.671111,27.236944,2013-02-05
3385,15385.0,-29.160278,26.573333,2013-02-05
3386,15235.5,-34.031944,22.053333,2013-02-05
3387,15287.5,-25.45963889,28.26430556,2013-02-05
3388,15299.5,-27.01011111,26.69808333,2013-02-06
3389,15203.0,-25.81048333,27.90955222,2013-02-06
3390,15452.0,-22.769722,30.886944,2013-02-06
3391,15124.0,-29.744167,29.905833,2013-02-06
3392,15366.5,-27.02314,28.59389,2013-02-06
3393,15271.5,-26.648056,27.089444,2013-02-06
3394,15256.0,-26.970278,27.211111,2013-02-06
3395,15358.5,-27.273889,28.49,2013-02-06
3396,15181.0,-27.4275,28.525833,2013-02-06
3397,15261.0,-27.3,28.586944,2013-02-06
3398,15300.0,-26.98472222,26.63227778,2013-02-06
3399,15063.5,-28.69485,28.23487,2013-02-06
3400,15433.0,-29.615556,27.065278,2013-02-06
3401,15222.5,-28.883333,27.89,2013-02-06
3402,15228.5,-28.75,30.442778,2013-02-07
3403,14996.5,-29.161667,30.629722,2013-02-07
3404,15087.0,-27.00222,28.76528,2013-02-07
3405,15396.0,-30.679722,26.7125,2013-02-07
3406,15284.0,-30.160091,27.40124,2013-02-07
3407,15278.0,-30.336111,27.359444,2013-02-07
3408,15475.5,-27.935,26.126667,2013-02-08
3409,15481.5,-28.1175,26.719444,2013-02-08
3410,15385.0,-29.160278,26.573333,2013-02-08
3411,15552.5,-29.658056,25.973333,2013-02-08
3412,15409.5,-31.000833,26.353056,2013-02-08
3413,15679.0,-28.96362,19.15486,2013-02-09
3414,15143.0,-23.281,30.54305556,2013-02-10
3415,15037.0,-24.058889,31.237222,2013-02-11
3416,15285.0,-26.970278,27.211111,2013-02-11
3417,15102.0,-26.45,28.085833,2013-02-11
3418,15233.0,-31.031389,28.883333,2013-02-11
3419,15193.0,-30.86013889,29.07125,2013-02-11
3420,15132.0,-30.77586667,29.03221667,2013-02-11
3421,15434.0,-33.818056,19.694722,2013-02-11
3422,15317.0,-27.01011111,26.69808333,2013-02-12
3423,15360.0,-34.065833,20.404167,2013-02-12
3424,15165.0,-24.670833,28.560833,2013-02-12
3425,15281.0,-25.127778,27.628889,2013-02-12
3426,15177.0,-25.20639,27.558,2013-02-12
3427,15226.0,-24.69514,27.40906,2013-02-12
3428,15143.0,-28.747778,31.745833,2013-02-12
3429,15001.0,-29.380556,30.2775,2013-02-12
3430,15215.0,-26.861111,28.884722,2013-02-12
3431,15256.0,-26.648056,27.089444,2013-02-12
3432,15288.0,-26.880278,26.965,2013-02-12
3433,15298.0,-26.98472222,26.63227778,2013-02-12
3434,15788.0,-29.042222,24.6,2013-02-12
3435,15280.0,-34.075556,20.145556,2013-02-12
3436,15179.0,-28.058889,30.373611,2013-02-12
3437,15798.5,-29.161667,23.696389,2013-02-13
3438,15172.5,-24.282222,28.090278,2013-02-13
3439,15293.5,-24.39619444,27.08983333,2013-02-13
3440,15380.0,-24.925278,29.324444,2013-02-13
3441,15152.5,-28.747778,31.745833,2013-02-13
3442,15087.5,-27.937778,31.209444,2013-02-13
3443,15205.5,-28.404444,30.013056,2013-02-13
3444,15688.5,-28.768056,20.720556,2013-02-13
3445,15148.5,-31.396,29.2651,2013-02-13
3446,15171.0,-31.554722,29.245556,2013-02-13
3447,15324.5,-33.897778,20.012778,2013-02-13
3448,15070.0,-28.801278,31.955389,2013-02-14
3449,15001.0,-27.5275,30.858056,2013-02-14
3450,15362.0,-27.671111,27.236944,2013-02-14
3451,15510.0,-27.573056,24.746389,2013-02-14
3452,15089.0,-30.568333,29.422778,2013-02-14
3453,15081.5,-30.570833,29.150556,2013-02-14
3454,15166.0,-31.104278,29.399722,2013-02-14
3455,15180.0,-34.329722,18.990278,2013-02-14
3456,15139.5,-29.744167,29.905833,2013-02-16
3457,15283.0,-25.99136,27.84208,2013-02-18
3458,15053.0,-29.7775,29.470833,2013-02-18
3459,15288.0,-26.880278,26.965,2013-02-18
3460,15357.0,-27.01011111,26.69808333,2013-02-19
3461,15293.0,-30.733889,29.828333,2013-02-19
3462,15287.0,-26.648056,27.089444,2013-02-19
3463,15326.0,-26.970278,27.211111,2013-02-19
3464,15285.0,-26.98472222,26.63227778,2013-02-19
3465,15396.0,-25.45963889,28.26430556,2013-02-19
3466,15243.0,-28.068333,31.55,2013-02-19
3467,15784.0,-29.161667,23.696389,2013-02-20
3468,15183.0,-25.81048333,27.90955222,2013-02-20
3469,15146.0,-29.744167,29.905833,2013-02-20
3470,15115.0,-30.27402,30.69602,2013-02-20
3471,15417.0,-27.38972222,26.46388889,2013-02-20
3472,15329.0,-28.141944,26.417778,2013-02-20
3473,15443.0,-28.1175,26.719444,2013-02-20
3474,15397.0,-34.250556,20.9925,2013-02-20
3475,14904.5,-28.44555556,32.325,2013-04-18
3476,15114.0,-30.13573889,30.67422222,2013-02-21
3477,15422.0,-27.398611,26.614722,2013-02-21
3478,15340.0,-27.671111,27.236944,2013-02-21
3479,15668.0,-28.96362,19.15486,2013-02-23
3480,15069.0,-28.735556,29.820556,2013-02-25
3481,15228.0,-26.45,28.085833,2013-02-25
3482,15365.0,-33.501667,21.624167,2013-02-25
3483,15210.0,-33.38056,19.30167,2013-02-25
3484,15310.0,-33.31388889,19.07472222,2013-02-25
3485,15373.0,-27.01011111,26.69808333,2013-02-26
3486,15336.0,-22.935,28.004167,2013-02-26
3487,15100.0,-23.763056,27.908611,2013-02-26
3488,15269.0,-22.548889,28.898056,2013-02-26
3489,15183.0,-22.91028,29.61111,2013-02-26
3490,15266.0,-25.127778,27.628889,2013-02-26
3491,15227.0,-25.20639,27.558,2013-02-26
3492,15395.0,-24.39619444,27.08983333,2013-02-26
3493,15323.0,-24.69514,27.40906,2013-02-26
3494,15203.0,-25.73411,27.21422,2013-02-26
3495,15206.0,-27.363611,31.783333,2013-02-26
3496,15230.0,-26.861111,28.884722,2013-02-26
3497,15287.0,-26.648056,27.089444,2013-02-26
3498,15326.0,-26.970278,27.211111,2013-02-26
3499,15278.0,-26.880278,26.965,2013-02-26
3500,15295.0,-26.98472222,26.63227778,2013-02-26
3501,15393.0,-33.7075,18.97444444,2013-02-26
3502,15746.0,-29.161667,23.696389,2013-02-27
3503,15054.0,-29.641944,30.6875,2013-02-27
3504,15154.0,-24.282222,28.090278,2013-02-27
3505,15100.0,-24.670833,28.560833,2013-02-27
3506,15275.0,-27.602222,29.942778,2013-02-27
3507,15167.0,-27.00222,28.76528,2013-02-27
3508,15583.0,-32.595833,19.009444,2013-02-27
3509,15274.0,-33.08883333,19.21878333,2013-02-27
3510,15541.0,-33.13083,18.86278,2013-02-27
3511,15343.0,-32.94583,18.33667,2013-02-27
3512,15061.0,-26.905,32.324722,2013-02-28
3513,15337.0,-34.092222,21.295278,2013-02-28
3514,15507.0,-27.902778,24.615556,2013-03-01
3515,15229.5,-25.99136,27.84208,2013-03-04
3516,15210.0,-26.73806,27.59194,2013-03-04
3517,15236.0,-26.45,28.085833,2013-03-04
3518,15202.0,-23.658056,31.05,2013-03-05
3519,15140.0,-23.281,30.54305556,2013-03-05
3520,15036.0,-27.169444,29.233889,2013-03-05
3521,15223.0,-26.861111,28.884722,2013-03-05
3522,15362.0,-27.398611,26.614722,2013-03-05
3523,14959.0,-28.69485,28.23487,2013-03-05
3524,15135.0,-28.883333,27.89,2013-03-05
3525,15351.0,-25.45963889,28.26430556,2013-03-05
3526,15357.0,-27.01011111,26.69808333,2013-03-06
3527,15183.0,-25.81048333,27.90955222,2013-03-06
3528,15143.0,-29.744167,29.905833,2013-03-06
3529,15287.0,-26.648056,27.089444,2013-03-06
3530,15318.0,-26.970278,27.211111,2013-03-06
3531,15262.0,-26.880278,26.965,2013-03-06
3532,15285.0,-26.98472222,26.63227778,2013-03-06
3533,15298.0,-29.160278,26.573333,2013-03-06
3534,15348.0,-29.615556,27.065278,2013-03-06
3535,15236.0,-34.031944,22.053333,2013-03-06
3536,15132.0,-34.039722,22.133333,2013-03-06
3537,15321.0,-30.830556,26.921389,2013-03-07
3538,15219.0,-28.75,30.442778,2013-03-07
3539,15008.0,-29.161667,30.629722,2013-03-07
3540,15113.0,-30.160091,27.40124,2013-03-07
3541,15201.0,-30.336111,27.359444,2013-03-07
3542,15625.0,-29.042222,24.6,2013-03-08
3543,15254.0,-31.000833,26.353056,2013-03-08
3544,15236.0,-30.679722,26.7125,2013-03-08
3545,15162.0,-34.005833,22.351111,2013-03-08
3546,15059.0,-28.735556,29.820556,2013-03-11
3547,15293.0,-26.970278,27.211111,2013-03-11
3548,15224.0,-26.45,28.085833,2013-03-11
3549,15545.5,-29.1825,23.575556,2013-03-11
3550,15251.5,-33.818056,19.694722,2013-03-11
3551,15318.5,-27.01011111,26.69808333,2013-03-12
3552,15259.5,-34.065833,20.404167,2013-03-12
3553,15259.5,-25.127778,27.628889,2013-03-12
3554,15240.5,-25.20639,27.558,2013-03-12
3555,15312.0,-24.69514,27.40906,2013-03-12
3556,15183.0,-28.747778,31.745833,2013-03-12
3557,15123.0,-28.404444,30.013056,2013-03-12
3558,15042.5,-29.380556,30.2775,2013-03-12
3559,15223.0,-26.861111,28.884722,2013-03-12
3560,15286.5,-26.648056,27.089444,2013-03-12
3561,15270.0,-26.880278,26.965,2013-03-12
3562,15290.0,-26.98472222,26.63227778,2013-03-12
3563,15574.5,-28.376944,24.303056,2013-03-12
3564,15186.0,-34.075556,20.145556,2013-03-12
3565,15107.0,-29.140556,31.391944,2013-03-13
3566,15329.0,-24.39619444,27.08983333,2013-03-13
3567,15466.0,-22.769722,30.886944,2013-03-13
3568,15109.0,-28.404444,30.013056,2013-03-13
3569,15008.0,-29.161667,30.629722,2013-03-13
3570,15116.0,-27.00222,28.76528,2013-03-13
3571,15367.0,-27.02314,28.59389,2013-03-13
3572,15319.0,-27.273889,28.49,2013-03-13
3573,15177.0,-27.4275,28.525833,2013-03-13
3574,15197.0,-27.3,28.586944,2013-03-13
3575,15325.0,-28.141944,26.417778,2013-03-13
3576,15271.0,-28.1175,26.719444,2013-03-13
3577,15298.0,-29.160278,26.573333,2013-03-13
3578,15430.0,-28.768056,20.720556,2013-03-13
3579,15268.0,-34.250556,20.9925,2013-03-13
3580,15116.0,-28.058889,30.373611,2013-03-13
3581,15214.0,-25.57877778,29.12747222,2013-03-13
3582,14983.0,-28.801278,31.955389,2013-03-14
3583,15002.0,-27.937778,31.209444,2013-03-14
3584,15016.0,-27.5275,30.858056,2013-03-14
3585,15247.0,-27.935,26.126667,2013-03-14
3586,15271.0,-28.1175,26.719444,2013-03-14
3587,15481.0,-27.902778,24.615556,2013-03-14
3588,15554.0,-29.042222,24.6,2013-03-14
3589,15636.0,-29.028629,24.638389,2013-03-14
3590,14964.0,-34.329722,18.990278,2013-03-14
3591,15331.0,-24.925278,29.324444,2013-03-15
3592,15290.0,-27.671111,27.236944,2013-03-15
3593,15376.0,-27.573056,24.746389,2013-03-15
3594,15268.0,-26.970278,27.211111,2013-03-16
3595,15557.0,-28.96362,19.15486,2013-03-16
3596,15118.0,-33.08883333,19.21878333,2013-03-16
3597,14877.0,-26.648056,27.089444,2014-04-23
3598,14834.0,-26.648056,27.089444,2014-05-01
3599,15097.5,-25.99136,27.84208,2013-03-18
3600,15001.0,-29.7775,29.470833,2013-03-18
3601,15049.0,-29.744167,29.905833,2013-03-18
3602,15249.5,-26.970278,27.211111,2013-03-18
3603,15128.5,-26.73806,27.59194,2013-03-18
3604,15187.5,-26.45,28.085833,2013-03-18
3605,14936.0,-30.570833,29.150556,2013-03-18
3606,14974.0,-31.396,29.2651,2013-03-18
3607,15050.0,-31.554722,29.245556,2013-03-18
3608,15241.0,-27.01011111,26.69808333,2013-03-19
3609,15150.0,-30.733889,29.828333,2013-03-19
3610,14942.0,-29.987778,29.851667,2013-03-19
3611,15210.0,-26.861111,28.884722,2013-03-19
3612,15112.0,-27.00222,28.76528,2013-03-19
3613,15248.5,-26.648056,27.089444,2013-03-19
3614,15254.5,-26.880278,26.965,2013-03-19
3615,15283.0,-26.98472222,26.63227778,2013-03-19
3616,15050.5,-30.568333,29.422778,2013-03-19
3617,14936.0,-30.570833,29.150556,2013-03-19
3618,14972.0,-31.104278,29.399722,2013-03-19
3619,15121.5,-33.31388889,19.07472222,2013-03-19
3620,15227.0,-25.45963889,28.26430556,2013-03-19
3621,15101.5,-28.338333,31.373611,2013-03-19
3622,15116.5,-28.068333,31.55,2013-03-19
3623,15617.5,-29.161667,23.696389,2013-03-20
3624,15108.5,-25.81048333,27.90955222,2013-03-20
3625,15293.0,-24.058889,31.237222,2013-03-20
3626,15091.0,-30.13573889,30.67422222,2013-03-20
3627,14998.5,-30.398056,30.601944,2013-03-20
3628,15045.0,-30.27402,30.69602,2013-03-20
3629,15253.5,-27.38972222,26.46388889,2013-03-20
3630,15241.5,-28.1175,26.719444,2013-03-20
3631,15036.0,-31.031389,28.883333,2013-03-20
3632,15076.5,-30.86013889,29.07125,2013-03-20
3633,14992.5,-30.77586667,29.03221667,2013-03-20
3634,15173.0,-33.7075,18.97444444,2013-03-20
3635,15172.0,-24.183889,30.823889,2013-03-21
3636,14862.0,-28.44555556,32.325,2013-05-16
3637,15198.0,-27.935,26.126667,2013-03-21
3638,15271.0,-28.1175,26.719444,2013-03-21
3639,15239.0,-27.398611,26.614722,2013-03-21
3640,14950.0,-24.679167,30.8025,2013-03-22
3641,14980.0,-29.744167,29.905833,2013-03-22
3642,15271.0,-28.116667,26.725278,2013-03-22
3643,14975.0,-29.803611,30.516111,2013-03-22
3644,15117.5,-26.45,28.085833,2013-03-25
3645,15160.5,-31.436944,20.474722,2013-03-25
3646,15112.5,-29.1825,23.575556,2013-03-25
3647,14803.5,-33.38056,19.30167,2013-03-25
3648,15167.5,-27.01011111,26.69808333,2013-03-26
3649,15154.5,-25.127778,27.628889,2013-03-26
3650,15289.0,-24.39619444,27.08983333,2013-03-26
3651,15288.5,-24.69514,27.40906,2013-03-26
3652,15072.5,-25.73411,27.21422,2013-03-26
3653,14958.0,-30.398056,30.601944,2013-03-26
3654,14973.5,-30.27402,30.69602,2013-03-26
3655,15144.0,-26.861111,28.884722,2013-03-26
3656,15092.0,-27.00222,28.76528,2013-03-26
3657,15233.0,-26.648056,27.089444,2013-03-26
3658,15177.5,-26.970278,27.211111,2013-03-26
3659,15250.0,-26.880278,26.965,2013-03-26
3660,15232.0,-26.98472222,26.63227778,2013-03-26
3661,15144.0,-29.651389,22.746389,2013-03-26
3662,15112.5,-29.1825,23.575556,2013-03-26
3663,15214.0,-32.595833,19.009444,2013-03-26
3664,14911.0,-33.08883333,19.21878333,2013-03-26
3665,15346.5,-29.161667,23.696389,2013-03-27
3666,15005.5,-29.641944,30.6875,2013-03-27
3667,15205.5,-25.20639,27.558,2013-03-27
3668,15149.5,-27.602222,29.942778,2013-03-27
3669,14919.0,-29.380556,30.2775,2013-03-27
3670,14997.5,-29.161667,30.629722,2013-03-27
3671,15144.0,-29.651389,22.746389,2013-03-27
3672,15178.5,-33.13083,18.86278,2013-03-27
3673,15152.5,-32.94583,18.33667,2013-03-27
3674,15005.5,-29.641944,30.6875,2013-03-28
3675,15030.0,-29.758889,30.935278,2013-03-28
3676,15135.5,-32.502778,19.535833,2013-03-28
3677,15179.0,-28.96362,19.15486,2013-03-30
3678,15036.5,-25.99136,27.84208,2013-04-02
3679,15035.5,-26.73806,27.59194,2013-04-02
3680,15017.0,-26.45,28.085833,2013-04-02
3681,15004.0,-29.160278,26.573333,2013-04-02
3682,14917.5,-31.396,29.2651,2013-04-02
3683,14979.0,-31.554722,29.245556,2013-04-02
3684,15075.0,-27.01011111,26.69808333,2013-04-03
3685,14966.0,-29.744167,29.905833,2013-04-03
3686,15054.0,-26.861111,28.884722,2013-04-03
3687,15123.0,-26.98472222,26.63227778,2013-04-03
3688,15195.5,-27.398611,26.614722,2013-04-03
3689,15013.5,-27.671111,27.236944,2013-04-03
3690,15055.5,-30.568333,29.422778,2013-04-03
3691,14938.0,-31.104278,29.399722,2013-04-03
3692,14933.5,-34.031944,22.053333,2013-04-03
3693,15100.5,-25.45963889,28.26430556,2013-04-03
3694,15007.5,-25.81048333,27.90955222,2013-04-04
3695,15061.5,-28.75,30.442778,2013-04-04
3696,14977.5,-27.00222,28.76528,2013-04-04
3697,15174.0,-27.02314,28.59389,2013-04-04
3698,15233.0,-26.648056,27.089444,2013-04-04
3699,15032.5,-26.970278,27.211111,2013-04-04
3700,15135.0,-26.880278,26.965,2013-04-04
3701,15083.0,-27.273889,28.49,2013-04-04
3702,15024.5,-27.4275,28.525833,2013-04-04
3703,15057.5,-27.3,28.586944,2013-04-04
3704,14855.5,-30.570833,29.150556,2013-04-04
3705,14996.5,-31.031389,28.883333,2013-04-05
3706,15077.5,-30.86013889,29.07125,2013-04-05
3707,14921.5,-30.77586667,29.03221667,2013-04-05
3708,14875.5,-34.02861,22.22222,2013-04-05
3709,15065.0,-28.96362,19.15486,2013-04-06
3710,14975.0,-27.3,28.586944,2013-04-07
3711,15013.0,-28.768056,20.720556,2013-04-08
3712,14878.0,-33.818056,19.694722,2013-04-08
3713,15256.0,-26.970278,27.211111,2013-01-28
3714,14793.0,-34.065833,20.404167,2013-04-09
3715,15094.0,-24.183889,30.823889,2013-04-09
3716,15035.0,-25.127778,27.628889,2013-04-09
3717,15146.0,-25.20639,27.558,2013-04-09
3718,15217.0,-24.69514,27.40906,2013-04-09
3719,15010.0,-28.747778,31.745833,2013-04-09
3720,14915.0,-28.801278,31.955389,2013-04-09
3721,14975.0,-27.3,28.586944,2013-04-09
3722,14962.0,-29.160278,26.573333,2013-04-09
3723,14789.0,-28.69485,28.23487,2013-04-09
3724,14694.0,-34.075556,20.145556,2013-04-09
3725,14968.5,-29.140556,31.391944,2013-04-10
3726,14977.5,-24.282222,28.090278,2013-04-10
3727,14998.5,-24.670833,28.560833,2013-04-10
3728,15092.5,-24.39619444,27.08983333,2013-04-10
3729,15141.0,-23.658056,31.05,2013-04-10
3730,14901.5,-27.937778,31.209444,2013-04-10
3731,14919.0,-28.404444,30.013056,2013-04-10
3732,14856.5,-29.380556,30.2775,2013-04-10
3733,14655.0,-26.970278,27.211111,2013-07-16
3734,14967.5,-26.45,28.085833,2013-04-10
3735,14928.0,-27.671111,27.236944,2013-04-10
3736,14945.5,-29.615556,27.065278,2013-04-10
3737,14830.5,-28.883333,27.89,2013-04-10
3738,14952.0,-34.092222,21.295278,2013-04-10
3739,14932.0,-28.058889,30.373611,2013-04-10
3740,14997.5,-27.01011111,26.69808333,2013-04-11
3741,14881.0,-30.830556,26.921389,2013-04-11
3742,15202.0,-23.23572222,27.717,2013-04-11
3743,15180.0,-22.769722,30.886944,2013-04-11
3744,14898.0,-28.801278,31.955389,2013-04-11
3745,14954.0,-26.861111,28.884722,2013-04-11
3746,14879.0,-27.00222,28.76528,2013-04-11
3747,14939.0,-26.970278,27.211111,2013-04-11
3748,14999.0,-26.880278,26.965,2013-04-11
3749,15019.5,-26.98472222,26.63227778,2013-04-11
3750,15235.5,-27.902778,24.615556,2013-04-11
3751,14866.0,-30.160091,27.40124,2013-04-11
3752,14920.5,-30.336111,27.359444,2013-04-11
3753,14848.0,-33.897778,20.012778,2013-04-11
3754,14915.0,-24.679167,30.8025,2013-04-12
3755,15033.0,-22.91028,29.61111,2013-04-12
3756,14747.0,-31.000833,26.353056,2013-04-12
3757,14781.0,-30.679722,26.7125,2013-04-12
3758,15002.5,-31.436944,20.474722,2013-04-12
3759,14944.5,-31.394444,20.947222,2013-04-12
3760,15091.0,-28.96362,19.15486,2013-04-13
3761,14909.0,-25.81048333,27.90955222,2013-04-15
3762,14961.0,-25.99136,27.84208,2013-04-15
3763,14861.0,-29.7775,29.470833,2013-04-15
3764,14851.0,-29.987778,29.851667,2013-04-15
3765,14963.0,-29.744167,29.905833,2013-04-15
3766,14970.0,-26.45,28.085833,2013-04-15
3767,14978.0,-27.01011111,26.69808333,2013-04-16
3768,15017.0,-26.861111,28.884722,2013-04-16
3769,14871.0,-27.00222,28.76528,2013-04-16
3770,15255.0,-26.648056,27.089444,2013-04-16
3771,14937.0,-26.970278,27.211111,2013-04-16
3772,14997.0,-26.880278,26.965,2013-04-16
3773,14986.0,-26.98472222,26.63227778,2013-04-16
3774,14867.0,-28.883333,27.89,2013-04-16
3775,14717.0,-33.970833,22.548333,2013-04-16
3776,15078.0,-25.45963889,28.26430556,2013-04-16
3777,15061.0,-28.338333,31.373611,2013-04-16
3778,15137.0,-29.161667,23.696389,2013-04-17
3779,15061.0,-30.733889,29.828333,2013-04-17
3780,14963.0,-29.744167,29.905833,2013-04-17
3781,14872.0,-30.398056,30.601944,2013-04-17
3782,14678.0,-26.970278,27.211111,2014-07-28
3783,14893.0,-26.73806,27.59194,2013-04-17
3784,14789.0,-28.69485,28.23487,2013-04-17
3785,14826.0,-34.250556,20.9925,2013-04-17
3786,14804.0,-25.49037,30.6986,2013-04-18
3787,14698.5,-28.44555556,32.325,2013-06-13
3788,14869.0,-30.27402,30.69602,2013-04-18
3789,15056.5,-29.042222,24.6,2013-04-18
3790,15064.0,-29.028629,24.638389,2013-04-18
3791,15160.5,-29.033333,23.983333,2013-04-18
3792,14820.5,-25.447222,30.711667,2013-04-18
3793,14825.5,-28.116667,26.725278,2013-04-19
3794,14877.0,-29.803611,30.516111,2013-04-19
3795,15046.0,-28.96362,19.15486,2013-04-20
3796,14943.0,-25.20639,27.558,2013-04-22
3797,15039.0,-23.838611,31.640833,2013-04-22
3798,14968.0,-26.648056,27.089444,2013-04-22
3799,14879.0,-26.45,28.085833,2013-04-22
3800,14568.0,-33.38056,19.30167,2013-04-22
3801,14865.0,-32.502778,19.535833,2013-04-22
3802,14999.0,-31.860278,18.6875,2013-04-23
3803,14931.0,-25.127778,27.628889,2013-04-23
3804,15020.0,-24.69514,27.40906,2013-04-23
3805,14863.0,-28.735556,29.820556,2013-04-23
3806,14828.0,-27.00222,28.76528,2013-04-23
3807,14845.0,-26.970278,27.211111,2013-04-23
3808,14933.0,-26.880278,26.965,2013-04-23
3809,14959.0,-26.98472222,26.63227778,2013-04-23
3810,14859.0,-28.141944,26.417778,2013-04-23
3811,14797.0,-33.501667,21.624167,2013-04-23
3812,14768.0,-32.595833,19.009444,2013-04-23
3813,15119.0,-28.760833,17.730278,2013-04-24
3814,14965.0,-29.161667,23.696389,2013-04-24
3815,14825.0,-29.641944,30.6875,2013-04-24
3816,14840.0,-27.363611,31.783333,2013-04-24
3817,14859.0,-28.141944,26.417778,2013-04-24
3818,14595.0,-33.08883333,19.21878333,2013-04-24
3819,14695.0,-33.31388889,19.07472222,2013-04-24
3820,14920.0,-33.13083,18.86278,2013-04-24
3821,14830.0,-32.94583,18.33667,2013-04-24
3822,14874.0,-26.905,32.324722,2013-04-25
3823,14983.0,-27.602222,29.942778,2013-04-25
3824,14898.0,-27.38972222,26.46388889,2013-04-25
3825,14771.0,-33.7075,18.97444444,2013-04-25
3826,14719.0,-33.464444,18.740556,2013-04-25
3827,14777.0,-33.72266667,18.61691667,2013-04-25
3828,14877.0,-27.356667,27.286389,2013-04-25
3829,15095.0,-27.902778,24.615556,2013-04-26
3830,14986.5,-28.068333,31.55,2013-04-26
3831,14977.5,-28.96362,19.15486,2013-04-27
3832,14856.5,-26.45,28.085833,2013-04-29
3833,14871.0,-27.01011111,26.69808333,2013-04-30
3834,14874.0,-27.169444,29.233889,2013-04-30
3835,14837.0,-26.861111,28.884722,2013-04-30
3836,14769.0,-27.00222,28.76528,2013-04-30
3837,14879.0,-26.648056,27.089444,2013-04-30
3838,14837.0,-26.970278,27.211111,2013-04-30
3839,14873.0,-26.880278,26.965,2013-04-30
3840,14872.0,-26.98472222,26.63227778,2013-04-30
3841,14920.0,-25.45963889,28.26430556,2013-04-30
3842,14935.0,-29.161667,23.696389,2013-05-01
3843,14799.0,-25.81048333,27.90955222,2013-05-01
3844,14808.0,-28.75,30.442778,2013-05-01
3845,14724.0,-29.161667,30.629722,2013-05-01
3846,14988.0,-29.033333,23.983333,2013-05-01
3847,14773.0,-29.744167,29.905833,2013-05-02
3848,14814.0,-32.94583,18.33667,2013-05-02
3849,14814.5,-27.671111,27.236944,2013-05-04
3850,14912.5,-28.96362,19.15486,2013-05-04
3851,14830.0,-26.45,28.085833,2013-05-06
3852,14661.0,-33.818056,19.694722,2013-05-06
3853,14761.0,-34.065833,20.404167,2013-05-07
3854,14846.5,-25.127778,27.628889,2013-05-07
3855,14912.0,-25.20639,27.558,2013-05-07
3856,15010.0,-24.69514,27.40906,2013-05-07
3857,14975.0,-23.658056,31.05,2013-05-07
3858,14887.5,-28.747778,31.745833,2013-05-07
3859,14801.0,-28.735556,29.820556,2013-05-07
3860,14671.5,-29.380556,30.2775,2013-05-07
3861,14800.5,-26.861111,28.884722,2013-05-07
3862,14869.5,-26.98472222,26.63227778,2013-05-07
3863,14906.0,-27.398611,26.614722,2013-05-07
3864,14814.5,-27.671111,27.236944,2013-05-07
3865,14859.0,-29.160278,26.573333,2013-05-07
3866,14916.5,-28.768056,20.720556,2013-05-07
3867,14724.0,-34.02861,22.22222,2013-05-07
3868,14722.5,-34.075556,20.145556,2013-05-07
3869,14854.0,-29.161667,23.696389,2013-05-08
3870,14940.0,-24.39619444,27.08983333,2013-05-08
3871,14810.0,-28.404444,30.013056,2013-05-08
3872,14710.0,-27.00222,28.76528,2013-05-08
3873,14770.0,-27.02314,28.59389,2013-05-08
3874,14871.0,-26.648056,27.089444,2013-05-08
3875,14785.0,-26.970278,27.211111,2013-05-08
3876,14873.0,-26.880278,26.965,2013-05-08
3877,14777.0,-27.273889,28.49,2013-05-08
3878,14787.0,-27.4275,28.525833,2013-05-08
3879,14552.0,-28.69485,28.23487,2013-05-08
3880,14804.0,-29.615556,27.065278,2013-05-08
3881,14632.0,-28.883333,27.89,2013-05-08
3882,14647.0,-30.77586667,29.03221667,2013-05-08
3883,14629.0,-31.396,29.2651,2013-05-08
3884,14681.0,-34.039722,22.133333,2013-05-08
3885,14798.0,-28.058889,30.373611,2013-05-08
3886,14684.0,-33.897778,20.012778,2013-05-08
3887,14855.0,-29.140556,31.391944,2013-05-09
3888,14798.0,-27.671111,27.236944,2013-05-09
3889,14716.0,-30.160091,27.40124,2013-05-09
3890,14716.0,-30.336111,27.359444,2013-05-09
3891,14697.0,-34.005833,22.351111,2013-05-09
3892,14573.0,-30.830556,26.921389,2013-05-10
3893,14835.0,-28.116667,26.725278,2013-05-10
3894,14920.0,-27.573056,24.746389,2013-05-10
3895,14587.0,-31.000833,26.353056,2013-05-10
3896,14573.0,-30.679722,26.7125,2013-05-10
3897,14897.0,-28.96362,19.15486,2013-05-11
3898,14826.5,-25.99136,27.84208,2013-05-13
3899,14665.5,-29.7775,29.470833,2013-05-13
3900,14708.0,-29.744167,29.905833,2013-05-13
3901,14830.0,-26.45,28.085833,2013-05-13
3902,14735.0,-31.554722,29.245556,2013-05-13
3903,14815.5,-27.01011111,26.69808333,2013-05-14
3904,14815.0,-24.679167,30.8025,2013-05-14
3905,14587.5,-30.830556,26.921389,2013-05-14
3906,14842.5,-25.73411,27.21422,2013-05-14
3907,14903.5,-23.281,30.54305556,2013-05-14
3908,14831.0,-30.733889,29.828333,2013-05-14
3909,14593.5,-29.987778,29.851667,2013-05-14
3910,14790.5,-27.169444,29.233889,2013-05-14
3911,14797.0,-26.861111,28.884722,2013-05-14
3912,14711.0,-27.00222,28.76528,2013-05-14
3913,14870.5,-26.648056,27.089444,2013-05-14
3914,14772.0,-26.970278,27.211111,2013-05-14
3915,14847.0,-26.880278,26.965,2013-05-14
3916,14862.5,-26.98472222,26.63227778,2013-05-14
3917,14569.0,-31.000833,26.353056,2013-05-14
3918,14540.0,-31.104278,29.399722,2013-05-14
3919,14910.5,-25.45963889,28.26430556,2013-05-14
3920,14853.0,-28.338333,31.373611,2013-05-14
3921,14970.0,-28.068333,31.55,2013-05-14
3922,14865.0,-29.161667,23.696389,2013-05-15
3923,14795.5,-25.81048333,27.90955222,2013-05-15
3924,14916.5,-24.183889,30.823889,2013-05-15
3925,14970.5,-22.91028,29.61111,2013-05-15
3926,15089.0,-22.769722,30.886944,2013-05-15
3927,14708.0,-29.744167,29.905833,2013-05-15
3928,14741.0,-30.398056,30.601944,2013-05-15
3929,14761.5,-30.27402,30.69602,2013-05-15
3930,14905.5,-29.033333,23.983333,2013-05-15
3931,14687.0,-30.160091,27.40124,2013-05-15
3932,14683.5,-30.336111,27.359444,2013-05-15
3933,14744.0,-30.568333,29.422778,2013-05-15
3934,14648.5,-30.86013889,29.07125,2013-05-15
3935,14658.5,-30.570833,29.150556,2013-05-15
3936,14725.0,-34.092222,21.295278,2013-05-15
3937,15010.0,-23.23572222,27.717,2013-05-16
3938,15016.0,-22.548889,28.898056,2013-05-16
3939,14828.5,-28.44555556,32.325,2013-08-08
3940,14680.0,-30.13573889,30.67422222,2013-05-16
3941,14858.0,-29.160278,26.573333,2013-05-16
3942,14679.0,-31.031389,28.883333,2013-05-16
3943,15048.0,-22.225556,29.990556,2013-05-17
3944,15094.0,-22.43772222,31.07805556,2013-05-17
3945,14858.0,-26.98472222,26.63227778,2013-05-17
3946,14749.0,-29.803611,30.516111,2013-05-17
3947,14536.0,-33.38056,19.30167,2013-05-20
3948,14627.5,-32.502778,19.535833,2013-05-20
3949,14755.5,-27.01011111,26.69808333,2013-05-21
3950,14698.5,-31.860278,18.6875,2013-05-21
3951,15008.5,-24.69514,27.40906,2013-05-21
3952,14937.5,-25.398889,31.610556,2013-05-21
3953,14820.0,-26.648056,27.089444,2013-05-21
3954,14739.0,-26.970278,27.211111,2013-05-21
3955,14821.0,-26.880278,26.965,2013-05-21
3956,14814.5,-26.98472222,26.63227778,2013-05-21
3957,14502.0,-34.250556,20.9925,2013-05-21
3958,14553.0,-32.595833,19.009444,2013-05-21
3959,14839.5,-29.161667,23.696389,2013-05-22
3960,14816.5,-26.880278,26.965,2014-05-13
3961,14630.5,-29.641944,30.6875,2013-05-22
3962,14870.5,-25.20639,27.558,2013-05-22
3963,14959.5,-25.681111,31.783333,2013-05-22
3964,14665.5,-25.513889,31.224444,2013-05-22
3965,14746.5,-26.861111,28.884722,2013-05-22
3966,14743.5,-26.73806,27.59194,2013-05-22
3967,14788.5,-26.45,28.085833,2013-05-22
3968,14717.5,-33.13083,18.86278,2013-05-22
3969,14610.5,-33.7075,18.97444444,2013-05-22
3970,14859.0,-26.905,32.324722,2013-05-23
3971,14875.0,-27.602222,29.942778,2013-05-23
3972,14760.5,-27.169444,29.233889,2013-05-23
3973,14646.0,-27.00222,28.76528,2013-05-23
3974,14757.0,-27.273889,28.49,2013-05-23
3975,14599.5,-33.31388889,19.07472222,2013-05-23
3976,14763.0,-28.141944,26.417778,2013-05-24
3977,14755.0,-28.1175,26.719444,2013-05-24
3978,14755.0,-28.116667,26.725278,2013-05-24
3979,14797.0,-28.96362,19.15486,2013-05-25
3980,14808.0,-25.99136,27.84208,2013-05-27
3981,14743.0,-26.45,28.085833,2013-05-27
3982,14843.0,-29.042222,24.6,2013-05-27
3983,14476.5,-30.830556,26.921389,2013-05-28
3984,14860.5,-24.670833,28.560833,2013-05-28
3985,14790.0,-25.73411,27.21422,2013-05-28
3986,14712.5,-26.861111,28.884722,2013-05-28
3987,14578.0,-27.00222,28.76528,2013-05-28
3988,14462.5,-30.679722,26.7125,2013-05-28
3989,14529.0,-33.501667,21.624167,2013-05-28
3990,14879.0,-25.45963889,28.26430556,2013-05-28
3991,14705.0,-29.161667,23.696389,2013-05-29
3992,14662.0,-27.01011111,26.69808333,2013-05-29
3993,14729.5,-25.81048333,27.90955222,2013-05-29
3994,14916.5,-24.282222,28.090278,2013-05-29
3995,14761.0,-26.648056,27.089444,2013-05-29
3996,14671.0,-26.970278,27.211111,2013-05-29
3997,14768.5,-26.880278,26.965,2013-05-29
3998,14705.0,-27.3,28.586944,2013-05-29
3999,14715.5,-26.98472222,26.63227778,2013-05-29
4000,14711.5,-29.033333,23.983333,2013-05-29
4001,14983.0,-22.935,28.004167,2013-05-30
4002,14730.0,-27.273889,28.49,2013-05-30
4003,14729.0,-27.38972222,26.46388889,2013-05-30
4004,14818.5,-27.398611,26.614722,2013-05-30
4005,14727.5,-27.671111,27.236944,2013-05-30
4006,14692.0,-29.042222,24.6,2013-05-30
4007,14721.0,-29.028629,24.638389,2013-05-30
4008,14711.5,-29.033333,23.983333,2013-05-30
4009,14616.0,-29.744167,29.905833,2013-05-31
4010,14769.0,-28.404444,30.013056,2013-06-03
4011,14700.0,-26.73806,27.59194,2013-06-03
4012,14681.0,-26.45,28.085833,2013-06-03
4013,14650.0,-29.160278,26.573333,2013-06-03
4014,14412.0,-34.065833,20.404167,2013-06-04
4015,14786.0,-25.20639,27.558,2013-06-04
4016,14988.0,-24.69514,27.40906,2013-06-04
4017,14843.0,-28.747778,31.745833,2013-06-04
4018,14601.0,-29.380556,30.2775,2013-06-04
4019,14683.0,-27.169444,29.233889,2013-06-04
4020,14696.0,-26.861111,28.884722,2013-06-04
4021,14786.0,-27.398611,26.614722,2013-06-04
4022,14558.0,-34.031944,22.053333,2013-06-04
4023,14484.0,-34.039722,22.133333,2013-06-04
4024,14400.0,-34.075556,20.145556,2013-06-04
4025,14656.0,-29.161667,23.696389,2013-06-05
4026,14609.5,-27.01011111,26.69808333,2013-06-05
4027,14826.0,-29.140556,31.391944,2013-06-05
4028,14876.5,-24.39619444,27.08983333,2013-06-05
4029,14991.0,-23.658056,31.05,2013-06-05
4030,14883.0,-23.281,30.54305556,2013-06-05
4031,14543.5,-27.00222,28.76528,2013-06-05
4032,14664.0,-27.02314,28.59389,2013-06-05
4033,14718.5,-26.648056,27.089444,2013-06-05
4034,14614.0,-26.970278,27.211111,2013-06-05
4035,14688.5,-26.880278,26.965,2013-06-05
4036,14657.0,-27.273889,28.49,2013-06-05
4037,14659.0,-27.4275,28.525833,2013-06-05
4038,14648.5,-27.3,28.586944,2013-06-05
4039,14642.5,-26.98472222,26.63227778,2013-06-05
4040,14420.0,-34.405833,19.600556,2013-06-05
4041,14709.5,-28.058889,30.373611,2013-06-05
4042,15053.5,-22.769722,30.886944,2013-06-06
4043,14714.5,-28.801278,31.955389,2013-06-06
4044,14739.0,-27.937778,31.209444,2013-06-06
4045,14730.0,-27.5275,30.858056,2013-06-06
4046,14410.0,-31.394444,20.947222,2013-06-06
4047,14479.5,-29.651389,22.746389,2013-06-06
4048,14549.5,-34.005833,22.351111,2013-06-06
4049,14570.5,-28.116667,26.725278,2013-06-07
4050,14730.5,-27.902778,24.615556,2013-06-07
4051,14682.0,-25.99136,27.84208,2013-06-10
4052,14548.0,-29.7775,29.470833,2013-06-10
4053,14530.0,-29.744167,29.905833,2013-06-10
4054,14617.0,-26.45,28.085833,2013-06-10
4055,14628.0,-27.671111,27.236944,2013-06-10
4056,14541.0,-29.042222,24.6,2013-06-10
4057,14461.0,-31.396,29.2651,2013-06-10
4058,14627.0,-31.554722,29.245556,2013-06-10
4059,14591.0,-27.01011111,26.69808333,2013-06-11
4060,14780.0,-24.183889,30.823889,2013-06-11
4061,14618.0,-30.733889,29.828333,2013-06-11
4062,14612.0,-26.861111,28.884722,2013-06-11
4063,14513.0,-27.00222,28.76528,2013-06-11
4064,14667.0,-26.648056,27.089444,2013-06-11
4065,14605.0,-26.970278,27.211111,2013-06-11
4066,14661.0,-26.880278,26.965,2013-06-11
4067,14625.0,-26.98472222,26.63227778,2013-06-11
4068,14348.0,-28.69485,28.23487,2013-06-11
4069,14663.0,-30.568333,29.422778,2013-06-11
4070,14540.0,-30.570833,29.150556,2013-06-11
4071,14466.0,-31.104278,29.399722,2013-06-11
4072,14771.0,-25.45963889,28.26430556,2013-06-11
4073,14763.0,-28.338333,31.373611,2013-06-11
4074,14876.0,-28.068333,31.55,2013-06-11
4075,14587.0,-25.81048333,27.90955222,2013-06-12
4076,14806.0,-24.39619444,27.08983333,2013-06-12
4077,14878.0,-24.058889,31.237222,2013-06-12
4078,14612.0,-30.398056,30.601944,2013-06-12
4079,14550.0,-27.802778,28.768333,2013-06-12
4080,14585.0,-29.033333,23.983333,2013-06-12
4081,14477.0,-29.615556,27.065278,2013-06-12
4082,14438.0,-28.883333,27.89,2013-06-12
4083,14623.0,-31.031389,28.883333,2013-06-12
4084,14632.0,-30.86013889,29.07125,2013-06-12
4085,14565.0,-30.77586667,29.03221667,2013-06-12
4086,14455.0,-34.092222,21.295278,2013-06-12
4087,14976.0,-28.44555556,32.325,2013-09-05
4088,14810.5,-24.679167,30.8025,2013-06-14
4089,14537.0,-29.744167,29.905833,2013-06-14
4090,14642.5,-26.98472222,26.63227778,2013-06-14
4091,14597.5,-29.803611,30.516111,2013-06-14
4092,14539.0,-28.96362,19.15486,2013-06-15
4093,14636.0,-28.735556,29.820556,2013-06-17
4094,14378.0,-32.502778,19.535833,2013-06-17
4095,14506.0,-31.860278,18.6875,2013-06-18
4096,14599.0,-25.20639,27.558,2013-06-18
4097,14806.0,-24.39619444,27.08983333,2013-06-18
4098,14752.0,-24.69514,27.40906,2013-06-18
4099,14631.0,-26.73806,27.59194,2013-06-18
4100,14617.0,-26.45,28.085833,2013-06-18
4101,14228.0,-33.38056,19.30167,2013-06-18
4102,14390.0,-32.595833,19.009444,2013-06-18
4103,14585.0,-29.161667,23.696389,2013-06-19
4104,14538.0,-29.641944,30.6875,2013-06-19
4105,14608.0,-25.127778,27.628889,2013-06-19
4106,14924.0,-23.838611,31.640833,2013-06-19
4107,14761.0,-27.363611,31.783333,2013-06-19
4108,14612.0,-26.861111,28.884722,2013-06-19
4109,14594.0,-31.5653,18.3306,2013-06-19
4110,14476.0,-32.601389,18.750556,2013-06-19
4111,14488.0,-33.7075,18.97444444,2013-06-19
4112,14585.0,-29.161667,23.696389,2013-06-20
4113,14643.0,-28.7115,24.07288889,2013-06-20
4114,14724.0,-27.602222,29.942778,2013-06-20
4115,14454.0,-29.1825,23.575556,2013-06-20
4116,14429.0,-34.250556,20.9925,2013-06-20
4117,14453.0,-33.31388889,19.07472222,2013-06-20
4118,14426.0,-33.13083,18.86278,2013-06-20
4119,14472.0,-32.94583,18.33667,2013-06-20
4120,14635.0,-27.573056,24.746389,2013-06-21
4121,14564.5,-28.96362,19.15486,2013-06-22
4122,14540.0,-29.803611,30.516111,2013-06-22
4123,14681.0,-25.99136,27.84208,2013-06-24
4124,14622.5,-26.45,28.085833,2013-06-24
4125,14453.0,-33.501667,21.624167,2013-06-24
4126,14661.0,-27.01011111,26.69808333,2013-06-25
4127,14612.0,-26.861111,28.884722,2013-06-25
4128,14567.0,-27.00222,28.76528,2013-06-25
4129,14714.0,-26.648056,27.089444,2013-06-25
4130,14605.0,-26.970278,27.211111,2013-06-25
4131,14676.0,-26.880278,26.965,2013-06-25
4132,14647.0,-26.98472222,26.63227778,2013-06-25
4133,14543.0,-29.042222,24.6,2013-06-25
4134,14571.0,-29.028629,24.638389,2013-06-25
4135,14674.0,-29.033333,23.983333,2013-06-25
4136,14585.0,-29.161667,23.696389,2013-06-26
4137,14640.0,-25.81048333,27.90955222,2013-06-26
4138,14645.0,-28.75,30.442778,2013-06-26
4139,14569.0,-29.161667,30.629722,2013-06-26
4140,14581.0,-28.141944,26.417778,2013-06-26
4141,14586.0,-28.1175,26.719444,2013-06-26
4142,14586.0,-28.116667,26.725278,2013-06-26
4143,14588.0,-29.160278,26.573333,2013-06-26
4144,14674.0,-29.033333,23.983333,2013-06-26
4145,14645.0,-27.38972222,26.46388889,2013-06-27
4146,14732.0,-27.398611,26.614722,2013-06-27
4147,14650.0,-27.671111,27.236944,2013-06-27
4148,14718.0,-28.760833,17.730278,2013-06-28
4149,14544.0,-29.744167,29.905833,2013-06-28
4150,14611.5,-28.96362,19.15486,2013-06-29
4151,14682.0,-26.73806,27.59194,2013-07-01
4152,14676.5,-26.45,28.085833,2013-07-01
4153,14502.5,-34.065833,20.404167,2013-07-02
4154,14601.5,-25.20639,27.558,2013-07-02
4155,14753.5,-24.69514,27.40906,2013-07-02
4156,14756.0,-28.747778,31.745833,2013-07-02
4157,14701.0,-27.937778,31.209444,2013-07-02
4158,14542.5,-29.380556,30.2775,2013-07-02
4159,14646.5,-27.169444,29.233889,2013-07-02
4160,14665.5,-26.861111,28.884722,2013-07-02
4161,14744.0,-27.398611,26.614722,2013-07-02
4162,14479.5,-28.69485,28.23487,2013-07-02
4163,14537.5,-34.031944,22.053333,2013-07-02
4164,14446.5,-34.075556,20.145556,2013-07-02
4165,14585.0,-29.161667,23.696389,2013-07-03
4166,14666.0,-27.01011111,26.69808333,2013-07-03
4167,14660.0,-25.127778,27.628889,2013-07-03
4168,14766.0,-24.39619444,27.08983333,2013-07-03
4169,14601.0,-27.00222,28.76528,2013-07-03
4170,14715.0,-27.02314,28.59389,2013-07-03
4171,14719.0,-26.648056,27.089444,2013-07-03
4172,14645.0,-26.970278,27.211111,2013-07-03
4173,14705.0,-26.880278,26.965,2013-07-03
4174,14706.0,-27.273889,28.49,2013-07-03
4175,14656.0,-27.4275,28.525833,2013-07-03
4176,14654.0,-27.3,28.586944,2013-07-03
4177,14696.0,-26.98472222,26.63227778,2013-07-03
4178,14456.0,-34.039722,22.133333,2013-07-03
4179,14445.0,-34.405833,19.600556,2013-07-03
4180,14434.0,-33.870833,20.003333,2013-07-03
4181,14692.0,-25.57877778,29.12747222,2013-07-03
4182,14940.0,-22.769722,30.886944,2013-07-04
4183,14719.0,-28.801278,31.955389,2013-07-04
4184,14732.0,-27.5275,30.858056,2013-07-04
4185,14696.0,-26.98472222,26.63227778,2013-07-04
4186,14424.0,-31.394444,20.947222,2013-07-04
4187,14404.0,-34.329722,18.990278,2013-07-04
4188,14805.0,-23.281,30.54305556,2013-07-05
4189,14698.0,-27.937778,31.209444,2013-07-05
4190,14569.0,-29.161667,30.629722,2013-07-05
4191,14748.0,-27.902778,24.615556,2013-07-05
4192,14769.0,-25.99136,27.84208,2013-07-08
4193,14582.5,-29.7775,29.470833,2013-07-08
4194,14488.0,-29.987778,29.851667,2013-07-08
4195,14627.5,-29.744167,29.905833,2013-07-08
4196,14621.0,-27.00222,28.76528,2013-07-08
4197,14734.0,-26.45,28.085833,2013-07-08
4198,14685.5,-27.01011111,26.69808333,2013-07-09
4199,14766.0,-24.670833,28.560833,2013-07-09
4200,14537.5,-30.733889,29.828333,2013-07-09
4201,14751.5,-26.648056,27.089444,2013-07-09
4202,14672.5,-26.970278,27.211111,2013-07-09
4203,14710.5,-26.880278,26.965,2013-07-09
4204,14723.5,-26.98472222,26.63227778,2013-07-09
4205,14583.0,-29.160278,26.573333,2013-07-09
4206,14585.0,-28.883333,27.89,2013-07-09
4207,14503.0,-31.396,29.2651,2013-07-09
4208,14631.5,-31.554722,29.245556,2013-07-09
4209,14852.5,-25.45963889,28.26430556,2013-07-09
4210,14770.0,-28.338333,31.373611,2013-07-09
4211,14862.0,-28.068333,31.55,2013-07-09
4212,14668.0,-25.81048333,27.90955222,2013-07-10
4213,14943.5,-22.225556,29.990556,2013-07-10
4214,14624.5,-30.398056,30.601944,2013-07-10
4215,14661.0,-30.27402,30.69602,2013-07-10
4216,14488.5,-28.69485,28.23487,2013-07-10
4217,14537.5,-29.615556,27.065278,2013-07-10
4218,14611.5,-30.568333,29.422778,2013-07-10
4219,14528.0,-30.570833,29.150556,2013-07-10
4220,14463.5,-31.104278,29.399722,2013-07-10
4221,14518.0,-34.092222,21.295278,2013-07-10
4222,14817.0,-24.282222,28.090278,2013-07-11
4223,14608.0,-30.13573889,30.67422222,2013-07-11
4224,14566.0,-30.160091,27.40124,2013-07-11
4225,14581.0,-30.336111,27.359444,2013-07-11
4226,14603.0,-31.031389,28.883333,2013-07-11
4227,14639.0,-30.86013889,29.07125,2013-07-11
4228,14591.0,-30.77586667,29.03221667,2013-07-11
4229,14546.0,-30.830556,26.921389,2013-07-12
4230,14423.0,-31.000833,26.353056,2013-07-12
4231,14566.0,-30.160091,27.40124,2013-07-12
4232,14711.0,-28.75,30.442778,2013-07-13
4233,14752.0,-28.735556,29.820556,2013-07-15
4234,14721.5,-26.73806,27.59194,2013-07-15
4235,14732.5,-26.45,28.085833,2013-07-15
4236,14306.0,-33.38056,19.30167,2013-07-15
4237,14710.0,-27.01011111,26.69808333,2013-07-16
4238,14742.5,-24.679167,30.8025,2013-07-16
4239,14698.5,-25.127778,27.628889,2013-07-16
4240,14808.0,-24.39619444,27.08983333,2013-07-16
4241,14777.5,-24.69514,27.40906,2013-07-16
4242,14945.0,-23.658056,31.05,2013-07-16
4243,14670.0,-27.169444,29.233889,2013-07-16
4244,14709.5,-26.861111,28.884722,2013-07-16
4245,14621.0,-27.00222,28.76528,2013-07-16
4246,14726.5,-26.648056,27.089444,2013-07-16
4247,14724.5,-26.880278,26.965,2013-07-16
4248,14758.5,-26.98472222,26.63227778,2013-07-16
4249,14651.0,-28.141944,26.417778,2013-07-16
4250,14647.5,-28.1175,26.719444,2013-07-16
4251,14616.0,-29.641944,30.6875,2013-07-17
4252,14862.5,-22.91028,29.61111,2013-07-17
4253,14601.5,-25.20639,27.558,2013-07-17
4254,14915.0,-24.058889,31.237222,2013-07-17
4255,14774.0,-27.363611,31.783333,2013-07-17
4256,14741.5,-27.38972222,26.46388889,2013-07-17
4257,14689.5,-28.768056,20.720556,2013-07-17
4258,14435.0,-33.13083,18.86278,2013-07-17
4259,14553.5,-32.94583,18.33667,2013-07-17
4260,14842.5,-22.935,28.004167,2013-07-18
4261,14856.0,-24.183889,30.823889,2013-07-18
4262,14875.5,-23.23572222,27.717,2013-07-18
4263,14732.0,-26.905,32.324722,2013-07-18
4264,14808.0,-27.602222,29.942778,2013-07-18
4265,14664.0,-29.744167,29.905833,2013-07-18
4266,14680.5,-27.935,26.126667,2013-07-18
4267,14651.0,-28.141944,26.417778,2013-07-18
4268,14735.0,-27.902778,24.615556,2013-07-19
4269,14646.0,-28.96362,19.15486,2013-07-20
4270,14738.0,-25.99136,27.84208,2013-07-22
4271,14431.0,-32.502778,19.535833,2013-07-22
4272,14509.0,-31.860278,18.6875,2013-07-23
4273,14732.5,-26.45,28.085833,2013-07-23
4274,14648.0,-28.141944,26.417778,2013-07-23
4275,14651.5,-28.1175,26.719444,2013-07-23
4276,14433.5,-32.595833,19.009444,2013-07-23
4277,14856.0,-25.45963889,28.26430556,2013-07-23
4278,14672.0,-29.161667,23.696389,2013-07-24
4279,14698.5,-25.81048333,27.90955222,2013-07-24
4280,14709.5,-26.861111,28.884722,2013-07-24
4281,14648.5,-27.00222,28.76528,2013-07-24
4282,14689.5,-26.970278,27.211111,2013-07-24
4283,14720.0,-27.671111,27.236944,2013-07-24
4284,14442.0,-33.501667,21.624167,2013-07-24
4285,14555.0,-33.7075,18.97444444,2013-07-24
4286,14710.0,-27.01011111,26.69808333,2013-07-25
4287,14974.0,-23.838611,31.640833,2013-07-25
4288,14673.0,-29.744167,29.905833,2013-07-25
4289,14726.5,-26.648056,27.089444,2013-07-25
4290,14724.5,-26.880278,26.965,2013-07-25
4291,14741.5,-27.38972222,26.46388889,2013-07-25
4292,14758.5,-26.98472222,26.63227778,2013-07-25
4293,14760.0,-27.398611,26.614722,2013-07-25
4294,14410.0,-33.31388889,19.07472222,2013-07-25
4295,14886.0,-29.140556,31.391944,2013-07-29
4296,14480.0,-34.065833,20.404167,2013-07-30
4297,14741.0,-25.127778,27.628889,2013-07-30
4298,14655.0,-25.20639,27.558,2013-07-30
4299,14814.0,-24.69514,27.40906,2013-07-30
4300,14763.0,-28.404444,30.013056,2013-07-30
4301,14639.0,-29.380556,30.2775,2013-07-30
4302,14734.0,-26.648056,27.089444,2013-07-30
4303,14714.0,-26.970278,27.211111,2013-07-30
4304,14744.0,-26.880278,26.965,2013-07-30
4305,14766.0,-26.98472222,26.63227778,2013-07-30
4306,14649.0,-29.160278,26.573333,2013-07-30
4307,14497.0,-28.69485,28.23487,2013-07-30
4308,14659.0,-28.883333,27.89,2013-07-30
4309,14373.0,-34.075556,20.145556,2013-07-30
4310,14720.0,-28.058889,30.373611,2013-07-30
4311,14715.0,-29.161667,23.696389,2013-07-31
4312,14915.0,-24.39619444,27.08983333,2013-07-31
4313,14818.5,-28.747778,31.745833,2013-07-31
4314,14759.0,-28.801278,31.955389,2013-07-31
4315,14630.0,-29.615556,27.065278,2013-07-31
4316,14426.5,-34.405833,19.600556,2013-07-31
4317,14856.0,-27.5275,30.858056,2013-08-01
4318,14736.0,-27.902778,24.615556,2013-08-01
4319,14567.0,-30.160091,27.40124,2013-08-01
4320,14598.0,-30.336111,27.359444,2013-08-01
4321,14500.0,-29.651389,22.746389,2013-08-01
4322,14541.0,-29.1825,23.575556,2013-08-01
4323,14413.5,-33.897778,20.012778,2013-08-01
4324,14679.0,-29.744167,29.905833,2013-08-02
4325,14980.5,-28.068333,31.55,2013-08-03
4326,14743.0,-25.99136,27.84208,2013-08-05
4327,14669.0,-29.7775,29.470833,2013-08-05
4328,14550.0,-29.987778,29.851667,2013-08-05
4329,14684.0,-29.744167,29.905833,2013-08-05
4330,14740.0,-26.45,28.085833,2013-08-05
4331,14675.0,-31.396,29.2651,2013-08-05
4332,14793.0,-31.554722,29.245556,2013-08-05
4333,14757.0,-27.169444,29.233889,2013-08-06
4334,14594.0,-30.570833,29.150556,2013-08-06
4335,14621.0,-31.104278,29.399722,2013-08-06
4336,14908.0,-25.45963889,28.26430556,2013-08-06
4337,14961.0,-28.338333,31.373611,2013-08-06
4338,15031.0,-28.068333,31.55,2013-08-06
4339,14750.0,-29.161667,23.696389,2013-08-07
4340,14713.0,-25.81048333,27.90955222,2013-08-07
4341,14616.0,-30.830556,26.921389,2013-08-07
4342,14711.0,-30.398056,30.601944,2013-08-07
4343,14755.0,-27.02314,28.59389,2013-08-07
4344,14736.0,-27.273889,28.49,2013-08-07
4345,14758.0,-27.4275,28.525833,2013-08-07
4346,14767.0,-27.3,28.586944,2013-08-07
4347,14763.0,-27.398611,26.614722,2013-08-07
4348,14723.0,-29.033333,23.983333,2013-08-07
4349,14677.0,-31.031389,28.883333,2013-08-07
4350,14746.0,-30.86013889,29.07125,2013-08-07
4351,14629.0,-30.77586667,29.03221667,2013-08-07
4352,14792.5,-27.01011111,26.69808333,2013-08-08
4353,15197.0,-28.44555556,32.325,2013-10-01
4354,14798.5,-26.648056,27.089444,2013-08-08
4355,14747.0,-26.970278,27.211111,2013-08-08
4356,14840.5,-26.98472222,26.63227778,2013-08-08
4357,14763.5,-27.573056,24.746389,2013-08-08
4358,14484.5,-31.000833,26.353056,2013-08-08
4359,14584.0,-30.679722,26.7125,2013-08-08
4360,14627.0,-30.570833,29.150556,2013-08-08
4361,14859.0,-25.57877778,29.12747222,2013-08-08
4362,14746.0,-29.803611,30.516111,2013-08-09
4363,14850.0,-28.735556,29.820556,2013-08-12
4364,14855.0,-26.73806,27.59194,2013-08-12
4365,14865.0,-26.45,28.085833,2013-08-12
4366,14900.0,-26.98472222,26.63227778,2013-08-12
4367,14309.0,-33.38056,19.30167,2013-08-12
4368,14868.0,-28.760833,17.730278,2013-08-13
4369,15118.0,-22.225556,29.990556,2013-08-13
4370,14901.0,-25.127778,27.628889,2013-08-13
4371,15074.0,-24.39619444,27.08983333,2013-08-13
4372,14949.0,-24.69514,27.40906,2013-08-13
4373,15188.0,-23.658056,31.05,2013-08-13
4374,15116.0,-23.281,30.54305556,2013-08-13
4375,14757.0,-27.169444,29.233889,2013-08-13
4376,14806.0,-27.00222,28.76528,2013-08-13
4377,14771.0,-26.970278,27.211111,2013-08-13
4378,14683.0,-29.1825,23.575556,2013-08-13
4379,14483.0,-34.039722,22.133333,2013-08-13
4380,14442.0,-34.02861,22.22222,2013-08-13
4381,14594.0,-31.5653,18.3306,2013-08-13
4382,14855.0,-29.161667,23.696389,2013-08-14
4383,14824.0,-27.01011111,26.69808333,2013-08-14
4384,14701.0,-29.641944,30.6875,2013-08-14
4385,14977.0,-24.183889,30.823889,2013-08-14
4386,14774.0,-25.20639,27.558,2013-08-14
4387,15206.0,-22.769722,30.886944,2013-08-14
4388,15081.0,-23.838611,31.640833,2013-08-14
4389,15143.0,-24.058889,31.237222,2013-08-14
4390,14999.0,-27.363611,31.783333,2013-08-14
4391,14863.0,-26.648056,27.089444,2013-08-14
4392,14879.0,-26.880278,26.965,2013-08-14
4393,14895.0,-27.38972222,26.46388889,2013-08-14
4394,14900.0,-26.98472222,26.63227778,2013-08-14
4395,14750.0,-28.141944,26.417778,2013-08-14
4396,14727.0,-28.1175,26.719444,2013-08-14
4397,14855.0,-29.033333,23.983333,2013-08-14
4398,14847.0,-28.768056,20.720556,2013-08-14
4399,14479.0,-34.092222,21.295278,2013-08-14
4400,14376.0,-33.13083,18.86278,2013-08-14
4401,14891.0,-26.905,32.324722,2013-08-15
4402,14924.0,-27.602222,29.942778,2013-08-15
4403,14825.0,-27.398611,26.614722,2013-08-15
4404,14778.0,-27.671111,27.236944,2013-08-15
4405,14940.0,-27.902778,24.615556,2013-08-15
4406,15076.5,-24.679167,30.8025,2013-08-16
4407,14944.5,-29.744167,29.905833,2013-08-16
4408,14858.0,-25.447222,30.711667,2013-08-18
4409,14947.0,-25.99136,27.84208,2013-08-19
4410,14807.5,-29.160278,26.573333,2013-08-19
4411,14530.0,-32.502778,19.535833,2013-08-19
4412,14628.0,-31.860278,18.6875,2013-08-20
4413,15168.0,-22.91028,29.61111,2013-08-20
4414,15097.0,-25.45963889,28.26430556,2013-08-20
4415,14961.0,-25.81048333,27.90955222,2013-08-21
4416,15169.0,-22.935,28.004167,2013-08-21
4417,14972.0,-26.03611,30.99778,2013-08-21
4418,15024.0,-28.75,30.442778,2013-08-21
4419,14901.0,-29.161667,30.629722,2013-08-21
4420,15020.0,-26.45,28.085833,2013-08-21
4421,14924.0,-27.671111,27.236944,2013-08-21
4422,14634.0,-33.7075,18.97444444,2013-08-21
4423,14906.0,-27.01011111,26.69808333,2013-08-22
4424,15145.0,-24.282222,28.090278,2013-08-22
4425,15015.0,-27.00222,28.76528,2013-08-22
4426,14948.0,-26.98472222,26.63227778,2013-08-22
4427,14907.0,-28.116667,26.725278,2013-08-22
4428,14462.0,-33.31388889,19.07472222,2013-08-22
4429,14948.0,-26.648056,27.089444,2013-08-23
4430,14935.0,-26.970278,27.211111,2013-08-23
4431,14954.0,-26.880278,26.965,2013-08-23
4432,14928.5,-30.398056,30.601944,2013-08-24
4433,14724.0,-24.99328,30.81444,2013-08-26
4434,14860.0,-29.380556,30.2775,2013-08-26
4435,15002.5,-26.73806,27.59194,2013-08-26
4436,15039.0,-26.45,28.085833,2013-08-26
4437,14553.0,-33.818056,19.694722,2013-08-26
4438,14509.0,-34.065833,20.404167,2013-08-27
4439,14983.5,-25.127778,27.628889,2013-08-27
4440,15021.5,-24.69514,27.40906,2013-08-27
4441,15255.5,-22.43772222,31.07805556,2013-08-27
4442,15261.0,-25.681111,31.783333,2013-08-27
4443,15058.5,-25.67386,31.57527,2013-08-27
4444,15101.5,-28.747778,31.745833,2013-08-27
4445,15054.0,-27.169444,29.233889,2013-08-27
4446,15035.0,-27.00222,28.76528,2013-08-27
4447,15005.0,-27.273889,28.49,2013-08-27
4448,14977.5,-29.042222,24.6,2013-08-27
4449,15037.5,-29.028629,24.638389,2013-08-27
4450,14995.0,-29.033333,23.983333,2013-08-27
4451,14943.0,-28.760833,17.730278,2013-08-28
4452,15059.0,-29.161667,23.696389,2013-08-28
4453,15108.0,-25.436111,31.982222,2013-08-28
4454,15261.0,-23.838611,31.640833,2013-08-28
4455,15201.0,-25.398889,31.610556,2013-08-28
4456,15221.0,-25.14944444,31.94055556,2013-08-28
4457,14977.0,-28.801278,31.955389,2013-08-28
4458,15095.0,-27.937778,31.209444,2013-08-28
4459,14848.0,-28.69485,28.23487,2013-08-28
4460,15035.0,-28.883333,27.89,2013-08-28
4461,14471.0,-34.405833,19.600556,2013-08-28
4462,15015.0,-28.058889,30.373611,2013-08-28
4463,15082.0,-27.5275,30.858056,2013-08-29
4464,14953.0,-26.970278,27.211111,2013-08-29
4465,14601.0,-33.501667,21.624167,2013-08-29
4466,14534.0,-34.075556,20.145556,2013-08-29
4467,14610.0,-33.897778,20.012778,2013-08-29
4468,15083.0,-27.01011111,26.69808333,2013-08-30
4469,15105.0,-29.744167,29.905833,2013-08-30
4470,15047.0,-26.648056,27.089444,2013-08-30
4471,15045.0,-26.880278,26.965,2013-08-30
4472,15095.0,-26.98472222,26.63227778,2013-08-30
4473,15183.5,-25.99136,27.84208,2013-09-02
4474,15156.5,-30.733889,29.828333,2013-09-02
4475,15158.5,-29.7775,29.470833,2013-09-02
4476,15021.5,-29.987778,29.851667,2013-09-02
4477,15122.0,-29.744167,29.905833,2013-09-02
4478,15158.0,-26.45,28.085833,2013-09-02
4479,15099.0,-27.671111,27.236944,2013-09-02
4480,14916.5,-31.396,29.2651,2013-09-02
4481,15002.5,-31.554722,29.245556,2013-09-02
4482,15067.5,-25.73411,27.21422,2013-09-03
4483,15135.5,-27.398611,26.614722,2013-09-03
4484,15095.0,-29.160278,26.573333,2013-09-03
4485,15044.0,-30.568333,29.422778,2013-09-03
4486,14964.5,-30.570833,29.150556,2013-09-03
4487,14948.0,-31.104278,29.399722,2013-09-03
4488,15252.0,-25.45963889,28.26430556,2013-09-03
4489,15143.5,-28.338333,31.373611,2013-09-03
4490,15214.5,-27.495556,26.074722,2013-09-03
4491,15136.5,-29.161667,23.696389,2013-09-04
4492,15154.5,-27.01011111,26.69808333,2013-09-04
4493,15143.0,-25.81048333,27.90955222,2013-09-04
4494,15389.0,-23.658056,31.05,2013-09-04
4495,15085.0,-25.49037,30.6986,2013-09-04
4496,15128.0,-27.00222,28.76528,2013-09-04
4497,15155.0,-26.648056,27.089444,2013-09-04
4498,15070.0,-26.970278,27.211111,2013-09-04
4499,15177.0,-26.880278,26.965,2013-09-04
4500,15102.0,-27.273889,28.49,2013-09-04
4501,15131.0,-27.3,28.586944,2013-09-04
4502,15211.0,-26.98472222,26.63227778,2013-09-04
4503,15092.5,-29.033333,23.983333,2013-09-04
4504,15012.5,-30.336111,27.359444,2013-09-04
4505,15085.5,-29.615556,27.065278,2013-09-04
4506,15093.0,-31.031389,28.883333,2013-09-04
4507,15086.0,-30.86013889,29.07125,2013-09-04
4508,15028.5,-30.77586667,29.03221667,2013-09-04
4509,14707.0,-34.031944,22.053333,2013-09-04
4510,14654.5,-34.039722,22.133333,2013-09-04
4511,14395.0,-33.08883333,19.21878333,2013-09-04
4512,15146.0,-30.830556,26.921389,2013-09-05
4513,15187.5,-28.44555556,32.325,2013-10-03
4514,15105.0,-29.744167,29.905833,2013-09-05
4515,15120.0,-30.13573889,30.67422222,2013-09-05
4516,15201.0,-29.160278,26.573333,2013-09-05
4517,15124.0,-30.679722,26.7125,2013-09-05
4518,15129.0,-30.160091,27.40124,2013-09-05
4519,14630.0,-34.02861,22.22222,2013-09-05
4520,15492.0,-24.058889,31.237222,2013-09-06
4521,15169.0,-27.573056,24.746389,2013-09-06
4522,14971.0,-31.000833,26.353056,2013-09-06
4523,15167.0,-29.803611,30.516111,2013-09-06
4524,15210.0,-28.735556,29.820556,2013-09-09
4525,15280.0,-26.73806,27.59194,2013-09-09
4526,15321.0,-26.45,28.085833,2013-09-09
4527,14414.0,-33.38056,19.30167,2013-09-09
4528,14766.5,-32.502778,19.535833,2013-09-09
4529,14720.0,-34.005833,22.351111,2013-09-09
4530,14738.0,-31.860278,18.6875,2013-09-10
4531,15259.5,-25.127778,27.628889,2013-09-10
4532,15230.0,-24.69514,27.40906,2013-09-10
4533,15532.5,-22.769722,30.886944,2013-09-10
4534,15438.5,-23.281,30.54305556,2013-09-10
4535,15099.5,-27.802778,28.768333,2013-09-10
4536,14587.0,-32.595833,19.009444,2013-09-10
4537,15281.5,-29.161667,23.696389,2013-09-11
4538,15265.5,-27.01011111,26.69808333,2013-09-11
4539,15118.0,-29.641944,30.6875,2013-09-11
4540,15116.0,-25.20639,27.558,2013-09-11
4541,15132.0,-27.363611,31.783333,2013-09-11
4542,15263.0,-26.970278,27.211111,2013-09-11
4543,15351.0,-26.880278,26.965,2013-09-11
4544,15347.5,-26.98472222,26.63227778,2013-09-11
4545,15210.0,-28.768056,20.720556,2013-09-11
4546,14713.0,-34.092222,21.295278,2013-09-11
4547,14557.5,-33.13083,18.86278,2013-09-11
4548,14681.0,-33.7075,18.97444444,2013-09-11
4549,14613.5,-32.94583,18.33667,2013-09-11
4550,15178.0,-26.905,32.324722,2013-09-12
4551,15317.0,-27.602222,29.942778,2013-09-12
4552,14608.0,-33.31388889,19.07472222,2013-09-12
4553,15368.0,-26.98472222,26.63227778,2013-09-13
4554,15409.0,-27.902778,24.615556,2013-09-13
4555,15386.0,-25.99136,27.84208,2013-09-16
4556,15242.0,-26.03611,30.99778,2013-09-16
4557,15384.0,-26.45,28.085833,2013-09-16
4558,15218.0,-25.447222,30.711667,2013-09-16
4559,15188.0,-28.760833,17.730278,2013-09-17
4560,15317.5,-27.01011111,26.69808333,2013-09-17
4561,15307.5,-25.73411,27.21422,2013-09-17
4562,15320.0,-27.00222,28.76528,2013-09-17
4563,15371.0,-26.648056,27.089444,2013-09-17
4564,15340.0,-26.970278,27.211111,2013-09-17
4565,15448.5,-26.880278,26.965,2013-09-17
4566,15393.0,-26.98472222,26.63227778,2013-09-17
4567,15291.5,-29.042222,24.6,2013-09-17
4568,15332.5,-29.028629,24.638389,2013-09-17
4569,15340.5,-29.033333,23.983333,2013-09-17
4570,15446.5,-25.45963889,28.26430556,2013-09-17
4571,15401.0,-25.57877778,29.12747222,2013-09-17
4572,15188.0,-28.760833,17.730278,2013-09-18
4573,15373.5,-29.161667,23.696389,2013-09-18
4574,15304.0,-25.81048333,27.90955222,2013-09-18
4575,15528.0,-25.398889,31.610556,2013-09-18
4576,15392.5,-27.935,26.126667,2013-09-18
4577,15283.5,-27.671111,27.236944,2013-09-18
4578,15340.5,-29.033333,23.983333,2013-09-18
4579,15296.0,-28.75,30.442778,2013-09-19
4580,15382.0,-27.38972222,26.46388889,2013-09-19
4581,14706.5,-34.250556,20.9925,2013-09-19
4582,15328.0,-29.744167,29.905833,2013-09-20
4583,15283.5,-27.671111,27.236944,2013-09-20
4584,15351.5,-27.573056,24.746389,2013-09-20
4585,15249.0,-28.760833,17.730278,2013-09-23
4586,15148.0,-29.380556,30.2775,2013-09-23
4587,14822.0,-33.818056,19.694722,2013-09-23
4588,14735.0,-34.065833,20.404167,2013-09-24
4589,15411.0,-24.670833,28.560833,2013-09-24
4590,15599.0,-25.681111,31.783333,2013-09-24
4591,15319.0,-25.67386,31.57527,2013-09-24
4592,15222.0,-28.747778,31.745833,2013-09-24
4593,15207.5,-29.140556,31.391944,2013-09-25
4594,15407.5,-25.127778,27.628889,2013-09-25
4595,15359.5,-24.69514,27.40906,2013-09-25
4596,15397.0,-27.937778,31.209444,2013-09-25
4597,15381.5,-28.404444,30.013056,2013-09-25
4598,15410.5,-26.73806,27.59194,2013-09-25
4599,15500.0,-26.45,28.085833,2013-09-25
4600,14978.0,-33.501667,21.624167,2013-09-25
4601,15415.5,-27.01011111,26.69808333,2013-09-26
4602,15611.5,-22.225556,29.990556,2013-09-26
4603,15339.0,-25.436111,31.982222,2013-09-26
4604,15180.5,-25.20639,27.558,2013-09-26
4605,15127.0,-28.801278,31.955389,2013-09-26
4606,15418.0,-27.169444,29.233889,2013-09-26
4607,15385.5,-27.00222,28.76528,2013-09-26
4608,15426.5,-26.648056,27.089444,2013-09-26
4609,15383.5,-26.970278,27.211111,2013-09-26
4610,15531.0,-26.880278,26.965,2013-09-26
4611,15480.0,-28.141944,26.417778,2013-09-26
4612,15456.0,-28.058889,30.373611,2013-09-26
4613,15420.0,-26.861111,28.884722,2013-09-27
4614,15601.0,-27.902778,24.615556,2013-09-27
4615,15469.0,-25.99136,27.84208,2013-09-30
4616,15493.0,-29.7775,29.470833,2013-09-30
4617,15331.0,-29.987778,29.851667,2013-09-30
4618,15574.0,-29.744167,29.905833,2013-09-30
4619,15575.0,-26.45,28.085833,2013-09-30
4620,15200.0,-31.396,29.2651,2013-09-30
4621,15400.0,-31.554722,29.245556,2013-09-30
4622,15473.0,-24.183889,30.823889,2013-10-01
4623,15327.0,-25.73411,27.21422,2013-10-01
4624,15117.0,-28.44555556,32.325,2013-10-31
4625,15480.0,-27.671111,27.236944,2013-10-01
4626,15555.0,-30.568333,29.422778,2013-10-01
4627,15402.0,-30.570833,29.150556,2013-10-01
4628,15270.0,-31.104278,29.399722,2013-10-01
4629,14982.0,-34.031944,22.053333,2013-10-01
4630,14966.0,-34.005833,22.351111,2013-10-01
4631,15488.0,-25.45963889,28.26430556,2013-10-01
4632,15509.0,-28.068333,31.55,2013-10-01
4633,15683.0,-29.161667,23.696389,2013-10-02
4634,15501.0,-27.01011111,26.69808333,2013-10-02
4635,15398.0,-25.81048333,27.90955222,2013-10-02
4636,15656.0,-24.058889,31.237222,2013-10-02
4637,15412.0,-30.733889,29.828333,2013-10-02
4638,15154.0,-30.398056,30.601944,2013-10-02
4639,15447.0,-27.00222,28.76528,2013-10-02
4640,15565.0,-27.02314,28.59389,2013-10-02
4641,15548.0,-27.273889,28.49,2013-10-02
4642,15571.0,-27.3,28.586944,2013-10-02
4643,15500.0,-27.802778,28.768333,2013-10-02
4644,15603.0,-26.98472222,26.63227778,2013-10-02
4645,15626.0,-27.398611,26.614722,2013-10-02
4646,15480.0,-27.671111,27.236944,2013-10-02
4647,15612.0,-29.160278,26.573333,2013-10-02
4648,15668.0,-29.615556,27.065278,2013-10-02
4649,15496.0,-28.883333,27.89,2013-10-02
4650,15497.0,-31.031389,28.883333,2013-10-02
4651,15485.0,-30.86013889,29.07125,2013-10-02
4652,15391.0,-30.77586667,29.03221667,2013-10-02
4653,14806.0,-34.039722,22.133333,2013-10-02
4654,14808.0,-34.02861,22.22222,2013-10-02
4655,15705.0,-27.495556,26.074722,2013-10-02
4656,15053.0,-28.44555556,32.325,2014-01-16
4657,15422.0,-29.744167,29.905833,2013-10-03
4658,15477.5,-26.648056,27.089444,2013-10-03
4659,15459.0,-26.970278,27.211111,2013-10-03
4660,15538.5,-26.880278,26.965,2013-10-03
4661,15589.0,-27.3,28.586944,2013-10-03
4662,15437.0,-30.160091,27.40124,2013-10-03
4663,15494.5,-30.336111,27.359444,2013-10-03
4664,15562.0,-29.615556,27.065278,2013-10-03
4665,15463.5,-30.830556,26.921389,2013-10-04
4666,15489.0,-30.679722,26.7125,2013-10-04
4667,15205.5,-29.803611,30.516111,2013-10-04
4668,15590.0,-26.73806,27.59194,2013-10-07
4669,15575.0,-26.45,28.085833,2013-10-07
4670,15422.0,-31.436944,20.474722,2013-10-07
4671,15471.0,-29.1825,23.575556,2013-10-07
4672,14819.0,-33.38056,19.30167,2013-10-07
4673,15208.0,-32.502778,19.535833,2013-10-07
4674,15208.0,-31.860278,18.6875,2013-10-08
4675,15474.0,-25.127778,27.628889,2013-10-08
4676,15369.0,-24.69514,27.40906,2013-10-08
4677,15668.0,-22.769722,30.886944,2013-10-08
4678,15399.0,-28.735556,29.820556,2013-10-08
4679,15521.0,-27.169444,29.233889,2013-10-08
4680,15505.0,-26.861111,28.884722,2013-10-08
4681,15545.0,-27.00222,28.76528,2013-10-08
4682,15057.0,-34.092222,21.295278,2013-10-08
4683,14965.0,-33.13083,18.86278,2013-10-08
4684,15062.0,-32.94583,18.33667,2013-10-08
4685,15683.0,-29.161667,23.696389,2013-10-09
4686,15220.0,-29.641944,30.6875,2013-10-09
4687,15316.0,-25.20639,27.558,2013-10-09
4688,15191.0,-26.905,32.324722,2013-10-09
4689,15532.0,-27.602222,29.942778,2013-10-09
4690,15127.0,-33.7075,18.97444444,2013-10-09
4691,15720.0,-23.658056,31.05,2013-10-10
4692,15403.0,-27.363611,31.783333,2013-10-10
4693,15492.0,-26.970278,27.211111,2013-10-10
4694,14932.0,-33.31388889,19.07472222,2013-10-10
4695,15477.5,-27.01011111,26.69808333,2013-10-11
4696,15477.5,-26.648056,27.089444,2013-10-11
4697,15538.5,-26.880278,26.965,2013-10-11
4698,15603.5,-26.98472222,26.63227778,2013-10-11
4699,15734.0,-27.902778,24.615556,2013-10-11
4700,15493.5,-26.861111,28.884722,2013-10-13
4701,15441.5,-25.99136,27.84208,2013-10-14
4702,15383.5,-26.45,28.085833,2013-10-14
4703,15454.0,-27.01011111,26.69808333,2013-10-15
4704,15397.0,-25.73411,27.21422,2013-10-15
4705,14918.0,-24.99328,30.81444,2013-10-15
4706,15405.0,-27.5275,30.858056,2013-10-15
4707,15482.0,-26.861111,28.884722,2013-10-15
4708,15545.0,-27.00222,28.76528,2013-10-15
4709,15478.0,-26.648056,27.089444,2013-10-15
4710,15492.0,-26.970278,27.211111,2013-10-15
4711,15519.0,-26.880278,26.965,2013-10-15
4712,15604.0,-26.98472222,26.63227778,2013-10-15
4713,15435.0,-25.45963889,28.26430556,2013-10-15
4714,15654.0,-29.161667,23.696389,2013-10-16
4715,15357.0,-25.81048333,27.90955222,2013-10-16
4716,15299.0,-24.670833,28.560833,2013-10-16
4717,15548.0,-28.75,30.442778,2013-10-16
4718,15459.0,-29.161667,30.629722,2013-10-16
4719,15616.0,-29.160278,26.573333,2013-10-16
4720,15678.0,-29.033333,23.983333,2013-10-16
4721,15519.0,-28.768056,20.720556,2013-10-16
4722,15654.0,-29.161667,23.696389,2013-10-17
4723,15345.0,-29.744167,29.905833,2013-10-17
4724,15336.0,-27.671111,27.236944,2013-10-17
4725,15161.0,-34.250556,20.9925,2013-10-17
4726,15106.0,-29.380556,30.2775,2013-10-21
4727,15110.0,-33.818056,19.694722,2013-10-21
4728,15534.5,-27.01011111,26.69808333,2013-10-22
4729,14971.0,-34.065833,20.404167,2013-10-22
4730,15465.5,-25.127778,27.628889,2013-10-22
4731,15321.5,-25.20639,27.558,2013-10-22
4732,15381.0,-24.69514,27.40906,2013-10-22
4733,15519.0,-26.648056,27.089444,2013-10-22
4734,15526.0,-26.970278,27.211111,2013-10-22
4735,15574.5,-26.880278,26.965,2013-10-22
4736,15599.5,-26.73806,27.59194,2013-10-22
4737,15397.5,-26.45,28.085833,2013-10-22
4738,15670.0,-26.98472222,26.63227778,2013-10-22
4739,15597.5,-28.141944,26.417778,2013-10-22
4740,15673.0,-29.042222,24.6,2013-10-22
4741,15688.5,-29.028629,24.638389,2013-10-22
4742,15108.5,-33.501667,21.624167,2013-10-22
4743,14936.0,-34.075556,20.145556,2013-10-22
4744,15655.0,-28.760833,17.730278,2013-10-23
4745,15654.0,-29.161667,23.696389,2013-10-23
4746,15095.0,-29.140556,31.391944,2013-10-23
4747,15211.0,-28.801278,31.955389,2013-10-23
4748,15382.0,-27.169444,29.233889,2013-10-23
4749,15390.0,-26.861111,28.884722,2013-10-23
4750,15335.0,-27.00222,28.76528,2013-10-23
4751,15492.0,-26.970278,27.211111,2013-10-23
4752,15551.0,-27.38972222,26.46388889,2013-10-23
4753,15604.0,-26.98472222,26.63227778,2013-10-23
4754,15533.0,-27.398611,26.614722,2013-10-23
4755,15336.0,-27.671111,27.236944,2013-10-23
4756,14906.0,-34.405833,19.600556,2013-10-23
4757,15336.0,-28.058889,30.373611,2013-10-23
4758,14962.0,-33.897778,20.012778,2013-10-23
4759,15126.0,-28.747778,31.745833,2013-10-24
4760,15391.0,-27.5275,30.858056,2013-10-24
4761,15607.0,-28.116667,26.725278,2013-10-24
4762,14833.0,-34.329722,18.990278,2013-10-24
4763,15542.0,-27.573056,24.746389,2013-10-25
4764,15390.5,-25.99136,27.84208,2013-10-28
4765,15464.5,-29.7775,29.470833,2013-10-28
4766,15307.0,-29.987778,29.851667,2013-10-28
4767,15428.0,-29.744167,29.905833,2013-10-28
4768,15243.0,-26.45,28.085833,2013-10-28
4769,15534.5,-27.01011111,26.69808333,2013-10-29
4770,15478.0,-25.73411,27.21422,2013-10-29
4771,15304.0,-30.733889,29.828333,2013-10-29
4772,15382.5,-27.00222,28.76528,2013-10-29
4773,15519.0,-26.648056,27.089444,2013-10-29
4774,15536.0,-26.970278,27.211111,2013-10-29
4775,15574.5,-26.880278,26.965,2013-10-29
4776,15500.0,-27.802778,28.768333,2013-10-29
4777,15738.5,-26.98472222,26.63227778,2013-10-29
4778,15502.5,-25.45963889,28.26430556,2013-10-29
4779,15386.0,-28.338333,31.373611,2013-10-29
4780,15396.5,-28.068333,31.55,2013-10-29
4781,15393.5,-25.81048333,27.90955222,2013-10-30
4782,15550.5,-30.830556,26.921389,2013-10-30
4783,15059.0,-30.398056,30.601944,2013-10-30
4784,15518.0,-30.160091,27.40124,2013-10-30
4785,15559.5,-30.336111,27.359444,2013-10-30
4786,15397.0,-28.883333,27.89,2013-10-30
4787,15685.0,-28.768056,20.720556,2013-10-30
4788,15253.5,-31.104278,29.399722,2013-10-30
4789,15185.0,-31.396,29.2651,2013-10-30
4790,15164.0,-31.554722,29.245556,2013-10-30
4791,15169.5,-28.44555556,32.325,2014-02-13
4792,15128.0,-30.13573889,30.67422222,2013-10-31
4793,15300.0,-28.69485,28.23487,2013-10-31
4794,15376.0,-28.883333,27.89,2013-10-31
4795,15677.0,-31.436944,20.474722,2013-10-31
4796,15405.0,-30.570833,29.150556,2013-10-31
4797,15511.0,-29.744167,29.905833,2013-11-01
4798,15691.0,-30.568333,29.422778,2013-11-01
4799,15455.0,-31.031389,28.883333,2013-11-01
4800,15346.0,-30.77586667,29.03221667,2013-11-01
4801,15253.0,-29.803611,30.516111,2013-11-01
4802,15511.0,-26.73806,27.59194,2013-11-04
4803,15298.0,-26.45,28.085833,2013-11-04
4804,15344.5,-27.3,28.586944,2013-11-04
4805,15774.5,-26.98472222,26.63227778,2013-11-04
4806,14977.0,-33.38056,19.30167,2013-11-04
4807,15435.0,-32.502778,19.535833,2013-11-04
4808,15571.0,-27.01011111,26.69808333,2013-11-05
4809,15617.0,-31.860278,18.6875,2013-11-05
4810,15329.0,-24.679167,30.8025,2013-11-05
4811,15189.0,-33.980556,21.653333,2013-11-05
4812,15484.5,-25.127778,27.628889,2013-11-05
4813,15799.5,-24.39619444,27.08983333,2013-11-05
4814,15582.5,-24.69514,27.40906,2013-11-05
4815,15408.0,-27.169444,29.233889,2013-11-05
4816,15417.5,-26.861111,28.884722,2013-11-05
4817,15774.5,-26.98472222,26.63227778,2013-11-05
4818,15714.0,-27.398611,26.614722,2013-11-05
4819,15459.5,-27.671111,27.236944,2013-11-05
4820,15434.0,-32.595833,19.009444,2013-11-05
4821,15139.0,-29.641944,30.6875,2013-11-06
4822,15465.5,-25.20639,27.558,2013-11-06
4823,15342.0,-27.00222,28.76528,2013-11-06
4824,15441.5,-27.02314,28.59389,2013-11-06
4825,15549.5,-26.970278,27.211111,2013-11-06
4826,15596.5,-26.880278,26.965,2013-11-06
4827,15371.0,-27.273889,28.49,2013-11-06
4828,15342.0,-27.4275,28.525833,2013-11-06
4829,15277.0,-33.13083,18.86278,2013-11-06
4830,15319.5,-33.7075,18.97444444,2013-11-06
4831,15376.0,-32.94583,18.33667,2013-11-06
4832,15674.0,-24.058889,31.237222,2013-11-07
4833,15534.5,-27.602222,29.942778,2013-11-07
4834,15344.5,-27.3,28.586944,2013-11-07
4835,16032.0,-27.902778,24.615556,2013-11-07
4836,15231.0,-28.69485,28.23487,2013-11-07
4837,15240.0,-33.31388889,19.07472222,2013-11-07
4838,15748.0,-27.573056,24.746389,2013-11-08
4839,15748.0,-27.573056,24.746389,2013-11-10
4840,15843.0,-28.760833,17.730278,2013-11-11
4841,16022.0,-29.161667,23.696389,2013-11-11
4842,15367.0,-25.99136,27.84208,2013-11-11
4843,15445.0,-26.861111,28.884722,2013-11-11
4844,15432.0,-30.86013889,29.07125,2013-11-11
4845,15571.0,-27.01011111,26.69808333,2013-11-12
4846,15433.0,-25.73411,27.21422,2013-11-12
4847,15680.5,-22.769722,30.886944,2013-11-12
4848,15342.0,-27.00222,28.76528,2013-11-12
4849,15554.0,-26.648056,27.089444,2013-11-12
4850,15549.5,-26.970278,27.211111,2013-11-12
4851,15596.5,-26.880278,26.965,2013-11-12
4852,15774.5,-26.98472222,26.63227778,2013-11-12
4853,15139.5,-33.08883333,19.21878333,2013-11-12
4854,15571.0,-25.45963889,28.26430556,2013-11-12
4855,15977.0,-29.161667,23.696389,2013-11-13
4856,15393.0,-25.81048333,27.90955222,2013-11-13
4857,15753.0,-22.43772222,31.07805556,2013-11-13
4858,15657.0,-28.75,30.442778,2013-11-13
4859,15164.5,-29.161667,30.629722,2013-11-13
4860,15625.0,-28.141944,26.417778,2013-11-13
4861,15571.5,-28.1175,26.719444,2013-11-13
4862,15574.5,-29.160278,26.573333,2013-11-13
4863,15934.0,-29.033333,23.983333,2013-11-13
4864,14940.0,-34.02861,22.22222,2013-11-13
4865,15114.5,-34.005833,22.351111,2013-11-13
4866,15379.5,-23.658056,31.05,2013-11-14
4867,15536.5,-29.744167,29.905833,2013-11-14
4868,15371.0,-27.273889,28.49,2013-11-14
4869,15342.0,-27.4275,28.525833,2013-11-14
4870,15344.5,-27.3,28.586944,2013-11-14
4871,15714.0,-27.398611,26.614722,2013-11-14
4872,15459.5,-27.671111,27.236944,2013-11-14
4873,15142.0,-34.031944,22.053333,2013-11-15
4874,15063.5,-34.039722,22.133333,2013-11-15
4875,15557.0,-24.925278,29.324444,2013-11-18
4876,15145.0,-29.380556,30.2775,2013-11-18
4877,15415.0,-26.73806,27.59194,2013-11-18
4878,15294.0,-26.45,28.085833,2013-11-18
4879,15278.0,-33.870833,20.003333,2013-11-18
4880,15408.0,-33.818056,19.694722,2013-11-18
4881,15527.0,-27.01011111,26.69808333,2013-11-19
4882,15124.0,-34.065833,20.404167,2013-11-19
4883,15484.0,-25.20639,27.558,2013-11-19
4884,15603.0,-24.69514,27.40906,2013-11-19
4885,15274.0,-28.747778,31.745833,2013-11-19
4886,15434.0,-27.169444,29.233889,2013-11-19
4887,15445.0,-26.861111,28.884722,2013-11-19
4888,15349.0,-27.00222,28.76528,2013-11-19
4889,15548.0,-26.648056,27.089444,2013-11-19
4890,15519.0,-26.970278,27.211111,2013-11-19
4891,15563.0,-26.880278,26.965,2013-11-19
4892,15286.0,-27.3,28.586944,2013-11-19
4893,15676.0,-26.98472222,26.63227778,2013-11-19
4894,15356.0,-27.671111,27.236944,2013-11-19
4895,15242.0,-31.396,29.2651,2013-11-19
4896,15195.0,-31.554722,29.245556,2013-11-19
4897,15080.0,-34.075556,20.145556,2013-11-19
4898,15924.0,-29.161667,23.696389,2013-11-20
4899,15532.0,-25.127778,27.628889,2013-11-20
4900,15249.0,-28.801278,31.955389,2013-11-20
4901,15459.0,-27.937778,31.209444,2013-11-20
4902,15407.5,-28.404444,30.013056,2013-11-20
4903,15262.5,-27.273889,28.49,2013-11-20
4904,15252.0,-28.883333,27.89,2013-11-20
4905,15398.0,-30.568333,29.422778,2013-11-20
4906,15259.5,-31.104278,29.399722,2013-11-20
4907,15263.5,-34.250556,20.9925,2013-11-20
4908,15029.5,-34.329722,18.990278,2013-11-20
4909,15240.0,-25.57877778,29.12747222,2013-11-20
4910,15228.5,-27.5275,30.858056,2013-11-21
4911,15403.0,-28.116667,26.725278,2013-11-21
4912,15145.5,-28.69485,28.23487,2013-11-21
4913,15321.0,-30.86013889,29.07125,2013-11-21
4914,15270.5,-30.570833,29.150556,2013-11-21
4915,15227.0,-30.77586667,29.03221667,2013-11-21
4916,15108.0,-34.405833,19.600556,2013-11-21
4917,15276.0,-33.897778,20.012778,2013-11-21
4918,15971.5,-27.902778,24.615556,2013-11-22
4919,15303.5,-31.031389,28.883333,2013-11-22
4920,15412.5,-28.058889,30.373611,2013-11-22
4921,15300.0,-25.99136,27.84208,2013-11-25
4922,15406.0,-29.7775,29.470833,2013-11-25
4923,15431.0,-29.744167,29.905833,2013-11-25
4924,15174.0,-26.45,28.085833,2013-11-25
4925,15781.0,-29.042222,24.6,2013-11-25
4926,15172.0,-33.38056,19.30167,2013-11-25
4927,15599.0,-32.502778,19.535833,2013-11-25
4928,15292.0,-28.338333,31.373611,2013-11-25
4929,15460.0,-28.068333,31.55,2013-11-25
4930,14497.0,-28.1175,26.719444,2011-07-26
4931,14812.0,-28.1175,26.719444,2011-08-23
4932,15040.0,-28.1175,26.719444,2011-08-30
4933,15127.0,-28.1175,26.719444,2011-09-21
4934,15151.0,-28.1175,26.719444,2011-09-29
4935,15616.0,-28.1175,26.719444,2011-11-17
4936,15416.0,-27.01011111,26.69808333,2013-11-26
4937,15776.0,-31.860278,18.6875,2013-11-26
4938,15425.0,-25.73411,27.21422,2013-11-26
4939,15114.0,-30.733889,29.828333,2013-11-26
4940,15286.0,-29.987778,29.851667,2013-11-26
4941,15270.0,-27.00222,28.76528,2013-11-26
4942,14690.5,-28.1175,26.719444,2012-06-07
4943,15394.0,-26.970278,27.211111,2013-11-26
4944,15504.0,-26.880278,26.965,2013-11-26
4945,15514.0,-26.98472222,26.63227778,2013-11-26
4946,15570.0,-29.160278,26.573333,2013-11-26
4947,15821.0,-29.028629,24.638389,2013-11-26
4948,15129.0,-28.69485,28.23487,2013-11-26
4949,14498.5,-28.1175,26.719444,2012-07-17
4950,15297.0,-33.501667,21.624167,2013-11-26
4951,15661.0,-32.595833,19.009444,2013-11-26
4952,15268.5,-28.1175,26.719444,2012-09-17
4953,15383.0,-25.45963889,28.26430556,2013-11-26
4954,15916.0,-29.161667,23.696389,2013-11-27
4955,15312.0,-25.81048333,27.90955222,2013-11-27
4956,15238.0,-24.670833,28.560833,2013-11-27
4957,15115.0,-30.398056,30.601944,2013-11-27
4958,15156.0,-26.861111,28.884722,2013-11-27
4959,15794.0,-29.033333,23.983333,2013-11-27
4960,15129.0,-28.69485,28.23487,2013-11-27
4961,15496.0,-29.615556,27.065278,2013-11-27
4962,15238.0,-28.883333,27.89,2013-11-27
4963,15351.0,-33.7075,18.97444444,2013-11-27
4964,15479.0,-32.94583,18.33667,2013-11-27
4965,15383.0,-24.282222,28.090278,2013-11-28
4966,15004.5,-30.13573889,30.67422222,2013-11-28
4967,14647.5,-28.1175,26.719444,2013-07-18
4968,15278.0,-33.31388889,19.07472222,2013-11-28
4969,15565.5,-33.13083,18.86278,2013-11-28
4970,15289.0,-29.744167,29.905833,2013-11-29
4971,15164.5,-29.803611,30.516111,2013-11-29
4972,15298.0,-26.73806,27.59194,2013-12-01
4973,15397.0,-28.735556,29.820556,2013-12-02
4974,15167.0,-26.45,28.085833,2013-12-02
4975,15450.0,-25.127778,27.628889,2013-12-03
4976,15519.0,-24.69514,27.40906,2013-12-03
4977,15186.0,-27.273889,28.49,2013-12-03
4978,15041.0,-27.4275,28.525833,2013-12-03
4979,15146.0,-27.3,28.586944,2013-12-03
4980,15408.0,-27.398611,26.614722,2013-12-03
4981,15351.0,-30.160091,27.40124,2013-12-03
4982,15335.0,-30.336111,27.359444,2013-12-03
4983,15315.0,-33.08883333,19.21878333,2013-12-03
4984,15411.0,-27.4,26.624722,2013-12-03
4985,15846.0,-29.161667,23.696389,2013-12-04
4986,15280.0,-27.01011111,26.69808333,2013-12-04
4987,15047.5,-29.641944,30.6875,2013-12-04
4988,14698.0,-28.1175,26.719444,2014-05-19
4989,14570.0,-28.1175,26.719444,2014-06-03
4990,15426.0,-25.20639,27.558,2013-12-04
4991,14991.5,-27.363611,31.783333,2013-12-04
4992,15329.0,-26.648056,27.089444,2013-12-04
4993,15307.0,-26.970278,27.211111,2013-12-04
4994,15327.0,-26.880278,26.965,2013-12-04
4995,15387.0,-26.98472222,26.63227778,2013-12-04
4996,15371.0,-31.000833,26.353056,2013-12-04
4997,15596.0,-30.679722,26.7125,2013-12-04
4998,14669.0,-28.1175,26.719444,2014-08-06
4999,15083.0,-34.039722,22.133333,2013-12-04
5000,15874.0,-28.760833,17.730278,2013-12-05
5001,15046.0,-26.905,32.324722,2013-12-05
5002,15443.0,-28.116667,26.725278,2013-12-05
5003,15270.0,-34.250556,20.9925,2013-12-05
5004,15207.0,-34.092222,21.295278,2013-12-05
5005,15520.0,-23.658056,31.05,2013-12-06
5006,15393.0,-23.281,30.54305556,2013-12-06
5007,15269.5,-27.02314,28.59389,2013-12-07
5008,15204.5,-25.99136,27.84208,2013-12-09
5009,15605.0,-27.935,26.126667,2013-12-09
5010,15469.0,-28.141944,26.417778,2013-12-09
5011,15403.0,-28.1175,26.719444,2013-12-09
5012,15403.0,-28.116667,26.725278,2013-12-09
5013,15245.0,-25.73411,27.21422,2013-12-10
5014,15246.0,-25.45963889,28.26430556,2013-12-10
5015,15273.0,-27.01011111,26.69808333,2013-12-11
5016,15184.0,-25.81048333,27.90955222,2013-12-11
5017,15126.5,-28.116667,26.725278,2011-02-22
5018,15277.0,-24.183889,30.823889,2013-12-11
5019,15874.0,-24.058889,31.237222,2013-12-11
5020,14497.0,-28.116667,26.725278,2011-07-26
5021,14812.0,-28.116667,26.725278,2011-08-23
5022,15127.0,-28.116667,26.725278,2011-09-21
5023,15518.0,-28.116667,26.725278,2011-10-18
5024,15317.0,-28.116667,26.725278,2011-12-14
5025,15290.0,-28.116667,26.725278,2012-01-18
5026,15329.5,-28.116667,26.725278,2012-02-15
5027,15324.0,-28.116667,26.725278,2012-03-14
5028,15188.0,-26.03611,30.99778,2013-12-11
5029,15140.0,-27.5275,30.858056,2013-12-11
5030,15477.0,-28.75,30.442778,2013-12-11
5031,14902.0,-28.116667,26.725278,2012-05-09
5032,14673.5,-28.116667,26.725278,2012-05-29
5033,14690.5,-28.116667,26.725278,2012-06-06
5034,14593.0,-28.116667,26.725278,2012-06-14
5035,14469.0,-28.116667,26.725278,2012-06-21
5036,14421.0,-28.116667,26.725278,2012-07-04
5037,14588.0,-28.116667,26.725278,2012-08-01
5038,15083.0,-28.116667,26.725278,2012-08-29
5039,15268.5,-28.116667,26.725278,2012-09-17
5040,15528.0,-28.116667,26.725278,2012-10-24
5041,15632.0,-28.116667,26.725278,2012-11-15
5042,15371.0,-28.404444,30.013056,2013-12-11
5043,15589.0,-28.116667,26.725278,2012-11-21
5044,15481.5,-28.116667,26.725278,2013-01-31
5045,15481.5,-28.116667,26.725278,2013-02-08
5046,15443.0,-28.116667,26.725278,2013-02-20
5047,15271.0,-28.116667,26.725278,2013-03-14
5048,15271.0,-28.116667,26.725278,2013-03-21
5049,15186.0,-29.161667,30.629722,2013-12-11
5050,15316.0,-26.648056,27.089444,2013-12-11
5051,14813.0,-28.116667,26.725278,2013-04-24
5052,15237.0,-26.970278,27.211111,2013-12-11
5053,15266.0,-26.880278,26.965,2013-12-11
5054,15438.0,-27.38972222,26.46388889,2013-12-11
5055,15387.0,-26.98472222,26.63227778,2013-12-11
5056,14647.5,-28.116667,26.725278,2013-07-16
5057,14727.0,-28.116667,26.725278,2013-08-14
5058,15434.0,-28.141944,26.417778,2013-12-11
5059,15463.0,-28.116667,26.725278,2013-09-26
5060,15627.0,-28.116667,26.725278,2013-10-22
5061,15363.0,-28.1175,26.719444,2013-12-11
5062,15206.0,-27.671111,27.236944,2013-12-11
5063,15744.0,-28.768056,20.720556,2013-12-11
5064,15256.0,-27.356667,27.286389,2013-12-11
5065,15290.0,-24.679167,30.8025,2013-12-12
5066,15160.0,-27.937778,31.209444,2013-12-12
5067,15147.0,-29.744167,29.905833,2013-12-12
5068,15387.0,-26.98472222,26.63227778,2013-12-12
5069,15361.0,-27.398611,26.614722,2013-12-12
5070,15119.0,-34.031944,22.053333,2013-12-13
5071,15201.0,-28.735556,29.820556,2013-12-17
5072,15583.0,-27.935,26.126667,2013-12-17
5073,15460.5,-28.141944,26.417778,2013-12-17
5074,15370.0,-28.1175,26.719444,2013-12-17
5075,15370.0,-28.116667,26.725278,2013-12-17
5076,14987.5,-28.116667,26.725278,2014-04-02
5077,15546.5,-29.160278,26.573333,2013-12-17
5078,15756.5,-29.042222,24.6,2013-12-17
5079,15789.5,-29.028629,24.638389,2013-12-17
5080,15926.5,-29.033333,23.983333,2013-12-17
5081,15394.5,-33.501667,21.624167,2013-12-17
5082,15280.0,-27.01011111,26.69808333,2013-12-18
5083,15676.0,-22.225556,29.990556,2013-12-18
5084,15205.0,-25.127778,27.628889,2013-12-18
5085,14672.0,-28.116667,26.725278,2014-05-20
5086,15321.0,-25.20639,27.558,2013-12-18
5087,15618.5,-24.39619444,27.08983333,2013-12-18
5088,14485.0,-28.116667,26.725278,2014-07-02
5089,15595.0,-24.69514,27.40906,2013-12-18
5090,14532.5,-28.116667,26.725278,2014-07-15
5091,15365.0,-27.602222,29.942778,2013-12-18
5092,14930.0,-29.380556,30.2775,2013-12-18
5093,14647.0,-28.116667,26.725278,2014-07-29
5094,14811.0,-28.116667,26.725278,2014-08-18
5095,14814.0,-28.116667,26.725278,2014-08-20
5096,15238.0,-26.648056,27.089444,2013-12-18
5097,14855.0,-28.116667,26.725278,2014-08-26
5098,15194.0,-26.970278,27.211111,2013-12-18
5099,15363.5,-28.116667,26.725278,2014-09-09
5100,15285.0,-26.880278,26.965,2013-12-18
5101,15236.0,-27.671111,27.236944,2013-12-18
5102,15571.0,-28.116667,26.725278,2014-10-15
5103,15627.0,-24.058889,31.237222,2013-12-19
5104,15365.0,-28.116667,26.725278,2014-11-10
5105,15363.0,-28.116667,26.725278,2014-11-24
5106,15363.0,-28.116667,26.725278,2014-11-25
5107,15793.0,-22.43772222,31.07805556,2013-12-22
5108,15342.0,-28.116667,26.725278,2015-01-05
5109,15204.5,-25.99136,27.84208,2013-12-23
5110,15250.5,-26.970278,27.211111,2013-12-23
5111,15306.0,-26.880278,26.965,2013-12-23
5112,15321.0,-25.45963889,28.26430556,2013-12-23
5113,15370.5,-27.01011111,26.69808333,2013-12-24
5114,15211.5,-25.81048333,27.90955222,2013-12-24
5115,15081.0,-28.116667,26.725278,2015-03-10
5116,15226.0,-25.73411,27.21422,2013-12-24
5117,15283.5,-26.648056,27.089444,2013-12-24
5118,15441.0,-26.98472222,26.63227778,2013-12-24
5119,14967.0,-28.116667,26.725278,2015-04-14
5120,14967.0,-28.116667,26.725278,2015-04-15
5121,14466.0,-28.116667,26.725278,2015-06-09
5122,14435.0,-28.116667,26.725278,2015-06-24
5123,14512.0,-28.116667,26.725278,2015-07-22
5124,14872.0,-28.116667,26.725278,2015-08-12
5125,14987.0,-28.116667,26.725278,2015-08-20
5126,15121.0,-28.116667,26.725278,2015-09-08
5127,15592.0,-28.116667,26.725278,2015-10-15
5128,15704.0,-28.116667,26.725278,2015-11-03
5129,15758.0,-28.116667,26.725278,2015-11-10
5130,15996.0,-29.161667,23.696389,2013-12-25
5131,15873.0,-28.96362,19.15486,2013-12-28
5132,15481.0,-28.1175,26.719444,2013-12-30
5133,16060.5,-29.161667,23.696389,2014-01-01
5134,15327.5,-29.140556,31.391944,2014-01-01
5135,15245.5,-28.747778,31.745833,2014-01-01
5136,15361.5,-25.99136,27.84208,2014-01-06
5137,15295.0,-26.45,28.085833,2014-01-06
5138,15602.5,-27.935,26.126667,2014-01-06
5139,15554.0,-28.141944,26.417778,2014-01-06
5140,15553.5,-28.1175,26.719444,2014-01-06
5141,15553.5,-28.116667,26.725278,2014-01-06
5142,15212.5,-27.169444,29.233889,2014-01-07
5143,15392.5,-26.861111,28.884722,2014-01-07
5144,15375.0,-27.273889,28.49,2014-01-07
5145,15378.0,-25.45963889,28.26430556,2014-01-07
5146,16089.5,-29.161667,23.696389,2014-01-08
5147,15530.5,-27.01011111,26.69808333,2014-01-08
5148,15312.0,-25.81048333,27.90955222,2014-01-08
5149,15339.5,-29.140556,31.391944,2014-01-08
5150,15172.5,-28.801278,31.955389,2014-01-08
5151,15444.0,-28.75,30.442778,2014-01-08
5152,15318.0,-28.404444,30.013056,2014-01-08
5153,15394.5,-29.744167,29.905833,2014-01-08
5154,15155.0,-29.161667,30.629722,2014-01-08
5155,15269.0,-27.00222,28.76528,2014-01-08
5156,15303.0,-27.02314,28.59389,2014-01-08
5157,15407.5,-26.648056,27.089444,2014-01-08
5158,15340.5,-26.970278,27.211111,2014-01-08
5159,15417.5,-26.880278,26.965,2014-01-08
5160,15375.0,-27.273889,28.49,2014-01-08
5161,15329.5,-27.4275,28.525833,2014-01-08
5162,15312.0,-27.3,28.586944,2014-01-08
5163,15614.0,-26.98472222,26.63227778,2014-01-08
5164,15499.0,-27.044444,27.005,2014-01-08
5165,15235.5,-28.69485,28.23487,2014-01-08
5166,15436.5,-29.615556,27.065278,2014-01-08
5167,15817.0,-28.768056,20.720556,2014-01-08
5168,15367.0,-28.058889,30.373611,2014-01-08
5169,15298.0,-27.937778,31.209444,2014-01-09
5170,15185.5,-27.5275,30.858056,2014-01-09
5171,15539.5,-30.679722,26.7125,2014-01-09
5172,15456.0,-30.160091,27.40124,2014-01-09
5173,15467.0,-30.336111,27.359444,2014-01-09
5174,15427.0,-27.671111,27.236944,2014-01-10
5175,15845.0,-30.534167,24.961944,2014-01-10
5176,15143.0,-29.380556,30.2775,2014-01-13
5177,15328.5,-26.73806,27.59194,2014-01-13
5178,15265.0,-26.45,28.085833,2014-01-13
5179,15614.0,-26.98472222,26.63227778,2014-01-13
5180,15530.5,-27.01011111,26.69808333,2014-01-14
5181,15307.5,-29.641944,30.6875,2014-01-14
5182,15345.0,-25.127778,27.628889,2014-01-14
5183,15261.0,-25.20639,27.558,2014-01-14
5184,15473.0,-24.69514,27.40906,2014-01-14
5185,15387.0,-25.73411,27.21422,2014-01-14
5186,15363.0,-24.058889,31.237222,2014-01-14
5187,15392.5,-26.861111,28.884722,2014-01-14
5188,15407.5,-26.648056,27.089444,2014-01-14
5189,15340.5,-26.970278,27.211111,2014-01-14
5190,15417.5,-26.880278,26.965,2014-01-14
5191,15614.0,-26.98472222,26.63227778,2014-01-14
5192,15584.0,-28.1175,26.719444,2014-01-14
5193,15499.0,-27.044444,27.005,2014-01-14
5194,15323.5,-31.396,29.2651,2014-01-14
5195,15344.5,-31.554722,29.245556,2014-01-14
5196,15329.0,-34.075556,20.145556,2014-01-14
5197,15372.0,-28.338333,31.373611,2014-01-14
5198,15361.0,-28.068333,31.55,2014-01-14
5199,16089.5,-29.161667,23.696389,2014-01-15
5200,15521.5,-24.39619444,27.08983333,2014-01-15
5201,15200.5,-30.568333,29.422778,2014-01-15
5202,15118.5,-30.570833,29.150556,2014-01-15
5203,15412.5,-31.104278,29.399722,2014-01-15
5204,15252.5,-22.769722,30.886944,2014-01-16
5205,15055.0,-28.44555556,32.325,2014-03-12
5206,15591.0,-27.935,26.126667,2014-01-16
5207,15610.0,-28.141944,26.417778,2014-01-16
5208,15392.0,-30.86013889,29.07125,2014-01-16
5209,15212.0,-30.77586667,29.03221667,2014-01-16
5210,15471.0,-23.838611,31.640833,2014-01-17
5211,15888.0,-27.902778,24.615556,2014-01-17
5212,15258.0,-31.031389,28.883333,2014-01-17
5213,15920.0,-29.042222,24.6,2014-01-20
5214,15890.0,-29.033333,23.983333,2014-01-20
5215,15804.0,-28.760833,17.730278,2014-01-21
5216,15191.0,-24.670833,28.560833,2014-01-21
5217,15597.5,-28.141944,26.417778,2014-01-21
5218,15552.5,-28.1175,26.719444,2014-01-21
5219,15890.0,-29.028629,24.638389,2014-01-21
5220,15706.5,-29.1825,23.575556,2014-01-21
5221,15198.0,-34.031944,22.053333,2014-01-21
5222,15133.0,-34.039722,22.133333,2014-01-21
5223,15178.0,-25.57877778,29.12747222,2014-01-21
5224,16043.5,-29.161667,23.696389,2014-01-22
5225,15230.0,-24.282222,28.090278,2014-01-22
5226,15354.0,-25.99136,27.84208,2014-01-22
5227,15235.5,-24.925278,29.324444,2014-01-22
5228,15187.0,-27.363611,31.783333,2014-01-22
5229,15206.5,-27.602222,29.942778,2014-01-22
5230,15338.0,-29.744167,29.905833,2014-01-22
5231,15235.0,-26.45,28.085833,2014-01-22
5232,15448.0,-27.671111,27.236944,2014-01-22
5233,15097.0,-34.02861,22.22222,2014-01-22
5234,15176.0,-34.405833,19.600556,2014-01-22
5235,15528.5,-27.01011111,26.69808333,2014-01-23
5236,15035.5,-26.905,32.324722,2014-01-23
5237,15006.0,-27.169444,29.233889,2014-01-23
5238,15151.0,-27.00222,28.76528,2014-01-23
5239,15373.5,-26.648056,27.089444,2014-01-23
5240,15277.5,-26.970278,27.211111,2014-01-23
5241,15315.5,-26.880278,26.965,2014-01-23
5242,15622.5,-27.38972222,26.46388889,2014-01-23
5243,15609.5,-26.98472222,26.63227778,2014-01-23
5244,15462.5,-27.398611,26.614722,2014-01-23
5245,15340.0,-25.45963889,28.26430556,2014-01-23
5246,15245.0,-33.897778,20.012778,2014-01-23
5247,14995.0,-25.81048333,27.90955222,2014-01-24
5248,15351.0,-29.803611,30.516111,2014-01-26
5249,15395.0,-30.733889,29.828333,2014-01-27
5250,15162.0,-26.45,28.085833,2014-01-27
5251,15791.0,-29.160278,26.573333,2014-01-27
5252,15301.0,-33.38056,19.30167,2014-01-27
5253,15622.0,-32.502778,19.535833,2014-01-27
5254,15382.5,-27.01011111,26.69808333,2014-01-28
5255,15397.5,-25.127778,27.628889,2014-01-28
5256,15292.0,-24.69514,27.40906,2014-01-28
5257,15194.0,-25.73411,27.21422,2014-01-28
5258,15158.0,-28.735556,29.820556,2014-01-28
5259,15110.5,-27.00222,28.76528,2014-01-28
5260,15278.5,-26.648056,27.089444,2014-01-28
5261,15237.5,-26.970278,27.211111,2014-01-28
5262,15217.5,-26.880278,26.965,2014-01-28
5263,15437.0,-26.98472222,26.63227778,2014-01-28
5264,15387.5,-27.398611,26.614722,2014-01-28
5265,15392.0,-33.501667,21.624167,2014-01-28
5266,15658.5,-32.595833,19.009444,2014-01-28
5267,15156.0,-25.20639,27.558,2014-01-29
5268,15626.5,-28.768056,20.720556,2014-01-29
5269,15680.5,-33.13083,18.86278,2014-01-29
5270,15525.5,-33.7075,18.97444444,2014-01-29
5271,15541.5,-32.94583,18.33667,2014-01-29
5272,15205.5,-30.13573889,30.67422222,2014-01-30
5273,15427.0,-27.38972222,26.46388889,2014-01-30
5274,15438.5,-33.31388889,19.07472222,2014-01-30
5275,15149.5,-29.380556,30.2775,2014-01-31
5276,15064.0,-22.769722,30.886944,2014-02-03
5277,15204.0,-26.73806,27.59194,2014-02-03
5278,15024.5,-26.45,28.085833,2014-02-03
5279,15297.0,-33.08883333,19.21878333,2014-02-03
5280,15355.0,-28.747778,31.745833,2014-02-04
5281,15270.0,-27.398611,26.614722,2014-02-04
5282,15342.0,-25.45963889,28.26430556,2014-02-04
5283,15317.0,-27.495556,26.074722,2014-02-04
5284,15276.0,-27.4,26.624722,2014-02-04
5285,15796.0,-28.760833,17.730278,2014-02-05
5286,15727.0,-29.161667,23.696389,2014-02-05
5287,15296.0,-27.01011111,26.69808333,2014-02-05
5288,15021.5,-25.81048333,27.90955222,2014-02-05
5289,15530.0,-29.140556,31.391944,2014-02-05
5290,15209.0,-28.801278,31.955389,2014-02-05
5291,15215.0,-28.404444,30.013056,2014-02-05
5292,15307.0,-29.744167,29.905833,2014-02-05
5293,15209.5,-26.970278,27.211111,2014-02-05
5294,15205.5,-26.880278,26.965,2014-02-05
5295,15327.5,-26.98472222,26.63227778,2014-02-05
5296,15221.0,-28.116667,26.725278,2014-02-05
5297,15269.0,-27.044444,27.005,2014-02-05
5298,15702.5,-29.033333,23.983333,2014-02-05
5299,15072.0,-28.69485,28.23487,2014-02-05
5300,15216.5,-27.937778,31.209444,2014-02-06
5301,15230.0,-30.160091,27.40124,2014-02-06
5302,15252.0,-30.336111,27.359444,2014-02-06
5303,15324.5,-30.830556,26.921389,2014-02-07
5304,15298.5,-27.671111,27.236944,2014-02-07
5305,15237.5,-29.658056,25.973333,2014-02-07
5306,15167.0,-30.679722,26.7125,2014-02-07
5307,15320.0,-29.641944,30.6875,2014-02-08
5308,15183.0,-26.648056,27.089444,2014-02-10
5309,15309.0,-26.98472222,26.63227778,2014-02-10
5310,15310.0,-31.396,29.2651,2014-02-10
5311,15407.0,-31.554722,29.245556,2014-02-10
5312,15273.0,-27.01011111,26.69808333,2014-02-11
5313,15254.5,-25.127778,27.628889,2014-02-11
5314,15116.5,-25.20639,27.558,2014-02-11
5315,15214.0,-24.69514,27.40906,2014-02-11
5316,15189.0,-26.970278,27.211111,2014-02-11
5317,15188.0,-26.880278,26.965,2014-02-11
5318,15036.0,-27.802778,28.768333,2014-02-11
5319,15309.0,-26.98472222,26.63227778,2014-02-11
5320,15248.0,-27.935,26.126667,2014-02-11
5321,15174.0,-28.116667,26.725278,2014-02-11
5322,15243.0,-27.044444,27.005,2014-02-11
5323,15302.0,-29.160278,26.573333,2014-02-11
5324,15095.0,-28.883333,27.89,2014-02-11
5325,15149.0,-30.568333,29.422778,2014-02-11
5326,15092.0,-30.570833,29.150556,2014-02-11
5327,15191.0,-31.104278,29.399722,2014-02-11
5328,15283.0,-28.338333,31.373611,2014-02-11
5329,15371.0,-28.068333,31.55,2014-02-11
5330,15587.0,-29.161667,23.696389,2014-02-12
5331,15466.5,-24.39619444,27.08983333,2014-02-12
5332,15112.5,-23.658056,31.05,2014-02-12
5333,15025.0,-23.281,30.54305556,2014-02-12
5334,15101.0,-24.058889,31.237222,2014-02-12
5335,15590.0,-28.75,30.442778,2014-02-12
5336,15224.0,-29.161667,30.629722,2014-02-12
5337,15083.0,-26.45,28.085833,2014-02-12
5338,15243.0,-27.044444,27.005,2014-02-12
5339,15118.0,-29.615556,27.065278,2014-02-12
5340,15290.0,-31.031389,28.883333,2014-02-12
5341,15195.0,-30.86013889,29.07125,2014-02-12
5342,15092.0,-30.570833,29.150556,2014-02-12
5343,15063.0,-30.77586667,29.03221667,2014-02-12
5344,15435.0,-32.94583,18.33667,2014-02-12
5345,14962.0,-28.44555556,32.325,2014-04-09
5346,15136.0,-27.4275,28.525833,2014-02-13
5347,15212.0,-34.031944,22.053333,2014-02-13
5348,15103.0,-34.329722,18.990278,2014-02-13
5349,15586.5,-33.13083,18.86278,2014-02-13
5350,15254.0,-33.897778,20.012778,2014-02-13
5351,15022.0,-24.679167,30.8025,2014-02-14
5352,15199.5,-27.935,26.126667,2014-02-14
5353,15083.5,-34.039722,22.133333,2014-02-14
5354,15069.0,-34.02861,22.22222,2014-02-14
5355,15089.0,-25.99136,27.84208,2014-02-17
5356,15192.0,-28.735556,29.820556,2014-02-17
5357,15183.0,-26.648056,27.089444,2014-02-17
5358,15248.0,-27.935,26.126667,2014-02-17
5359,15174.0,-28.1175,26.719444,2014-02-17
5360,15174.0,-28.116667,26.725278,2014-02-17
5361,15509.0,-29.042222,24.6,2014-02-17
5362,15602.0,-29.033333,23.983333,2014-02-17
5363,15326.0,-33.818056,19.694722,2014-02-17
5364,15359.0,-33.08883333,19.21878333,2014-02-17
5365,15273.0,-27.01011111,26.69808333,2014-02-18
5366,15203.0,-27.602222,29.942778,2014-02-18
5367,15189.0,-26.970278,27.211111,2014-02-18
5368,15188.0,-26.880278,26.965,2014-02-18
5369,15309.0,-26.98472222,26.63227778,2014-02-18
5370,15302.0,-29.160278,26.573333,2014-02-18
5371,15522.0,-29.028629,24.638389,2014-02-18
5372,15229.0,-34.075556,20.145556,2014-02-18
5373,15649.0,-32.595833,19.009444,2014-02-18
5374,15236.0,-25.45963889,28.26430556,2014-02-18
5375,15231.0,-27.495556,26.074722,2014-02-18
5376,15543.0,-29.161667,23.696389,2014-02-19
5377,15113.0,-25.81048333,27.90955222,2014-02-19
5378,15120.0,-26.905,32.324722,2014-02-19
5379,15321.0,-29.744167,29.905833,2014-02-19
5380,15084.0,-27.169444,29.233889,2014-02-19
5381,15091.0,-27.00222,28.76528,2014-02-19
5382,15173.0,-26.73806,27.59194,2014-02-19
5383,15078.0,-26.45,28.085833,2014-02-19
5384,15602.0,-29.033333,23.983333,2014-02-19
5385,15007.0,-28.69485,28.23487,2014-02-19
5386,15095.0,-28.883333,27.89,2014-02-19
5387,15535.0,-33.7075,18.97444444,2014-02-19
5388,15168.0,-25.57877778,29.12747222,2014-02-19
5389,15257.0,-30.830556,26.921389,2014-02-20
5390,15174.0,-28.1175,26.719444,2014-02-20
5391,15098.0,-29.658056,25.973333,2014-02-20
5392,15009.0,-30.679722,26.7125,2014-02-20
5393,15146.0,-30.160091,27.40124,2014-02-20
5394,15050.0,-30.336111,27.359444,2014-02-20
5395,15378.0,-33.31388889,19.07472222,2014-02-20
5396,15311.0,-24.925278,29.324444,2014-02-21
5397,15256.0,-30.534167,24.961944,2014-02-21
5398,15015.0,-29.7775,29.470833,2014-02-24
5399,15223.0,-29.744167,29.905833,2014-02-24
5400,15046.5,-26.45,28.085833,2014-02-24
5401,15199.5,-27.935,26.126667,2014-02-24
5402,15132.0,-28.1175,26.719444,2014-02-24
5403,15132.0,-28.116667,26.725278,2014-02-24
5404,15203.5,-29.160278,26.573333,2014-02-24
5405,14993.0,-27.01011111,26.69808333,2014-02-25
5406,15023.0,-25.127778,27.628889,2014-02-25
5407,15299.0,-24.39619444,27.08983333,2014-02-25
5408,15163.0,-24.69514,27.40906,2014-02-25
5409,15186.0,-27.5275,30.858056,2014-02-25
5410,15199.0,-30.733889,29.828333,2014-02-25
5411,15037.0,-29.987778,29.851667,2014-02-25
5412,15052.0,-29.380556,30.2775,2014-02-25
5413,15088.5,-26.861111,28.884722,2014-02-25
5414,15067.0,-26.970278,27.211111,2014-02-25
5415,14974.0,-26.880278,26.965,2014-02-25
5416,15052.0,-26.98472222,26.63227778,2014-02-25
5417,14938.0,-27.044444,27.005,2014-02-25
5418,15314.0,-33.501667,21.624167,2014-02-25
5419,15271.0,-28.058889,30.373611,2014-02-25
5420,15543.0,-29.161667,23.696389,2014-02-26
5421,15055.0,-25.20639,27.558,2014-02-26
5422,15111.5,-25.73411,27.21422,2014-02-26
5423,14993.0,-26.648056,27.089444,2014-02-26
5424,15090.0,-28.116667,26.725278,2014-02-26
5425,15132.0,-27.671111,27.236944,2014-02-26
5426,15541.0,-28.768056,20.720556,2014-02-26
5427,14973.0,-27.356667,27.286389,2014-02-26
5428,15141.0,-30.13573889,30.67422222,2014-02-27
5429,14983.0,-30.398056,30.601944,2014-02-27
5430,15225.0,-27.902778,24.615556,2014-02-28
5431,15340.0,-29.803611,30.516111,2014-02-28
5432,15057.0,-26.73806,27.59194,2014-03-03
5433,14946.5,-26.45,28.085833,2014-03-03
5434,15098.0,-27.935,26.126667,2014-03-03
5435,15051.0,-28.116667,26.725278,2014-03-03
5436,15396.5,-32.502778,19.535833,2014-03-03
5437,14985.5,-27.356667,27.286389,2014-03-03
5438,15113.0,-25.81048333,27.90955222,2014-03-04
5439,15066.0,-26.861111,28.884722,2014-03-04
5440,15055.0,-27.02314,28.59389,2014-03-04
5441,15062.5,-27.398611,26.614722,2014-03-04
5442,15096.0,-27.671111,27.236944,2014-03-04
5443,14982.5,-34.039722,22.133333,2014-03-04
5444,15120.0,-27.495556,26.074722,2014-03-04
5445,15067.0,-27.4,26.624722,2014-03-04
5446,15543.0,-29.161667,23.696389,2014-03-05
5447,14974.0,-27.01011111,26.69808333,2014-03-05
5448,15213.5,-29.140556,31.391944,2014-03-05
5449,15040.0,-29.744167,29.905833,2014-03-05
5450,14974.0,-26.880278,26.965,2014-03-05
5451,15001.0,-26.98472222,26.63227778,2014-03-05
5452,15060.0,-27.671111,27.236944,2014-03-05
5453,15545.0,-29.033333,23.983333,2014-03-05
5454,14915.0,-34.02861,22.22222,2014-03-05
5455,15432.0,-33.13083,18.86278,2014-03-05
5456,15131.0,-25.45963889,28.26430556,2014-03-05
5457,15226.0,-22.769722,30.886944,2014-03-06
5458,15151.5,-27.937778,31.209444,2014-03-06
5459,14978.0,-26.648056,27.089444,2014-03-06
5460,14883.0,-26.970278,27.211111,2014-03-06
5461,15020.0,-27.398611,26.614722,2014-03-06
5462,14938.0,-27.044444,27.005,2014-03-06
5463,15408.0,-29.651389,22.746389,2014-03-06
5464,15345.0,-29.1825,23.575556,2014-03-06
5465,15008.0,-34.031944,22.053333,2014-03-06
5466,15322.0,-33.7075,18.97444444,2014-03-06
5467,15249.0,-32.94583,18.33667,2014-03-06
5468,15120.0,-28.058889,30.373611,2014-03-06
5469,15209.0,-28.404444,30.013056,2014-03-07
5470,15012.0,-28.116667,26.725278,2014-03-07
5471,15408.0,-29.651389,22.746389,2014-03-07
5472,14979.0,-34.005833,22.351111,2014-03-07
5473,14998.0,-29.380556,30.2775,2014-03-08
5474,14923.0,-26.45,28.085833,2014-03-10
5475,14981.5,-26.98472222,26.63227778,2014-03-10
5476,15006.5,-28.1175,26.719444,2014-03-10
5477,15036.0,-31.396,29.2651,2014-03-10
5478,15163.5,-31.554722,29.245556,2014-03-10
5479,14947.0,-27.01011111,26.69808333,2014-03-11
5480,15108.0,-24.183889,30.823889,2014-03-11
5481,14990.0,-26.861111,28.884722,2014-03-11
5482,14912.0,-26.648056,27.089444,2014-03-11
5483,14880.5,-26.970278,27.211111,2014-03-11
5484,14964.0,-26.880278,26.965,2014-03-11
5485,14981.5,-26.98472222,26.63227778,2014-03-11
5486,14669.0,-27.902778,24.615556,2012-08-02
5487,14945.0,-27.044444,27.005,2014-03-11
5488,15012.5,-30.568333,29.422778,2014-03-11
5489,14979.0,-30.570833,29.150556,2014-03-11
5490,15046.0,-31.104278,29.399722,2014-03-11
5491,15181.0,-34.092222,21.295278,2014-03-11
5492,15441.5,-29.161667,23.696389,2014-03-12
5493,15361.0,-28.7115,24.07288889,2014-03-12
5494,15083.0,-29.641944,30.6875,2014-03-12
5495,14748.0,-27.902778,24.615556,2013-06-20
5496,15071.0,-24.034167,31.123611,2014-03-12
5497,14800.0,-28.44555556,32.325,2014-05-07
5498,15182.5,-28.75,30.442778,2014-03-12
5499,15078.0,-29.161667,30.629722,2014-03-12
5500,15055.0,-27.02314,28.59389,2014-03-12
5501,15049.0,-27.273889,28.49,2014-03-12
5502,14982.0,-27.4275,28.525833,2014-03-12
5503,14950.0,-27.3,28.586944,2014-03-12
5504,15718.5,-27.902778,24.615556,2014-01-02
5505,15072.5,-27.935,26.126667,2014-03-12
5506,15017.0,-28.141944,26.417778,2014-03-12
5507,15284.5,-29.651389,22.746389,2014-03-12
5508,15193.5,-31.031389,28.883333,2014-03-12
5509,15174.0,-30.86013889,29.07125,2014-03-12
5510,15091.0,-30.77586667,29.03221667,2014-03-12
5511,14819.0,-27.902778,24.615556,2014-05-23
5512,15056.0,-28.338333,31.373611,2014-03-12
5513,15096.0,-28.068333,31.55,2014-03-12
5514,14996.5,-24.679167,30.8025,2014-03-13
5515,15102.0,-25.20639,27.558,2014-03-13
5516,15192.0,-27.573056,24.746389,2014-03-13
5517,15582.0,-31.394444,20.947222,2014-03-13
5518,15104.0,-33.08883333,19.21878333,2014-03-13
5519,15074.0,-33.897778,20.012778,2014-03-13
5520,15185.0,-27.902778,24.615556,2014-03-14
5521,15192.0,-27.573056,24.746389,2014-03-15
5522,15492.0,-28.96362,19.15486,2014-03-15
5523,15636.0,-27.902778,24.615556,2014-11-21
5524,14936.0,-25.99136,27.84208,2014-03-17
5525,15159.5,-28.735556,29.820556,2014-03-17
5526,14877.0,-26.73806,27.59194,2014-03-17
5527,15068.0,-27.935,26.126667,2014-03-17
5528,14993.5,-28.1175,26.719444,2014-03-17
5529,14993.5,-28.116667,26.725278,2014-03-17
5530,15189.5,-29.042222,24.6,2014-03-17
5531,15308.5,-29.033333,23.983333,2014-03-17
5532,15072.0,-23.658056,31.05,2014-03-18
5533,15105.5,-23.281,30.54305556,2014-03-18
5534,15017.0,-27.169444,29.233889,2014-03-18
5535,14990.0,-26.861111,28.884722,2014-03-18
5536,14981.5,-26.98472222,26.63227778,2014-03-18
5537,15226.5,-29.028629,24.638389,2014-03-18
5538,15040.5,-33.38056,19.30167,2014-03-18
5539,15084.0,-33.31388889,19.07472222,2014-03-18
5540,14931.5,-25.45963889,28.26430556,2014-03-18
5541,15044.5,-27.495556,26.074722,2014-03-18
5542,14903.0,-25.447222,30.711667,2014-03-18
5543,15332.5,-29.161667,23.696389,2014-03-19
5544,14983.5,-27.01011111,26.69808333,2014-03-19
5545,14984.0,-25.81048333,27.90955222,2014-03-19
5546,15054.0,-27.363611,31.783333,2014-03-19
5547,14865.0,-26.648056,27.089444,2014-03-19
5548,14880.5,-26.970278,27.211111,2014-03-19
5549,15004.0,-26.880278,26.965,2014-03-19
5550,14985.5,-27.044444,27.005,2014-03-19
5551,15150.5,-27.573056,24.746389,2014-03-19
5552,15308.5,-29.033333,23.983333,2014-03-19
5553,15317.0,-28.376944,24.303056,2011-09-29
5554,15749.0,-28.376944,24.303056,2011-11-20
5555,15696.0,-28.376944,24.303056,2011-12-08
5556,15307.5,-32.595833,19.009444,2014-03-19
5557,15804.0,-28.376944,24.303056,2012-01-19
5558,15026.5,-26.03611,30.99778,2014-03-20
5559,15064.0,-27.602222,29.942778,2014-03-20
5560,15029.0,-29.744167,29.905833,2014-03-20
5561,14480.0,-28.376944,24.303056,2012-07-05
5562,14486.0,-28.376944,24.303056,2012-07-11
5563,14902.0,-29.7775,29.470833,2014-03-24
5564,14856.0,-28.376944,24.303056,2012-08-16
5565,15166.0,-28.376944,24.303056,2012-08-30
5566,15489.5,-28.376944,24.303056,2012-09-27
5567,15832.0,-28.376944,24.303056,2013-01-17
5568,15605.0,-28.376944,24.303056,2013-02-28
5569,14939.0,-29.987778,29.851667,2014-03-24
5570,15550.0,-28.376944,24.303056,2013-03-14
5571,15213.5,-28.376944,24.303056,2013-04-11
5572,15212.0,-28.376944,24.303056,2013-04-25
5573,14902.0,-28.376944,24.303056,2013-05-09
5574,14631.0,-28.376944,24.303056,2013-06-20
5575,14691.0,-28.376944,24.303056,2013-07-04
5576,14696.0,-28.376944,24.303056,2013-07-18
5577,14704.0,-28.376944,24.303056,2013-08-01
5578,14897.0,-28.376944,24.303056,2013-08-15
5579,15128.0,-28.376944,24.303056,2013-08-29
5580,15360.5,-28.376944,24.303056,2013-09-12
5581,15556.5,-28.376944,24.303056,2013-09-26
5582,15743.0,-28.376944,24.303056,2013-10-10
5583,15815.0,-28.376944,24.303056,2013-10-24
5584,16018.5,-28.376944,24.303056,2013-11-07
5585,15980.5,-28.376944,24.303056,2013-11-21
5586,15796.0,-28.376944,24.303056,2014-01-02
5587,15901.0,-28.376944,24.303056,2014-01-16
5588,15802.0,-28.376944,24.303056,2014-01-30
5589,15423.0,-28.376944,24.303056,2014-02-27
5590,15040.0,-29.744167,29.905833,2014-03-24
5591,14968.0,-26.45,28.085833,2014-03-24
5592,15091.0,-27.935,26.126667,2014-03-24
5593,14992.0,-28.141944,26.417778,2014-03-24
5594,14644.0,-28.376944,24.303056,2014-06-05
5595,15001.0,-28.1175,26.719444,2014-03-24
5596,15142.5,-22.225556,29.990556,2014-03-25
5597,14965.0,-25.127778,27.628889,2014-03-25
5598,15080.0,-24.39619444,27.08983333,2014-03-25
5599,15056.5,-24.69514,27.40906,2014-03-25
5600,15951.0,-28.376944,24.303056,2014-10-23
5601,15076.5,-30.733889,29.828333,2014-03-25
5602,14962.5,-26.861111,28.884722,2014-03-25
5603,14995.0,-28.116667,26.725278,2014-03-25
5604,15030.5,-29.160278,26.573333,2014-03-25
5605,14930.0,-28.69485,28.23487,2014-03-25
5606,14904.0,-29.615556,27.065278,2014-03-25
5607,14963.0,-28.883333,27.89,2014-03-25
5608,15100.5,-33.501667,21.624167,2014-03-25
5609,15313.5,-29.161667,23.696389,2014-03-26
5610,14959.0,-27.01011111,26.69808333,2014-03-26
5611,15137.0,-22.935,28.004167,2014-03-26
5612,15102.0,-25.20639,27.558,2014-03-26
5613,14544.0,-28.376944,24.303056,2015-07-16
5614,14556.0,-28.376944,24.303056,2015-07-30
5615,14877.0,-28.376944,24.303056,2015-08-13
5616,15508.0,-28.376944,24.303056,2015-09-24
5617,15685.0,-28.376944,24.303056,2015-10-08
5618,15701.0,-28.376944,24.303056,2015-10-22
5619,15891.0,-28.376944,24.303056,2015-11-05
5620,15998.0,-28.376944,24.303056,2015-11-19
5621,16145.0,-28.376944,24.303056,2015-12-03
5622,16198.0,-28.376944,24.303056,2015-12-31
5623,14972.5,-30.398056,30.601944,2014-03-26
5624,14843.5,-26.648056,27.089444,2014-03-26
5625,14876.5,-26.970278,27.211111,2014-03-26
5626,15023.5,-26.880278,26.965,2014-03-26
5627,15010.5,-26.98472222,26.63227778,2014-03-26
5628,15046.0,-27.671111,27.236944,2014-03-26
5629,14987.5,-27.044444,27.005,2014-03-26
5630,14884.0,-30.160091,27.40124,2014-03-26
5631,14973.0,-30.336111,27.359444,2014-03-26
5632,15137.0,-22.935,28.004167,2014-03-27
5633,14991.5,-30.830556,26.921389,2014-03-27
5634,15110.0,-22.548889,28.898056,2014-03-27
5635,15052.5,-22.91028,29.61111,2014-03-27
5636,15116.0,-30.13573889,30.67422222,2014-03-27
5637,15005.0,-27.38972222,26.46388889,2014-03-27
5638,14986.5,-27.398611,26.614722,2014-03-27
5639,15192.5,-27.902778,24.615556,2014-03-27
5640,15002.5,-29.658056,25.973333,2014-03-27
5641,14949.5,-31.000833,26.353056,2014-03-27
5642,14958.0,-30.679722,26.7125,2014-03-27
5643,15136.5,-30.534167,24.961944,2014-03-27
5644,14982.5,-27.356667,27.286389,2014-03-27
5645,15110.0,-22.548889,28.898056,2014-03-28
5646,15030.5,-29.160278,26.573333,2014-03-28
5647,15042.5,-29.803611,30.516111,2014-03-28
5648,14887.0,-25.99136,27.84208,2014-03-31
5649,14903.0,-25.513889,31.224444,2014-03-31
5650,15162.0,-33.818056,19.694722,2014-03-31
5651,15166.0,-32.502778,19.535833,2014-03-31
5652,15069.0,-25.681111,31.783333,2014-04-01
5653,15091.0,-27.935,26.126667,2014-04-01
5654,14989.0,-28.1175,26.719444,2014-04-01
5655,14989.0,-28.116667,26.725278,2014-04-01
5656,15074.0,-27.671111,27.236944,2014-04-01
5657,15028.0,-34.075556,20.145556,2014-04-01
5658,15313.5,-29.161667,23.696389,2014-04-02
5659,14904.5,-25.81048333,27.90955222,2014-04-02
5660,15047.5,-22.935,28.004167,2014-04-02
5661,15029.0,-24.768889,31.39,2014-04-02
5662,14964.0,-24.9675,31.516667,2014-04-02
5663,15028.0,-28.801278,31.955389,2014-04-02
5664,14951.5,-29.744167,29.905833,2014-04-02
5665,14907.0,-27.4275,28.525833,2014-04-02
5666,14961.0,-27.398611,26.614722,2014-04-02
5667,15046.0,-27.671111,27.236944,2014-04-02
5668,15216.0,-29.033333,23.983333,2014-04-02
5669,15183.5,-28.768056,20.720556,2014-04-02
5670,14937.0,-34.031944,22.053333,2014-04-02
5671,14891.0,-34.039722,22.133333,2014-04-02
5672,15020.5,-33.7075,18.97444444,2014-04-02
5673,15036.5,-28.058889,30.373611,2014-04-02
5674,15038.0,-27.495556,26.074722,2014-04-02
5675,14968.0,-27.4,26.624722,2014-04-02
5676,14924.5,-27.01011111,26.69808333,2014-04-03
5677,15052.5,-22.91028,29.61111,2014-04-03
5678,15027.5,-23.658056,31.05,2014-04-03
5679,15043.0,-23.281,30.54305556,2014-04-03
5680,14794.0,-24.99328,30.81444,2014-04-03
5681,14951.5,-27.937778,31.209444,2014-04-03
5682,14967.5,-27.5275,30.858056,2014-04-03
5683,14861.5,-26.648056,27.089444,2014-04-03
5684,14879.0,-26.970278,27.211111,2014-04-03
5685,15013.5,-26.880278,26.965,2014-04-03
5686,15035.5,-26.98472222,26.63227778,2014-04-03
5687,14963.5,-27.044444,27.005,2014-04-03
5688,15189.0,-33.13083,18.86278,2014-04-03
5689,15029.5,-28.404444,30.013056,2014-04-04
5690,14987.5,-28.116667,26.725278,2014-04-04
5691,15030.0,-28.735556,29.820556,2014-04-07
5692,14896.0,-26.73806,27.59194,2014-04-07
5693,14926.0,-26.45,28.085833,2014-04-07
5694,15051.0,-26.98472222,26.63227778,2014-04-07
5695,15087.0,-27.935,26.126667,2014-04-07
5696,14985.0,-28.141944,26.417778,2014-04-07
5697,14986.0,-28.1175,26.719444,2014-04-07
5698,14986.0,-28.116667,26.725278,2014-04-07
5699,15138.0,-29.042222,24.6,2014-04-07
5700,15166.0,-29.028629,24.638389,2014-04-07
5701,15251.0,-29.033333,23.983333,2014-04-07
5702,14988.0,-31.554722,29.245556,2014-04-07
5703,14944.0,-27.01011111,26.69808333,2014-04-08
5704,14843.0,-34.065833,20.404167,2014-04-08
5705,14859.0,-25.127778,27.628889,2014-04-08
5706,15051.0,-25.20639,27.558,2014-04-08
5707,15004.0,-24.69514,27.40906,2014-04-08
5708,15052.0,-22.769722,30.886944,2014-04-08
5709,15026.0,-27.169444,29.233889,2014-04-08
5710,14922.0,-26.861111,28.884722,2014-04-08
5711,14877.0,-26.648056,27.089444,2014-04-08
5712,14880.0,-26.970278,27.211111,2014-04-08
5713,15014.0,-26.880278,26.965,2014-04-08
5714,15051.0,-26.98472222,26.63227778,2014-04-08
5715,14838.0,-30.570833,29.150556,2014-04-08
5716,14927.0,-33.31388889,19.07472222,2014-04-08
5717,15056.0,-28.338333,31.373611,2014-04-08
5718,15223.0,-29.658056,25.973333,2011-09-27
5719,15054.0,-28.068333,31.55,2014-04-08
5720,15193.0,-28.308889,31.9025,2014-04-08
5721,14869.0,-25.57877778,29.12747222,2014-04-08
5722,15053.0,-29.641944,30.6875,2014-04-09
5723,14829.0,-25.73411,27.21422,2014-04-09
5724,14725.0,-28.44555556,32.325,2014-06-04
5725,15004.0,-28.75,30.442778,2014-04-09
5726,14913.0,-29.161667,30.629722,2014-04-09
5727,14861.0,-27.00222,28.76528,2014-04-09
5728,14970.0,-27.02314,28.59389,2014-04-09
5729,14930.0,-27.273889,28.49,2014-04-09
5730,14892.0,-27.4275,28.525833,2014-04-09
5731,14876.0,-27.3,28.586944,2014-04-09
5732,14948.0,-30.568333,29.422778,2014-04-09
5733,15026.0,-31.031389,28.883333,2014-04-09
5734,15019.0,-30.86013889,29.07125,2014-04-09
5735,14924.0,-30.77586667,29.03221667,2014-04-09
5736,15138.0,-32.595833,19.009444,2014-04-09
5737,15168.0,-28.376944,24.303056,2014-04-10
5738,14884.0,-34.092222,21.295278,2014-04-10
5739,14683.0,-34.329722,18.990278,2014-04-10
5740,14879.0,-33.897778,20.012778,2014-04-10
5741,15158.5,-27.902778,24.615556,2014-04-11
5742,14803.0,-24.679167,30.8025,2014-04-14
5743,14873.0,-25.99136,27.84208,2014-04-14
5744,14870.0,-26.73806,27.59194,2014-04-14
5745,14931.0,-28.1175,26.719444,2014-04-14
5746,14931.0,-28.116667,26.725278,2014-04-14
5747,14805.0,-33.08883333,19.21878333,2014-04-14
5748,15029.0,-24.183889,30.823889,2014-04-15
5749,15026.0,-27.169444,29.233889,2014-04-15
5750,14915.0,-26.861111,28.884722,2014-04-15
5751,14856.0,-27.00222,28.76528,2014-04-15
5752,14868.0,-27.4275,28.525833,2014-04-15
5753,15020.0,-26.98472222,26.63227778,2014-04-15
5754,15020.0,-27.935,26.126667,2014-04-15
5755,14968.0,-29.160278,26.573333,2014-04-15
5756,15113.0,-29.033333,23.983333,2014-04-15
5757,14918.0,-25.45963889,28.26430556,2014-04-15
5758,15001.0,-29.161667,23.696389,2014-04-16
5759,15145.0,-28.7115,24.07288889,2014-04-16
5760,14905.0,-27.01011111,26.69808333,2014-04-16
5761,14831.0,-25.81048333,27.90955222,2014-04-16
5762,14886.0,-26.905,32.324722,2014-04-16
5763,14988.0,-27.602222,29.942778,2014-04-16
5764,14906.0,-29.744167,29.905833,2014-04-16
5765,14841.0,-26.648056,27.089444,2014-04-16
5766,14875.0,-26.970278,27.211111,2014-04-16
5767,15013.0,-26.880278,26.965,2014-04-16
5768,15113.0,-29.033333,23.983333,2014-04-16
5769,14882.0,-29.1825,23.575556,2014-04-16
5770,15161.0,-28.768056,20.720556,2014-04-16
5771,14841.0,-27.363611,31.783333,2014-04-17
5772,15103.0,-29.042222,24.6,2014-04-17
5773,15130.0,-29.028629,24.638389,2014-04-17
5774,14810.5,-29.987778,29.851667,2014-04-21
5775,14920.0,-29.744167,29.905833,2014-04-21
5776,14950.0,-30.733889,29.828333,2014-04-22
5777,14859.0,-29.380556,30.2775,2014-04-22
5778,15020.0,-27.935,26.126667,2014-04-22
5779,14946.0,-28.141944,26.417778,2014-04-22
5780,14931.0,-28.1175,26.719444,2014-04-22
5781,14931.0,-28.116667,26.725278,2014-04-22
5782,14968.0,-29.160278,26.573333,2014-04-22
5783,14688.0,-33.501667,21.624167,2014-04-22
5784,14900.0,-27.01011111,26.69808333,2014-04-23
5785,14882.0,-25.127778,27.628889,2014-04-23
5786,15012.0,-25.20639,27.558,2014-04-23
5787,14953.0,-24.39619444,27.08983333,2014-04-23
5788,15067.0,-24.69514,27.40906,2014-04-23
5789,14880.0,-26.970278,27.211111,2014-04-23
5790,15014.0,-26.880278,26.965,2014-04-23
5791,15005.0,-26.98472222,26.63227778,2014-04-23
5792,14931.0,-28.1175,26.719444,2014-04-23
5793,14931.0,-28.116667,26.725278,2014-04-23
5794,14921.0,-27.671111,27.236944,2014-04-23
5795,14809.0,-28.69485,28.23487,2014-04-23
5796,14886.0,-29.615556,27.065278,2014-04-23
5797,14868.0,-28.883333,27.89,2014-04-23
5798,15199.0,-28.760833,17.730278,2014-04-24
5799,14960.0,-30.13573889,30.67422222,2014-04-24
5800,14899.0,-27.38972222,26.46388889,2014-04-24
5801,14946.0,-28.141944,26.417778,2014-04-24
5802,14931.0,-28.1175,26.719444,2014-04-24
5803,14931.0,-28.116667,26.725278,2014-04-24
5804,14871.0,-27.398611,26.614722,2014-04-24
5805,15082.0,-28.376944,24.303056,2014-04-24
5806,14820.0,-30.160091,27.40124,2014-04-24
5807,14852.0,-30.336111,27.359444,2014-04-24
5808,14976.0,-27.356667,27.286389,2014-04-24
5809,14875.0,-30.830556,26.921389,2014-04-25
5810,15093.0,-27.902778,24.615556,2014-04-25
5811,14741.0,-31.000833,26.353056,2014-04-25
5812,14765.0,-30.679722,26.7125,2014-04-25
5813,14983.0,-30.534167,24.961944,2014-04-25
5814,15021.5,-29.140556,31.391944,2014-04-29
5815,14871.5,-25.99136,27.84208,2014-04-29
5816,14968.5,-28.747778,31.745833,2014-04-29
5817,14862.5,-28.801278,31.955389,2014-04-29
5818,14877.0,-26.73806,27.59194,2014-04-29
5819,14859.0,-26.45,28.085833,2014-04-29
5820,14996.0,-27.935,26.126667,2014-04-29
5821,14873.0,-28.1175,26.719444,2014-04-29
5822,14877.0,-27.671111,27.236944,2014-04-29
5823,14771.0,-28.404444,30.013056,2014-04-30
5824,14896.0,-27.169444,29.233889,2014-04-30
5825,14928.0,-26.861111,28.884722,2014-04-30
5826,14970.0,-26.98472222,26.63227778,2014-04-30
5827,14949.0,-25.45963889,28.26430556,2014-04-30
5828,14914.0,-28.058889,30.373611,2014-04-30
5829,14942.0,-27.495556,26.074722,2014-04-30
5830,15472.0,-29.033333,23.983333,2011-10-05
5831,15650.0,-29.033333,23.983333,2011-10-25
5832,15702.0,-29.033333,23.983333,2011-11-02
5833,15802.0,-29.033333,23.983333,2011-11-16
5834,15830.5,-29.033333,23.983333,2011-12-14
5835,16002.0,-29.033333,23.983333,2012-01-11
5836,15812.0,-29.033333,23.983333,2012-01-25
5837,15628.0,-29.033333,23.983333,2012-02-22
5838,14853.0,-25.81048333,27.90955222,2014-05-01
5839,14826.0,-27.937778,31.209444,2014-05-01
5840,14830.0,-27.5275,30.858056,2014-05-01
5841,14564.5,-29.033333,23.983333,2012-06-06
5842,14461.0,-29.033333,23.983333,2012-06-13
5843,14400.0,-29.033333,23.983333,2012-06-26
5844,14400.0,-29.033333,23.983333,2012-06-27
5845,14381.0,-29.033333,23.983333,2012-07-11
5846,14489.0,-29.033333,23.983333,2012-07-18
5847,14533.0,-29.033333,23.983333,2012-07-25
5848,14877.0,-27.02314,28.59389,2014-05-01
5849,14943.0,-29.033333,23.983333,2012-08-22
5850,15113.0,-29.033333,23.983333,2012-09-05
5851,15187.0,-29.033333,23.983333,2012-09-19
5852,15600.0,-29.033333,23.983333,2012-10-17
5853,15668.0,-29.033333,23.983333,2012-10-31
5854,15875.0,-29.033333,23.983333,2012-11-14
5855,15769.0,-29.033333,23.983333,2012-11-28
5856,15645.0,-29.033333,23.983333,2013-02-27
5857,14817.0,-26.970278,27.211111,2014-05-01
5858,14890.0,-26.880278,26.965,2014-05-01
5859,14785.0,-29.744167,29.905833,2014-05-02
5860,14643.0,-34.031944,22.053333,2014-05-03
5861,14557.0,-34.039722,22.133333,2014-05-03
5862,14796.0,-26.970278,27.211111,2014-05-05
5863,14850.5,-26.45,28.085833,2014-05-05
5864,14915.0,-27.935,26.126667,2014-05-05
5865,14695.0,-29.033333,23.983333,2013-07-24
5866,14842.0,-28.141944,26.417778,2014-05-05
5867,14805.5,-28.116667,26.725278,2014-05-05
5868,14818.5,-27.671111,27.236944,2014-05-05
5869,14772.0,-32.502778,19.535833,2014-05-05
5870,14836.5,-27.01011111,26.69808333,2014-05-06
5871,14818.0,-29.641944,30.6875,2014-05-06
5872,14868.0,-25.127778,27.628889,2014-05-06
5873,14953.0,-25.20639,27.558,2014-05-06
5874,15008.5,-24.69514,27.40906,2014-05-06
5875,14905.5,-26.006389,29.253889,2014-05-06
5876,14805.5,-28.1175,26.719444,2014-05-06
5877,14867.0,-27.398611,26.614722,2014-05-06
5878,14886.5,-28.338333,31.373611,2014-05-06
5879,14973.5,-28.068333,31.55,2014-05-06
5880,14902.0,-27.495556,26.074722,2014-05-06
5881,14855.0,-27.4,26.624722,2014-05-06
5882,14771.0,-28.44555556,32.325,2014-07-03
5883,14826.0,-26.648056,27.089444,2014-05-07
5884,14720.0,-29.651389,22.746389,2014-05-07
5885,14977.0,-24.39619444,27.08983333,2014-05-08
5886,14746.0,-29.161667,30.629722,2014-05-08
5887,14688.0,-29.033333,23.983333,2014-08-06
5888,14886.0,-29.033333,23.983333,2014-08-20
5889,15191.5,-29.033333,23.983333,2014-09-03
5890,14874.0,-28.376944,24.303056,2014-05-08
5891,14449.0,-34.031944,22.053333,2014-05-08
5892,14466.0,-34.039722,22.133333,2014-05-08
5893,14497.0,-34.005833,22.351111,2014-05-08
5894,14968.0,-23.838611,31.640833,2014-05-09
5895,14828.0,-27.902778,24.615556,2014-05-09
5896,14842.0,-25.99136,27.84208,2014-05-12
5897,14866.0,-28.735556,29.820556,2014-05-12
5898,14703.5,-31.396,29.2651,2014-05-12
5899,14780.0,-31.554722,29.245556,2014-05-12
5900,15644.0,-29.033333,23.983333,2015-09-23
5901,14559.0,-33.818056,19.694722,2014-05-12
5902,14603.0,-33.13083,18.86278,2014-05-12
5903,14767.5,-27.01011111,26.69808333,2014-05-13
5904,15047.5,-25.681111,31.783333,2014-05-13
5905,15003.5,-25.67386,31.57527,2014-05-13
5906,14830.0,-26.648056,27.089444,2014-05-13
5907,14738.0,-26.970278,27.211111,2014-05-13
5908,14834.5,-27.273889,28.49,2014-05-13
5909,14854.5,-26.98472222,26.63227778,2014-05-13
5910,14763.0,-29.160278,26.573333,2014-05-13
5911,14756.5,-30.568333,29.422778,2014-05-13
5912,14703.5,-31.104278,29.399722,2014-05-13
5913,14596.0,-34.092222,21.295278,2014-05-13
5914,14556.0,-34.075556,20.145556,2014-05-13
5915,14900.0,-25.45963889,28.26430556,2014-05-13
5916,14804.5,-25.81048333,27.90955222,2014-05-14
5917,14993.0,-24.183889,30.823889,2014-05-14
5918,15000.5,-24.058889,31.237222,2014-05-14
5919,15003.5,-25.67386,31.57527,2014-05-14
5920,14821.5,-26.905,32.324722,2014-05-14
5921,14763.5,-29.744167,29.905833,2014-05-14
5922,14828.5,-27.169444,29.233889,2014-05-14
5923,14906.0,-26.861111,28.884722,2014-05-14
5924,14787.5,-26.73806,27.59194,2014-05-14
5925,14856.0,-26.45,28.085833,2014-05-14
5926,14790.5,-27.3,28.586944,2014-05-14
5927,14854.5,-26.98472222,26.63227778,2014-05-14
5928,14870.0,-27.573056,24.746389,2014-05-14
5929,14647.5,-30.570833,29.150556,2014-05-14
5930,14604.5,-33.7075,18.97444444,2014-05-14
5931,14677.0,-32.94583,18.33667,2014-05-14
5932,14841.0,-27.363611,31.783333,2014-05-15
5933,14761.0,-31.031389,28.883333,2014-05-15
5934,14780.5,-30.86013889,29.07125,2014-05-15
5935,14746.0,-30.77586667,29.03221667,2014-05-15
5936,14414.0,-33.38056,19.30167,2014-05-15
5937,14433.5,-33.08883333,19.21878333,2014-05-15
5938,14838.0,-24.679167,30.8025,2014-05-16
5939,14918.0,-27.602222,29.942778,2014-05-16
5940,14698.0,-28.116667,26.725278,2014-05-16
5941,14630.0,-29.7775,29.470833,2014-05-19
5942,14600.0,-29.987778,29.851667,2014-05-19
5943,14742.0,-29.744167,29.905833,2014-05-19
5944,14772.0,-26.73806,27.59194,2014-05-19
5945,14833.0,-26.45,28.085833,2014-05-19
5946,14834.0,-27.935,26.126667,2014-05-19
5947,14764.0,-27.671111,27.236944,2014-05-19
5948,14753.0,-29.160278,26.573333,2014-05-19
5949,14554.0,-33.31388889,19.07472222,2014-05-19
5950,14715.0,-27.01011111,26.69808333,2014-05-20
5951,14493.5,-34.065833,20.404167,2014-05-20
5952,14769.5,-25.127778,27.628889,2014-05-20
5953,14887.0,-24.39619444,27.08983333,2014-05-20
5954,14902.0,-24.69514,27.40906,2014-05-20
5955,14781.0,-26.03611,30.99778,2014-05-20
5956,14827.5,-30.733889,29.828333,2014-05-20
5957,14662.0,-29.380556,30.2775,2014-05-20
5958,14791.0,-27.169444,29.233889,2014-05-20
5959,14885.5,-26.861111,28.884722,2014-05-20
5960,14786.0,-27.00222,28.76528,2014-05-20
5961,14797.5,-27.273889,28.49,2014-05-20
5962,14752.5,-27.3,28.586944,2014-05-20
5963,14771.0,-26.98472222,26.63227778,2014-05-20
5964,14745.0,-28.141944,26.417778,2014-05-20
5965,14672.0,-28.1175,26.719444,2014-05-20
5966,14671.0,-29.042222,24.6,2014-05-20
5967,14722.0,-29.033333,23.983333,2014-05-20
5968,14557.5,-28.69485,28.23487,2014-05-20
5969,14659.0,-28.883333,27.89,2014-05-20
5970,14795.5,-27.495556,26.074722,2014-05-20
5971,14845.0,-25.20639,27.558,2014-05-21
5972,15007.0,-23.658056,31.05,2014-05-21
5973,14975.5,-23.281,30.54305556,2014-05-21
5974,14774.0,-30.398056,30.601944,2014-05-21
5975,14802.5,-26.648056,27.089444,2014-05-21
5976,14727.5,-26.970278,27.211111,2014-05-21
5977,14749.0,-26.880278,26.965,2014-05-21
5978,14757.5,-27.671111,27.236944,2014-05-21
5979,14700.5,-29.028629,24.638389,2014-05-21
5980,14582.0,-30.160091,27.40124,2014-05-21
5981,14574.5,-30.336111,27.359444,2014-05-21
5982,14475.5,-34.405833,19.600556,2014-05-21
5983,14789.5,-27.356667,27.286389,2014-05-21
5984,14612.5,-30.830556,26.921389,2014-05-22
5985,15056.0,-22.769722,30.886944,2014-05-22
5986,14851.0,-30.13573889,30.67422222,2014-05-22
5987,14827.5,-27.398611,26.614722,2014-05-22
5988,14783.0,-28.376944,24.303056,2014-05-22
5989,14637.0,-29.658056,25.973333,2014-05-22
5990,14465.5,-31.000833,26.353056,2014-05-22
5991,14498.0,-30.679722,26.7125,2014-05-22
5992,14433.5,-34.329722,18.990278,2014-05-22
5993,14550.5,-33.897778,20.012778,2014-05-22
5994,14611.0,-29.615556,27.065278,2014-05-23
5995,14756.5,-29.803611,30.516111,2014-05-23
5996,14785.0,-25.99136,27.84208,2014-05-26
5997,14995.0,-23.838611,31.640833,2014-05-26
5998,14688.0,-27.01011111,26.69808333,2014-05-27
5999,14919.0,-29.140556,31.391944,2014-05-27
6000,14805.0,-28.801278,31.955389,2014-05-27
6001,14701.0,-26.970278,27.211111,2014-05-27
6002,14727.0,-26.98472222,26.63227778,2014-05-27
6003,14492.0,-33.501667,21.624167,2014-05-27
6004,14840.0,-25.45963889,28.26430556,2014-05-27
6005,14671.5,-25.81048333,27.90955222,2014-05-28
6006,14863.5,-22.935,28.004167,2014-05-28
6007,14823.0,-24.282222,28.090278,2014-05-28
6008,14807.5,-23.763056,27.908611,2014-05-28
6009,14878.5,-28.747778,31.745833,2014-05-28
6010,14768.0,-27.937778,31.209444,2014-05-28
6011,14789.5,-28.404444,30.013056,2014-05-28
6012,14688.5,-29.744167,29.905833,2014-05-28
6013,14733.0,-27.00222,28.76528,2014-05-28
6014,14517.5,-31.436944,20.474722,2014-05-28
6015,14514.0,-29.1825,23.575556,2014-05-28
6016,14623.5,-28.768056,20.720556,2014-05-28
6017,14838.5,-28.058889,30.373611,2014-05-28
6018,14953.0,-22.225556,29.990556,2014-05-29
6019,14923.0,-22.91028,29.61111,2014-05-29
6020,14712.0,-27.5275,30.858056,2014-05-29
6021,14771.5,-27.398611,26.614722,2014-05-29
6022,14775.0,-27.573056,24.746389,2014-05-29
6023,14760.0,-25.57877778,29.12747222,2014-05-29
6024,14771.5,-27.398611,26.614722,2014-05-30
6025,14608.0,-29.160278,26.573333,2014-06-02
6026,14766.0,-24.670833,28.560833,2014-06-03
6027,14738.0,-25.127778,27.628889,2014-06-03
6028,14778.0,-25.20639,27.558,2014-06-03
6029,14901.0,-24.69514,27.40906,2014-06-03
6030,14764.0,-27.935,26.126667,2014-06-03
6031,14667.0,-28.141944,26.417778,2014-06-03
6032,14816.0,-28.338333,31.373611,2014-06-03
6033,14887.0,-28.068333,31.55,2014-06-03
6034,14750.0,-29.641944,30.6875,2014-06-04
6035,14840.0,-24.39619444,27.08983333,2014-06-04
6036,14806.0,-28.44555556,32.325,2014-07-30
6037,14694.0,-28.75,30.442778,2014-06-04
6038,14613.0,-29.161667,30.629722,2014-06-04
6039,14411.0,-34.005833,22.351111,2014-06-04
6040,14663.0,-26.98472222,26.63227778,2014-06-05
6041,14665.5,-27.902778,24.615556,2014-06-05
6042,14410.5,-33.970833,22.548333,2014-06-05
6043,14981.0,-28.308889,31.9025,2014-06-05
6044,14681.0,-25.99136,27.84208,2014-06-09
6045,14583.0,-26.73806,27.59194,2014-06-09
6046,14674.0,-26.45,28.085833,2014-06-09
6047,14579.0,-27.671111,27.236944,2014-06-09
6048,14564.0,-31.396,29.2651,2014-06-09
6049,14714.0,-31.554722,29.245556,2014-06-09
6050,14398.0,-33.818056,19.694722,2014-06-09
6051,14890.0,-23.658056,31.05,2014-06-10
6052,14877.0,-23.281,30.54305556,2014-06-10
6053,14938.0,-25.681111,31.783333,2014-06-10
6054,14838.0,-25.362222,31.956667,2014-06-10
6055,14634.0,-28.735556,29.820556,2014-06-10
6056,14380.0,-29.615556,27.065278,2014-06-10
6057,14420.0,-30.570833,29.150556,2014-06-10
6058,14465.0,-34.092222,21.295278,2014-06-10
6059,14427.0,-34.075556,20.145556,2014-06-10
6060,14565.0,-31.5653,18.3306,2014-06-10
6061,14378.0,-32.94583,18.33667,2014-06-10
6062,14728.0,-25.45963889,28.26430556,2014-06-10
6063,14579.0,-25.81048333,27.90955222,2014-06-11
6064,14916.0,-24.768889,31.39,2014-06-11
6065,14768.0,-26.905,32.324722,2014-06-11
6066,14759.0,-27.602222,29.942778,2014-06-11
6067,14549.0,-27.00222,28.76528,2014-06-11
6068,14564.0,-27.02314,28.59389,2014-06-11
6069,14563.0,-27.273889,28.49,2014-06-11
6070,14541.0,-27.3,28.586944,2014-06-11
6071,14630.0,-27.935,26.126667,2014-06-11
6072,14390.0,-28.69485,28.23487,2014-06-11
6073,14428.0,-28.883333,27.89,2014-06-11
6074,14541.0,-28.768056,20.720556,2014-06-11
6075,14506.0,-30.568333,29.422778,2014-06-11
6076,14574.0,-30.86013889,29.07125,2014-06-11
6077,14535.0,-30.77586667,29.03221667,2014-06-11
6078,14328.0,-33.13083,18.86278,2014-06-11
6079,14471.0,-33.7075,18.97444444,2014-06-11
6080,14625.0,-25.57877778,29.12747222,2014-06-11
6081,14935.0,-22.769722,30.886944,2014-06-12
6082,14714.0,-26.006389,29.253889,2014-06-12
6083,14557.0,-25.513889,31.224444,2014-06-12
6084,14744.0,-27.363611,31.783333,2014-06-12
6085,14544.0,-28.141944,26.417778,2014-06-12
6086,14491.0,-28.1175,26.719444,2014-06-12
6087,14388.0,-31.436944,20.474722,2014-06-12
6088,14506.0,-30.568333,29.422778,2014-06-12
6089,14577.5,-24.99328,30.81444,2014-06-13
6090,14613.0,-29.744167,29.905833,2014-06-13
6091,14597.0,-27.573056,24.746389,2014-06-13
6092,14474.5,-31.436944,20.474722,2014-06-13
6093,14463.0,-29.987778,29.851667,2014-06-16
6094,14613.0,-29.744167,29.905833,2014-06-16
6095,14578.0,-25.127778,27.628889,2014-06-17
6096,14751.0,-24.39619444,27.08983333,2014-06-17
6097,14738.0,-24.69514,27.40906,2014-06-17
6098,14657.0,-30.733889,29.828333,2014-06-17
6099,14588.0,-29.380556,30.2775,2014-06-17
6100,14491.0,-28.1175,26.719444,2014-06-17
6101,14491.0,-28.116667,26.725278,2014-06-17
6102,14213.0,-33.38056,19.30167,2014-06-17
6103,14583.0,-27.01011111,26.69808333,2014-06-18
6104,14846.0,-24.183889,30.823889,2014-06-18
6105,14654.0,-25.20639,27.558,2014-06-18
6106,14868.0,-24.058889,31.237222,2014-06-18
6107,14776.0,-24.034167,31.123611,2014-06-18
6108,14729.0,-30.398056,30.601944,2014-06-18
6109,14609.0,-26.98472222,26.63227778,2014-06-18
6110,14612.0,-27.935,26.126667,2014-06-18
6111,14371.0,-33.31388889,19.07472222,2014-06-18
6112,14710.0,-30.13573889,30.67422222,2014-06-19
6113,14552.0,-26.970278,27.211111,2014-06-19
6114,14637.0,-27.398611,26.614722,2014-06-19
6115,14579.0,-27.671111,27.236944,2014-06-19
6116,14614.0,-28.376944,24.303056,2014-06-19
6117,14631.0,-27.4,26.624722,2014-06-19
6118,14812.0,-24.679167,30.8025,2014-06-20
6119,14623.0,-26.880278,26.965,2014-06-20
6120,14683.0,-29.803611,30.516111,2014-06-20
6121,14861.5,-23.838611,31.640833,2014-06-21
6122,14679.0,-25.99136,27.84208,2014-06-23
6123,14572.0,-26.73806,27.59194,2014-06-23
6124,14666.0,-26.45,28.085833,2014-06-23
6125,14467.0,-29.160278,26.573333,2014-06-23
6126,14496.0,-29.042222,24.6,2014-06-23
6127,14546.5,-29.033333,23.983333,2014-06-23
6128,14558.5,-27.01011111,26.69808333,2014-06-24
6129,14832.0,-29.140556,31.391944,2014-06-24
6130,14342.0,-34.065833,20.404167,2014-06-24
6131,14500.5,-31.860278,18.6875,2014-06-24
6132,14778.0,-24.282222,28.090278,2014-06-24
6133,14622.0,-26.03611,30.99778,2014-06-24
6134,14825.5,-25.362222,31.956667,2014-06-24
6135,14893.5,-25.14944444,31.94055556,2014-06-24
6136,14562.5,-27.169444,29.233889,2014-06-24
6137,14614.5,-26.648056,27.089444,2014-06-24
6138,14546.5,-26.970278,27.211111,2014-06-24
6139,14614.0,-26.880278,26.965,2014-06-24
6140,14603.5,-26.98472222,26.63227778,2014-06-24
6141,14513.5,-28.141944,26.417778,2014-06-24
6142,14461.0,-28.1175,26.719444,2014-06-24
6143,14461.0,-28.116667,26.725278,2014-06-24
6144,14495.5,-29.028629,24.638389,2014-06-24
6145,14366.5,-28.69485,28.23487,2014-06-24
6146,14375.0,-29.615556,27.065278,2014-06-24
6147,14380.0,-33.501667,21.624167,2014-06-24
6148,14724.0,-25.45963889,28.26430556,2014-06-24
6149,14579.0,-25.81048333,27.90955222,2014-06-25
6150,14754.0,-23.763056,27.908611,2014-06-25
6151,14813.0,-23.23572222,27.717,2014-06-25
6152,14792.0,-28.404444,30.013056,2014-06-25
6153,14588.0,-29.744167,29.905833,2014-06-25
6154,14475.0,-27.3,28.586944,2014-06-25
6155,14539.0,-27.802778,28.768333,2014-06-25
6156,14579.0,-27.671111,27.236944,2014-06-25
6157,14405.0,-30.160091,27.40124,2014-06-25
6158,14372.0,-30.336111,27.359444,2014-06-25
6159,14288.0,-34.405833,19.600556,2014-06-25
6160,14692.0,-28.058889,30.373611,2014-06-25
6161,14586.0,-29.161667,23.696389,2014-06-26
6162,14391.0,-30.830556,26.921389,2014-06-26
6163,14841.0,-22.91028,29.61111,2014-06-26
6164,14714.0,-26.006389,29.253889,2014-06-26
6165,14682.0,-25.49037,30.6986,2014-06-26
6166,14670.0,-27.5275,30.858056,2014-06-26
6167,14533.0,-27.4275,28.525833,2014-06-26
6168,14541.0,-27.38972222,26.46388889,2014-06-26
6169,14637.0,-27.398611,26.614722,2014-06-26
6170,14580.0,-27.573056,24.746389,2014-06-26
6171,14282.0,-31.000833,26.353056,2014-06-26
6172,14292.0,-30.679722,26.7125,2014-06-26
6173,14307.0,-33.897778,20.012778,2014-06-26
6174,14554.0,-28.7115,24.07288889,2014-06-27
6175,14813.0,-23.23572222,27.717,2014-06-27
6176,14855.0,-24.058889,31.237222,2014-06-27
6177,14641.0,-27.902778,24.615556,2014-06-27
6178,14401.0,-29.658056,25.973333,2014-06-27
6179,14465.0,-30.534167,24.961944,2014-06-27
6180,14680.0,-26.45,28.085833,2014-06-30
6181,14582.5,-27.671111,27.236944,2014-06-30
6182,14601.0,-25.57877778,29.12747222,2014-06-30
6183,14587.5,-25.127778,27.628889,2014-07-01
6184,14627.5,-25.20639,27.558,2014-07-01
6185,14711.0,-24.69514,27.40906,2014-07-01
6186,14623.0,-26.861111,28.884722,2014-07-01
6187,14622.5,-26.98472222,26.63227778,2014-07-01
6188,14485.0,-28.1175,26.719444,2014-07-01
6189,14582.5,-27.671111,27.236944,2014-07-01
6190,14413.5,-34.031944,22.053333,2014-07-01
6191,14413.5,-34.039722,22.133333,2014-07-01
6192,14813.5,-28.068333,31.55,2014-07-01
6193,14570.5,-27.495556,26.074722,2014-07-01
6194,14560.0,-29.161667,23.696389,2014-07-02
6195,14581.0,-27.01011111,26.69808333,2014-07-02
6196,14639.5,-29.641944,30.6875,2014-07-02
6197,14763.5,-24.39619444,27.08983333,2014-07-02
6198,14534.5,-27.00222,28.76528,2014-07-02
6199,14558.5,-27.02314,28.59389,2014-07-02
6200,14597.5,-26.648056,27.089444,2014-07-02
6201,14616.5,-26.880278,26.965,2014-07-02
6202,14559.5,-27.273889,28.49,2014-07-02
6203,14533.0,-27.4275,28.525833,2014-07-02
6204,14495.5,-27.3,28.586944,2014-07-02
6205,14971.0,-28.44555556,32.325,2014-08-27
6206,14586.0,-27.671111,27.236944,2014-07-03
6207,14398.0,-34.005833,22.351111,2014-07-03
6208,14910.0,-28.308889,31.9025,2014-07-03
6209,14722.5,-25.99136,27.84208,2014-07-07
6210,14643.0,-28.735556,29.820556,2014-07-07
6211,14612.0,-26.73806,27.59194,2014-07-07
6212,14694.5,-26.45,28.085833,2014-07-07
6213,14639.5,-26.98472222,26.63227778,2014-07-07
6214,14502.5,-28.1175,26.719444,2014-07-07
6215,14502.5,-28.116667,26.725278,2014-07-07
6216,14614.5,-27.169444,29.233889,2014-07-08
6217,14656.0,-26.861111,28.884722,2014-07-08
6218,14497.0,-31.436944,20.474722,2014-07-08
6219,14529.0,-31.394444,20.947222,2014-07-08
6220,14348.0,-34.092222,21.295278,2014-07-08
6221,14787.5,-25.45963889,28.26430556,2014-07-08
6222,14584.5,-29.161667,23.696389,2014-07-09
6223,14625.0,-25.81048333,27.90955222,2014-07-09
6224,14873.5,-25.362222,31.956667,2014-07-09
6225,14784.0,-26.905,32.324722,2014-07-09
6226,14752.5,-27.602222,29.942778,2014-07-09
6227,14639.5,-26.98472222,26.63227778,2014-07-09
6228,14570.0,-27.935,26.126667,2014-07-09
6229,14538.5,-28.141944,26.417778,2014-07-09
6230,14592.0,-29.033333,23.983333,2014-07-09
6231,14560.5,-30.568333,29.422778,2014-07-09
6232,14540.5,-30.570833,29.150556,2014-07-09
6233,14492.5,-31.104278,29.399722,2014-07-09
6234,14631.5,-27.4,26.624722,2014-07-09
6235,14592.0,-27.01011111,26.69808333,2014-07-10
6236,14827.0,-25.436111,31.982222,2014-07-10
6237,14782.5,-27.363611,31.783333,2014-07-10
6238,14611.5,-26.648056,27.089444,2014-07-10
6239,14598.5,-26.970278,27.211111,2014-07-10
6240,14631.0,-26.880278,26.965,2014-07-10
6241,14653.0,-31.031389,28.883333,2014-07-10
6242,14638.5,-30.86013889,29.07125,2014-07-10
6243,14614.5,-30.77586667,29.03221667,2014-07-10
6244,14600.0,-31.396,29.2651,2014-07-11
6245,14585.0,-29.7775,29.470833,2014-07-14
6246,14570.0,-29.744167,29.905833,2014-07-14
6247,14686.0,-26.45,28.085833,2014-07-14
6248,14586.0,-27.671111,27.236944,2014-07-14
6249,14484.0,-29.160278,26.573333,2014-07-14
6250,14309.0,-33.818056,19.694722,2014-07-14
6251,14419.0,-32.502778,19.535833,2014-07-14
6252,14599.0,-25.57877778,29.12747222,2014-07-14
6253,14625.0,-25.127778,27.628889,2014-07-15
6254,14813.5,-24.39619444,27.08983333,2014-07-15
6255,14743.5,-24.69514,27.40906,2014-07-15
6256,14810.0,-26.006389,29.253889,2014-07-15
6257,14726.5,-30.733889,29.828333,2014-07-15
6258,14478.0,-29.987778,29.851667,2014-07-15
6259,14614.5,-29.380556,30.2775,2014-07-15
6260,14665.5,-26.861111,28.884722,2014-07-15
6261,14676.0,-26.98472222,26.63227778,2014-07-15
6262,14667.5,-28.768056,20.720556,2014-07-15
6263,14365.0,-34.075556,20.145556,2014-07-15
6264,14544.0,-31.5653,18.3306,2014-07-15
6265,14427.0,-32.94583,18.33667,2014-07-15
6266,14625.0,-27.495556,26.074722,2014-07-15
6267,14584.5,-29.161667,23.696389,2014-07-16
6268,14612.0,-27.01011111,26.69808333,2014-07-16
6269,14674.5,-25.20639,27.558,2014-07-16
6270,14713.0,-26.03611,30.99778,2014-07-16
6271,14718.0,-30.398056,30.601944,2014-07-16
6272,14643.0,-26.648056,27.089444,2014-07-16
6273,14605.5,-26.970278,27.211111,2014-07-16
6274,14670.0,-26.880278,26.965,2014-07-16
6275,14645.0,-27.044444,27.005,2014-07-16
6276,14381.0,-33.13083,18.86278,2014-07-16
6277,14532.5,-28.1175,26.719444,2014-07-17
6278,14532.5,-28.116667,26.725278,2014-07-17
6279,14615.0,-28.376944,24.303056,2014-07-17
6280,14722.0,-24.95861111,29.39527778,2014-07-18
6281,14616.5,-29.744167,29.905833,2014-07-18
6282,14636.0,-27.902778,24.615556,2014-07-18
6283,14676.5,-29.803611,30.516111,2014-07-18
6284,14795.0,-29.140556,31.391944,2014-07-21
6285,14769.0,-25.99136,27.84208,2014-07-21
6286,14625.0,-25.513889,31.224444,2014-07-21
6287,14542.0,-29.160278,26.573333,2014-07-21
6288,14613.0,-29.042222,24.6,2014-07-21
6289,14627.0,-29.033333,23.983333,2014-07-21
6290,14937.0,-25.398889,31.610556,2014-07-22
6291,14732.0,-28.801278,31.955389,2014-07-22
6292,14615.0,-27.935,26.126667,2014-07-22
6293,14586.0,-28.1175,26.719444,2014-07-22
6294,14586.0,-28.116667,26.725278,2014-07-22
6295,14643.0,-29.028629,24.638389,2014-07-22
6296,14507.0,-28.69485,28.23487,2014-07-22
6297,14503.0,-29.615556,27.065278,2014-07-22
6298,14545.0,-28.883333,27.89,2014-07-22
6299,14810.0,-25.45963889,28.26430556,2014-07-22
6300,14679.0,-25.81048333,27.90955222,2014-07-23
6301,14838.0,-24.282222,28.090278,2014-07-23
6302,14905.5,-28.747778,31.745833,2014-07-23
6303,14920.5,-28.404444,30.013056,2014-07-23
6304,14520.5,-30.160091,27.40124,2014-07-23
6305,14532.5,-30.336111,27.359444,2014-07-23
6306,14519.0,-33.501667,21.624167,2014-07-23
6307,14755.5,-28.058889,30.373611,2014-07-23
6308,14880.0,-22.935,28.004167,2014-07-24
6309,14538.0,-30.830556,26.921389,2014-07-24
6310,14633.0,-24.99328,30.81444,2014-07-24
6311,14816.0,-27.937778,31.209444,2014-07-24
6312,14788.0,-27.5275,30.858056,2014-07-24
6313,14388.5,-31.000833,26.353056,2014-07-24
6314,14491.0,-30.679722,26.7125,2014-07-24
6315,14567.5,-30.534167,24.961944,2014-07-24
6316,14693.5,-29.744167,29.905833,2014-07-25
6317,14577.5,-29.658056,25.973333,2014-07-25
6318,14368.0,-33.38056,19.30167,2014-07-28
6319,14699.0,-30.534167,24.961944,2011-08-16
6320,14693.0,-27.01011111,26.69808333,2014-07-29
6321,15082.0,-30.534167,24.961944,2011-09-08
6322,15314.0,-30.534167,24.961944,2011-09-28
6323,15487.0,-30.534167,24.961944,2011-10-07
6324,15632.0,-30.534167,24.961944,2011-11-04
6325,15610.0,-30.534167,24.961944,2011-12-02
6326,15689.0,-30.534167,24.961944,2011-12-23
6327,15618.0,-30.534167,24.961944,2012-02-03
6328,15460.0,-30.534167,24.961944,2012-03-02
6329,14923.0,-30.534167,24.961944,2012-03-30
6330,14559.0,-30.534167,24.961944,2012-05-25
6331,14527.0,-34.065833,20.404167,2014-07-29
6332,14943.0,-22.91028,29.61111,2014-07-29
6333,14353.0,-30.534167,24.961944,2012-07-20
6334,15175.0,-30.534167,24.961944,2012-09-14
6335,15394.5,-30.534167,24.961944,2012-10-12
6336,15708.0,-30.534167,24.961944,2012-11-09
6337,15456.0,-30.534167,24.961944,2012-12-06
6338,14674.0,-25.127778,27.628889,2014-07-29
6339,15669.0,-30.534167,24.961944,2013-02-08
6340,14708.0,-25.20639,27.558,2014-07-29
6341,14760.0,-24.69514,27.40906,2014-07-29
6342,14766.0,-28.75,30.442778,2014-07-29
6343,14742.0,-26.880278,26.965,2014-07-29
6344,14560.0,-30.534167,24.961944,2014-05-22
6345,14772.0,-26.98472222,26.63227778,2014-07-29
6346,14660.0,-28.141944,26.417778,2014-07-29
6347,14647.0,-28.1175,26.719444,2014-07-29
6348,14533.0,-29.651389,22.746389,2014-07-29
6349,15556.0,-30.534167,24.961944,2014-10-16
6350,15572.5,-30.534167,24.961944,2014-11-06
6351,15775.0,-30.534167,24.961944,2014-12-04
6352,15865.5,-30.534167,24.961944,2015-01-08
6353,14485.0,-33.31388889,19.07472222,2014-07-29
6354,14938.0,-28.338333,31.373611,2014-07-29
6355,14997.0,-28.068333,31.55,2014-07-29
6356,14734.0,-27.495556,26.074722,2014-07-29
6357,14649.0,-29.161667,23.696389,2014-07-30
6358,14965.0,-22.225556,29.990556,2014-07-30
6359,15723.5,-30.534167,24.961944,2015-10-22
6360,14685.0,-31.860278,18.6875,2014-07-30
6361,14886.0,-24.39619444,27.08983333,2014-07-30
6362,14999.0,-23.281,30.54305556,2014-07-30
6363,15119.5,-28.44555556,32.325,2014-10-22
6364,14703.0,-29.161667,30.629722,2014-07-30
6365,14937.0,-31.436944,20.474722,2014-04-24
6366,14740.0,-26.861111,28.884722,2014-07-30
6367,14729.0,-26.73806,27.59194,2014-07-30
6368,14769.0,-26.45,28.085833,2014-07-30
6369,14674.0,-27.38972222,26.46388889,2014-07-30
6370,14681.0,-27.398611,26.614722,2014-07-30
6371,14700.0,-27.671111,27.236944,2014-07-30
6372,14789.0,-28.768056,20.720556,2014-07-30
6373,14413.0,-33.08883333,19.21878333,2014-07-30
6374,14859.0,-29.641944,30.6875,2014-07-31
6375,15167.5,-22.769722,30.886944,2014-07-31
6376,14734.0,-27.169444,29.233889,2014-07-31
6377,14711.5,-27.00222,28.76528,2014-07-31
6378,14698.0,-28.376944,24.303056,2014-07-31
6379,14482.0,-34.405833,19.600556,2014-07-31
6380,14441.0,-34.329722,18.990278,2014-07-31
6381,14683.0,-27.356667,27.286389,2014-07-31
6382,15002.5,-28.308889,31.9025,2014-07-31
6383,14538.0,-33.897778,20.012778,2014-07-31
6384,14734.5,-29.744167,29.905833,2014-08-01
6385,14745.5,-26.648056,27.089444,2014-08-01
6386,14748.0,-27.671111,27.236944,2014-08-01
6387,14771.0,-27.902778,24.615556,2014-08-01
6388,14849.0,-25.99136,27.84208,2014-08-04
6389,14780.0,-28.735556,29.820556,2014-08-04
6390,14834.0,-26.45,28.085833,2014-08-04
6391,14672.0,-29.160278,26.573333,2014-08-04
6392,15002.0,-24.058889,31.237222,2014-08-05
6393,14810.0,-26.861111,28.884722,2014-08-05
6394,14661.0,-34.031944,22.053333,2014-08-05
6395,14658.0,-34.039722,22.133333,2014-08-05
6396,14942.0,-25.45963889,28.26430556,2014-08-05
6397,14756.0,-29.161667,23.696389,2014-08-06
6398,14833.0,-25.81048333,27.90955222,2014-08-06
6399,14812.0,-25.73411,27.21422,2014-08-06
6400,14906.0,-27.363611,31.783333,2014-08-06
6401,14853.0,-26.905,32.324722,2014-08-06
6402,14884.0,-27.602222,29.942778,2014-08-06
6403,14700.0,-27.4275,28.525833,2014-08-06
6404,14668.0,-27.3,28.586944,2014-08-06
6405,14713.0,-27.935,26.126667,2014-08-06
6406,14652.0,-34.005833,22.351111,2014-08-06
6407,14747.0,-27.00222,28.76528,2014-08-07
6408,14762.0,-27.02314,28.59389,2014-08-07
6409,14790.0,-31.394444,20.947222,2014-08-07
6410,15105.5,-23.658056,31.05,2014-08-08
6411,14810.5,-28.96362,19.15486,2014-08-09
6412,15054.5,-24.679167,30.8025,2014-08-11
6413,14737.0,-29.7775,29.470833,2014-08-11
6414,14742.0,-29.987778,29.851667,2014-08-11
6415,14818.5,-29.744167,29.905833,2014-08-11
6416,14822.0,-29.380556,30.2775,2014-08-11
6417,14747.5,-26.970278,27.211111,2014-08-11
6418,14869.0,-26.45,28.085833,2014-08-11
6419,14786.5,-26.98472222,26.63227778,2014-08-11
6420,14821.0,-27.671111,27.236944,2014-08-11
6421,14835.5,-31.396,29.2651,2014-08-11
6422,14864.0,-31.554722,29.245556,2014-08-11
6423,15150.0,-24.183889,30.823889,2014-08-12
6424,14940.0,-25.127778,27.628889,2014-08-12
6425,15007.0,-24.39619444,27.08983333,2014-08-12
6426,14943.0,-24.69514,27.40906,2014-08-12
6427,14860.0,-25.73411,27.21422,2014-08-12
6428,14888.0,-26.03611,30.99778,2014-08-12
6429,14884.0,-30.733889,29.828333,2014-08-12
6430,14929.0,-26.861111,28.884722,2014-08-12
6431,14869.0,-27.00222,28.76528,2014-08-12
6432,14801.0,-26.98472222,26.63227778,2014-08-12
6433,14820.0,-27.398611,26.614722,2014-08-12
6434,14753.0,-30.570833,29.150556,2014-08-12
6435,14815.0,-31.104278,29.399722,2014-08-12
6436,14951.0,-27.495556,26.074722,2014-08-12
6437,14814.0,-27.4,26.624722,2014-08-12
6438,14756.0,-29.161667,23.696389,2014-08-13
6439,14764.0,-27.01011111,26.69808333,2014-08-13
6440,15041.0,-22.935,28.004167,2014-08-13
6441,14951.0,-24.670833,28.560833,2014-08-13
6442,14916.0,-25.20639,27.558,2014-08-13
6443,15182.0,-24.058889,31.237222,2014-08-13
6444,14939.0,-30.398056,30.601944,2014-08-13
6445,14862.0,-26.648056,27.089444,2014-08-13
6446,14917.0,-26.880278,26.965,2014-08-13
6447,14901.0,-31.031389,28.883333,2014-08-13
6448,14853.0,-30.86013889,29.07125,2014-08-13
6449,14860.0,-30.77586667,29.03221667,2014-08-13
6450,14985.0,-24.282222,28.090278,2014-08-14
6451,15051.0,-22.91028,29.61111,2014-08-14
6452,15005.0,-25.49037,30.6986,2014-08-14
6453,14860.0,-30.13573889,30.67422222,2014-08-14
6454,14701.0,-28.376944,24.303056,2014-08-14
6455,14902.0,-25.447222,30.711667,2014-08-14
6456,14892.0,-29.744167,29.905833,2014-08-15
6457,14826.0,-27.902778,24.615556,2014-08-15
6458,14905.0,-29.803611,30.516111,2014-08-15
6459,14832.0,-28.96362,19.15486,2014-08-16
6460,14901.5,-25.99136,27.84208,2014-08-18
6461,14906.5,-26.73806,27.59194,2014-08-18
6462,14923.5,-26.45,28.085833,2014-08-18
6463,14811.0,-28.1175,26.719444,2014-08-18
6464,14849.0,-27.671111,27.236944,2014-08-18
6465,14783.0,-29.160278,26.573333,2014-08-18
6466,15093.5,-29.140556,31.391944,2014-08-19
6467,15057.0,-26.006389,29.253889,2014-08-19
6468,14965.0,-28.801278,31.955389,2014-08-19
6469,14866.0,-27.169444,29.233889,2014-08-19
6470,14945.0,-26.861111,28.884722,2014-08-19
6471,14893.0,-27.00222,28.76528,2014-08-19
6472,14843.5,-26.98472222,26.63227778,2014-08-19
6473,14916.0,-27.935,26.126667,2014-08-19
6474,14855.0,-27.398611,26.614722,2014-08-19
6475,14666.5,-28.69485,28.23487,2014-08-19
6476,14747.0,-28.883333,27.89,2014-08-19
6477,15005.0,-25.45963889,28.26430556,2014-08-19
6478,14966.5,-27.495556,26.074722,2014-08-19
6479,14840.5,-27.4,26.624722,2014-08-19
6480,14884.0,-29.161667,23.696389,2014-08-20
6481,14858.0,-27.01011111,26.69808333,2014-08-20
6482,14916.0,-25.81048333,27.90955222,2014-08-20
6483,15083.0,-28.747778,31.745833,2014-08-20
6484,15219.0,-28.404444,30.013056,2014-08-20
6485,14905.0,-26.648056,27.089444,2014-08-20
6486,14850.0,-26.970278,27.211111,2014-08-20
6487,14926.0,-26.880278,26.965,2014-08-20
6488,14814.0,-28.1175,26.719444,2014-08-20
6489,14627.0,-30.160091,27.40124,2014-08-20
6490,14711.0,-30.336111,27.359444,2014-08-20
6491,14704.0,-29.615556,27.065278,2014-08-20
6492,15002.0,-28.058889,30.373611,2014-08-20
6493,14788.0,-30.830556,26.921389,2014-08-21
6494,15084.0,-27.937778,31.209444,2014-08-21
6495,15049.0,-27.5275,30.858056,2014-08-21
6496,14814.0,-28.116667,26.725278,2014-08-21
6497,14625.0,-31.000833,26.353056,2014-08-21
6498,14695.0,-30.679722,26.7125,2014-08-21
6499,14774.0,-28.883333,27.89,2014-08-21
6500,14770.0,-30.534167,24.961944,2014-08-21
6501,14868.0,-31.394444,20.947222,2014-08-21
6502,14995.0,-24.925278,29.324444,2014-08-22
6503,14802.0,-29.658056,25.973333,2014-08-22
6504,14997.0,-26.45,28.085833,2014-08-25
6505,14856.0,-29.042222,24.6,2014-08-25
6506,14930.5,-29.028629,24.638389,2014-08-25
6507,14676.0,-33.818056,19.694722,2014-08-25
6508,14797.0,-32.502778,19.535833,2014-08-25
6509,14894.5,-27.01011111,26.69808333,2014-08-26
6510,14947.0,-25.127778,27.628889,2014-08-26
6511,14929.0,-25.20639,27.558,2014-08-26
6512,14966.5,-24.69514,27.40906,2014-08-26
6513,15160.0,-23.281,30.54305556,2014-08-26
6514,15004.5,-26.861111,28.884722,2014-08-26
6515,14921.0,-26.648056,27.089444,2014-08-26
6516,14864.0,-26.970278,27.211111,2014-08-26
6517,14963.5,-26.880278,26.965,2014-08-26
6518,14935.0,-26.98472222,26.63227778,2014-08-26
6519,14965.5,-28.141944,26.417778,2014-08-26
6520,14855.0,-28.1175,26.719444,2014-08-26
6521,14762.5,-33.501667,21.624167,2014-08-26
6522,14716.0,-34.075556,20.145556,2014-08-26
6523,14912.5,-31.5653,18.3306,2014-08-26
6524,14736.5,-32.94583,18.33667,2014-08-26
6525,15066.5,-28.338333,31.373611,2014-08-26
6526,15194.0,-28.068333,31.55,2014-08-26
6527,15104.5,-24.39619444,27.08983333,2014-08-27
6528,15264.0,-22.769722,30.886944,2014-08-27
6529,15155.0,-28.44555556,32.325,2014-11-19
6530,14936.5,-29.161667,30.629722,2014-08-27
6531,14936.5,-27.00222,28.76528,2014-08-27
6532,14969.0,-27.02314,28.59389,2014-08-27
6533,14927.0,-27.4275,28.525833,2014-08-27
6534,14916.0,-27.3,28.586944,2014-08-27
6535,14902.0,-27.398611,26.614722,2014-08-27
6536,14632.5,-33.13083,18.86278,2014-08-27
6537,14836.0,-33.7075,18.97444444,2014-08-27
6538,15184.5,-28.308889,31.9025,2014-08-27
6539,15046.0,-26.619444,27.980833,2014-08-28
6540,15065.0,-26.510278,28.351389,2014-08-28
6541,14948.0,-27.671111,27.236944,2014-08-28
6542,14924.0,-27.573056,24.746389,2014-08-28
6543,14993.0,-28.376944,24.303056,2014-08-28
6544,15073.0,-28.75,30.442778,2014-08-29
6545,15047.0,-29.744167,29.905833,2014-08-29
6546,15034.0,-27.902778,24.615556,2014-08-29
6547,15179.0,-25.99136,27.84208,2014-09-01
6548,15236.0,-26.73806,27.59194,2014-09-01
6549,15241.0,-26.45,28.085833,2014-09-01
6550,15213.5,-28.141944,26.417778,2014-09-01
6551,15128.0,-28.116667,26.725278,2014-09-01
6552,14603.0,-33.38056,19.30167,2014-09-01
6553,14733.0,-34.065833,20.404167,2014-09-02
6554,15021.5,-31.860278,18.6875,2014-09-02
6555,15213.5,-27.169444,29.233889,2014-09-02
6556,15215.0,-26.861111,28.884722,2014-09-02
6557,15151.0,-27.00222,28.76528,2014-09-02
6558,15232.5,-26.880278,26.965,2014-09-02
6559,15187.5,-27.935,26.126667,2014-09-02
6560,15161.5,-27.671111,27.236944,2014-09-02
6561,14753.5,-34.031944,22.053333,2014-09-02
6562,14681.0,-34.039722,22.133333,2014-09-02
6563,15215.5,-25.45963889,28.26430556,2014-09-02
6564,15215.5,-25.57877778,29.12747222,2014-09-02
6565,15173.0,-29.161667,23.696389,2014-09-03
6566,15122.5,-25.81048333,27.90955222,2014-09-03
6567,15369.5,-23.658056,31.05,2014-09-03
6568,15330.0,-26.006389,29.253889,2014-09-03
6569,15306.0,-27.602222,29.942778,2014-09-03
6570,15140.0,-27.802778,28.768333,2014-09-03
6571,15147.5,-29.160278,26.573333,2014-09-03
6572,15078.0,-31.436944,20.474722,2014-09-03
6573,14652.0,-34.405833,19.600556,2014-09-03
6574,15098.5,-27.363611,31.783333,2014-09-04
6575,15090.5,-26.970278,27.211111,2014-09-04
6576,15161.5,-27.671111,27.236944,2014-09-04
6577,14617.5,-34.329722,18.990278,2014-09-04
6578,14793.5,-33.897778,20.012778,2014-09-04
6579,15360.0,-27.01011111,26.69808333,2014-09-05
6580,15246.0,-26.905,32.324722,2014-09-05
6581,15193.0,-28.735556,29.820556,2014-09-05
6582,15225.0,-29.744167,29.905833,2014-09-05
6583,15422.0,-26.98472222,26.63227778,2014-09-05
6584,14727.0,-34.005833,22.351111,2014-09-05
6585,15497.0,-27.495556,26.074722,2014-09-05
6586,15028.0,-28.96362,19.15486,2014-09-06
6587,15278.0,-28.338333,31.373611,2014-09-06
6588,15234.0,-29.7775,29.470833,2014-09-08
6589,15071.0,-29.987778,29.851667,2014-09-08
6590,15225.0,-29.744167,29.905833,2014-09-08
6591,15422.0,-26.98472222,26.63227778,2014-09-08
6592,15375.0,-27.671111,27.236944,2014-09-08
6593,15371.0,-29.160278,26.573333,2014-09-08
6594,14688.0,-33.31388889,19.07472222,2014-09-08
6595,15287.5,-25.127778,27.628889,2014-09-09
6596,15184.5,-25.20639,27.558,2014-09-09
6597,15441.5,-24.39619444,27.08983333,2014-09-09
6598,15262.0,-24.69514,27.40906,2014-09-09
6599,15247.5,-30.733889,29.828333,2014-09-09
6600,15162.0,-29.380556,30.2775,2014-09-09
6601,15455.0,-28.141944,26.417778,2014-09-09
6602,15363.5,-28.1175,26.719444,2014-09-09
6603,15380.5,-27.398611,26.614722,2014-09-09
6604,15170.5,-28.69485,28.23487,2014-09-09
6605,15197.5,-29.615556,27.065278,2014-09-09
6606,15290.0,-28.883333,27.89,2014-09-09
6607,15046.5,-31.554722,29.245556,2014-09-09
6608,15372.0,-27.4,26.624722,2014-09-09
6609,15377.5,-29.161667,23.696389,2014-09-10
6610,15361.0,-27.01011111,26.69808333,2014-09-10
6611,15346.0,-26.648056,27.089444,2014-09-10
6612,15276.5,-26.970278,27.211111,2014-09-10
6613,15415.5,-26.880278,26.965,2014-09-10
6614,15431.5,-26.98472222,26.63227778,2014-09-10
6615,15383.0,-27.671111,27.236944,2014-09-10
6616,15217.5,-30.160091,27.40124,2014-09-10
6617,15186.0,-30.336111,27.359444,2014-09-10
6618,15165.5,-28.460833,21.248889,2014-09-10
6619,15199.0,-30.568333,29.422778,2014-09-10
6620,15142.0,-30.570833,29.150556,2014-09-10
6621,15214.5,-30.830556,26.921389,2014-09-11
6622,15128.0,-30.13573889,30.67422222,2014-09-11
6623,15420.5,-27.38972222,26.46388889,2014-09-11
6624,15380.5,-27.398611,26.614722,2014-09-11
6625,15422.5,-28.376944,24.303056,2014-09-11
6626,15022.5,-31.000833,26.353056,2014-09-11
6627,15126.5,-30.679722,26.7125,2014-09-11
6628,15177.0,-30.534167,24.961944,2014-09-11
6629,15218.5,-30.77586667,29.03221667,2014-09-11
6630,15462.5,-27.902778,24.615556,2014-09-12
6631,15211.5,-29.803611,30.516111,2014-09-12
6632,15521.0,-24.679167,30.8025,2014-09-15
6633,15378.0,-25.99136,27.84208,2014-09-15
6634,15051.0,-25.513889,31.224444,2014-09-15
6635,15461.0,-26.73806,27.59194,2014-09-15
6636,15431.0,-26.45,28.085833,2014-09-15
6637,15358.0,-29.042222,24.6,2014-09-15
6638,15411.0,-29.028629,24.638389,2014-09-15
6639,15545.0,-22.225556,29.990556,2014-09-16
6640,15316.0,-25.436111,31.982222,2014-09-16
6641,15262.0,-29.140556,31.391944,2014-09-16
6642,15412.0,-24.183889,30.823889,2014-09-16
6643,15299.0,-25.73411,27.21422,2014-09-16
6644,15485.0,-23.838611,31.640833,2014-09-16
6645,15480.0,-24.058889,31.237222,2014-09-16
6646,15233.0,-26.03611,30.99778,2014-09-16
6647,15488.0,-25.681111,31.783333,2014-09-16
6648,15351.0,-25.362222,31.956667,2014-09-16
6649,15402.0,-27.169444,29.233889,2014-09-16
6650,15401.0,-26.861111,28.884722,2014-09-16
6651,15377.0,-27.802778,28.768333,2014-09-16
6652,14881.0,-33.501667,21.624167,2014-09-16
6653,15453.0,-25.45963889,28.26430556,2014-09-16
6654,15310.5,-25.81048333,27.90955222,2014-09-17
6655,15347.5,-24.282222,28.090278,2014-09-17
6656,15468.0,-23.23572222,27.717,2014-09-17
6657,15372.5,-24.670833,28.560833,2014-09-17
6658,15384.5,-22.91028,29.61111,2014-09-17
6659,15405.0,-24.768889,31.39,2014-09-17
6660,15035.5,-28.801278,31.955389,2014-09-17
6661,15562.0,-28.404444,30.013056,2014-09-17
6662,15368.0,-27.00222,28.76528,2014-09-17
6663,15364.0,-27.02314,28.59389,2014-09-17
6664,15389.5,-27.273889,28.49,2014-09-17
6665,15332.5,-27.4275,28.525833,2014-09-17
6666,15342.0,-27.3,28.586944,2014-09-17
6667,15428.0,-27.935,26.126667,2014-09-17
6668,15221.0,-28.768056,20.720556,2014-09-17
6669,15408.5,-28.058889,30.373611,2014-09-17
6670,15359.5,-23.763056,27.908611,2014-09-18
6671,14934.5,-24.99328,30.81444,2014-09-18
6672,15322.5,-28.747778,31.745833,2014-09-18
6673,15348.0,-27.937778,31.209444,2014-09-18
6674,15343.5,-27.5275,30.858056,2014-09-18
6675,15474.5,-26.619444,27.980833,2014-09-18
6676,15414.5,-29.744167,29.905833,2014-09-19
6677,15271.0,-31.394444,20.947222,2014-09-22
6678,14959.0,-33.818056,19.694722,2014-09-22
6679,14993.0,-32.502778,19.535833,2014-09-22
6680,15363.0,-27.01011111,26.69808333,2014-09-23
6681,15156.0,-31.860278,18.6875,2014-09-23
6682,15295.0,-25.127778,27.628889,2014-09-23
6683,15256.0,-25.20639,27.558,2014-09-23
6684,15289.0,-24.69514,27.40906,2014-09-23
6685,15299.0,-25.73411,27.21422,2014-09-23
6686,15303.0,-26.970278,27.211111,2014-09-23
6687,15402.0,-26.880278,26.965,2014-09-23
6688,15422.0,-26.98472222,26.63227778,2014-09-23
6689,15381.0,-27.398611,26.614722,2014-09-23
6690,15391.0,-27.671111,27.236944,2014-09-23
6691,14805.0,-34.075556,20.145556,2014-09-23
6692,15249.0,-31.5653,18.3306,2014-09-23
6693,15277.0,-28.338333,31.373611,2014-09-23
6694,15550.0,-27.495556,26.074722,2014-09-23
6695,15385.0,-27.4,26.624722,2014-09-23
6696,15355.0,-29.641944,30.6875,2014-09-24
6697,15183.0,-29.161667,30.629722,2014-09-24
6698,15390.0,-27.00222,28.76528,2014-09-24
6699,15478.0,-26.619444,27.980833,2014-09-24
6700,15426.0,-26.45,28.085833,2014-09-24
6701,14627.0,-33.38056,19.30167,2014-09-24
6702,15501.0,-23.281,30.54305556,2014-09-25
6703,15437.0,-26.861111,28.884722,2014-09-25
6704,15499.0,-28.376944,24.303056,2014-09-25
6705,15051.0,-32.94583,18.33667,2014-09-25
6706,15346.0,-26.648056,27.089444,2014-09-26
6707,15410.0,-27.573056,24.746389,2014-09-26
6708,15528.5,-27.902778,24.615556,2014-09-26
6709,15258.5,-28.96362,19.15486,2014-09-26
6710,15361.0,-25.99136,27.84208,2014-09-29
6711,15372.0,-27.01011111,26.69808333,2014-09-30
6712,14914.0,-34.065833,20.404167,2014-09-30
6713,14998.0,-30.398056,30.601944,2014-09-30
6714,15353.0,-26.648056,27.089444,2014-09-30
6715,15304.0,-26.970278,27.211111,2014-09-30
6716,15402.0,-26.880278,26.965,2014-09-30
6717,15427.0,-26.73806,27.59194,2014-09-30
6718,15426.0,-26.45,28.085833,2014-09-30
6719,15449.0,-26.98472222,26.63227778,2014-09-30
6720,15454.0,-27.935,26.126667,2014-09-30
6721,15447.0,-28.141944,26.417778,2014-09-30
6722,15099.0,-33.31388889,19.07472222,2014-09-30
6723,15216.0,-33.7075,18.97444444,2014-09-30
6724,15453.0,-25.45963889,28.26430556,2014-09-30
6725,15340.0,-25.81048333,27.90955222,2014-10-01
6726,15402.0,-27.169444,29.233889,2014-10-01
6727,15401.0,-26.861111,28.884722,2014-10-01
6728,14847.0,-34.405833,19.600556,2014-10-01
6729,15205.0,-33.13083,18.86278,2014-10-01
6730,15299.0,-25.73411,27.21422,2014-10-02
6731,15300.0,-27.00222,28.76528,2014-10-02
6732,15478.0,-26.619444,27.980833,2014-10-02
6733,15449.0,-26.98472222,26.63227778,2014-10-02
6734,14901.0,-34.329722,18.990278,2014-10-02
6735,15113.0,-33.897778,20.012778,2014-10-02
6736,15364.5,-29.744167,29.905833,2014-10-03
6737,15323.5,-31.031389,28.883333,2014-10-03
6738,15368.5,-30.86013889,29.07125,2014-10-03
6739,15279.5,-30.77586667,29.03221667,2014-10-03
6740,15286.0,-25.49037,30.6986,2014-10-06
6741,15432.5,-29.160278,26.573333,2014-10-06
6742,15221.5,-30.568333,29.422778,2014-10-06
6743,15169.0,-30.570833,29.150556,2014-10-06
6744,15199.0,-25.447222,30.711667,2014-10-06
6745,15636.0,-28.7115,24.07288889,2014-10-07
6746,15472.0,-25.127778,27.628889,2014-10-07
6747,15336.0,-24.69514,27.40906,2014-10-07
6748,15608.0,-22.769722,30.886944,2014-10-07
6749,15163.0,-31.396,29.2651,2014-10-07
6750,14995.0,-34.031944,22.053333,2014-10-07
6751,14936.0,-34.039722,22.133333,2014-10-07
6752,15295.0,-25.20639,27.558,2014-10-08
6753,15389.0,-25.73411,27.21422,2014-10-08
6754,15494.0,-23.281,30.54305556,2014-10-08
6755,15248.0,-26.905,32.324722,2014-10-08
6756,15126.0,-29.380556,30.2775,2014-10-08
6757,15550.0,-26.970278,27.211111,2014-10-08
6758,15379.0,-28.116667,26.725278,2014-10-08
6759,15166.0,-31.104278,29.399722,2014-10-08
6760,14898.0,-34.02861,22.22222,2014-10-08
6761,15608.0,-27.01011111,26.69808333,2014-10-09
6762,15472.0,-25.127778,27.628889,2014-10-09
6763,15517.0,-23.658056,31.05,2014-10-09
6764,15468.0,-26.861111,28.884722,2014-10-09
6765,15577.0,-26.45,28.085833,2014-10-09
6766,15724.0,-26.98472222,26.63227778,2014-10-09
6767,15584.0,-27.671111,27.236944,2014-10-09
6768,15633.0,-28.376944,24.303056,2014-10-09
6769,14978.0,-31.554722,29.245556,2014-10-09
6770,14928.0,-34.005833,22.351111,2014-10-09
6771,15757.0,-27.495556,26.074722,2014-10-09
6772,15540.0,-26.648056,27.089444,2014-10-10
6773,15669.0,-26.880278,26.965,2014-10-10
6774,15552.0,-27.573056,24.746389,2014-10-10
6775,15607.0,-27.902778,24.615556,2014-10-10
6776,15242.5,-31.031389,28.883333,2011-02-16
6777,15454.5,-25.99136,27.84208,2014-10-13
6778,15529.0,-26.510278,28.351389,2014-10-13
6779,15488.0,-26.73806,27.59194,2014-10-13
6780,15501.5,-26.45,28.085833,2014-10-13
6781,15607.0,-27.671111,27.236944,2014-10-13
6782,15517.0,-29.160278,26.573333,2014-10-13
6783,15602.5,-29.042222,24.6,2014-10-13
6784,15646.0,-29.028629,24.638389,2014-10-13
6785,15632.5,-27.01011111,26.69808333,2014-10-14
6786,15321.0,-29.140556,31.391944,2014-10-14
6787,15385.0,-25.73411,27.21422,2014-10-14
6788,15304.5,-27.169444,29.233889,2014-10-14
6789,15483.5,-26.861111,28.884722,2014-10-14
6790,15298.0,-27.802778,28.768333,2014-10-14
6791,15738.0,-26.98472222,26.63227778,2014-10-14
6792,15475.0,-28.1175,26.719444,2014-10-14
6793,15475.0,-28.116667,26.725278,2014-10-14
6794,15563.5,-27.398611,26.614722,2014-10-14
6795,15340.5,-28.69485,28.23487,2014-10-14
6796,15474.5,-29.615556,27.065278,2014-10-14
6797,15440.0,-28.883333,27.89,2014-10-14
6798,15561.0,-27.4,26.624722,2014-10-14
6799,15480.0,-25.81048333,27.90955222,2014-10-15
6800,15466.0,-28.747778,31.745833,2014-10-15
6801,15340.0,-28.404444,30.013056,2014-10-15
6802,15300.0,-27.00222,28.76528,2014-10-15
6803,15473.0,-27.02314,28.59389,2014-10-15
6804,15540.0,-26.648056,27.089444,2014-10-15
6805,15550.0,-26.970278,27.211111,2014-10-15
6806,15669.0,-26.880278,26.965,2014-10-15
6807,15440.0,-27.273889,28.49,2014-10-15
6808,15412.0,-27.4275,28.525833,2014-10-15
6809,15429.0,-27.3,28.586944,2014-10-15
6810,15632.0,-27.935,26.126667,2014-10-15
6811,15559.0,-28.141944,26.417778,2014-10-15
6812,15630.0,-27.671111,27.236944,2014-10-15
6813,15424.0,-30.160091,27.40124,2014-10-15
6814,15502.0,-30.336111,27.359444,2014-10-15
6815,15564.0,-28.768056,20.720556,2014-10-15
6816,15060.5,-34.092222,21.295278,2014-10-15
6817,15457.0,-28.058889,30.373611,2014-10-15
6818,15483.0,-30.830556,26.921389,2014-10-16
6819,15286.0,-25.49037,30.6986,2014-10-16
6820,15377.0,-27.937778,31.209444,2014-10-16
6821,15393.0,-27.5275,30.858056,2014-10-16
6822,15397.0,-29.744167,29.905833,2014-10-16
6823,15614.0,-26.619444,27.980833,2014-10-16
6824,15609.0,-27.38972222,26.46388889,2014-10-16
6825,15581.0,-27.398611,26.614722,2014-10-16
6826,15363.0,-31.000833,26.353056,2014-10-16
6827,15347.0,-30.679722,26.7125,2014-10-16
6828,15572.0,-27.4,26.624722,2014-10-16
6829,14927.5,-24.99328,30.81444,2014-10-20
6830,15226.0,-33.818056,19.694722,2014-10-20
6831,15382.0,-32.502778,19.535833,2014-10-20
6832,15481.0,-25.127778,27.628889,2014-10-21
6833,15417.5,-25.20639,27.558,2014-10-21
6834,15368.0,-24.69514,27.40906,2014-10-21
6835,15600.5,-26.006389,29.253889,2014-10-21
6836,15048.0,-25.513889,31.224444,2014-10-21
6837,15428.5,-25.398889,31.610556,2014-10-21
6838,15496.0,-26.970278,27.211111,2014-10-21
6839,15445.5,-26.45,28.085833,2014-10-21
6840,15110.0,-34.075556,20.145556,2014-10-21
6841,15462.0,-32.595833,19.009444,2014-10-21
6842,15371.0,-28.338333,31.373611,2014-10-21
6843,15279.0,-28.068333,31.55,2014-10-21
6844,15641.0,-27.01011111,26.69808333,2014-10-22
6845,15118.0,-29.641944,30.6875,2014-10-22
6846,15579.5,-24.39619444,27.08983333,2014-10-22
6847,15278.5,-28.44555556,32.325,2014-12-16
6848,15483.5,-26.861111,28.884722,2014-10-22
6849,15535.0,-26.648056,27.089444,2014-10-22
6850,15658.0,-26.880278,26.965,2014-10-22
6851,15741.5,-26.98472222,26.63227778,2014-10-22
6852,15315.0,-34.250556,20.9925,2014-10-22
6853,15351.0,-25.57877778,29.12747222,2014-10-22
6854,15331.0,-25.436111,31.982222,2014-10-23
6855,15360.0,-25.681111,31.783333,2014-10-23
6856,15458.0,-25.362222,31.956667,2014-10-23
6857,15569.0,-28.75,30.442778,2014-10-23
6858,15251.0,-29.161667,30.629722,2014-10-23
6859,15287.0,-27.00222,28.76528,2014-10-23
6860,15443.0,-26.619444,27.980833,2014-10-23
6861,15587.0,-27.573056,24.746389,2014-10-23
6862,15421.0,-32.94583,18.33667,2014-10-23
6863,15354.0,-28.308889,31.9025,2014-10-23
6864,15664.0,-23.838611,31.640833,2014-10-24
6865,15440.0,-24.95861111,29.39527778,2014-10-24
6866,15817.0,-27.902778,24.615556,2014-10-24
6867,15774.0,-29.161667,23.696389,2014-10-27
6868,15423.0,-25.99136,27.84208,2014-10-27
6869,15067.5,-31.554722,29.245556,2014-10-27
6870,15857.0,-28.7115,24.07288889,2014-10-28
6871,15107.0,-34.065833,20.404167,2014-10-28
6872,15407.0,-22.91028,29.61111,2014-10-28
6873,15389.0,-26.970278,27.211111,2014-10-28
6874,15587.0,-26.880278,26.965,2014-10-28
6875,15228.0,-27.802778,28.768333,2014-10-28
6876,15499.0,-27.671111,27.236944,2014-10-28
6877,15553.0,-29.1825,23.575556,2014-10-28
6878,15197.0,-30.568333,29.422778,2014-10-28
6879,15202.5,-30.570833,29.150556,2014-10-28
6880,15161.5,-31.104278,29.399722,2014-10-28
6881,15285.0,-33.501667,21.624167,2014-10-28
6882,15616.5,-27.01011111,26.69808333,2014-10-29
6883,15404.0,-25.81048333,27.90955222,2014-10-29
6884,15435.5,-22.935,28.004167,2014-10-29
6885,15288.5,-24.282222,28.090278,2014-10-29
6886,15410.5,-24.670833,28.560833,2014-10-29
6887,15344.5,-25.73411,27.21422,2014-10-29
6888,15193.0,-26.905,32.324722,2014-10-29
6889,15382.0,-28.735556,29.820556,2014-10-29
6890,15342.5,-26.861111,28.884722,2014-10-29
6891,15426.5,-26.648056,27.089444,2014-10-29
6892,15337.0,-27.273889,28.49,2014-10-29
6893,15346.0,-27.3,28.586944,2014-10-29
6894,15727.5,-26.98472222,26.63227778,2014-10-29
6895,15531.0,-28.768056,20.720556,2014-10-29
6896,15272.5,-31.031389,28.883333,2014-10-29
6897,15399.5,-30.86013889,29.07125,2014-10-29
6898,15295.5,-30.77586667,29.03221667,2014-10-29
6899,14972.0,-34.405833,19.600556,2014-10-29
6900,15313.0,-33.13083,18.86278,2014-10-29
6901,15322.0,-33.7075,18.97444444,2014-10-29
6902,15243.5,-27.363611,31.783333,2014-10-30
6903,15290.5,-27.602222,29.942778,2014-10-30
6904,15262.5,-27.00222,28.76528,2014-10-30
6905,15401.5,-26.619444,27.980833,2014-10-30
6906,15375.0,-26.73806,27.59194,2014-10-30
6907,14901.0,-34.329722,18.990278,2014-10-30
6908,15138.5,-33.31388889,19.07472222,2014-10-30
6909,15186.5,-33.897778,20.012778,2014-10-30
6910,15253.0,-29.744167,29.905833,2014-10-31
6911,15340.0,-28.404444,30.013056,2014-11-02
6912,15253.0,-29.744167,29.905833,2014-11-03
6913,15266.0,-26.73806,27.59194,2014-11-03
6914,15221.0,-26.45,28.085833,2014-11-03
6915,15414.0,-27.671111,27.236944,2014-11-03
6916,15035.0,-30.733889,29.828333,2014-11-04
6917,15153.0,-29.380556,30.2775,2014-11-04
6918,15129.5,-27.169444,29.233889,2014-11-04
6919,15273.5,-26.861111,28.884722,2014-11-04
6920,15622.5,-26.98472222,26.63227778,2014-11-04
6921,15444.5,-28.141944,26.417778,2014-11-04
6922,15480.0,-27.398611,26.614722,2014-11-04
6923,15438.0,-29.160278,26.573333,2014-11-04
6924,15179.5,-28.69485,28.23487,2014-11-04
6925,15317.5,-28.883333,27.89,2014-11-04
6926,15037.5,-34.039722,22.133333,2014-11-04
6927,15460.0,-27.4,26.624722,2014-11-04
6928,15533.5,-27.01011111,26.69808333,2014-11-05
6929,15256.5,-25.73411,27.21422,2014-11-05
6930,15072.0,-30.398056,30.601944,2014-11-05
6931,15237.0,-27.00222,28.76528,2014-11-05
6932,15402.5,-27.02314,28.59389,2014-11-05
6933,15369.0,-26.648056,27.089444,2014-11-05
6934,15347.0,-26.970278,27.211111,2014-11-05
6935,15581.5,-26.880278,26.965,2014-11-05
6936,15257.5,-27.273889,28.49,2014-11-05
6937,15188.5,-27.4275,28.525833,2014-11-05
6938,15268.5,-27.3,28.586944,2014-11-05
6939,15378.0,-28.116667,26.725278,2014-11-05
6940,15324.5,-30.160091,27.40124,2014-11-05
6941,15373.5,-30.336111,27.359444,2014-11-05
6942,15336.0,-29.615556,27.065278,2014-11-05
6943,14959.0,-34.02861,22.22222,2014-11-05
6944,15461.5,-30.830556,26.921389,2014-11-06
6945,15300.0,-26.619444,27.980833,2014-11-06
6946,15819.0,-28.376944,24.303056,2014-11-06
6947,15334.0,-31.000833,26.353056,2014-11-06
6948,15379.5,-30.679722,26.7125,2014-11-06
6949,15732.5,-23.838611,31.640833,2014-11-07
6950,15643.5,-27.902778,24.615556,2014-11-07
6951,15471.5,-29.658056,25.973333,2014-11-07
6952,15281.0,-25.99136,27.84208,2014-11-10
6953,15365.0,-28.1175,26.719444,2014-11-10
6954,15414.0,-27.671111,27.236944,2014-11-10
6955,15328.5,-29.140556,31.391944,2014-11-11
6956,15527.0,-24.183889,30.823889,2014-11-11
6957,15205.0,-25.73411,27.21422,2014-11-11
6958,15162.0,-28.801278,31.955389,2014-11-11
6959,15266.0,-26.73806,27.59194,2014-11-11
6960,15091.0,-26.45,28.085833,2014-11-11
6961,15514.0,-26.98472222,26.63227778,2014-11-11
6962,15392.0,-27.935,26.126667,2014-11-11
6963,15413.0,-28.141944,26.417778,2014-11-11
6964,15433.0,-27.398611,26.614722,2014-11-11
6965,15244.0,-34.092222,21.295278,2014-11-11
6966,15314.0,-25.45963889,28.26430556,2014-11-11
6967,15424.0,-27.4,26.624722,2014-11-11
6968,15402.5,-27.01011111,26.69808333,2014-11-12
6969,15302.5,-25.81048333,27.90955222,2014-11-12
6970,15389.5,-24.670833,28.560833,2014-11-12
6971,15653.5,-22.769722,30.886944,2014-11-12
6972,15671.0,-24.058889,31.237222,2014-11-12
6973,15425.0,-28.747778,31.745833,2014-11-12
6974,15278.0,-27.937778,31.209444,2014-11-12
6975,15246.5,-29.744167,29.905833,2014-11-12
6976,15142.5,-27.169444,29.233889,2014-11-12
6977,15231.5,-26.861111,28.884722,2014-11-12
6978,15343.5,-26.648056,27.089444,2014-11-12
6979,15310.0,-26.970278,27.211111,2014-11-12
6980,15439.0,-26.880278,26.965,2014-11-12
6981,15177.5,-27.802778,28.768333,2014-11-12
6982,15428.5,-25.127778,27.628889,2014-11-13
6983,15355.0,-25.20639,27.558,2014-11-13
6984,15697.0,-23.658056,31.05,2014-11-13
6985,15952.0,-23.281,30.54305556,2014-11-13
6986,15143.5,-27.5275,30.858056,2014-11-13
6987,15237.0,-27.00222,28.76528,2014-11-13
6988,15257.5,-27.273889,28.49,2014-11-13
6989,15188.5,-27.4275,28.525833,2014-11-13
6990,15268.5,-27.3,28.586944,2014-11-13
6991,15469.0,-24.679167,30.8025,2014-11-14
6992,15468.0,-26.98472222,26.63227778,2014-11-14
6993,15134.0,-25.49037,30.6986,2014-11-17
6994,15310.0,-27.671111,27.236944,2014-11-17
6995,15560.0,-29.042222,24.6,2014-11-17
6996,15711.0,-29.033333,23.983333,2014-11-17
6997,15100.0,-25.447222,30.711667,2014-11-17
6998,15426.0,-25.127778,27.628889,2014-11-18
6999,15350.0,-25.20639,27.558,2014-11-18
7000,15438.0,-24.69514,27.40906,2014-11-18
7001,15107.0,-26.006389,29.253889,2014-11-18
7002,14993.5,-25.513889,31.224444,2014-11-18
7003,15441.0,-25.398889,31.610556,2014-11-18
7004,15306.0,-28.141944,26.417778,2014-11-18
7005,15249.0,-28.1175,26.719444,2014-11-18
7006,15570.0,-29.028629,24.638389,2014-11-18
7007,15390.0,-28.338333,31.373611,2014-11-18
7008,15505.0,-28.068333,31.55,2014-11-18
7009,15256.0,-29.641944,30.6875,2014-11-19
7010,15726.0,-24.39619444,27.08983333,2014-11-19
7011,15539.0,-25.681111,31.783333,2014-11-19
7012,15274.5,-28.44555556,32.325,2015-01-14
7013,15148.0,-29.161667,30.629722,2014-11-19
7014,15091.0,-26.45,28.085833,2014-11-19
7015,15520.0,-27.38972222,26.46388889,2014-11-19
7016,15355.0,-27.398611,26.614722,2014-11-19
7017,15168.0,-25.57877778,29.12747222,2014-11-19
7018,15363.0,-26.03611,30.99778,2014-11-20
7019,15609.0,-28.75,30.442778,2014-11-20
7020,15288.0,-26.861111,28.884722,2014-11-20
7021,15365.5,-27.671111,27.236944,2014-11-20
7022,15637.0,-28.376944,24.303056,2014-11-20
7023,15287.5,-29.160278,26.573333,2014-11-20
7024,15612.0,-28.308889,31.9025,2014-11-20
7025,15362.5,-24.9675,31.516667,2014-11-21
7026,15374.0,-28.058889,30.373611,2014-11-22
7027,15589.0,-23.23572222,27.717,2014-11-24
7028,15280.0,-25.99136,27.84208,2014-11-24
7029,15421.0,-27.671111,27.236944,2014-11-24
7030,15062.0,-31.554722,29.245556,2014-11-24
7031,15477.0,-33.818056,19.694722,2014-11-24
7032,15622.0,-32.502778,19.535833,2014-11-24
7033,15378.0,-27.01011111,26.69808333,2014-11-25
7034,15721.0,-31.860278,18.6875,2014-11-25
7035,15471.0,-22.91028,29.61111,2014-11-25
7036,15358.0,-26.970278,27.211111,2014-11-25
7037,15535.0,-26.880278,26.965,2014-11-25
7038,15363.0,-28.1175,26.719444,2014-11-25
7039,15207.0,-30.568333,29.422778,2014-11-25
7040,15174.0,-30.570833,29.150556,2014-11-25
7041,15093.0,-31.104278,29.399722,2014-11-25
7042,15424.0,-33.501667,21.624167,2014-11-25
7043,15273.0,-34.075556,20.145556,2014-11-25
7044,15565.0,-32.595833,19.009444,2014-11-25
7045,15288.0,-25.45963889,28.26430556,2014-11-25
7046,15302.0,-25.81048333,27.90955222,2014-11-26
7047,15213.0,-24.282222,28.090278,2014-11-26
7048,15311.0,-23.763056,27.908611,2014-11-26
7049,15212.0,-26.905,32.324722,2014-11-26
7050,15404.0,-27.602222,29.942778,2014-11-26
7051,15340.0,-27.00222,28.76528,2014-11-26
7052,15311.0,-26.73806,27.59194,2014-11-26
7053,15192.0,-26.45,28.085833,2014-11-26
7054,15576.0,-29.042222,24.6,2014-11-26
7055,15844.0,-29.033333,23.983333,2014-11-26
7056,15289.0,-31.031389,28.883333,2014-11-26
7057,15228.0,-30.86013889,29.07125,2014-11-26
7058,15162.0,-30.77586667,29.03221667,2014-11-26
7059,15343.0,-34.250556,20.9925,2014-11-26
7060,15192.0,-33.38056,19.30167,2014-11-26
7061,15239.0,-27.169444,29.233889,2014-11-27
7062,15330.0,-26.861111,28.884722,2014-11-27
7063,15570.0,-29.028629,24.638389,2014-11-27
7064,15528.0,-32.94583,18.33667,2014-11-27
7065,15807.0,-23.838611,31.640833,2014-11-28
7066,15207.0,-29.744167,29.905833,2014-11-28
7067,15389.5,-26.648056,27.089444,2014-11-28
7068,15306.0,-28.116667,26.725278,2014-11-28
7069,15539.0,-27.573056,24.746389,2014-11-28
7070,15207.0,-29.744167,29.905833,2014-12-01
7071,15043.0,-29.380556,30.2775,2014-12-01
7072,15321.0,-26.970278,27.211111,2014-12-01
7073,15287.5,-29.160278,26.573333,2014-12-01
7074,15363.0,-27.01011111,26.69808333,2014-12-02
7075,15388.0,-34.065833,20.404167,2014-12-02
7076,15431.0,-25.127778,27.628889,2014-12-02
7077,15569.0,-24.69514,27.40906,2014-12-02
7078,15126.0,-25.49037,30.6986,2014-12-02
7079,15246.0,-26.861111,28.884722,2014-12-02
7080,15364.0,-26.648056,27.089444,2014-12-02
7081,15351.0,-26.880278,26.965,2014-12-02
7082,15422.0,-26.98472222,26.63227778,2014-12-02
7083,15387.0,-27.671111,27.236944,2014-12-02
7084,15160.0,-28.69485,28.23487,2014-12-02
7085,15185.0,-29.615556,27.065278,2014-12-02
7086,15217.0,-28.883333,27.89,2014-12-02
7087,15546.0,-34.092222,21.295278,2014-12-02
7088,15438.0,-33.31388889,19.07472222,2014-12-02
7089,15558.0,-33.7075,18.97444444,2014-12-02
7090,15341.0,-25.20639,27.558,2014-12-03
7091,15165.0,-25.73411,27.21422,2014-12-03
7092,15192.0,-26.45,28.085833,2014-12-03
7093,15288.0,-27.273889,28.49,2014-12-03
7094,15263.0,-27.4275,28.525833,2014-12-03
7095,15318.0,-27.3,28.586944,2014-12-03
7096,15175.0,-30.160091,27.40124,2014-12-03
7097,15167.0,-30.336111,27.359444,2014-12-03
7098,15142.0,-34.039722,22.133333,2014-12-03
7099,15130.0,-34.02861,22.22222,2014-12-03
7100,15231.0,-34.405833,19.600556,2014-12-03
7101,15719.0,-33.13083,18.86278,2014-12-03
7102,15647.0,-33.464444,18.740556,2014-12-03
7103,15394.0,-30.830556,26.921389,2014-12-04
7104,15504.0,-25.362222,31.956667,2014-12-04
7105,15697.0,-27.902778,24.615556,2014-12-04
7106,15736.0,-28.376944,24.303056,2014-12-04
7107,15194.0,-29.160278,26.573333,2014-12-04
7108,15347.0,-30.679722,26.7125,2014-12-04
7109,15187.0,-34.329722,18.990278,2014-12-04
7110,15241.0,-29.803611,30.516111,2014-12-04
7111,15363.0,-33.897778,20.012778,2014-12-04
7112,15422.0,-26.98472222,26.63227778,2014-12-05
7113,15213.5,-25.99136,27.84208,2014-12-08
7114,15199.5,-26.45,28.085833,2014-12-08
7115,15434.0,-28.141944,26.417778,2014-12-08
7116,15661.5,-29.042222,24.6,2014-12-08
7117,15604.5,-29.028629,24.638389,2014-12-08
7118,15926.5,-29.033333,23.983333,2014-12-08
7119,15811.0,-28.460833,21.248889,2014-12-08
7120,15276.5,-30.86013889,29.07125,2014-12-08
7121,15215.0,-30.77586667,29.03221667,2014-12-08
7122,15511.5,-29.140556,31.391944,2014-12-09
7123,15501.0,-24.183889,30.823889,2014-12-09
7124,15517.0,-24.69514,27.40906,2014-12-09
7125,15174.0,-25.73411,27.21422,2014-12-09
7126,15619.5,-28.747778,31.745833,2014-12-09
7127,15339.0,-28.801278,31.955389,2014-12-09
7128,15348.0,-26.861111,28.884722,2014-12-09
7129,15306.0,-28.1175,26.719444,2014-12-09
7130,15349.0,-27.398611,26.614722,2014-12-09
7131,15251.0,-30.568333,29.422778,2014-12-09
7132,15188.0,-30.570833,29.150556,2014-12-09
7133,15192.0,-31.554722,29.245556,2014-12-09
7134,15230.0,-25.45963889,28.26430556,2014-12-09
7135,15344.5,-27.4,26.624722,2014-12-09
7136,15378.0,-27.01011111,26.69808333,2014-12-10
7137,15329.0,-25.81048333,27.90955222,2014-12-10
7138,15423.0,-29.641944,30.6875,2014-12-10
7139,15353.0,-24.670833,28.560833,2014-12-10
7140,15479.0,-28.404444,30.013056,2014-12-10
7141,15358.0,-26.648056,27.089444,2014-12-10
7142,15343.0,-26.970278,27.211111,2014-12-10
7143,15422.0,-26.880278,26.965,2014-12-10
7144,15523.0,-26.98472222,26.63227778,2014-12-10
7145,15485.0,-27.671111,27.236944,2014-12-10
7146,15314.0,-28.058889,30.373611,2014-12-10
7147,15806.5,-23.658056,31.05,2014-12-11
7148,15575.0,-23.281,30.54305556,2014-12-11
7149,15168.0,-27.5275,30.858056,2014-12-11
7150,15282.0,-27.38972222,26.46388889,2014-12-11
7151,15343.0,-27.398611,26.614722,2014-12-11
7152,15346.0,-27.4,26.624722,2014-12-11
7153,15464.0,-24.679167,30.8025,2014-12-12
7154,15174.0,-29.744167,29.905833,2014-12-12
7155,15300.5,-26.73806,27.59194,2014-12-15
7156,15471.0,-27.671111,27.236944,2014-12-15
7157,15340.0,-25.127778,27.628889,2014-12-16
7158,15159.0,-28.44555556,32.325,2015-02-18
7159,15322.0,-26.970278,27.211111,2014-12-16
7160,15411.0,-27.01011111,26.69808333,2014-12-17
7161,15133.5,-27.602222,29.942778,2014-12-17
7162,15518.0,-28.75,30.442778,2014-12-17
7163,15185.0,-29.161667,30.629722,2014-12-17
7164,15386.0,-26.648056,27.089444,2014-12-17
7165,15425.5,-26.880278,26.965,2014-12-17
7166,15115.0,-26.45,28.085833,2014-12-17
7167,15461.5,-26.98472222,26.63227778,2014-12-17
7168,15467.0,-33.501667,21.624167,2014-12-17
7169,15550.0,-29.641944,30.6875,2014-12-18
7170,15122.0,-26.905,32.324722,2014-12-18
7171,15173.0,-27.169444,29.233889,2014-12-18
7172,15450.0,-26.861111,28.884722,2014-12-18
7173,15312.0,-27.00222,28.76528,2014-12-18
7174,15783.0,-28.376944,24.303056,2014-12-18
7175,15605.0,-34.250556,20.9925,2014-12-18
7176,15651.5,-27.902778,24.615556,2014-12-19
7177,15482.5,-22.43772222,31.07805556,2014-12-21
7178,15162.5,-24.282222,28.090278,2014-12-22
7179,15224.0,-30.733889,29.828333,2014-12-22
7180,15322.0,-26.970278,27.211111,2014-12-22
7181,15315.5,-26.880278,26.965,2014-12-22
7182,15115.0,-26.45,28.085833,2014-12-22
7183,15481.0,-27.01011111,26.69808333,2014-12-23
7184,15265.0,-25.81048333,27.90955222,2014-12-23
7185,15723.0,-22.225556,29.990556,2014-12-23
7186,15357.0,-22.91028,29.61111,2014-12-23
7187,15470.0,-26.861111,28.884722,2014-12-23
7188,15323.0,-27.00222,28.76528,2014-12-23
7189,15497.0,-26.98472222,26.63227778,2014-12-23
7190,15162.5,-29.744167,29.905833,2014-12-24
7191,16069.5,-29.161667,23.696389,2014-12-31
7192,15784.5,-28.376944,24.303056,2015-01-01
7193,15686.0,-27.902778,24.615556,2015-01-02
7194,15218.5,-25.99136,27.84208,2015-01-05
7195,15004.5,-29.987778,29.851667,2015-01-05
7196,15215.0,-29.744167,29.905833,2015-01-05
7197,15241.5,-26.970278,27.211111,2015-01-05
7198,15342.0,-28.1175,26.719444,2015-01-05
7199,15431.5,-27.671111,27.236944,2015-01-05
7200,15642.0,-29.140556,31.391944,2015-01-06
7201,15182.5,-25.73411,27.21422,2015-01-06
7202,15203.5,-30.733889,29.828333,2015-01-06
7203,15484.5,-27.935,26.126667,2015-01-06
7204,15475.0,-28.141944,26.417778,2015-01-06
7205,15529.5,-27.398611,26.614722,2015-01-06
7206,15568.5,-29.160278,26.573333,2015-01-06
7207,15183.5,-28.69485,28.23487,2015-01-06
7208,15269.5,-28.883333,27.89,2015-01-06
7209,15549.0,-27.01011111,26.69808333,2015-01-07
7210,15265.0,-25.81048333,27.90955222,2015-01-07
7211,15602.0,-28.747778,31.745833,2015-01-07
7212,15202.0,-28.801278,31.955389,2015-01-07
7213,15424.5,-28.404444,30.013056,2015-01-07
7214,15295.0,-26.648056,27.089444,2015-01-07
7215,15319.0,-26.880278,26.965,2015-01-07
7216,15562.5,-26.98472222,26.63227778,2015-01-07
7217,15342.0,-28.116667,26.725278,2015-01-07
7218,15308.0,-30.160091,27.40124,2015-01-07
7219,15277.0,-30.336111,27.359444,2015-01-07
7220,15411.5,-29.615556,27.065278,2015-01-07
7221,15465.0,-30.830556,26.921389,2015-01-08
7222,15341.5,-31.000833,26.353056,2015-01-08
7223,15407.0,-30.679722,26.7125,2015-01-08
7224,15392.0,-23.838611,31.640833,2015-01-09
7225,15163.5,-27.5275,30.858056,2015-01-09
7226,15215.0,-29.744167,29.905833,2015-01-09
7227,15246.0,-30.398056,30.601944,2015-01-09
7228,15562.5,-26.98472222,26.63227778,2015-01-09
7229,15574.0,-27.573056,24.746389,2015-01-09
7230,15586.0,-29.658056,25.973333,2015-01-09
7231,15129.0,-29.803611,30.516111,2015-01-09
7232,15212.5,-28.735556,29.820556,2015-01-12
7233,15180.5,-26.970278,27.211111,2015-01-12
7234,15276.0,-26.73806,27.59194,2015-01-12
7235,15360.5,-25.127778,27.628889,2015-01-13
7236,15250.5,-25.20639,27.558,2015-01-13
7237,15479.5,-24.69514,27.40906,2015-01-13
7238,15521.0,-28.141944,26.417778,2015-01-13
7239,15378.0,-28.1175,26.719444,2015-01-13
7240,15378.0,-28.116667,26.725278,2015-01-13
7241,15307.0,-30.568333,29.422778,2015-01-13
7242,15142.0,-30.570833,29.150556,2015-01-13
7243,15441.0,-28.338333,31.373611,2015-01-13
7244,15487.5,-28.068333,31.55,2015-01-13
7245,15549.0,-27.01011111,26.69808333,2015-01-14
7246,15364.0,-29.641944,30.6875,2015-01-14
7247,15400.0,-24.39619444,27.08983333,2015-01-14
7248,15241.5,-25.73411,27.21422,2015-01-14
7249,15012.5,-28.44555556,32.325,2015-04-09
7250,15254.0,-27.602222,29.942778,2015-01-14
7251,15529.5,-28.75,30.442778,2015-01-14
7252,15237.0,-29.161667,30.629722,2015-01-14
7253,15201.0,-26.648056,27.089444,2015-01-14
7254,15182.5,-26.45,28.085833,2015-01-14
7255,15516.0,-27.38972222,26.46388889,2015-01-14
7256,15562.5,-26.98472222,26.63227778,2015-01-14
7257,15529.5,-27.398611,26.614722,2015-01-14
7258,15443.0,-31.104278,29.399722,2015-01-14
7259,15343.5,-31.396,29.2651,2015-01-14
7260,15295.0,-31.554722,29.245556,2015-01-14
7261,15163.5,-27.169444,29.233889,2015-01-15
7262,15545.5,-27.02314,28.59389,2015-01-15
7263,15529.5,-27.398611,26.614722,2015-01-15
7264,15578.0,-27.573056,24.746389,2015-01-15
7265,15816.5,-28.376944,24.303056,2015-01-15
7266,15283.5,-31.031389,28.883333,2015-01-15
7267,15370.5,-30.86013889,29.07125,2015-01-15
7268,15225.5,-30.77586667,29.03221667,2015-01-15
7269,15249.0,-26.619444,27.980833,2015-01-16
7270,15369.0,-27.671111,27.236944,2015-01-16
7271,15645.0,-27.902778,24.615556,2015-01-16
7272,15659.0,-28.747778,31.745833,2015-01-17
7273,15188.0,-25.99136,27.84208,2015-01-19
7274,15179.0,-26.970278,27.211111,2015-01-19
7275,15984.0,-29.028629,24.638389,2015-01-19
7276,15963.0,-29.033333,23.983333,2015-01-19
7277,15502.0,-33.818056,19.694722,2015-01-19
7278,15490.5,-27.01011111,26.69808333,2015-01-20
7279,15645.5,-22.225556,29.990556,2015-01-20
7280,15506.0,-26.98472222,26.63227778,2015-01-20
7281,15484.5,-27.935,26.126667,2015-01-20
7282,15412.5,-28.1175,26.719444,2015-01-20
7283,15421.0,-34.075556,20.145556,2015-01-20
7284,15713.5,-32.502778,19.535833,2015-01-20
7285,15932.0,-29.161667,23.696389,2015-01-21
7286,15291.5,-25.81048333,27.90955222,2015-01-21
7287,15364.0,-29.641944,30.6875,2015-01-21
7288,15241.5,-25.73411,27.21422,2015-01-21
7289,15201.0,-26.648056,27.089444,2015-01-21
7290,15622.5,-29.160278,26.573333,2015-01-21
7291,15954.5,-29.033333,23.983333,2015-01-21
7292,15235.0,-26.03611,30.99778,2015-01-22
7293,15252.0,-27.363611,31.783333,2015-01-22
7294,15366.0,-26.905,32.324722,2015-01-22
7295,15412.5,-28.116667,26.725278,2015-01-22
7296,15443.5,-23.838611,31.640833,2015-01-23
7297,15301.0,-29.744167,29.905833,2015-01-23
7298,15701.0,-28.96362,19.15486,2015-01-24
7299,15285.0,-26.73806,27.59194,2015-01-26
7300,15232.0,-26.45,28.085833,2015-01-26
7301,15453.0,-34.065833,20.404167,2015-01-27
7302,15403.0,-25.127778,27.628889,2015-01-27
7303,15271.0,-25.20639,27.558,2015-01-27
7304,15465.0,-24.39619444,27.08983333,2015-01-27
7305,15404.0,-24.69514,27.40906,2015-01-27
7306,15128.0,-27.169444,29.233889,2015-01-27
7307,15470.0,-26.861111,28.884722,2015-01-27
7308,15179.0,-26.970278,27.211111,2015-01-27
7309,15318.0,-26.880278,26.965,2015-01-27
7310,15474.0,-33.501667,21.624167,2015-01-27
7311,15663.0,-32.595833,19.009444,2015-01-27
7312,15885.5,-29.161667,23.696389,2015-01-28
7313,15825.5,-28.7115,24.07288889,2015-01-28
7314,15458.0,-27.01011111,26.69808333,2015-01-28
7315,15214.0,-24.282222,28.090278,2015-01-28
7316,15197.5,-23.763056,27.908611,2015-01-28
7317,15575.0,-23.658056,31.05,2015-01-28
7318,15362.0,-23.281,30.54305556,2015-01-28
7319,15356.5,-27.937778,31.209444,2015-01-28
7320,15421.5,-28.404444,30.013056,2015-01-28
7321,15245.0,-26.648056,27.089444,2015-01-28
7322,15297.5,-27.273889,28.49,2015-01-28
7323,15365.0,-27.4275,28.525833,2015-01-28
7324,15288.0,-27.3,28.586944,2015-01-28
7325,15498.0,-26.98472222,26.63227778,2015-01-28
7326,15304.5,-34.405833,19.600556,2015-01-28
7327,15340.5,-28.068333,31.55,2015-01-28
7328,15373.5,-28.058889,30.373611,2015-01-28
7329,15506.5,-22.935,28.004167,2015-01-29
7330,15594.5,-22.225556,29.990556,2015-01-29
7331,15163.5,-24.670833,28.560833,2015-01-29
7332,15083.0,-27.5275,30.858056,2015-01-29
7333,15748.0,-28.376944,24.303056,2015-01-29
7334,15198.5,-34.329722,18.990278,2015-01-29
7335,15238.5,-33.38056,19.30167,2015-01-29
7336,15578.0,-27.573056,24.746389,2015-01-30
7337,15717.5,-27.902778,24.615556,2015-01-30
7338,15240.0,-25.99136,27.84208,2015-02-02
7339,15148.0,-29.7775,29.470833,2015-02-02
7340,15323.0,-29.744167,29.905833,2015-02-02
7341,15344.0,-26.970278,27.211111,2015-02-02
7342,15534.0,-28.116667,26.725278,2015-02-02
7343,15530.0,-27.671111,27.236944,2015-02-02
7344,15465.0,-33.818056,19.694722,2015-02-02
7345,15338.0,-29.140556,31.391944,2015-02-03
7346,15287.0,-25.73411,27.21422,2015-02-03
7347,15224.0,-28.801278,31.955389,2015-02-03
7348,15050.0,-29.987778,29.851667,2015-02-03
7349,15471.0,-26.98472222,26.63227778,2015-02-03
7350,15663.0,-27.398611,26.614722,2015-02-03
7351,15346.0,-33.31388889,19.07472222,2015-02-03
7352,15386.0,-25.45963889,28.26430556,2015-02-03
7353,15618.0,-27.4,26.624722,2015-02-03
7354,15401.0,-27.01011111,26.69808333,2015-02-04
7355,15233.0,-25.81048333,27.90955222,2015-02-04
7356,15158.0,-29.641944,30.6875,2015-02-04
7357,15642.0,-28.747778,31.745833,2015-02-04
7358,15283.0,-26.648056,27.089444,2015-02-04
7359,15530.0,-27.671111,27.236944,2015-02-04
7360,15617.0,-28.768056,20.720556,2015-02-04
7361,15432.0,-32.94583,18.33667,2015-02-04
7362,15155.5,-30.13573889,30.67422222,2015-02-05
7363,15657.0,-29.160278,26.573333,2015-02-05
7364,15617.0,-33.13083,18.86278,2015-02-05
7365,15233.0,-29.744167,29.905833,2015-02-06
7366,15049.5,-29.380556,30.2775,2015-02-06
7367,15169.5,-29.803611,30.516111,2015-02-06
7368,15525.0,-23.838611,31.640833,2015-02-09
7369,15099.0,-25.49037,30.6986,2015-02-09
7370,15117.0,-25.513889,31.224444,2015-02-09
7371,15226.0,-28.735556,29.820556,2015-02-09
7372,15344.0,-26.970278,27.211111,2015-02-09
7373,15284.0,-26.45,28.085833,2015-02-09
7374,15007.0,-25.447222,30.711667,2015-02-09
7375,15649.0,-28.760833,17.730278,2015-02-10
7376,15401.0,-27.01011111,26.69808333,2015-02-10
7377,15141.0,-25.436111,31.982222,2015-02-10
7378,15299.0,-25.20639,27.558,2015-02-10
7379,15405.0,-24.69514,27.40906,2015-02-10
7380,15473.0,-23.281,30.54305556,2015-02-10
7381,15249.0,-25.681111,31.783333,2015-02-10
7382,15206.0,-25.398889,31.610556,2015-02-10
7383,14907.0,-24.99328,30.81444,2015-02-10
7384,15358.0,-27.602222,29.942778,2015-02-10
7385,15444.0,-26.861111,28.884722,2015-02-10
7386,15332.0,-26.648056,27.089444,2015-02-10
7387,15471.0,-26.98472222,26.63227778,2015-02-10
7388,15579.0,-28.141944,26.417778,2015-02-10
7389,15534.0,-28.1175,26.719444,2015-02-10
7390,15534.0,-28.116667,26.725278,2015-02-10
7391,15695.0,-29.1825,23.575556,2015-02-10
7392,15176.0,-31.396,29.2651,2015-02-10
7393,15149.0,-31.554722,29.245556,2015-02-10
7394,15055.0,-34.039722,22.133333,2015-02-10
7395,15868.0,-29.161667,23.696389,2015-02-11
7396,15154.0,-24.670833,28.560833,2015-02-11
7397,15590.0,-24.39619444,27.08983333,2015-02-11
7398,15446.0,-24.058889,31.237222,2015-02-11
7399,15124.0,-25.362222,31.956667,2015-02-11
7400,15534.0,-25.14944444,31.94055556,2015-02-11
7401,15389.0,-28.75,30.442778,2015-02-11
7402,15127.0,-29.161667,30.629722,2015-02-11
7403,15472.0,-27.38972222,26.46388889,2015-02-11
7404,15663.0,-27.398611,26.614722,2015-02-11
7405,15156.0,-31.104278,29.399722,2015-02-11
7406,15133.0,-30.77586667,29.03221667,2015-02-11
7407,15170.0,-34.005833,22.351111,2015-02-11
7408,15624.0,-23.658056,31.05,2015-02-12
7409,15530.0,-27.671111,27.236944,2015-02-12
7410,15785.0,-28.376944,24.303056,2015-02-12
7411,15155.0,-30.568333,29.422778,2015-02-12
7412,15269.0,-31.031389,28.883333,2015-02-12
7413,15283.0,-30.86013889,29.07125,2015-02-12
7414,15048.0,-30.570833,29.150556,2015-02-12
7415,15343.0,-28.338333,31.373611,2015-02-12
7416,15093.0,-24.679167,30.8025,2015-02-13
7417,15516.5,-22.769722,30.886944,2015-02-13
7418,15396.5,-24.768889,31.39,2015-02-13
7419,15246.0,-24.9675,31.516667,2015-02-13
7420,15438.0,-27.573056,24.746389,2015-02-13
7421,15636.5,-27.902778,24.615556,2015-02-13
7422,15620.0,-28.96362,19.15486,2015-02-14
7423,15259.0,-25.99136,27.84208,2015-02-16
7424,15336.5,-26.970278,27.211111,2015-02-16
7425,15313.0,-26.73806,27.59194,2015-02-16
7426,15258.5,-26.45,28.085833,2015-02-16
7427,15470.0,-27.671111,27.236944,2015-02-16
7428,15503.0,-32.502778,19.535833,2015-02-16
7429,15350.0,-27.01011111,26.69808333,2015-02-17
7430,15130.0,-27.169444,29.233889,2015-02-17
7431,15433.0,-26.861111,28.884722,2015-02-17
7432,15445.0,-27.02314,28.59389,2015-02-17
7433,15397.0,-26.98472222,26.63227778,2015-02-17
7434,15608.0,-29.160278,26.573333,2015-02-17
7435,15198.0,-28.69485,28.23487,2015-02-17
7436,15302.0,-28.883333,27.89,2015-02-17
7437,15731.0,-31.436944,20.474722,2015-02-17
7438,15261.0,-34.075556,20.145556,2015-02-17
7439,15555.0,-32.595833,19.009444,2015-02-17
7440,15319.0,-25.45963889,28.26430556,2015-02-17
7441,15330.0,-28.068333,31.55,2015-02-17
7442,15866.0,-29.161667,23.696389,2015-02-18
7443,15219.0,-25.81048333,27.90955222,2015-02-18
7444,15568.0,-22.225556,29.990556,2015-02-18
7445,15108.0,-29.641944,30.6875,2015-02-18
7446,15269.0,-25.73411,27.21422,2015-02-18
7447,14929.0,-28.44555556,32.325,2015-05-07
7448,15332.0,-26.648056,27.089444,2015-02-18
7449,15265.0,-26.880278,26.965,2015-02-18
7450,15243.0,-28.116667,26.725278,2015-02-18
7451,15807.0,-29.033333,23.983333,2015-02-18
7452,15226.0,-30.160091,27.40124,2015-02-18
7453,15252.0,-30.336111,27.359444,2015-02-18
7454,15427.0,-29.615556,27.065278,2015-02-18
7455,15185.0,-25.57877778,29.12747222,2015-02-18
7456,15264.0,-30.830556,26.921389,2015-02-19
7457,15391.0,-28.141944,26.417778,2015-02-19
7458,15273.0,-31.000833,26.353056,2015-02-19
7459,15224.0,-30.679722,26.7125,2015-02-19
7460,15386.0,-34.250556,20.9925,2015-02-19
7461,15305.0,-33.31388889,19.07472222,2015-02-19
7462,15584.0,-28.308889,31.9025,2015-02-19
7463,15406.0,-22.43772222,31.07805556,2015-02-20
7464,15137.0,-29.744167,29.905833,2015-02-20
7465,15555.0,-29.658056,25.973333,2015-02-20
7466,15050.5,-29.7775,29.470833,2015-02-23
7467,15011.5,-29.987778,29.851667,2015-02-23
7468,15123.5,-29.744167,29.905833,2015-02-23
7469,15178.0,-26.45,28.085833,2015-02-23
7470,15403.5,-29.042222,24.6,2015-02-23
7471,15672.5,-29.033333,23.983333,2015-02-23
7472,15204.5,-34.031944,22.053333,2015-02-23
7473,15126.0,-33.38056,19.30167,2015-02-23
7474,15258.0,-30.733889,29.828333,2015-02-24
7475,15410.0,-26.861111,28.884722,2015-02-24
7476,15219.0,-27.00222,28.76528,2015-02-24
7477,15253.0,-26.970278,27.211111,2015-02-24
7478,15147.5,-26.619444,27.980833,2015-02-24
7479,15519.0,-29.028629,24.638389,2015-02-24
7480,15586.0,-33.13083,18.86278,2015-02-24
7481,15589.0,-29.161667,23.696389,2015-02-25
7482,15142.0,-27.01011111,26.69808333,2015-02-25
7483,15376.0,-23.23572222,27.717,2015-02-25
7484,15425.0,-22.548889,28.898056,2015-02-25
7485,15309.0,-22.91028,29.61111,2015-02-25
7486,15296.0,-27.937778,31.209444,2015-02-25
7487,15241.0,-26.905,32.324722,2015-02-25
7488,15341.0,-28.404444,30.013056,2015-02-25
7489,15202.0,-30.398056,30.601944,2015-02-25
7490,15181.0,-26.648056,27.089444,2015-02-25
7491,15251.0,-26.98472222,26.63227778,2015-02-25
7492,15120.0,-34.405833,19.600556,2015-02-25
7493,15368.0,-32.94583,18.33667,2015-02-25
7494,15197.0,-24.282222,28.090278,2015-02-26
7495,15061.0,-23.763056,27.908611,2015-02-26
7496,15333.0,-25.127778,27.628889,2015-02-26
7497,15235.0,-25.20639,27.558,2015-02-26
7498,15194.0,-25.73411,27.21422,2015-02-26
7499,15135.0,-27.5275,30.858056,2015-02-26
7500,15186.0,-27.363611,31.783333,2015-02-26
7501,15168.0,-30.13573889,30.67422222,2015-02-26
7502,15552.0,-28.376944,24.303056,2015-02-26
7503,15029.0,-34.329722,18.990278,2015-02-26
7504,15349.0,-24.69514,27.40906,2015-02-27
7505,15344.0,-27.573056,24.746389,2015-02-27
7506,15512.0,-27.902778,24.615556,2015-02-27
7507,15242.0,-28.058889,30.373611,2015-02-27
7508,15138.0,-29.803611,30.516111,2015-02-27
7509,15260.0,-29.140556,31.391944,2015-03-03
7510,15192.5,-26.03611,30.99778,2015-03-03
7511,15153.0,-28.801278,31.955389,2015-03-03
7512,15162.5,-26.970278,27.211111,2015-03-03
7513,15221.0,-27.671111,27.236944,2015-03-03
7514,15179.0,-34.031944,22.053333,2015-03-03
7515,15033.5,-34.039722,22.133333,2015-03-03
7516,15317.0,-25.45963889,28.26430556,2015-03-03
7517,15155.5,-27.01011111,26.69808333,2015-03-04
7518,15229.0,-25.81048333,27.90955222,2015-03-04
7519,15194.5,-29.641944,30.6875,2015-03-04
7520,15515.0,-28.747778,31.745833,2015-03-04
7521,15196.5,-26.648056,27.089444,2015-03-04
7522,15075.5,-26.880278,26.965,2015-03-04
7523,15268.0,-26.98472222,26.63227778,2015-03-04
7524,15288.5,-27.398611,26.614722,2015-03-04
7525,15221.0,-27.671111,27.236944,2015-03-04
7526,15008.0,-34.02861,22.22222,2015-03-04
7527,15257.0,-27.4,26.624722,2015-03-04
7528,15005.0,-29.380556,30.2775,2015-03-05
7529,15143.0,-26.73806,27.59194,2015-03-05
7530,15123.0,-26.45,28.085833,2015-03-05
7531,15098.0,-34.005833,22.351111,2015-03-05
7532,15056.0,-29.744167,29.905833,2015-03-06
7533,15090.0,-27.00222,28.76528,2015-03-06
7534,15120.0,-27.02314,28.59389,2015-03-06
7535,15394.0,-34.250556,20.9925,2011-02-17
7536,15420.0,-22.43772222,31.07805556,2015-03-09
7537,14855.0,-24.99328,30.81444,2015-03-09
7538,15035.0,-28.735556,29.820556,2015-03-09
7539,15121.0,-26.970278,27.211111,2015-03-09
7540,15024.5,-26.880278,26.965,2015-03-09
7541,15170.0,-26.510278,28.351389,2015-03-09
7542,15118.0,-26.73806,27.59194,2015-03-09
7543,15108.0,-26.45,28.085833,2015-03-09
7544,15217.0,-26.98472222,26.63227778,2015-03-09
7545,15325.0,-29.160278,26.573333,2015-03-09
7546,15133.0,-27.01011111,26.69808333,2015-03-10
7547,15284.5,-25.20639,27.558,2015-03-10
7548,15192.5,-26.861111,28.884722,2015-03-10
7549,15147.0,-26.648056,27.089444,2015-03-10
7550,14986.0,-27.802778,28.768333,2015-03-10
7551,15217.0,-26.98472222,26.63227778,2015-03-10
7552,15064.5,-28.141944,26.417778,2015-03-10
7553,14584.0,-34.250556,20.9925,2013-08-21
7554,15081.0,-28.1175,26.719444,2015-03-10
7555,14980.0,-28.69485,28.23487,2015-03-10
7556,15009.5,-29.615556,27.065278,2015-03-10
7557,15010.5,-28.883333,27.89,2015-03-10
7558,14965.0,-34.250556,20.9925,2014-04-15
7559,14585.5,-34.250556,20.9925,2014-05-20
7560,14401.0,-34.250556,20.9925,2014-06-19
7561,14386.5,-34.250556,20.9925,2014-07-15
7562,15020.0,-34.250556,20.9925,2014-09-25
7563,15086.0,-31.396,29.2651,2015-03-10
7564,15202.5,-31.554722,29.245556,2015-03-10
7565,15276.0,-28.338333,31.373611,2015-03-10
7566,15333.0,-28.068333,31.55,2015-03-10
7567,15534.0,-29.161667,23.696389,2015-03-11
7568,15190.5,-24.282222,28.090278,2015-03-11
7569,15353.0,-22.769722,30.886944,2015-03-11
7570,15098.5,-28.44555556,32.325,2015-03-11
7571,15089.0,-27.00222,28.76528,2015-03-11
7572,15111.5,-27.02314,28.59389,2015-03-11
7573,15059.5,-27.273889,28.49,2015-03-11
7574,15028.5,-27.4275,28.525833,2015-03-11
7575,15013.0,-27.3,28.586944,2015-03-11
7576,15064.5,-28.141944,26.417778,2015-03-11
7577,15081.0,-28.1175,26.719444,2015-03-11
7578,15081.0,-28.116667,26.725278,2015-03-11
7579,15159.0,-27.671111,27.236944,2015-03-11
7580,15393.5,-34.092222,21.295278,2011-11-29
7581,14759.0,-34.092222,21.295278,2012-04-18
7582,15020.5,-30.160091,27.40124,2015-03-11
7583,14448.5,-34.092222,21.295278,2012-06-12
7584,15054.0,-30.336111,27.359444,2015-03-11
7585,14974.0,-30.568333,29.422778,2015-03-11
7586,14952.0,-30.570833,29.150556,2015-03-11
7587,15103.0,-31.104278,29.399722,2015-03-11
7588,15163.0,-30.830556,26.921389,2015-03-12
7589,15126.5,-24.670833,28.560833,2015-03-12
7590,15368.5,-28.75,30.442778,2015-03-12
7591,15050.0,-29.161667,30.629722,2015-03-12
7592,15104.5,-26.619444,27.980833,2015-03-12
7593,15210.5,-34.092222,21.295278,2013-11-05
7594,15206.0,-27.38972222,26.46388889,2015-03-12
7595,15402.0,-34.092222,21.295278,2014-01-07
7596,15081.0,-28.1175,26.719444,2015-03-12
7597,15237.5,-27.398611,26.614722,2015-03-12
7598,15325.0,-29.160278,26.573333,2015-03-12
7599,15141.5,-31.000833,26.353056,2015-03-12
7600,15163.0,-30.679722,26.7125,2015-03-12
7601,15176.5,-31.031389,28.883333,2015-03-12
7602,15141.5,-30.86013889,29.07125,2015-03-12
7603,15092.0,-30.77586667,29.03221667,2015-03-12
7604,15251.0,-34.250556,20.9925,2015-03-12
7605,15329.0,-28.308889,31.9025,2015-03-12
7606,15236.5,-27.4,26.624722,2015-03-12
7607,15030.0,-28.116667,26.725278,2015-03-13
7608,15293.0,-27.573056,24.746389,2015-03-13
7609,15364.0,-27.902778,24.615556,2015-03-13
7610,14898.0,-29.987778,29.851667,2015-03-14
7611,15144.0,-25.99136,27.84208,2015-03-16
7612,15123.0,-26.45,28.085833,2015-03-16
7613,15322.0,-32.502778,19.535833,2015-03-16
7614,15583.5,-22.225556,29.990556,2015-03-17
7615,15289.0,-24.183889,30.823889,2015-03-17
7616,15149.5,-26.861111,28.884722,2015-03-17
7617,14978.0,-27.802778,28.768333,2015-03-17
7618,15092.0,-34.075556,20.145556,2015-03-17
7619,15344.0,-32.595833,19.009444,2015-03-17
7620,15255.0,-25.45963889,28.26430556,2015-03-17
7621,15071.0,-25.81048333,27.90955222,2015-03-18
7622,15231.5,-29.641944,30.6875,2015-03-18
7623,15177.5,-26.905,32.324722,2015-03-18
7624,15039.0,-29.758889,30.935278,2015-03-18
7625,15089.0,-27.00222,28.76528,2015-03-18
7626,15104.5,-26.619444,27.980833,2015-03-18
7627,15348.5,-33.13083,18.86278,2015-03-18
7628,15078.5,-27.01011111,26.69808333,2015-03-19
7629,15486.0,-23.658056,31.05,2015-03-19
7630,15388.0,-24.058889,31.237222,2015-03-19
7631,15138.5,-27.363611,31.783333,2015-03-19
7632,15080.5,-26.648056,27.089444,2015-03-19
7633,15040.0,-26.970278,27.211111,2015-03-19
7634,14993.5,-26.880278,26.965,2015-03-19
7635,14997.5,-27.4275,28.525833,2015-03-19
7636,15177.0,-26.98472222,26.63227778,2015-03-19
7637,15128.5,-24.679167,30.8025,2015-03-20
7638,14986.0,-29.744167,29.905833,2015-03-20
7639,15375.0,-28.96362,19.15486,2015-03-21
7640,14957.0,-25.49037,30.6986,2015-03-23
7641,14927.0,-29.744167,29.905833,2015-03-23
7642,14986.0,-26.970278,27.211111,2015-03-23
7643,14967.0,-29.042222,24.6,2015-03-23
7644,15035.0,-29.033333,23.983333,2015-03-23
7645,15157.0,-33.501667,21.624167,2015-03-23
7646,15023.0,-33.38056,19.30167,2015-03-23
7647,15033.0,-27.01011111,26.69808333,2015-03-24
7648,15329.0,-22.935,28.004167,2015-03-24
7649,15101.0,-34.065833,20.404167,2015-03-24
7650,15173.0,-23.763056,27.908611,2015-03-24
7651,15506.0,-23.23572222,27.717,2015-03-24
7652,15351.0,-25.127778,27.628889,2015-03-24
7653,15334.0,-25.20639,27.558,2015-03-24
7654,15370.0,-24.69514,27.40906,2015-03-24
7655,15302.0,-25.681111,31.783333,2015-03-24
7656,15156.0,-25.67386,31.57527,2015-03-24
7657,15164.0,-30.733889,29.828333,2015-03-24
7658,14851.0,-29.987778,29.851667,2015-03-24
7659,14980.0,-26.648056,27.089444,2015-03-24
7660,14990.0,-26.880278,26.965,2015-03-24
7661,15012.0,-26.73806,27.59194,2015-03-24
7662,15075.0,-26.45,28.085833,2015-03-24
7663,15003.0,-27.273889,28.49,2015-03-24
7664,15019.0,-27.3,28.586944,2015-03-24
7665,15171.0,-26.98472222,26.63227778,2015-03-24
7666,15001.0,-29.028629,24.638389,2015-03-24
7667,15144.0,-33.31388889,19.07472222,2015-03-24
7668,15390.5,-22.225556,29.990556,2015-03-25
7669,15125.5,-25.436111,31.982222,2015-03-25
7670,15201.5,-22.548889,28.898056,2015-03-25
7671,15206.0,-22.91028,29.61111,2015-03-25
7672,15189.0,-25.362222,31.956667,2015-03-25
7673,15479.5,-25.14944444,31.94055556,2015-03-25
7674,15114.5,-28.404444,30.013056,2015-03-25
7675,15042.0,-30.398056,30.601944,2015-03-25
7676,14953.0,-27.169444,29.233889,2015-03-25
7677,15121.0,-26.861111,28.884722,2015-03-25
7678,15089.0,-27.00222,28.76528,2015-03-25
7679,14927.5,-27.4275,28.525833,2015-03-25
7680,14989.5,-34.405833,19.600556,2015-03-25
7681,15166.5,-32.94583,18.33667,2015-03-25
7682,15067.0,-25.57877778,29.12747222,2015-03-25
7683,15064.0,-26.03611,30.99778,2015-03-26
7684,15051.0,-27.937778,31.209444,2015-03-26
7685,15083.0,-30.13573889,30.67422222,2015-03-26
7686,15049.5,-26.619444,27.980833,2015-03-26
7687,15127.5,-28.376944,24.303056,2015-03-26
7688,14894.5,-34.329722,18.990278,2015-03-26
7689,15088.0,-33.897778,20.012778,2015-03-26
7690,15135.0,-27.573056,24.746389,2015-03-27
7691,15203.5,-27.902778,24.615556,2015-03-27
7692,15004.5,-29.803611,30.516111,2015-03-27
7693,14955.0,-25.99136,27.84208,2015-03-30
7694,14921.0,-29.380556,30.2775,2015-03-30
7695,15096.0,-29.140556,31.391944,2015-03-31
7696,14976.0,-28.801278,31.955389,2015-03-31
7697,15019.0,-26.45,28.085833,2015-03-31
7698,15242.0,-25.45963889,28.26430556,2015-03-31
7699,15228.0,-34.031944,22.053333,2014-12-04
7700,15123.0,-29.161667,23.696389,2015-04-01
7701,14911.0,-25.81048333,27.90955222,2015-04-01
7702,15232.0,-28.747778,31.745833,2015-04-01
7703,15114.0,-26.861111,28.884722,2015-04-01
7704,15088.0,-27.00222,28.76528,2015-04-01
7705,15035.0,-29.033333,23.983333,2015-04-01
7706,14913.5,-29.744167,29.905833,2015-04-02
7707,15258.0,-28.96362,19.15486,2015-04-04
7708,14974.0,-34.039722,22.133333,2011-01-19
7709,15136.0,-25.127778,27.628889,2015-04-07
7710,15250.0,-25.20639,27.558,2015-04-07
7711,15207.0,-24.69514,27.40906,2015-04-07
7712,14838.0,-24.99328,30.81444,2015-04-07
7713,15098.0,-28.735556,29.820556,2015-04-07
7714,14914.0,-26.73806,27.59194,2015-04-07
7715,15116.0,-27.398611,26.614722,2015-04-07
7716,15019.0,-27.671111,27.236944,2015-04-07
7717,15001.0,-31.396,29.2651,2015-04-07
7718,14863.0,-31.554722,29.245556,2015-04-07
7719,15086.0,-28.338333,31.373611,2015-04-07
7720,15055.0,-28.068333,31.55,2015-04-07
7721,15050.0,-25.73411,27.21422,2015-04-08
7722,14923.0,-27.169444,29.233889,2015-04-08
7723,15128.0,-26.861111,28.884722,2015-04-08
7724,15107.0,-26.98472222,26.63227778,2015-04-08
7725,15116.0,-27.398611,26.614722,2015-04-08
7726,14947.0,-30.568333,29.422778,2015-04-08
7727,14870.0,-30.570833,29.150556,2015-04-08
7728,14911.0,-31.104278,29.399722,2015-04-08
7729,14927.0,-34.031944,22.053333,2015-04-08
7730,15111.0,-27.4,26.624722,2015-04-08
7731,15033.0,-27.01011111,26.69808333,2015-04-09
7732,15232.0,-24.768889,31.39,2015-04-09
7733,14809.0,-28.44555556,32.325,2015-06-04
7734,15070.0,-27.602222,29.942778,2015-04-09
7735,15245.0,-28.75,30.442778,2015-04-09
7736,14913.0,-29.161667,30.629722,2015-04-09
7737,14921.0,-26.648056,27.089444,2015-04-09
7738,14913.0,-26.970278,27.211111,2015-04-09
7739,14867.0,-26.880278,26.965,2015-04-09
7740,15024.0,-28.376944,24.303056,2015-04-09
7741,14978.0,-29.1825,23.575556,2015-04-09
7742,15017.0,-31.031389,28.883333,2015-04-09
7743,14993.0,-30.86013889,29.07125,2015-04-09
7744,14993.0,-30.77586667,29.03221667,2015-04-09
7745,15122.0,-28.308889,31.9025,2015-04-09
7746,14995.0,-27.671111,27.236944,2015-04-10
7747,15097.0,-27.573056,24.746389,2015-04-10
7748,14864.0,-34.039722,22.133333,2015-04-08
7749,15163.0,-27.902778,24.615556,2015-04-10
7750,14748.0,-34.02861,22.22222,2015-04-10
7751,14869.0,-24.679167,30.8025,2015-04-13
7752,14947.0,-25.99136,27.84208,2015-04-13
7753,14982.0,-34.02861,22.22222,2011-01-20
7754,14996.5,-34.02861,22.22222,2011-03-17
7755,14817.5,-34.02861,22.22222,2011-04-19
7756,14578.0,-34.02861,22.22222,2011-05-19
7757,14343.5,-34.02861,22.22222,2011-06-14
7758,14885.5,-26.970278,27.211111,2015-04-13
7759,14963.5,-26.45,28.085833,2015-04-13
7760,14901.0,-34.02861,22.22222,2011-10-12
7761,14911.0,-28.1175,26.719444,2015-04-13
7762,14911.0,-28.116667,26.725278,2015-04-13
7763,14968.5,-33.818056,19.694722,2015-04-13
7764,14925.0,-27.01011111,26.69808333,2015-04-14
7765,14643.0,-34.02861,22.22222,2012-04-24
7766,14429.0,-34.02861,22.22222,2012-06-26
7767,15134.0,-24.058889,31.237222,2015-04-14
7768,14992.0,-25.681111,31.783333,2015-04-14
7769,14717.5,-34.02861,22.22222,2012-10-11
7770,15137.5,-25.362222,31.956667,2015-04-14
7771,15112.0,-34.02861,22.22222,2012-12-06
7772,15164.0,-34.02861,22.22222,2013-01-07
7773,15199.0,-25.398889,31.610556,2015-04-14
7774,15153.5,-34.02861,22.22222,2013-02-06
7775,15132.0,-34.02861,22.22222,2013-03-07
7776,15128.0,-26.861111,28.884722,2015-04-14
7777,14921.0,-26.648056,27.089444,2015-04-14
7778,14544.5,-34.02861,22.22222,2013-06-05
7779,14435.0,-34.02861,22.22222,2013-07-03
7780,15098.0,-26.98472222,26.63227778,2015-04-14
7781,14991.0,-27.935,26.126667,2015-04-14
7782,14928.0,-28.141944,26.417778,2015-04-14
7783,14967.0,-28.1175,26.719444,2015-04-14
7784,15013.0,-34.02861,22.22222,2013-12-13
7785,15042.0,-29.160278,26.573333,2015-04-14
7786,14755.0,-28.69485,28.23487,2015-04-14
7787,14842.0,-28.883333,27.89,2015-04-14
7788,14838.5,-34.02861,22.22222,2014-04-03
7789,14437.0,-34.02861,22.22222,2014-05-08
7790,14376.0,-34.02861,22.22222,2014-06-04
7791,14806.0,-34.075556,20.145556,2015-04-14
7792,15049.0,-32.595833,19.009444,2015-04-14
7793,15086.0,-25.45963889,28.26430556,2015-04-14
7794,15109.0,-34.02861,22.22222,2015-01-12
7795,15066.0,-34.02861,22.22222,2015-01-29
7796,14977.0,-25.81048333,27.90955222,2015-04-15
7797,15150.0,-22.935,28.004167,2015-04-15
7798,14938.0,-29.641944,30.6875,2015-04-15
7799,15212.0,-23.23572222,27.717,2015-04-15
7800,15168.0,-22.548889,28.898056,2015-04-15
7801,15214.0,-22.91028,29.61111,2015-04-15
7802,15072.0,-22.769722,30.886944,2015-04-15
7803,15009.0,-34.02861,22.22222,2015-11-04
7804,14859.0,-25.49037,30.6986,2015-04-15
7805,14888.0,-25.513889,31.224444,2015-04-15
7806,14951.0,-27.00222,28.76528,2015-04-15
7807,15066.0,-27.38972222,26.46388889,2015-04-15
7808,15116.0,-27.398611,26.614722,2015-04-15
7809,14854.0,-30.160091,27.40124,2015-04-15
7810,14811.0,-30.336111,27.359444,2015-04-15
7811,14965.0,-29.615556,27.065278,2015-04-15
7812,14888.0,-34.092222,21.295278,2015-04-15
7813,14851.0,-25.447222,30.711667,2015-04-15
7814,14938.0,-29.641944,30.6875,2015-04-16
7815,14931.0,-30.830556,26.921389,2015-04-16
7816,15047.0,-24.282222,28.090278,2015-04-16
7817,15027.0,-23.763056,27.908611,2015-04-16
7818,15019.0,-27.671111,27.236944,2015-04-16
7819,14753.0,-31.000833,26.353056,2015-04-16
7820,14858.0,-30.679722,26.7125,2015-04-16
7821,15241.0,-34.405833,19.600556,2013-02-13
7822,15099.0,-34.405833,19.600556,2013-03-13
7823,14743.0,-34.405833,19.600556,2013-04-10
7824,14572.0,-34.405833,19.600556,2013-05-08
7825,14869.0,-34.250556,20.9925,2015-04-16
7826,15131.0,-33.13083,18.86278,2015-04-16
7827,14900.0,-29.744167,29.905833,2015-04-17
7828,15007.0,-29.658056,25.973333,2015-04-17
7829,14685.5,-34.405833,19.600556,2013-09-25
7830,14712.5,-29.7775,29.470833,2015-04-20
7831,14723.5,-29.987778,29.851667,2015-04-20
7832,14870.0,-29.744167,29.905833,2015-04-20
7833,15177.0,-34.405833,19.600556,2014-02-12
7834,15010.0,-34.405833,19.600556,2014-03-12
7835,14682.5,-33.38056,19.30167,2015-04-20
7836,15185.0,-28.760833,17.730278,2015-04-21
7837,14711.5,-34.065833,20.404167,2015-04-21
7838,15076.5,-25.127778,27.628889,2015-04-21
7839,15150.0,-25.20639,27.558,2015-04-21
7840,15130.5,-24.39619444,27.08983333,2015-04-21
7841,15200.5,-24.69514,27.40906,2015-04-21
7842,14956.5,-26.03611,30.99778,2015-04-21
7843,14959.5,-27.937778,31.209444,2015-04-21
7844,14859.5,-30.733889,29.828333,2015-04-21
7845,15057.0,-26.98472222,26.63227778,2015-04-21
7846,14912.0,-33.31388889,19.07472222,2015-04-21
7847,14890.0,-27.01011111,26.69808333,2015-04-22
7848,14949.0,-28.404444,30.013056,2015-04-22
7849,14810.0,-30.398056,30.601944,2015-04-22
7850,14401.0,-34.329722,18.990278,2011-07-06
7851,15015.0,-26.648056,27.089444,2015-04-22
7852,14992.0,-34.329722,18.990278,2011-09-28
7853,15037.0,-34.329722,18.990278,2011-10-25
7854,15156.0,-34.329722,18.990278,2011-11-24
7855,15229.5,-34.329722,18.990278,2011-12-22
7856,14838.0,-26.970278,27.211111,2015-04-22
7857,14867.0,-26.880278,26.965,2015-04-22
7858,14876.5,-34.329722,18.990278,2012-04-04
7859,14603.5,-34.329722,18.990278,2012-05-03
7860,14492.0,-34.329722,18.990278,2012-05-24
7861,14319.0,-34.329722,18.990278,2012-07-19
7862,14340.0,-34.329722,18.990278,2012-08-16
7863,14650.0,-34.405833,19.600556,2015-04-22
7864,14816.0,-34.329722,18.990278,2012-10-11
7865,14849.0,-33.7075,18.97444444,2015-04-22
7866,14990.0,-28.058889,30.373611,2015-04-22
7867,15049.0,-25.57877778,29.12747222,2015-04-22
7868,14792.0,-27.5275,30.858056,2015-04-23
7869,14883.0,-30.13573889,30.67422222,2015-04-23
7870,14744.0,-34.329722,18.990278,2013-04-11
7871,14484.0,-34.329722,18.990278,2013-05-09
7872,14375.0,-34.329722,18.990278,2013-06-06
7873,15024.0,-28.376944,24.303056,2015-04-23
7874,14333.0,-34.329722,18.990278,2013-08-01
7875,14471.0,-34.329722,18.990278,2013-08-29
7876,14570.5,-34.329722,18.990278,2013-09-26
7877,14677.0,-34.329722,18.990278,2015-04-23
7878,15135.5,-34.329722,18.990278,2014-01-23
7879,14960.0,-32.94583,18.33667,2015-04-23
7880,14814.0,-33.897778,20.012778,2015-04-23
7881,15036.0,-27.573056,24.746389,2015-04-24
7882,15104.0,-27.902778,24.615556,2015-04-24
7883,14840.5,-33.870833,20.003333,2015-04-27
7884,15013.5,-29.140556,31.391944,2015-04-28
7885,14957.5,-25.99136,27.84208,2015-04-28
7886,14874.0,-28.801278,31.955389,2015-04-28
7887,14836.5,-26.970278,27.211111,2015-04-28
7888,14888.0,-26.73806,27.59194,2015-04-28
7889,14958.5,-26.45,28.085833,2015-04-28
7890,14782.5,-33.501667,21.624167,2015-04-28
7891,15121.5,-28.760833,17.730278,2015-04-29
7892,14342.0,-34.329722,18.990278,2015-06-25
7893,14273.5,-34.329722,18.990278,2015-07-23
7894,14554.0,-34.329722,18.990278,2015-08-27
7895,14848.0,-34.329722,18.990278,2015-10-01
7896,15040.0,-28.7115,24.07288889,2015-04-29
7897,14883.0,-27.01011111,26.69808333,2015-04-29
7898,15036.0,-25.73411,27.21422,2015-04-29
7899,15020.5,-28.747778,31.745833,2015-04-29
7900,15063.5,-26.861111,28.884722,2015-04-29
7901,14936.5,-27.00222,28.76528,2015-04-29
7902,14995.5,-26.648056,27.089444,2015-04-29
7903,14884.0,-26.880278,26.965,2015-04-29
7904,14981.0,-26.98472222,26.63227778,2015-04-29
7905,14980.0,-27.935,26.126667,2015-04-29
7906,14907.0,-28.141944,26.417778,2015-04-29
7907,14845.0,-28.1175,26.719444,2015-04-29
7908,14860.0,-29.1825,23.575556,2015-04-29
7909,15113.0,-25.45963889,28.26430556,2015-04-29
7910,14955.0,-25.81048333,27.90955222,2015-04-30
7911,14788.0,-29.744167,29.905833,2015-04-30
7912,14732.0,-29.380556,30.2775,2015-04-30
7913,14992.0,-27.602222,29.942778,2015-05-01
7914,14890.5,-28.735556,29.820556,2015-05-04
7915,14949.5,-26.510278,28.351389,2015-05-04
7916,14860.5,-26.73806,27.59194,2015-05-04
7917,14801.0,-27.671111,27.236944,2015-05-04
7918,15043.0,-25.127778,27.628889,2015-05-05
7919,15057.0,-25.20639,27.558,2015-05-05
7920,15160.5,-24.69514,27.40906,2015-05-05
7921,14863.5,-27.169444,29.233889,2015-05-05
7922,14890.0,-27.802778,28.768333,2015-05-05
7923,14901.0,-27.398611,26.614722,2015-05-05
7924,14586.5,-34.031944,22.053333,2015-05-05
7925,14544.5,-34.039722,22.133333,2015-05-05
7926,14954.0,-28.338333,31.373611,2015-05-05
7927,15054.5,-28.068333,31.55,2015-05-05
7928,14908.5,-27.4,26.624722,2015-05-05
7929,14854.5,-27.01011111,26.69808333,2015-05-06
7930,14980.5,-29.641944,30.6875,2015-05-06
7931,15129.5,-24.39619444,27.08983333,2015-05-06
7932,14984.0,-28.75,30.442778,2015-05-06
7933,14919.0,-27.02314,28.59389,2015-05-06
7934,14995.5,-26.648056,27.089444,2015-05-06
7935,14820.0,-26.970278,27.211111,2015-05-06
7936,14900.0,-26.880278,26.965,2015-05-06
7937,14833.5,-27.4275,28.525833,2015-05-06
7938,14859.0,-27.3,28.586944,2015-05-06
7939,14932.0,-26.98472222,26.63227778,2015-05-06
7940,14988.0,-33.870833,20.003333,2011-03-31
7941,14629.0,-33.870833,20.003333,2011-08-23
7942,15020.0,-33.870833,20.003333,2011-09-20
7943,15129.0,-33.870833,20.003333,2011-10-26
7944,15303.0,-33.870833,20.003333,2011-11-16
7945,14904.0,-33.870833,20.003333,2012-04-02
7946,14679.0,-33.870833,20.003333,2012-05-01
7947,14542.0,-33.870833,20.003333,2012-05-22
7948,14423.0,-33.870833,20.003333,2012-06-19
7949,14615.0,-34.005833,22.351111,2015-05-06
7950,14881.0,-33.870833,20.003333,2012-09-10
7951,14847.0,-33.870833,20.003333,2012-10-08
7952,15265.5,-33.870833,20.003333,2012-11-05
7953,15319.5,-33.870833,20.003333,2013-02-06
7954,15314.0,-33.870833,20.003333,2013-02-12
7955,15233.5,-33.870833,20.003333,2013-03-11
7956,14802.0,-33.870833,20.003333,2013-04-08
7957,14505.0,-33.870833,20.003333,2013-06-03
7958,14487.0,-33.870833,20.003333,2013-07-29
7959,14608.0,-33.870833,20.003333,2013-08-29
7960,14884.0,-33.870833,20.003333,2013-09-23
7961,15155.5,-33.870833,20.003333,2013-10-21
7962,14745.5,-28.44555556,32.325,2015-06-30
7963,15276.5,-33.870833,20.003333,2014-01-20
7964,15314.0,-33.870833,20.003333,2014-02-10
7965,15170.0,-33.870833,20.003333,2014-03-10
7966,14950.0,-33.870833,20.003333,2014-04-07
7967,14574.0,-33.870833,20.003333,2014-05-19
7968,14453.0,-33.870833,20.003333,2014-06-26
7969,14667.5,-33.870833,20.003333,2014-07-31
7970,14916.0,-33.870833,20.003333,2014-09-04
7971,15174.0,-33.870833,20.003333,2014-10-02
7972,15256.0,-33.870833,20.003333,2015-02-26
7973,14801.5,-29.161667,30.629722,2015-05-07
7974,14364.0,-33.870833,20.003333,2015-06-25
7975,14341.0,-33.870833,20.003333,2015-07-23
7976,14700.5,-33.870833,20.003333,2015-08-27
7977,15220.5,-33.870833,20.003333,2015-10-29
7978,15443.0,-33.870833,20.003333,2015-12-03
7979,14936.5,-26.619444,27.980833,2015-05-07
7980,15006.0,-27.573056,24.746389,2015-05-07
7981,14988.5,-28.376944,24.303056,2015-05-07
7982,14586.0,-34.02861,22.22222,2015-05-07
7983,15039.0,-28.308889,31.9025,2015-05-07
7984,15045.0,-27.902778,24.615556,2015-05-08
7985,14943.0,-28.058889,30.373611,2015-05-10
7986,14905.0,-29.161667,23.696389,2015-05-11
7987,15118.0,-24.058889,31.237222,2015-05-11
7988,14839.0,-25.49037,30.6986,2015-05-11
7989,14767.0,-24.99328,30.81444,2015-05-11
7990,14976.0,-26.648056,27.089444,2015-05-11
7991,14805.0,-26.970278,27.211111,2015-05-11
7992,14901.0,-26.880278,26.965,2015-05-11
7993,14884.0,-29.160278,26.573333,2015-05-11
7994,14818.0,-31.396,29.2651,2015-05-11
7995,14807.0,-31.554722,29.245556,2015-05-11
7996,14615.0,-33.818056,19.694722,2015-05-11
7997,14707.0,-32.502778,19.535833,2015-05-11
7998,14831.0,-25.447222,30.711667,2015-05-11
7999,14327.0,-33.818056,19.694722,2013-06-03
8000,14393.0,-33.818056,19.694722,2013-07-29
8001,14993.5,-28.7115,24.07288889,2015-05-12
8002,14851.0,-27.01011111,26.69808333,2015-05-12
8003,14907.5,-25.81048333,27.90955222,2015-05-12
8004,14959.5,-25.99136,27.84208,2015-05-12
8005,15028.0,-25.681111,31.783333,2015-05-12
8006,14927.5,-25.67386,31.57527,2015-05-12
8007,14818.0,-25.513889,31.224444,2015-05-12
8008,15079.5,-24.768889,31.39,2015-05-12
8009,15067.0,-24.9675,31.516667,2015-05-12
8010,14962.5,-27.363611,31.783333,2015-05-12
8011,14884.5,-26.73806,27.59194,2015-05-12
8012,14924.5,-26.45,28.085833,2015-05-12
8013,14943.5,-26.98472222,26.63227778,2015-05-12
8014,14712.0,-28.69485,28.23487,2015-05-12
8015,14792.0,-29.615556,27.065278,2015-05-12
8016,14726.0,-28.883333,27.89,2015-05-12
8017,14829.5,-29.1825,23.575556,2015-05-12
8018,14701.5,-30.570833,29.150556,2015-05-12
8019,14723.0,-31.104278,29.399722,2015-05-12
8020,14629.0,-34.075556,20.145556,2015-05-12
8021,14625.5,-32.595833,19.009444,2015-05-12
8022,15421.0,-34.075556,20.145556,2011-01-26
8023,15350.5,-34.075556,20.145556,2011-02-23
8024,14948.0,-25.436111,31.982222,2015-05-13
8025,15023.5,-25.362222,31.956667,2015-05-13
8026,14288.0,-34.075556,20.145556,2011-06-28
8027,15062.0,-25.398889,31.610556,2015-05-13
8028,15148.5,-25.14944444,31.94055556,2015-05-13
8029,15024.5,-26.861111,28.884722,2015-05-13
8030,14841.5,-27.273889,28.49,2015-05-13
8031,14890.0,-27.802778,28.768333,2015-05-13
8032,14923.5,-27.935,26.126667,2015-05-13
8033,14757.5,-30.160091,27.40124,2015-05-13
8034,14752.5,-30.336111,27.359444,2015-05-13
8035,14791.5,-30.568333,29.422778,2015-05-13
8036,14873.5,-31.031389,28.883333,2015-05-13
8037,14834.0,-30.86013889,29.07125,2015-05-13
8038,14775.5,-30.77586667,29.03221667,2015-05-13
8039,14513.5,-33.38056,19.30167,2015-05-13
8040,14557.0,-33.08883333,19.21878333,2015-05-13
8041,15081.5,-25.45963889,28.26430556,2015-05-13
8042,14975.5,-29.641944,30.6875,2015-05-14
8043,14823.0,-30.830556,26.921389,2015-05-14
8044,15051.5,-24.282222,28.090278,2015-05-14
8045,15168.5,-23.658056,31.05,2015-05-14
8046,14841.5,-27.273889,28.49,2015-05-14
8047,14615.0,-31.000833,26.353056,2015-05-14
8048,14777.0,-30.534167,24.961944,2015-05-14
8049,14656.5,-33.7075,18.97444444,2015-05-14
8050,14800.5,-29.744167,29.905833,2015-05-15
8051,14712.0,-29.7775,29.470833,2015-05-18
8052,14774.0,-29.744167,29.905833,2015-05-18
8053,14729.0,-34.065833,20.404167,2015-05-19
8054,14799.0,-34.075556,20.145556,2013-09-23
8055,14770.0,-24.679167,30.8025,2015-05-19
8056,14974.0,-25.127778,27.628889,2015-05-19
8057,14973.0,-25.20639,27.558,2015-05-19
8058,15121.0,-24.39619444,27.08983333,2015-05-19
8059,15113.0,-24.69514,27.40906,2015-05-19
8060,14976.0,-30.733889,29.828333,2015-05-19
8061,14706.0,-29.987778,29.851667,2015-05-19
8062,14911.0,-27.02314,28.59389,2015-05-19
8063,14833.0,-28.141944,26.417778,2015-05-19
8064,14819.0,-28.1175,26.719444,2015-05-19
8065,14676.0,-34.092222,21.295278,2015-05-19
8066,14821.0,-33.31388889,19.07472222,2015-05-19
8067,14899.0,-29.161667,23.696389,2015-05-20
8068,15182.0,-22.225556,29.990556,2015-05-20
8069,15094.0,-24.183889,30.823889,2015-05-20
8070,15107.5,-24.058889,31.237222,2015-05-20
8071,14848.5,-26.03611,30.99778,2015-05-20
8072,14347.0,-34.075556,20.145556,2015-06-09
8073,14944.0,-27.937778,31.209444,2015-05-20
8074,14928.0,-28.404444,30.013056,2015-05-20
8075,15376.0,-32.595833,19.009444,2011-03-17
8076,15166.0,-32.595833,19.009444,2011-04-13
8077,14903.5,-26.880278,26.965,2015-05-20
8078,14401.0,-32.595833,19.009444,2011-06-14
8079,14501.0,-32.595833,19.009444,2011-07-15
8080,14546.0,-32.595833,19.009444,2011-08-11
8081,15202.5,-32.595833,19.009444,2011-10-05
8082,14812.0,-28.96362,19.15486,2015-05-20
8083,14528.5,-34.405833,19.600556,2015-05-20
8084,14789.0,-33.13083,18.86278,2015-05-20
8085,14824.0,-27.5275,30.858056,2015-05-21
8086,14943.0,-30.13573889,30.67422222,2015-05-21
8087,15139.0,-32.595833,19.009444,2012-04-10
8088,14681.0,-32.595833,19.009444,2012-05-08
8089,14832.0,-27.38972222,26.46388889,2015-05-21
8090,14384.0,-32.595833,19.009444,2012-07-24
8091,14571.0,-32.595833,19.009444,2012-08-22
8092,14882.0,-27.398611,26.614722,2015-05-21
8093,14945.5,-28.376944,24.303056,2015-05-21
8094,14570.0,-34.250556,20.9925,2015-05-21
8095,14563.5,-34.329722,18.990278,2015-05-21
8096,14641.0,-32.94583,18.33667,2015-05-21
8097,14890.5,-27.4,26.624722,2015-05-21
8098,14985.0,-27.902778,24.615556,2015-05-22
8099,14901.0,-29.803611,30.516111,2015-05-22
8100,14624.5,-33.501667,21.624167,2015-05-23
8101,14876.0,-25.99136,27.84208,2015-05-25
8102,14805.0,-26.970278,27.211111,2015-05-25
8103,14509.0,-32.595833,19.009444,2013-08-20
8104,14899.0,-26.880278,26.965,2015-05-25
8105,15135.0,-32.595833,19.009444,2013-10-08
8106,14859.0,-26.73806,27.59194,2015-05-25
8107,14891.0,-26.45,28.085833,2015-05-25
8108,14823.0,-27.01011111,26.69808333,2015-05-26
8109,14802.0,-29.380556,30.2775,2015-05-26
8110,14938.0,-26.861111,28.884722,2015-05-26
8111,14899.0,-26.648056,27.089444,2015-05-26
8112,14379.5,-32.595833,19.009444,2014-06-24
8113,14834.0,-32.595833,19.009444,2014-09-23
8114,14918.0,-26.98472222,26.63227778,2015-05-26
8115,14833.0,-28.141944,26.417778,2015-05-26
8116,15048.0,-25.45963889,28.26430556,2015-05-26
8117,14870.0,-25.81048333,27.90955222,2015-05-27
8118,14443.0,-32.595833,19.009444,2015-06-09
8119,14343.0,-32.595833,19.009444,2015-07-21
8120,14694.5,-32.595833,19.009444,2015-08-18
8121,15151.0,-22.225556,29.990556,2015-05-27
8122,15028.0,-24.282222,28.090278,2015-05-27
8123,14999.0,-28.747778,31.745833,2015-05-27
8124,14852.0,-27.00222,28.76528,2015-05-27
8125,14790.0,-27.273889,28.49,2015-05-27
8126,14891.0,-29.033333,23.983333,2015-05-27
8127,14975.0,-33.08883333,19.21878333,2013-10-15
8128,14750.0,-25.57877778,29.12747222,2015-05-28
8129,14693.0,-29.744167,29.905833,2015-05-29
8130,14733.0,-28.768056,20.720556,2015-05-29
8131,15026.0,-22.225556,29.990556,2015-06-01
8132,14250.0,-33.08883333,19.21878333,2014-06-23
8133,14629.0,-26.510278,28.351389,2015-06-01
8134,14517.0,-33.08883333,19.21878333,2014-08-12
8135,14650.0,-33.08883333,19.21878333,2014-09-10
8136,15126.5,-33.08883333,19.21878333,2014-10-22
8137,15258.0,-33.08883333,19.21878333,2014-11-20
8138,15378.5,-33.08883333,19.21878333,2015-01-14
8139,15194.0,-33.08883333,19.21878333,2015-02-18
8140,15036.0,-33.08883333,19.21878333,2015-03-19
8141,14763.0,-33.08883333,19.21878333,2015-04-15
8142,14523.0,-27.671111,27.236944,2015-06-01
8143,14459.5,-33.08883333,19.21878333,2015-08-19
8144,14600.0,-33.08883333,19.21878333,2015-09-16
8145,14595.0,-30.568333,29.422778,2015-06-01
8146,15373.0,-33.08883333,19.21878333,2015-11-25
8147,14623.0,-31.396,29.2651,2015-06-01
8148,14732.0,-25.127778,27.628889,2015-06-02
8149,14707.0,-25.20639,27.558,2015-06-02
8150,14343.0,-32.502778,19.535833,2011-06-13
8151,14868.0,-24.69514,27.40906,2015-06-02
8152,14536.0,-27.935,26.126667,2015-06-02
8153,14475.0,-28.1175,26.719444,2015-06-02
8154,14587.0,-27.398611,26.614722,2015-06-02
8155,14440.0,-30.160091,27.40124,2015-06-02
8156,14438.0,-30.336111,27.359444,2015-06-02
8157,14516.0,-31.104278,29.399722,2015-06-02
8158,14467.0,-32.502778,19.535833,2012-07-27
8159,14506.0,-34.031944,22.053333,2015-06-02
8160,14547.0,-34.039722,22.133333,2015-06-02
8161,14493.0,-34.02861,22.22222,2015-06-02
8162,14822.0,-28.338333,31.373611,2015-06-02
8163,14935.0,-28.068333,31.55,2015-06-02
8164,14640.0,-27.4,26.624722,2015-06-02
8165,14451.0,-30.830556,26.921389,2015-06-03
8166,14796.0,-24.670833,28.560833,2015-06-03
8167,14856.0,-24.39619444,27.08983333,2015-06-03
8168,14755.0,-28.75,30.442778,2015-06-03
8169,14631.0,-29.161667,30.629722,2015-06-03
8170,14568.0,-27.802778,28.768333,2015-06-03
8171,14363.0,-31.000833,26.353056,2015-06-03
8172,14419.0,-30.679722,26.7125,2015-06-03
8173,14488.0,-30.570833,29.150556,2015-06-03
8174,14727.0,-28.058889,30.373611,2015-06-03
8175,14738.0,-28.760833,17.730278,2015-06-04
8176,14343.0,-32.502778,19.535833,2014-06-09
8177,14734.0,-28.44555556,32.325,2015-07-28
8178,14552.0,-27.273889,28.49,2015-06-04
8179,14565.0,-27.573056,24.746389,2015-06-04
8180,14480.0,-28.376944,24.303056,2015-06-04
8181,14757.0,-31.031389,28.883333,2015-06-04
8182,14667.0,-30.86013889,29.07125,2015-06-04
8183,15088.0,-32.502778,19.535833,2015-04-13
8184,14606.0,-30.77586667,29.03221667,2015-06-04
8185,14387.5,-32.502778,19.535833,2015-06-08
8186,14616.0,-27.902778,24.615556,2015-06-05
8187,14687.5,-32.502778,19.535833,2015-08-17
8188,14755.5,-31.554722,29.245556,2015-06-05
8189,15390.0,-32.502778,19.535833,2015-10-19
8190,14689.5,-25.99136,27.84208,2015-06-08
8191,15523.5,-31.5653,18.3306,2011-01-05
8192,15516.0,-31.5653,18.3306,2011-02-09
8193,15333.0,-31.5653,18.3306,2011-03-16
8194,15127.0,-31.5653,18.3306,2011-04-12
8195,14561.0,-26.970278,27.211111,2015-06-08
8196,14604.5,-26.880278,26.965,2015-06-08
8197,14618.0,-26.73806,27.59194,2015-06-08
8198,14659.5,-26.45,28.085833,2015-06-08
8199,14369.5,-33.818056,19.694722,2015-06-08
8200,15494.0,-31.5653,18.3306,2011-11-09
8201,15600.5,-31.5653,18.3306,2011-12-21
8202,15640.0,-31.5653,18.3306,2012-01-17
8203,15473.0,-31.5653,18.3306,2012-02-15
8204,15390.0,-31.5653,18.3306,2012-03-13
8205,14965.0,-31.5653,18.3306,2012-04-17
8206,14740.0,-31.5653,18.3306,2012-05-17
8207,14685.5,-31.5653,18.3306,2012-05-29
8208,14509.0,-27.01011111,26.69808333,2015-06-09
8209,14676.0,-25.73411,27.21422,2015-06-09
8210,14852.0,-27.363611,31.783333,2015-06-09
8211,14742.0,-26.861111,28.884722,2015-06-09
8212,15438.0,-31.5653,18.3306,2012-10-23
8213,15544.0,-31.5653,18.3306,2012-11-13
8214,15668.0,-31.5653,18.3306,2012-12-04
8215,15166.0,-31.5653,18.3306,2013-03-26
8216,14881.0,-31.5653,18.3306,2013-04-23
8217,14758.5,-31.5653,18.3306,2013-05-21
8218,14600.0,-27.00222,28.76528,2015-06-09
8219,14626.0,-27.02314,28.59389,2015-06-09
8220,15523.0,-31.5653,18.3306,2014-01-28
8221,15480.0,-31.5653,18.3306,2014-02-12
8222,15389.5,-31.5653,18.3306,2014-03-04
8223,15182.0,-31.5653,18.3306,2014-04-01
8224,14800.5,-31.5653,18.3306,2014-05-13
8225,14643.0,-26.648056,27.089444,2015-06-09
8226,14598.0,-26.98472222,26.63227778,2015-06-09
8227,14536.0,-27.935,26.126667,2015-06-09
8228,14507.0,-28.141944,26.417778,2015-06-09
8229,15459.0,-31.5653,18.3306,2014-10-21
8230,15571.0,-31.5653,18.3306,2014-11-25
8231,15540.0,-31.5653,18.3306,2015-01-27
8232,15456.0,-31.5653,18.3306,2015-02-17
8233,15268.0,-31.5653,18.3306,2015-03-17
8234,15015.0,-31.5653,18.3306,2015-04-14
8235,14855.5,-31.5653,18.3306,2015-05-12
8236,14547.0,-31.5653,18.3306,2015-06-09
8237,14466.0,-28.1175,26.719444,2015-06-09
8238,14557.0,-29.160278,26.573333,2015-06-09
8239,15115.0,-31.5653,18.3306,2015-09-15
8240,15540.0,-31.5653,18.3306,2015-10-20
8241,15612.0,-31.5653,18.3306,2015-11-24
8242,14727.0,-32.601389,18.750556,2011-05-10
8243,14442.0,-32.601389,18.750556,2011-06-13
8244,14517.0,-32.601389,18.750556,2011-07-12
8245,14532.0,-32.601389,18.750556,2011-08-10
8246,14852.0,-32.601389,18.750556,2011-09-06
8247,15245.0,-32.601389,18.750556,2011-11-03
8248,14559.0,-32.601389,18.750556,2012-05-29
8249,14394.0,-32.601389,18.750556,2012-07-03
8250,14512.5,-32.601389,18.750556,2012-07-31
8251,14587.0,-32.601389,18.750556,2012-08-28
8252,14962.0,-32.601389,18.750556,2012-09-26
8253,15384.0,-32.601389,18.750556,2012-10-23
8254,14376.0,-28.69485,28.23487,2015-06-09
8255,14497.0,-32.601389,18.750556,2013-07-16
8256,14394.0,-32.601389,18.750556,2013-08-13
8257,14626.5,-32.601389,18.750556,2013-09-10
8258,15190.0,-32.601389,18.750556,2013-10-09
8259,15571.0,-32.601389,18.750556,2013-11-05
8260,15731.0,-32.601389,18.750556,2013-11-26
8261,14380.0,-32.601389,18.750556,2014-06-12
8262,14477.0,-32.601389,18.750556,2014-07-17
8263,14799.0,-32.601389,18.750556,2014-08-28
8264,15117.5,-32.601389,18.750556,2014-09-25
8265,15519.0,-32.601389,18.750556,2014-10-23
8266,15647.0,-32.601389,18.750556,2014-11-27
8267,15525.0,-32.601389,18.750556,2015-02-25
8268,14729.5,-32.601389,18.750556,2015-05-21
8269,14444.0,-32.601389,18.750556,2015-06-26
8270,14410.0,-32.601389,18.750556,2015-07-30
8271,14805.0,-32.601389,18.750556,2015-08-27
8272,15621.0,-32.601389,18.750556,2015-10-29
8273,14415.0,-28.883333,27.89,2015-06-09
8274,14828.0,-25.45963889,28.26430556,2015-06-09
8275,14608.0,-25.81048333,27.90955222,2015-06-10
8276,14719.0,-29.641944,30.6875,2015-06-10
8277,14830.0,-24.282222,28.090278,2015-06-10
8278,14799.0,-23.763056,27.908611,2015-06-10
8279,14842.0,-23.23572222,27.717,2015-06-10
8280,14994.0,-24.058889,31.237222,2015-06-10
8281,14558.0,-27.802778,28.768333,2015-06-10
8282,14523.0,-27.671111,27.236944,2015-06-10
8283,14403.0,-30.160091,27.40124,2015-06-10
8284,14415.0,-30.336111,27.359444,2015-06-10
8285,14390.0,-29.615556,27.065278,2015-06-10
8286,14271.0,-33.38056,19.30167,2015-06-10
8287,14323.0,-33.08883333,19.21878333,2015-06-10
8288,14579.0,-25.57877778,29.12747222,2015-06-10
8289,14994.0,-22.225556,29.990556,2015-06-11
8290,14448.0,-30.830556,26.921389,2015-06-11
8291,14760.0,-24.95861111,29.39527778,2015-06-11
8292,14626.0,-27.02314,28.59389,2015-06-11
8293,14566.0,-27.4275,28.525833,2015-06-11
8294,14588.0,-27.3,28.586944,2015-06-11
8295,14516.0,-27.38972222,26.46388889,2015-06-11
8296,14587.0,-27.398611,26.614722,2015-06-11
8297,14268.0,-31.000833,26.353056,2015-06-11
8298,14363.0,-30.679722,26.7125,2015-06-11
8299,14406.0,-30.534167,24.961944,2015-06-11
8300,14516.5,-33.7075,18.97444444,2015-06-11
8301,14417.0,-33.72266667,18.61691667,2015-06-11
8302,14553.0,-27.356667,27.286389,2015-06-11
8303,14719.0,-29.641944,30.6875,2015-06-12
8304,14605.0,-29.744167,29.905833,2015-06-12
8305,14648.0,-26.619444,27.980833,2015-06-12
8306,14565.0,-27.573056,24.746389,2015-06-12
8307,14483.0,-29.658056,25.973333,2015-06-12
8308,15002.5,-23.658056,31.05,2015-06-15
8309,14489.5,-29.7775,29.470833,2015-06-15
8310,14492.0,-29.987778,29.851667,2015-06-15
8311,14596.5,-29.744167,29.905833,2015-06-15
8312,14707.0,-24.679167,30.8025,2015-06-16
8313,14679.0,-25.127778,27.628889,2015-06-16
8314,14694.5,-25.20639,27.558,2015-06-16
8315,14853.5,-24.39619444,27.08983333,2015-06-16
8316,14833.0,-24.69514,27.40906,2015-06-16
8317,15054.0,-22.769722,30.886944,2015-06-17
8318,15033.0,-24.058889,31.237222,2015-06-17
8319,14675.0,-28.404444,30.013056,2015-06-17
8320,14709.0,-30.733889,29.828333,2015-06-17
8321,14773.0,-30.398056,30.601944,2015-06-17
8322,14510.0,-27.273889,28.49,2015-06-17
8323,14427.0,-34.092222,21.295278,2015-06-17
8324,14727.0,-28.058889,30.373611,2015-06-17
8325,14704.0,-27.5275,30.858056,2015-06-18
8326,14759.0,-30.13573889,30.67422222,2015-06-18
8327,14579.0,-26.880278,26.965,2015-06-18
8328,14404.0,-28.1175,26.719444,2015-06-18
8329,14480.0,-28.376944,24.303056,2015-06-18
8330,14423.0,-31.394444,20.947222,2015-06-18
8331,14421.0,-29.651389,22.746389,2015-06-18
8332,14391.0,-34.250556,20.9925,2015-06-18
8333,14369.0,-33.13083,18.86278,2012-07-04
8334,14952.0,-24.183889,30.823889,2015-06-19
8335,14567.0,-27.902778,24.615556,2015-06-19
8336,14701.0,-29.803611,30.516111,2015-06-19
8337,14700.5,-25.99136,27.84208,2015-06-22
8338,14655.5,-25.49037,30.6986,2015-06-22
8339,14598.0,-24.99328,30.81444,2015-06-22
8340,14551.0,-26.970278,27.211111,2015-06-22
8341,14597.5,-26.880278,26.965,2015-06-22
8342,14615.5,-26.73806,27.59194,2015-06-22
8343,14668.5,-26.45,28.085833,2015-06-22
8344,14535.0,-27.273889,28.49,2015-06-22
8345,14487.0,-27.01011111,26.69808333,2015-06-23
8346,14805.0,-25.436111,31.982222,2015-06-23
8347,14777.0,-29.140556,31.391944,2015-06-23
8348,14367.0,-34.065833,20.404167,2015-06-23
8349,15036.5,-22.43772222,31.07805556,2015-06-23
8350,14949.0,-25.681111,31.783333,2015-06-23
8351,14872.5,-25.67386,31.57527,2015-06-23
8352,14934.0,-25.398889,31.610556,2015-06-23
8353,14801.5,-28.801278,31.955389,2015-06-23
8354,14630.0,-27.00222,28.76528,2015-06-23
8355,14623.0,-26.98472222,26.63227778,2015-06-23
8356,14435.0,-28.1175,26.719444,2015-06-23
8357,14844.0,-25.45963889,28.26430556,2015-06-23
8358,14630.0,-29.161667,23.696389,2015-06-24
8359,14443.0,-31.860278,18.6875,2015-06-24
8360,14863.5,-25.362222,31.956667,2015-06-24
8361,14979.5,-24.768889,31.39,2015-06-24
8362,14945.5,-24.9675,31.516667,2015-06-24
8363,14817.5,-28.747778,31.745833,2015-06-24
8364,14535.0,-27.273889,28.49,2015-06-24
8365,14588.0,-29.033333,23.983333,2015-06-24
8366,14697.0,-26.03611,30.99778,2015-06-25
8367,15579.0,-33.7075,18.97444444,2011-02-17
8368,14628.0,-26.648056,27.089444,2015-06-25
8369,14609.0,-28.460833,21.248889,2015-06-25
8370,14434.0,-32.94583,18.33667,2015-06-25
8371,14297.0,-33.897778,20.012778,2015-06-25
8372,15637.0,-33.7075,18.97444444,2012-01-25
8373,15438.5,-33.7075,18.97444444,2012-02-22
8374,15328.0,-33.7075,18.97444444,2012-03-21
8375,14588.0,-29.744167,29.905833,2015-06-26
8376,14668.5,-25.81048333,27.90955222,2015-06-29
8377,14671.5,-26.510278,28.351389,2015-06-29
8378,14687.5,-26.45,28.085833,2015-06-29
8379,14554.0,-27.671111,27.236944,2015-06-29
8380,14689.0,-25.127778,27.628889,2015-06-30
8381,14675.5,-25.20639,27.558,2015-06-30
8382,14770.5,-24.69514,27.40906,2015-06-30
8383,14662.0,-28.735556,29.820556,2015-06-30
8384,14751.5,-26.861111,28.884722,2015-06-30
8385,14660.0,-27.00222,28.76528,2015-06-30
8386,14660.5,-27.02314,28.59389,2015-06-30
8387,14615.0,-27.398611,26.614722,2015-06-30
8388,14385.5,-31.436944,20.474722,2015-06-30
8389,14413.0,-29.651389,22.746389,2015-06-30
8390,14781.5,-28.338333,31.373611,2015-06-30
8391,14875.0,-28.068333,31.55,2015-06-30
8392,14906.0,-28.308889,31.9025,2015-06-30
8393,14615.5,-27.4,26.624722,2015-06-30
8394,14615.5,-29.161667,23.696389,2015-07-01
8395,14749.5,-27.602222,29.942778,2015-07-01
8396,14636.5,-27.169444,29.233889,2015-07-01
8397,14580.0,-27.273889,28.49,2015-07-01
8398,14620.0,-27.4275,28.525833,2015-07-01
8399,14609.5,-27.3,28.586944,2015-07-01
8400,14579.5,-27.802778,28.768333,2015-07-01
8401,15539.5,-33.7075,18.97444444,2015-01-28
8402,15493.0,-33.7075,18.97444444,2015-02-19
8403,15233.0,-33.7075,18.97444444,2015-03-25
8404,14562.0,-27.935,26.126667,2015-07-01
8405,14532.5,-28.141944,26.417778,2015-07-01
8406,14554.0,-27.671111,27.236944,2015-07-01
8407,14684.0,-28.75,30.442778,2015-07-02
8408,14577.0,-29.161667,30.629722,2015-07-02
8409,14620.0,-27.4275,28.525833,2015-07-02
8410,14579.5,-27.802778,28.768333,2015-07-02
8411,14540.5,-28.376944,24.303056,2015-07-02
8412,14639.0,-29.744167,29.905833,2015-07-03
8413,14535.0,-27.573056,24.746389,2015-07-03
8414,14624.0,-27.902778,24.615556,2015-07-03
8415,14705.0,-25.99136,27.84208,2015-07-06
8416,14688.0,-26.45,28.085833,2015-07-06
8417,14995.0,-22.225556,29.990556,2015-07-07
8418,15018.0,-23.658056,31.05,2015-07-07
8419,14817.0,-27.363611,31.783333,2015-07-07
8420,14735.5,-26.861111,28.884722,2015-07-07
8421,14666.0,-27.00222,28.76528,2015-07-07
8422,14645.5,-27.3,28.586944,2015-07-07
8423,14519.5,-31.396,29.2651,2015-07-07
8424,14621.0,-31.554722,29.245556,2015-07-07
8425,14358.5,-34.031944,22.053333,2015-07-07
8426,14851.0,-25.45963889,28.26430556,2015-07-07
8427,14680.5,-25.81048333,27.90955222,2015-07-08
8428,14723.5,-29.641944,30.6875,2015-07-08
8429,14889.0,-23.23572222,27.717,2015-07-08
8430,14844.5,-24.670833,28.560833,2015-07-08
8431,14937.0,-22.91028,29.61111,2015-07-08
8432,14553.0,-26.970278,27.211111,2015-07-08
8433,14570.5,-27.38972222,26.46388889,2015-07-08
8434,14355.5,-30.534167,24.961944,2015-07-08
8435,14482.0,-30.570833,29.150556,2015-07-08
8436,14488.5,-31.104278,29.399722,2015-07-08
8437,14491.5,-30.77586667,29.03221667,2015-07-08
8438,14349.5,-34.039722,22.133333,2015-07-08
8439,14336.0,-34.02861,22.22222,2015-07-08
8440,15597.0,-32.94583,18.33667,2015-12-03
8441,14526.0,-33.464444,18.740556,2011-07-20
8442,14577.5,-33.464444,18.740556,2011-08-17
8443,14855.0,-33.464444,18.740556,2011-09-14
8444,15143.0,-33.464444,18.740556,2011-10-12
8445,15385.0,-33.464444,18.740556,2011-11-09
8446,14402.0,-33.464444,18.740556,2012-06-26
8447,14408.5,-33.464444,18.740556,2012-07-24
8448,14551.5,-27.01011111,26.69808333,2015-07-09
8449,14774.5,-33.464444,18.740556,2012-09-18
8450,15131.0,-33.464444,18.740556,2012-10-16
8451,15485.0,-33.464444,18.740556,2012-11-15
8452,14803.0,-24.282222,28.090278,2015-07-09
8453,14409.5,-33.464444,18.740556,2013-07-24
8454,14575.0,-33.464444,18.740556,2013-08-21
8455,14702.0,-33.464444,18.740556,2013-09-11
8456,15072.0,-33.464444,18.740556,2013-10-09
8457,15405.0,-33.464444,18.740556,2013-11-06
8458,15507.0,-33.464444,18.740556,2013-11-27
8459,14447.5,-33.464444,18.740556,2014-07-16
8460,14703.0,-33.464444,18.740556,2014-08-27
8461,15215.0,-33.464444,18.740556,2014-10-01
8462,15362.0,-33.464444,18.740556,2014-10-29
8463,14889.0,-23.23572222,27.717,2015-07-09
8464,14361.0,-33.464444,18.740556,2015-07-23
8465,14734.0,-33.464444,18.740556,2015-08-20
8466,14909.0,-33.464444,18.740556,2015-09-17
8467,14625.5,-26.648056,27.089444,2015-07-09
8468,14627.0,-26.880278,26.965,2015-07-09
8469,14616.0,-26.98472222,26.63227778,2015-07-09
8470,14527.5,-31.031389,28.883333,2015-07-09
8471,14318.0,-33.72266667,18.61691667,2014-06-11
8472,14548.0,-30.86013889,29.07125,2015-07-09
8473,14884.5,-33.970833,22.548333,2011-01-20
8474,14982.0,-33.970833,22.548333,2011-02-28
8475,14816.0,-33.970833,22.548333,2011-04-04
8476,14598.0,-33.970833,22.548333,2011-05-03
8477,14391.0,-33.970833,22.548333,2011-07-05
8478,14525.0,-33.970833,22.548333,2011-08-31
8479,14632.0,-33.970833,22.548333,2011-09-14
8480,14721.5,-33.970833,22.548333,2011-10-11
8481,14910.0,-33.970833,22.548333,2011-11-25
8482,15064.0,-33.970833,22.548333,2012-01-20
8483,14927.0,-33.970833,22.548333,2012-03-20
8484,14364.5,-34.005833,22.351111,2015-07-09
8485,14437.0,-33.970833,22.548333,2012-07-09
8486,14479.0,-33.970833,22.548333,2012-08-17
8487,14710.5,-33.970833,22.548333,2012-09-19
8488,14706.0,-33.970833,22.548333,2012-10-17
8489,14953.0,-33.970833,22.548333,2012-11-23
8490,14993.0,-33.970833,22.548333,2012-12-13
8491,14952.0,-33.970833,22.548333,2013-01-30
8492,14955.0,-33.970833,22.548333,2013-02-13
8493,15067.5,-22.43772222,31.07805556,2015-07-10
8494,14421.0,-33.970833,22.548333,2013-06-19
8495,14581.0,-33.970833,22.548333,2013-07-19
8496,14461.0,-33.970833,22.548333,2013-08-21
8497,14621.0,-33.970833,22.548333,2013-09-20
8498,14753.0,-33.970833,22.548333,2013-10-17
8499,14875.0,-33.970833,22.548333,2013-11-05
8500,14924.0,-33.970833,22.548333,2013-11-08
8501,15019.5,-33.970833,22.548333,2014-01-15
8502,14810.0,-33.970833,22.548333,2014-03-05
8503,14807.5,-33.970833,22.548333,2014-04-02
8504,14437.0,-33.970833,22.548333,2014-05-08
8505,14535.0,-28.7115,24.07288889,2015-07-13
8506,14339.5,-33.970833,22.548333,2014-07-09
8507,14541.0,-33.970833,22.548333,2014-08-06
8508,14604.5,-33.970833,22.548333,2014-09-03
8509,14769.0,-33.970833,22.548333,2014-10-08
8510,14937.0,-33.970833,22.548333,2015-01-07
8511,14866.0,-33.970833,22.548333,2015-02-04
8512,14860.0,-33.970833,22.548333,2015-03-05
8513,14747.0,-33.970833,22.548333,2015-04-08
8514,14463.0,-33.970833,22.548333,2015-05-07
8515,14390.0,-33.970833,22.548333,2015-06-02
8516,14295.5,-33.970833,22.548333,2015-07-08
8517,14430.0,-33.970833,22.548333,2015-08-05
8518,14534.5,-33.970833,22.548333,2015-09-02
8519,14707.0,-33.970833,22.548333,2015-10-06
8520,14876.0,-33.970833,22.548333,2015-11-04
8521,14923.0,-33.970833,22.548333,2015-12-03
8522,15037.5,-34.005833,22.351111,2011-01-21
8523,15054.0,-34.005833,22.351111,2011-02-11
8524,15098.0,-34.005833,22.351111,2011-03-17
8525,14797.5,-34.005833,22.351111,2011-04-19
8526,14575.0,-34.005833,22.351111,2011-05-17
8527,14365.0,-34.005833,22.351111,2011-06-21
8528,14887.0,-24.679167,30.8025,2015-07-13
8529,14871.0,-34.005833,22.351111,2011-10-12
8530,14547.0,-29.7775,29.470833,2015-07-13
8531,14645.0,-29.744167,29.905833,2015-07-13
8532,14514.0,-29.160278,26.573333,2015-07-13
8533,14424.0,-34.005833,22.351111,2012-06-26
8534,14447.0,-34.005833,22.351111,2012-07-18
8535,14450.0,-29.1825,23.575556,2015-07-13
8536,14704.0,-25.127778,27.628889,2015-07-14
8537,14886.0,-24.39619444,27.08983333,2015-07-14
8538,14760.0,-24.69514,27.40906,2015-07-14
8539,14415.0,-28.69485,28.23487,2015-07-14
8540,14907.0,-34.005833,22.351111,2013-04-05
8541,14481.0,-28.883333,27.89,2015-07-14
8542,14520.0,-34.005833,22.351111,2013-07-04
8543,14471.0,-34.005833,22.351111,2013-08-06
8544,14918.5,-24.183889,30.823889,2015-07-15
8545,14675.5,-25.20639,27.558,2015-07-15
8546,15022.0,-34.005833,22.351111,2013-12-04
8547,15104.0,-34.005833,22.351111,2014-01-22
8548,15166.0,-34.005833,22.351111,2014-02-20
8549,15074.0,-22.769722,30.886944,2015-07-15
8550,14876.0,-34.005833,22.351111,2014-04-03
8551,14685.5,-28.404444,30.013056,2015-07-15
8552,14673.5,-30.733889,29.828333,2015-07-15
8553,14410.5,-30.160091,27.40124,2015-07-15
8554,14314.5,-30.336111,27.359444,2015-07-15
8555,14445.0,-29.615556,27.065278,2015-07-15
8556,14949.5,-34.005833,22.351111,2014-11-04
8557,15176.0,-34.005833,22.351111,2014-12-03
8558,14681.0,-28.058889,30.373611,2015-07-15
8559,14350.0,-30.830556,26.921389,2015-07-16
8560,14855.5,-34.005833,22.351111,2015-04-10
8561,14736.5,-27.937778,31.209444,2015-07-16
8562,14464.0,-34.005833,22.351111,2015-06-04
8563,14666.5,-27.5275,30.858056,2015-07-16
8564,14722.5,-30.13573889,30.67422222,2015-07-16
8565,14717.5,-30.398056,30.601944,2015-07-16
8566,14666.0,-27.02314,28.59389,2015-07-16
8567,14603.5,-27.273889,28.49,2015-07-16
8568,14578.0,-27.935,26.126667,2015-07-16
8569,14556.5,-28.141944,26.417778,2015-07-16
8570,14515.0,-28.1175,26.719444,2015-07-16
8571,14221.0,-31.000833,26.353056,2015-07-16
8572,14328.5,-30.679722,26.7125,2015-07-16
8573,14355.5,-30.534167,24.961944,2015-07-16
8574,14642.0,-29.744167,29.905833,2015-07-17
8575,14610.5,-27.902778,24.615556,2015-07-17
8576,14703.5,-29.803611,30.516111,2015-07-17
8577,14583.0,-27.01011111,26.69808333,2015-07-20
8578,14834.0,-29.140556,31.391944,2015-07-20
8579,14676.0,-25.99136,27.84208,2015-07-20
8580,14659.0,-26.648056,27.089444,2015-07-20
8581,14633.0,-26.880278,26.965,2015-07-20
8582,14635.0,-26.73806,27.59194,2015-07-20
8583,14659.0,-26.45,28.085833,2015-07-20
8584,14640.0,-26.98472222,26.63227778,2015-07-20
8585,14431.0,-32.502778,19.535833,2015-07-20
8586,14264.0,-34.065833,20.404167,2015-07-21
8587,14486.0,-31.860278,18.6875,2015-07-21
8588,14239.0,-33.980556,21.653333,2015-07-21
8589,14811.0,-26.006389,29.253889,2015-07-21
8590,14699.0,-28.801278,31.955389,2015-07-21
8591,14660.0,-27.00222,28.76528,2015-07-21
8592,14576.0,-27.38972222,26.46388889,2015-07-21
8593,14614.0,-27.398611,26.614722,2015-07-21
8594,14302.0,-34.092222,21.295278,2015-07-21
8595,14445.0,-31.5653,18.3306,2015-07-21
8596,14608.0,-27.4,26.624722,2015-07-21
8597,14685.0,-25.81048333,27.90955222,2015-07-22
8598,14755.0,-28.747778,31.745833,2015-07-22
8599,14574.0,-26.970278,27.211111,2015-07-22
8600,14633.0,-26.880278,26.965,2015-07-22
8601,14600.0,-27.273889,28.49,2015-07-22
8602,14555.0,-28.141944,26.417778,2015-07-22
8603,14512.0,-28.1175,26.719444,2015-07-22
8604,14330.0,-34.250556,20.9925,2015-07-22
8605,14244.0,-34.405833,19.600556,2015-07-22
8606,14177.0,-33.38056,19.30167,2015-07-22
8607,14183.0,-33.08883333,19.21878333,2015-07-22
8608,14836.5,-24.95861111,29.39527778,2015-07-23
8609,14476.5,-33.7075,18.97444444,2015-07-23
8610,14759.0,-25.57877778,29.12747222,2015-07-23
8611,14347.0,-33.897778,20.012778,2015-07-23
8612,14794.0,-26.619444,27.980833,2015-07-27
8613,14740.0,-25.127778,27.628889,2015-07-28
8614,14687.0,-25.20639,27.558,2015-07-28
8615,14796.0,-24.69514,27.40906,2015-07-28
8616,14925.5,-28.44555556,32.325,2015-08-25
8617,14592.0,-27.169444,29.233889,2015-07-28
8618,14585.0,-27.935,26.126667,2015-07-28
8619,14555.0,-28.141944,26.417778,2015-07-28
8620,14518.0,-28.1175,26.719444,2015-07-28
8621,14638.0,-27.398611,26.614722,2015-07-28
8622,14607.0,-27.671111,27.236944,2015-07-28
8623,14415.0,-28.69485,28.23487,2015-07-28
8624,14385.0,-33.501667,21.624167,2015-07-28
8625,14376.0,-33.31388889,19.07472222,2015-07-28
8626,14726.0,-28.338333,31.373611,2015-07-28
8627,14821.0,-28.068333,31.55,2015-07-28
8628,14920.0,-28.308889,31.9025,2015-07-28
8629,14637.0,-27.4,26.624722,2015-07-28
8630,14491.0,-29.161667,23.696389,2015-07-29
8631,14800.0,-27.602222,29.942778,2015-07-29
8632,14547.0,-27.802778,28.768333,2015-07-29
8633,14402.0,-33.13083,18.86278,2015-07-29
8634,14750.0,-26.03611,30.99778,2015-07-30
8635,14666.0,-28.75,30.442778,2015-07-30
8636,14676.0,-29.161667,30.629722,2015-07-30
8637,14668.0,-27.02314,28.59389,2015-07-30
8638,14621.0,-27.273889,28.49,2015-07-30
8639,14573.0,-27.4275,28.525833,2015-07-30
8640,14660.0,-27.3,28.586944,2015-07-30
8641,14562.0,-27.573056,24.746389,2015-07-30
8642,14686.0,-28.460833,21.248889,2015-07-30
8643,14502.0,-32.94583,18.33667,2015-07-30
8644,14730.0,-29.641944,30.6875,2015-07-31
8645,14938.0,-24.95861111,29.39527778,2015-07-31
8646,14698.0,-28.141944,26.417778,2015-07-31
8647,14647.0,-28.1175,26.719444,2015-07-31
8648,14736.5,-27.902778,24.615556,2015-07-31
8649,14807.0,-25.99136,27.84208,2015-08-03
8650,14774.5,-26.73806,27.59194,2015-08-03
8651,14781.5,-26.45,28.085833,2015-08-03
8652,14648.5,-29.160278,26.573333,2015-08-03
8653,14608.5,-31.396,29.2651,2015-08-03
8654,14721.0,-31.554722,29.245556,2015-08-03
8655,14993.0,-26.861111,28.884722,2015-08-04
8656,14908.0,-27.00222,28.76528,2015-08-04
8657,14775.0,-26.970278,27.211111,2015-08-04
8658,14823.0,-26.880278,26.965,2015-08-04
8659,14648.0,-28.69485,28.23487,2015-08-04
8660,14646.0,-29.615556,27.065278,2015-08-04
8661,14760.0,-28.883333,27.89,2015-08-04
8662,14672.0,-30.568333,29.422778,2015-08-04
8663,14625.0,-30.570833,29.150556,2015-08-04
8664,14588.0,-31.104278,29.399722,2015-08-04
8665,14531.0,-34.031944,22.053333,2015-08-04
8666,14528.0,-34.039722,22.133333,2015-08-04
8667,15133.0,-25.45963889,28.26430556,2015-08-04
8668,14796.0,-27.01011111,26.69808333,2015-08-05
8669,14956.0,-25.81048333,27.90955222,2015-08-05
8670,15036.0,-24.670833,28.560833,2015-08-05
8671,14939.0,-25.73411,27.21422,2015-08-05
8672,14930.0,-26.648056,27.089444,2015-08-05
8673,14904.0,-26.98472222,26.63227778,2015-08-05
8674,14899.0,-27.935,26.126667,2015-08-05
8675,14597.0,-30.160091,27.40124,2015-08-05
8676,14590.0,-30.336111,27.359444,2015-08-05
8677,14827.0,-28.768056,20.720556,2015-08-05
8678,14744.0,-31.031389,28.883333,2015-08-05
8679,14720.0,-30.86013889,29.07125,2015-08-05
8680,14698.0,-30.77586667,29.03221667,2015-08-05
8681,14489.0,-34.02861,22.22222,2015-08-05
8682,14570.0,-30.830556,26.921389,2015-08-06
8683,15304.0,-22.769722,30.886944,2015-08-06
8684,14942.0,-26.905,32.324722,2015-08-06
8685,14841.0,-28.141944,26.417778,2015-08-06
8686,14444.0,-31.000833,26.353056,2015-08-06
8687,14539.0,-30.679722,26.7125,2015-08-06
8688,14649.0,-30.534167,24.961944,2015-08-06
8689,15208.0,-23.658056,31.05,2015-08-07
8690,15149.0,-23.838611,31.640833,2015-08-07
8691,15174.0,-24.058889,31.237222,2015-08-07
8692,14819.0,-29.7775,29.470833,2015-08-10
8693,14653.5,-29.987778,29.851667,2015-08-10
8694,14990.0,-24.69514,27.40906,2015-08-11
8695,14742.0,-24.99328,30.81444,2015-08-11
8696,14828.0,-30.733889,29.828333,2015-08-11
8697,15017.0,-25.127778,27.628889,2015-08-12
8698,14965.0,-25.20639,27.558,2015-08-12
8699,15125.0,-24.768889,31.39,2015-08-12
8700,15138.0,-24.9675,31.516667,2015-08-12
8701,14953.0,-27.937778,31.209444,2015-08-12
8702,15007.0,-28.404444,30.013056,2015-08-12
8703,14814.0,-30.398056,30.601944,2015-08-12
8704,14895.0,-28.141944,26.417778,2015-08-12
8705,14872.0,-28.1175,26.719444,2015-08-12
8706,14945.0,-27.671111,27.236944,2015-08-12
8707,14942.0,-28.058889,30.373611,2015-08-12
8708,14764.0,-30.13573889,30.67422222,2015-08-13
8709,15001.0,-27.38972222,26.46388889,2015-08-13
8710,14992.0,-27.398611,26.614722,2015-08-13
8711,14996.0,-27.902778,24.615556,2015-08-13
8712,14994.0,-27.4,26.624722,2015-08-13
8713,14767.0,-29.744167,29.905833,2015-08-14
8714,14805.5,-29.380556,30.2775,2015-08-17
8715,15058.5,-26.73806,27.59194,2015-08-17
8716,15098.5,-26.45,28.085833,2015-08-17
8717,14915.0,-28.760833,17.730278,2015-08-18
8718,14898.0,-29.140556,31.391944,2015-08-18
8719,14794.5,-31.860278,18.6875,2015-08-18
8720,15204.0,-24.679167,30.8025,2015-08-18
8721,15070.0,-25.99136,27.84208,2015-08-18
8722,14926.0,-28.801278,31.955389,2015-08-18
8723,15000.0,-27.937778,31.209444,2015-08-18
8724,15170.5,-26.861111,28.884722,2015-08-18
8725,15064.5,-27.00222,28.76528,2015-08-18
8726,14999.5,-26.970278,27.211111,2015-08-18
8727,15031.0,-26.880278,26.965,2015-08-18
8728,14796.0,-30.160091,27.40124,2015-08-18
8729,14556.5,-34.092222,21.295278,2015-08-18
8730,14631.5,-33.818056,19.694722,2015-08-18
8731,14783.5,-31.5653,18.3306,2015-08-18
8732,15160.0,-22.91028,29.61111,2015-08-19
8733,15024.5,-25.73411,27.21422,2015-08-19
8734,15167.5,-26.006389,29.253889,2015-08-19
8735,15231.5,-24.058889,31.237222,2015-08-19
8736,14953.0,-28.747778,31.745833,2015-08-19
8737,15065.5,-26.648056,27.089444,2015-08-19
8738,14994.5,-27.273889,28.49,2015-08-19
8739,15045.0,-26.98472222,26.63227778,2015-08-19
8740,14446.0,-33.38056,19.30167,2015-08-19
8741,15200.0,-25.45963889,28.26430556,2015-08-19
8742,15082.0,-25.81048333,27.90955222,2015-08-20
8743,15212.0,-24.183889,30.823889,2015-08-20
8744,15155.0,-24.282222,28.090278,2015-08-20
8745,14996.0,-27.935,26.126667,2015-08-20
8746,15034.0,-28.141944,26.417778,2015-08-20
8747,14987.0,-28.1175,26.719444,2015-08-20
8748,14899.0,-33.7075,18.97444444,2015-08-20
8749,15189.0,-24.95861111,29.39527778,2015-08-21
8750,14978.0,-27.573056,24.746389,2015-08-21
8751,14809.0,-29.380556,30.2775,2015-08-22
8752,15042.5,-28.735556,29.820556,2015-08-24
8753,15180.0,-28.308889,31.9025,2015-08-24
8754,14596.5,-34.065833,20.404167,2015-08-25
8755,15050.0,-25.127778,27.628889,2015-08-25
8756,14986.0,-25.20639,27.558,2015-08-25
8757,15087.0,-28.44555556,32.325,2015-09-21
8758,15148.5,-26.619444,27.980833,2015-08-25
8759,15142.5,-26.510278,28.351389,2015-08-25
8760,15046.0,-27.671111,27.236944,2015-08-25
8761,14612.0,-33.501667,21.624167,2015-08-25
8762,14652.5,-33.31388889,19.07472222,2015-08-25
8763,15110.0,-28.068333,31.55,2015-08-25
8764,14944.0,-29.161667,23.696389,2015-08-26
8765,14997.5,-28.7115,24.07288889,2015-08-26
8766,14946.5,-29.641944,30.6875,2015-08-26
8767,15087.0,-27.169444,29.233889,2015-08-26
8768,15071.5,-27.802778,28.768333,2015-08-26
8769,15122.0,-27.398611,26.614722,2015-08-26
8770,14638.5,-34.405833,19.600556,2015-08-26
8771,14648.0,-33.13083,18.86278,2015-08-26
8772,15129.0,-27.4,26.624722,2015-08-26
8773,15138.0,-27.602222,29.942778,2015-08-27
8774,15068.0,-28.75,30.442778,2015-08-27
8775,14990.0,-29.161667,30.629722,2015-08-27
8776,14794.0,-32.94583,18.33667,2015-08-27
8777,15342.0,-23.838611,31.640833,2015-08-28
8778,15250.0,-24.058889,31.237222,2015-08-28
8779,15021.0,-29.744167,29.905833,2015-08-28
8780,14891.0,-29.1825,23.575556,2015-08-29
8781,15108.0,-25.99136,27.84208,2015-08-31
8782,15074.0,-26.73806,27.59194,2015-08-31
8783,15133.0,-26.45,28.085833,2015-08-31
8784,15118.0,-27.363611,31.783333,2015-09-01
8785,15266.5,-26.861111,28.884722,2015-09-01
8786,15177.0,-27.00222,28.76528,2015-09-01
8787,15039.5,-26.970278,27.211111,2015-09-01
8788,15105.5,-27.273889,28.49,2015-09-01
8789,15129.5,-27.4275,28.525833,2015-09-01
8790,15128.5,-27.3,28.586944,2015-09-01
8791,15200.5,-27.935,26.126667,2015-09-01
8792,14974.5,-31.396,29.2651,2015-09-01
8793,14993.5,-31.554722,29.245556,2015-09-01
8794,14649.5,-34.005833,22.351111,2015-09-01
8795,15252.5,-25.45963889,28.26430556,2015-09-01
8796,14983.0,-25.447222,30.711667,2015-09-01
8797,15062.0,-27.01011111,26.69808333,2015-09-02
8798,15129.5,-25.81048333,27.90955222,2015-09-02
8799,15053.0,-25.436111,31.982222,2015-09-02
8800,15304.5,-23.658056,31.05,2015-09-02
8801,15205.5,-25.681111,31.783333,2015-09-02
8802,15075.5,-25.362222,31.956667,2015-09-02
8803,15154.0,-27.02314,28.59389,2015-09-02
8804,15094.5,-26.648056,27.089444,2015-09-02
8805,15105.5,-27.273889,28.49,2015-09-02
8806,15129.5,-27.4275,28.525833,2015-09-02
8807,15128.5,-27.3,28.586944,2015-09-02
8808,14924.5,-30.570833,29.150556,2015-09-02
8809,14934.5,-31.104278,29.399722,2015-09-02
8810,14962.0,-30.77586667,29.03221667,2015-09-02
8811,14651.5,-34.031944,22.053333,2015-09-02
8812,14947.5,-29.641944,30.6875,2015-09-03
8813,15146.5,-25.398889,31.610556,2015-09-03
8814,15078.5,-27.802778,28.768333,2015-09-03
8815,15200.5,-27.935,26.126667,2015-09-03
8816,15147.0,-28.141944,26.417778,2015-09-03
8817,14840.5,-30.679722,26.7125,2015-09-03
8818,14984.5,-30.568333,29.422778,2015-09-03
8819,15027.0,-31.031389,28.883333,2015-09-03
8820,14989.5,-30.86013889,29.07125,2015-09-03
8821,14891.0,-29.987778,29.851667,2015-09-07
8822,14959.0,-29.744167,29.905833,2015-09-07
8823,15162.0,-29.160278,26.573333,2015-09-07
8824,15201.0,-25.57877778,29.12747222,2015-09-07
8825,15357.0,-22.225556,29.990556,2015-09-08
8826,15245.0,-22.91028,29.61111,2015-09-08
8827,15177.0,-25.127778,27.628889,2015-09-08
8828,15102.0,-25.20639,27.558,2015-09-08
8829,15148.0,-24.69514,27.40906,2015-09-08
8830,15398.0,-23.838611,31.640833,2015-09-08
8831,15177.0,-26.006389,29.253889,2015-09-08
8832,15083.0,-30.733889,29.828333,2015-09-08
8833,14969.0,-29.7775,29.470833,2015-09-08
8834,15157.0,-28.141944,26.417778,2015-09-08
8835,15088.0,-27.671111,27.236944,2015-09-08
8836,14921.0,-28.69485,28.23487,2015-09-08
8837,15081.0,-29.615556,27.065278,2015-09-08
8838,14992.0,-28.883333,27.89,2015-09-08
8839,15329.0,-24.058889,31.237222,2015-09-09
8840,15077.5,-27.937778,31.209444,2015-09-09
8841,15321.0,-28.404444,30.013056,2015-09-09
8842,14968.0,-30.398056,30.601944,2015-09-09
8843,15190.5,-27.398611,26.614722,2015-09-09
8844,15048.5,-30.160091,27.40124,2015-09-09
8845,15040.5,-30.336111,27.359444,2015-09-09
8846,15089.0,-28.058889,30.373611,2015-09-09
8847,15246.5,-27.4,26.624722,2015-09-09
8848,15214.0,-29.161667,23.696389,2015-09-10
8849,14996.0,-30.830556,26.921389,2015-09-10
8850,15335.0,-24.282222,28.090278,2015-09-10
8851,15338.0,-22.769722,30.886944,2015-09-10
8852,15063.0,-27.5275,30.858056,2015-09-10
8853,14891.0,-30.13573889,30.67422222,2015-09-10
8854,14774.0,-31.000833,26.353056,2015-09-10
8855,14949.0,-30.679722,26.7125,2015-09-10
8856,15070.5,-30.534167,24.961944,2015-09-10
8857,15278.0,-24.95861111,29.39527778,2015-09-11
8858,15087.0,-29.744167,29.905833,2015-09-11
8859,15111.5,-27.573056,24.746389,2015-09-11
8860,15056.5,-29.651389,22.746389,2015-09-11
8861,15095.0,-29.1825,23.575556,2015-09-11
8862,15020.5,-29.803611,30.516111,2015-09-11
8863,15227.0,-26.73806,27.59194,2015-09-14
8864,15103.0,-26.45,28.085833,2015-09-14
8865,14833.0,-32.502778,19.535833,2015-09-14
8866,15162.0,-29.140556,31.391944,2015-09-15
8867,15129.0,-31.860278,18.6875,2015-09-15
8868,15204.0,-24.679167,30.8025,2015-09-15
8869,15191.0,-28.801278,31.955389,2015-09-15
8870,15361.0,-26.861111,28.884722,2015-09-15
8871,15264.0,-27.00222,28.76528,2015-09-15
8872,15175.0,-26.970278,27.211111,2015-09-15
8873,15198.0,-26.880278,26.965,2015-09-15
8874,14630.0,-34.092222,21.295278,2015-09-15
8875,14729.5,-34.075556,20.145556,2015-09-15
8876,14990.0,-32.595833,19.009444,2015-09-15
8877,15276.0,-25.45963889,28.26430556,2015-09-15
8878,15228.0,-27.01011111,26.69808333,2015-09-16
8879,15231.0,-25.81048333,27.90955222,2015-09-16
8880,15186.0,-29.641944,30.6875,2015-09-16
8881,15235.0,-24.670833,28.560833,2015-09-16
8882,15240.0,-24.058889,31.237222,2015-09-16
8883,15167.0,-26.648056,27.089444,2015-09-16
8884,15298.0,-26.98472222,26.63227778,2015-09-16
8885,14621.0,-34.250556,20.9925,2015-09-16
8886,14568.0,-33.38056,19.30167,2015-09-16
8887,15434.5,-24.183889,30.823889,2015-09-17
8888,15195.0,-26.03611,30.99778,2015-09-17
8889,15141.0,-28.747778,31.745833,2015-09-17
8890,15375.5,-27.935,26.126667,2015-09-17
8891,15267.5,-28.141944,26.417778,2015-09-17
8892,14860.0,-33.7075,18.97444444,2015-09-17
8893,15297.5,-28.44555556,32.325,2015-10-20
8894,15615.0,-28.735556,29.820556,2015-09-21
8895,15298.0,-26.648056,27.089444,2015-09-21
8896,15557.0,-26.619444,27.980833,2015-09-21
8897,15439.0,-26.510278,28.351389,2015-09-21
8898,14986.0,-33.501667,21.624167,2015-09-21
8899,15455.0,-28.338333,31.373611,2015-09-21
8900,15595.0,-28.068333,31.55,2015-09-21
8901,15547.0,-28.308889,31.9025,2015-09-21
8902,15428.0,-25.127778,27.628889,2015-09-22
8903,15370.0,-25.20639,27.558,2015-09-22
8904,15359.0,-24.69514,27.40906,2015-09-22
8905,15572.0,-27.169444,29.233889,2015-09-22
8906,15666.0,-29.161667,23.696389,2015-09-23
8907,15534.0,-28.7115,24.07288889,2015-09-23
8908,15622.0,-27.02314,28.59389,2015-09-23
8909,15402.0,-27.4275,28.525833,2015-09-23
8910,15514.0,-27.3,28.586944,2015-09-23
8911,15381.0,-27.398611,26.614722,2015-09-23
8912,15399.0,-27.4,26.624722,2015-09-23
8913,15617.0,-27.602222,29.942778,2015-09-24
8914,15535.0,-28.75,30.442778,2015-09-24
8915,15390.0,-29.161667,30.629722,2015-09-24
8916,15406.5,-29.744167,29.905833,2015-09-25
8917,15613.0,-27.902778,24.615556,2015-09-25
8918,15443.0,-25.99136,27.84208,2015-09-28
8919,15556.0,-26.45,28.085833,2015-09-28
8920,14941.0,-34.065833,20.404167,2015-09-29
8921,15137.0,-24.99328,30.81444,2015-09-29
8922,15484.0,-27.363611,31.783333,2015-09-29
8923,15763.0,-26.861111,28.884722,2015-09-29
8924,15395.0,-26.970278,27.211111,2015-09-29
8925,15446.0,-26.880278,26.965,2015-09-29
8926,15631.0,-27.38972222,26.46388889,2015-09-29
8927,14948.0,-33.31388889,19.07472222,2015-09-29
8928,15665.0,-25.45963889,28.26430556,2015-09-29
8929,15399.0,-27.01011111,26.69808333,2015-09-30
8930,15537.0,-25.81048333,27.90955222,2015-09-30
8931,15327.0,-29.641944,30.6875,2015-09-30
8932,15605.0,-24.768889,31.39,2015-09-30
8933,15698.0,-27.00222,28.76528,2015-09-30
8934,15502.0,-26.648056,27.089444,2015-09-30
8935,15568.0,-27.273889,28.49,2015-09-30
8936,15533.0,-26.98472222,26.63227778,2015-09-30
8937,15481.0,-31.031389,28.883333,2015-09-30
8938,15328.0,-30.86013889,29.07125,2015-09-30
8939,15360.0,-30.77586667,29.03221667,2015-09-30
8940,14819.0,-34.405833,19.600556,2015-09-30
8941,15043.0,-32.94583,18.33667,2015-09-30
8942,15622.0,-26.73806,27.59194,2015-10-01
8943,15620.0,-27.935,26.126667,2015-10-01
8944,15557.0,-28.141944,26.417778,2015-10-01
8945,15439.0,-30.160091,27.40124,2015-10-01
8946,15025.0,-33.13083,18.86278,2015-10-01
8947,14990.0,-33.897778,20.012778,2015-10-01
8948,15266.5,-29.7775,29.470833,2015-10-05
8949,15239.5,-29.987778,29.851667,2015-10-05
8950,15442.0,-29.744167,29.905833,2015-10-05
8951,15334.5,-31.396,29.2651,2015-10-05
8952,15309.5,-31.554722,29.245556,2015-10-05
8953,15627.0,-24.679167,30.8025,2015-10-06
8954,15515.0,-25.127778,27.628889,2015-10-06
8955,15388.0,-25.20639,27.558,2015-10-06
8956,15406.5,-24.69514,27.40906,2015-10-06
8957,15713.0,-23.658056,31.05,2015-10-06
8958,15458.5,-30.733889,29.828333,2015-10-06
8959,15437.0,-30.568333,29.422778,2015-10-06
8960,15298.5,-30.570833,29.150556,2015-10-06
8961,15317.5,-31.104278,29.399722,2015-10-06
8962,14918.0,-34.031944,22.053333,2015-10-06
8963,14845.5,-34.039722,22.133333,2015-10-06
8964,15373.0,-29.641944,30.6875,2015-10-07
8965,15747.0,-24.058889,31.237222,2015-10-07
8966,15662.0,-27.937778,31.209444,2015-10-07
8967,15750.0,-28.404444,30.013056,2015-10-07
8968,15124.0,-30.398056,30.601944,2015-10-07
8969,14818.0,-34.02861,22.22222,2015-10-07
8970,14749.0,-34.005833,22.351111,2015-10-07
8971,15694.0,-28.058889,30.373611,2015-10-07
8972,15572.0,-24.183889,30.823889,2015-10-08
8973,15420.0,-27.5275,30.858056,2015-10-08
8974,15119.0,-30.13573889,30.67422222,2015-10-08
8975,15492.0,-27.273889,28.49,2015-10-08
8976,15554.0,-27.4275,28.525833,2015-10-08
8977,15372.0,-31.396,29.2651,2015-10-08
8978,15666.0,-29.161667,23.696389,2015-10-09
8979,15456.0,-29.744167,29.905833,2015-10-09
8980,15504.0,-27.573056,24.746389,2015-10-09
8981,15736.0,-27.902778,24.615556,2015-10-09
8982,15449.0,-29.803611,30.516111,2015-10-09
8983,15506.0,-25.99136,27.84208,2015-10-12
8984,15584.0,-26.73806,27.59194,2015-10-12
8985,15588.0,-26.45,28.085833,2015-10-12
8986,15242.0,-29.140556,31.391944,2015-10-13
8987,15318.5,-28.801278,31.955389,2015-10-13
8988,15694.5,-26.861111,28.884722,2015-10-13
8989,15492.5,-26.880278,26.965,2015-10-13
8990,15688.0,-27.38972222,26.46388889,2015-10-13
8991,15611.5,-28.141944,26.417778,2015-10-13
8992,15590.5,-28.1175,26.719444,2015-10-13
8993,15617.0,-27.398611,26.614722,2015-10-13
8994,15691.0,-25.45963889,28.26430556,2015-10-13
8995,15494.5,-27.01011111,26.69808333,2015-10-14
8996,15548.0,-25.81048333,27.90955222,2015-10-14
8997,15463.0,-25.73411,27.21422,2015-10-14
8998,15621.5,-22.769722,30.886944,2015-10-14
8999,15318.0,-28.747778,31.745833,2015-10-14
9000,15294.5,-29.380556,30.2775,2015-10-14
9001,15656.5,-27.00222,28.76528,2015-10-14
9002,15519.5,-26.648056,27.089444,2015-10-14
9003,15554.5,-27.273889,28.49,2015-10-14
9004,15629.5,-26.98472222,26.63227778,2015-10-14
9005,15525.0,-27.671111,27.236944,2015-10-14
9006,15441.0,-26.03611,30.99778,2015-10-15
9007,15568.0,-28.141944,26.417778,2015-10-15
9008,15698.0,-24.058889,31.237222,2015-10-16
9009,15528.0,-28.735556,29.820556,2015-10-19
9010,15775.5,-26.619444,27.980833,2015-10-19
9011,15735.0,-29.160278,26.573333,2015-10-19
9012,15240.5,-33.818056,19.694722,2015-10-19
9013,15196.0,-25.447222,30.711667,2015-10-19
9014,15694.5,-28.760833,17.730278,2015-10-20
9015,15467.5,-31.860278,18.6875,2015-10-20
9016,15562.0,-25.127778,27.628889,2015-10-20
9017,15437.0,-25.20639,27.558,2015-10-20
9018,15497.0,-24.69514,27.40906,2015-10-20
9019,15700.0,-25.681111,31.783333,2015-10-20
9020,15464.5,-25.67386,31.57527,2015-10-20
9021,15301.0,-28.44555556,32.325,2015-11-17
9022,15778.0,-27.802778,28.768333,2015-10-20
9023,15524.5,-27.671111,27.236944,2015-10-20
9024,15472.5,-28.69485,28.23487,2015-10-20
9025,15446.0,-28.883333,27.89,2015-10-20
9026,14954.0,-34.092222,21.295278,2015-10-20
9027,15566.0,-32.595833,19.009444,2015-10-20
9028,15573.5,-28.338333,31.373611,2015-10-20
9029,15806.5,-29.161667,23.696389,2015-10-21
9030,15573.5,-30.830556,26.921389,2015-10-21
9031,15664.5,-24.670833,28.560833,2015-10-21
9032,15586.0,-22.91028,29.61111,2015-10-21
9033,14984.0,-28.058889,30.373611,2015-04-27
9034,15617.5,-26.006389,29.253889,2015-10-21
9035,15649.5,-25.362222,31.956667,2015-10-21
9036,15713.5,-25.398889,31.610556,2015-10-21
9037,15624.0,-27.602222,29.942778,2015-10-21
9038,15716.0,-27.169444,29.233889,2015-10-21
9039,15530.5,-26.510278,28.351389,2015-10-21
9040,15678.0,-27.398611,26.614722,2015-10-21
9041,15445.0,-30.336111,27.359444,2015-10-21
9042,15719.0,-29.615556,27.065278,2015-10-21
9043,15089.5,-34.250556,20.9925,2015-10-21
9044,15012.0,-33.38056,19.30167,2015-10-21
9045,14963.5,-33.08883333,19.21878333,2015-10-21
9046,15717.5,-27.4,26.624722,2015-10-21
9047,15693.0,-28.75,30.442778,2015-10-22
9048,15462.0,-29.161667,30.629722,2015-10-22
9049,15724.0,-27.02314,28.59389,2015-10-22
9050,15715.0,-27.4275,28.525833,2015-10-22
9051,15649.5,-27.3,28.586944,2015-10-22
9052,15411.0,-31.000833,26.353056,2015-10-22
9053,15520.5,-30.679722,26.7125,2015-10-22
9054,15340.0,-33.7075,18.97444444,2015-10-22
9055,15684.0,-29.744167,29.905833,2015-10-23
9056,15688.0,-27.573056,24.746389,2015-10-23
9057,15846.0,-27.902778,24.615556,2015-10-23
9058,15677.0,-29.658056,25.973333,2015-10-23
9059,15593.0,-25.99136,27.84208,2015-10-26
9060,15603.0,-26.45,28.085833,2015-10-26
9061,15472.0,-31.554722,29.245556,2015-10-26
9062,15154.0,-33.501667,21.624167,2015-10-26
9063,15529.5,-25.73411,27.21422,2015-10-27
9064,15534.0,-27.363611,31.783333,2015-10-27
9065,15458.0,-26.970278,27.211111,2015-10-27
9066,15549.5,-26.880278,26.965,2015-10-27
9067,15572.5,-31.104278,29.399722,2015-10-27
9068,15294.0,-33.31388889,19.07472222,2015-10-27
9069,15825.5,-25.45963889,28.26430556,2015-10-27
9070,15730.0,-28.760833,17.730278,2015-10-28
9071,15860.5,-29.161667,23.696389,2015-10-28
9072,15680.5,-28.7115,24.07288889,2015-10-28
9073,15656.0,-27.01011111,26.69808333,2015-10-28
9074,15540.0,-29.641944,30.6875,2015-10-28
9075,15766.0,-27.00222,28.76528,2015-10-28
9076,15554.0,-26.648056,27.089444,2015-10-28
9077,15812.5,-26.98472222,26.63227778,2015-10-28
9078,15749.0,-29.651389,22.746389,2015-10-28
9079,15720.5,-29.1825,23.575556,2015-10-28
9080,15084.0,-34.405833,19.600556,2015-10-28
9081,15390.5,-33.13083,18.86278,2015-10-28
9082,15606.5,-25.81048333,27.90955222,2015-10-29
9083,15465.0,-30.570833,29.150556,2015-10-29
9084,15518.0,-30.77586667,29.03221667,2015-10-29
9085,15007.5,-34.329722,18.990278,2015-10-29
9086,15504.5,-32.94583,18.33667,2015-10-29
9087,15683.5,-30.568333,29.422778,2015-10-30
9088,15547.5,-31.031389,28.883333,2015-10-30
9089,15649.0,-30.86013889,29.07125,2015-10-30
9090,15534.0,-29.987778,29.851667,2015-11-01
9091,15512.0,-29.7775,29.470833,2015-11-02
9092,15534.0,-29.987778,29.851667,2015-11-02
9093,15623.0,-25.127778,27.628889,2015-11-03
9094,15514.0,-25.20639,27.558,2015-11-03
9095,15640.0,-30.733889,29.828333,2015-11-03
9096,15061.0,-34.031944,22.053333,2015-11-03
9097,15634.0,-27.937778,31.209444,2015-11-04
9098,15763.5,-28.404444,30.013056,2015-11-04
9099,15280.0,-30.398056,30.601944,2015-11-04
9100,15786.5,-29.615556,27.065278,2015-11-04
9101,14952.5,-34.005833,22.351111,2015-11-04
9102,15627.5,-28.058889,30.373611,2015-11-04
9103,15608.0,-22.91028,29.61111,2015-11-05
9104,15457.0,-27.5275,30.858056,2015-11-05
9105,15354.0,-30.13573889,30.67422222,2015-11-05
9106,15641.0,-29.744167,29.905833,2015-11-06
9107,15794.0,-27.573056,24.746389,2015-11-06
9108,16053.0,-27.902778,24.615556,2015-11-06
9109,15589.0,-29.803611,30.516111,2015-11-06
9110,15593.0,-25.99136,27.84208,2015-11-09
9111,15290.0,-29.380556,30.2775,2015-11-09
9112,15582.0,-26.73806,27.59194,2015-11-09
9113,15769.0,-29.160278,26.573333,2015-11-09
9114,15756.0,-29.651389,22.746389,2015-11-09
9115,15476.0,-28.747778,31.745833,2015-11-10
9116,15806.0,-28.141944,26.417778,2015-11-10
9117,15584.0,-27.671111,27.236944,2015-11-10
9118,15510.0,-28.69485,28.23487,2015-11-10
9119,15741.0,-29.615556,27.065278,2015-11-10
9120,15579.0,-28.883333,27.89,2015-11-10
9121,15887.0,-31.394444,20.947222,2015-11-10
9122,15881.0,-25.45963889,28.26430556,2015-11-10
9123,15590.0,-25.81048333,27.90955222,2015-11-11
9124,15476.0,-29.140556,31.391944,2015-11-11
9125,15310.0,-28.801278,31.955389,2015-11-11
9126,15779.0,-27.00222,28.76528,2015-11-11
9127,15477.0,-26.970278,27.211111,2015-11-11
9128,15539.0,-26.880278,26.965,2015-11-11
9129,15723.0,-27.273889,28.49,2015-11-11
9130,15809.0,-27.38972222,26.46388889,2015-11-11
9131,15834.0,-27.398611,26.614722,2015-11-11
9132,15573.0,-30.336111,27.359444,2015-11-11
9133,15846.0,-27.4,26.624722,2015-11-11
9134,15664.5,-27.01011111,26.69808333,2015-11-12
9135,15777.5,-30.830556,26.921389,2015-11-12
9136,15970.0,-23.658056,31.05,2015-11-12
9137,15627.0,-26.648056,27.089444,2015-11-12
9138,15763.0,-26.98472222,26.63227778,2015-11-12
9139,15780.0,-27.935,26.126667,2015-11-12
9140,15739.5,-28.1175,26.719444,2015-11-12
9141,15567.0,-31.000833,26.353056,2015-11-12
9142,15727.5,-30.679722,26.7125,2015-11-12
9143,15795.0,-26.619444,27.980833,2015-11-16
9144,15519.0,-24.679167,30.8025,2015-11-17
9145,15605.0,-25.127778,27.628889,2015-11-17
9146,15387.0,-25.20639,27.558,2015-11-17
9147,15145.0,-24.99328,30.81444,2015-11-17
9148,15789.0,-27.169444,29.233889,2015-11-17
9149,15854.0,-26.510278,28.351389,2015-11-17
9150,15748.0,-27.273889,28.49,2015-11-17
9151,15853.0,-27.3,28.586944,2015-11-17
9152,15586.0,-27.671111,27.236944,2015-11-17
9153,15309.0,-34.092222,21.295278,2015-11-17
9154,15378.0,-33.501667,21.624167,2015-11-17
9155,15658.0,-28.338333,31.373611,2015-11-17
9156,15633.0,-24.670833,28.560833,2015-11-18
9157,15551.0,-25.73411,27.21422,2015-11-18
9158,15803.0,-24.058889,31.237222,2015-11-18
9159,15533.0,-24.034167,31.123611,2015-11-18
9160,15655.0,-27.602222,29.942778,2015-11-18
9161,15834.0,-27.02314,28.59389,2015-11-18
9162,15782.0,-27.4275,28.525833,2015-11-18
9163,15819.0,-27.802778,28.768333,2015-11-18
9164,15834.0,-27.398611,26.614722,2015-11-18
9165,15507.0,-34.250556,20.9925,2015-11-18
9166,15846.0,-27.4,26.624722,2015-11-18
9167,15661.0,-24.183889,30.823889,2015-11-19
9168,15789.0,-28.75,30.442778,2015-11-19
9169,15537.0,-29.161667,30.629722,2015-11-19
9170,15853.0,-27.3,28.586944,2015-11-19
9171,15510.5,-29.744167,29.905833,2015-11-20
9172,15898.5,-27.573056,24.746389,2015-11-20
9173,16146.0,-27.902778,24.615556,2015-11-20
9174,15659.0,-25.99136,27.84208,2015-11-23
9175,15774.0,-26.73806,27.59194,2015-11-23
9176,15715.0,-26.45,28.085833,2015-11-23
9177,15285.0,-31.554722,29.245556,2015-11-23
9178,15616.5,-32.502778,19.535833,2015-11-23
9179,15220.5,-25.447222,30.711667,2015-11-23
9180,15473.0,-29.641944,30.6875,2015-11-24
9181,15631.0,-25.681111,31.783333,2015-11-24
9182,15375.0,-25.67386,31.57527,2015-11-24
9183,15186.0,-25.513889,31.224444,2015-11-24
9184,15681.0,-26.861111,28.884722,2015-11-24
9185,15559.0,-26.970278,27.211111,2015-11-24
9186,15635.0,-26.880278,26.965,2015-11-24
9187,15616.0,-31.104278,29.399722,2015-11-24
9188,15364.0,-31.396,29.2651,2015-11-24
9189,15471.0,-33.818056,19.694722,2015-11-24
9190,15252.0,-34.075556,20.145556,2015-11-24
9191,15796.0,-32.595833,19.009444,2015-11-24
9192,15776.0,-25.45963889,28.26430556,2015-11-24
9193,15741.0,-27.01011111,26.69808333,2015-11-25
9194,15610.0,-25.81048333,27.90955222,2015-11-25
9195,15339.0,-25.436111,31.982222,2015-11-25
9196,15642.0,-25.362222,31.956667,2015-11-25
9197,15689.0,-25.398889,31.610556,2015-11-25
9198,15867.0,-25.14944444,31.94055556,2015-11-25
9199,15787.0,-27.00222,28.76528,2015-11-25
9200,15686.0,-26.648056,27.089444,2015-11-25
9201,15722.0,-27.273889,28.49,2015-11-25
9202,15835.0,-26.98472222,26.63227778,2015-11-25
9203,15560.0,-30.568333,29.422778,2015-11-25
9204,15542.0,-30.570833,29.150556,2015-11-25
9205,15219.0,-33.38056,19.30167,2015-11-25
9206,15842.0,-30.86013889,29.07125,2015-11-26
9207,15788.0,-30.77586667,29.03221667,2015-11-26
9208,15526.0,-33.7075,18.97444444,2015-11-26
9209,15720.0,-31.031389,28.883333,2015-11-27
9210,15438.5,-29.7775,29.470833,2015-11-30
9211,15435.0,-34.065833,20.404167,2015-12-01
9212,15661.0,-25.127778,27.628889,2015-12-01
9213,15400.5,-25.20639,27.558,2015-12-01
9214,15676.0,-28.404444,30.013056,2015-12-01
9215,15536.0,-30.733889,29.828333,2015-12-01
9216,15822.0,-27.398611,26.614722,2015-12-01
9217,15122.5,-34.031944,22.053333,2015-12-01
9218,14985.5,-34.039722,22.133333,2015-12-01
9219,15529.0,-33.31388889,19.07472222,2015-12-01
9220,16162.0,-29.161667,23.696389,2015-12-02
9221,15696.0,-25.73411,27.21422,2015-12-02
9222,15218.0,-27.5275,30.858056,2015-12-02
9223,15318.0,-30.398056,30.601944,2015-12-02
9224,15695.0,-27.671111,27.236944,2015-12-02
9225,16158.0,-31.436944,20.474722,2015-12-02
9226,15019.0,-34.02861,22.22222,2015-12-02
9227,15214.0,-34.405833,19.600556,2015-12-02
9228,15788.0,-33.13083,18.86278,2015-12-02
9229,15072.0,-34.005833,22.351111,2015-12-02
9230,15533.0,-28.058889,30.373611,2015-12-02
9231,15817.0,-23.658056,31.05,2015-12-03
9232,15051.0,-34.329722,18.990278,2015-12-03
9233,15294.0,-29.803611,30.516111,2015-12-03
9234,15504.0,-29.744167,29.905833,2015-12-04
9235,15902.0,-27.935,26.126667,2015-12-04
9236,16186.0,-27.902778,24.615556,2015-12-04
9237,15533.0,-28.058889,30.373611,2015-12-05
9238,15744.5,-24.058889,31.237222,2015-12-06
9239,15603.5,-25.99136,27.84208,2015-12-07
9240,15278.5,-29.380556,30.2775,2015-12-07
9241,15745.0,-26.73806,27.59194,2015-12-07
9242,15648.5,-26.45,28.085833,2015-12-07
9243,15957.5,-29.160278,26.573333,2015-12-07
9244,15305.5,-29.140556,31.391944,2015-12-08
9245,15695.5,-26.861111,28.884722,2015-12-08
9246,15704.0,-26.970278,27.211111,2015-12-08
9247,15818.5,-26.880278,26.965,2015-12-08
9248,15641.5,-28.69485,28.23487,2015-12-08
9249,16027.5,-29.615556,27.065278,2015-12-08
9250,15827.5,-28.883333,27.89,2015-12-08
9251,15468.5,-33.501667,21.624167,2015-12-08
9252,15816.5,-25.45963889,28.26430556,2015-12-08
9253,15842.0,-27.01011111,26.69808333,2015-12-09
9254,15606.5,-25.81048333,27.90955222,2015-12-09
9255,15506.0,-24.670833,28.560833,2015-12-09
9256,15550.0,-22.91028,29.61111,2015-12-09
9257,15545.0,-28.747778,31.745833,2015-12-09
9258,15881.5,-26.98472222,26.63227778,2015-12-09
9259,15753.0,-27.671111,27.236944,2015-12-09
9260,15844.0,-30.336111,27.359444,2015-12-09
9261,15389.0,-34.092222,21.295278,2015-12-09
9262,15500.0,-29.641944,30.6875,2015-12-10
9263,15685.0,-22.769722,30.886944,2015-12-10
9264,15281.0,-28.801278,31.955389,2015-12-10
9265,15947.0,-27.38972222,26.46388889,2015-12-10
9266,15902.0,-27.935,26.126667,2015-12-10
9267,15517.0,-33.897778,20.012778,2012-01-12
9268,15311.0,-33.897778,20.012778,2012-03-01
9269,15847.0,-27.398611,26.614722,2015-12-10
9270,15887.0,-30.679722,26.7125,2015-12-10
9271,14416.0,-33.897778,20.012778,2012-06-19
9272,15883.0,-27.4,26.624722,2015-12-10
9273,15590.0,-34.250556,20.9925,2015-12-11
9274,15374.5,-28.735556,29.820556,2015-12-14
9275,15372.0,-33.897778,20.012778,2013-01-18
9276,15608.0,-26.619444,27.980833,2015-12-14
9277,15438.0,-24.679167,30.8025,2015-12-15
9278,15683.5,-27.169444,29.233889,2015-12-15
9279,15698.0,-26.510278,28.351389,2015-12-15
9280,15814.5,-27.671111,27.236944,2015-12-15
9281,16182.5,-29.161667,23.696389,2015-12-16
9282,15760.0,-25.127778,27.628889,2015-12-16
9283,15519.5,-25.20639,27.558,2015-12-16
9284,15660.5,-27.602222,29.942778,2015-12-16
9285,15827.5,-27.00222,28.76528,2015-12-16
9286,15809.0,-27.02314,28.59389,2015-12-16
9287,15749.0,-27.273889,28.49,2015-12-16
9288,15739.5,-27.4275,28.525833,2015-12-16
9289,15765.0,-27.3,28.586944,2015-12-16
9290,15209.0,-33.897778,20.012778,2015-02-26
9291,15902.5,-27.398611,26.614722,2015-12-16
9292,16184.5,-29.033333,23.983333,2015-12-16
9293,14569.0,-33.897778,20.012778,2015-05-21
9294,14658.0,-33.897778,20.012778,2015-08-27
9295,15208.0,-33.897778,20.012778,2015-10-29
9296,15418.0,-33.897778,20.012778,2015-12-03
9297,15936.0,-27.4,26.624722,2015-12-16
9298,15651.0,-24.183889,30.823889,2015-12-17
9299,15364.5,-29.161667,30.629722,2015-12-17
9300,15823.5,-27.802778,28.768333,2015-12-17
9301,15472.0,-29.744167,29.905833,2015-12-18
9302,16267.0,-27.902778,24.615556,2015-12-18
9303,15555.0,-25.99136,27.84208,2015-12-21
9304,15777.0,-26.73806,27.59194,2015-12-21
9305,15566.0,-26.45,28.085833,2015-12-21
9306,15651.5,-28.404444,30.013056,2015-12-22
9307,15871.5,-27.00222,28.76528,2015-12-22
9308,15760.5,-26.970278,27.211111,2015-12-22
9309,15820.5,-26.880278,26.965,2015-12-22
9310,15777.0,-27.273889,28.49,2015-12-22
9311,15850.5,-25.45963889,28.26430556,2015-12-22
9312,15876.5,-27.01011111,26.69808333,2015-12-23
9313,15597.0,-25.81048333,27.90955222,2015-12-23
9314,15395.5,-27.5275,30.858056,2015-12-23
9315,15681.0,-26.861111,28.884722,2015-12-23
9316,15878.5,-26.98472222,26.63227778,2015-12-23
9317,15876.5,-27.935,26.126667,2015-12-23
9318,15452.5,-29.744167,29.905833,2015-12-31
