,EVI_median,NDVI_median,Latitude,Longitude,Sample Date
0,241.0,636.0,-28.760833,17.730278,2011-01-02
1,4643.0,7656.0,-26.861111,28.884722,2011-01-03
2,3984.0,6276.0,-26.45,28.085833,2011-01-03
3,2217.0,3957.0,-27.671111,27.236944,2011-01-03
4,4136.0,7396.0,-27.356667,27.286389,2011-01-03
5,2182.0,4655.0,-27.01011111,26.69808333,2011-01-04
6,4073.0,6645.0,-25.127778,27.628889,2011-01-04
7,4336.0,6149.0,-25.20639,27.558,2011-01-04
8,2593.0,4889.0,-24.69514,27.40906,2011-01-04
9,1637.0,3511.0,-26.98472222,26.63227778,2011-01-04
10,736.0,1849.0,-28.141944,26.417778,2011-01-04
11,3315.0,6050.0,-27.398611,26.614722,2011-01-04
12,2499.0,4409.0,-33.501667,21.624167,2011-01-04
13,2372.0,3113.0,-32.502778,19.535833,2011-01-04
14,3832.0,6898.0,-25.45963889,28.26430556,2011-01-04
15,4222.0,6060.0,-27.495556,26.074722,2011-01-04
16,4430.0,7488.0,-26.648056,27.089444,2011-01-05
17,2710.0,5147.0,-26.970278,27.211111,2011-01-05
18,1995.0,3686.0,-27.38972222,26.46388889,2011-01-05
19,3930.0,6863.0,-27.044444,27.005,2011-01-05
20,4219.0,6399.0,-30.830556,26.921389,2011-01-06
21,2907.5,5543.5,-27.00222,28.76528,2011-01-06
22,3382.5,5493.5,-27.02314,28.59389,2011-01-06
23,3870.5,6026.5,-30.679722,26.7125,2011-01-06
24,2402.5,4509.5,-30.160091,27.40124,2011-01-06
25,3199.0,4933.5,-32.595833,19.009444,2011-01-06
26,4003.0,6415.0,-25.99136,27.84208,2011-01-10
27,1945.5,4176.0,-26.73806,27.59194,2011-01-10
28,3854.0,6028.0,-26.45,28.085833,2011-01-10
29,3310.0,5590.0,-30.86013889,29.07125,2011-01-10
30,4210.0,7573.5,-27.356667,27.286389,2011-01-10
31,2159.0,4634.0,-27.01011111,26.69808333,2011-01-11
32,4150.5,6025.5,-25.73411,27.21422,2011-01-11
33,1946.0,4025.5,-26.98472222,26.63227778,2011-01-11
34,3207.5,5877.5,-27.398611,26.614722,2011-01-11
35,2438.0,4585.5,-27.671111,27.236944,2011-01-11
36,2400.5,4403.5,-29.160278,26.573333,2011-01-11
37,2581.0,4662.5,-34.250556,20.9925,2011-01-11
38,3769.0,6644.5,-25.45963889,28.26430556,2011-01-11
39,3448.0,5777.5,-25.81048333,27.90955222,2011-01-12
40,3736.5,5836.0,-27.273889,28.49,2011-01-12
41,2784.0,4581.5,-27.4275,28.525833,2011-01-12
42,3702.0,5557.0,-28.883333,27.89,2011-01-12
43,2907.5,5543.5,-27.00222,28.76528,2011-01-13
44,3382.5,5493.5,-27.02314,28.59389,2011-01-13
45,1937.0,3921.0,-30.534167,24.961944,2011-01-13
46,1852.0,3951.5,-28.460833,21.248889,2011-01-13
47,2634.5,3945.0,-29.658056,25.973333,2011-01-14
48,333.5,803.0,-28.760833,17.730278,2011-01-16
49,5786.0,8286.0,-25.513889,31.224444,2011-01-17
50,4643.0,7656.0,-26.861111,28.884722,2011-01-17
51,5505.0,8665.0,-31.554722,29.245556,2011-01-17
52,3137.0,4985.0,-28.058889,30.373611,2011-01-17
53,4357.0,6585.0,-25.127778,27.628889,2011-01-18
54,5325.0,8107.0,-25.20639,27.558,2011-01-18
55,4616.0,7118.0,-24.69514,27.40906,2011-01-18
56,3543.0,6220.0,-25.681111,31.783333,2011-01-18
57,2408.0,4972.0,-27.802778,28.768333,2011-01-18
58,3315.0,6050.0,-27.398611,26.614722,2011-01-18
59,3137.0,6418.0,-31.104278,29.399722,2011-01-18
60,2227.0,4308.0,-31.396,29.2651,2011-01-18
61,2113.0,3498.0,-33.38056,19.30167,2011-01-18
62,2154.0,4300.0,-33.31388889,19.07472222,2011-01-18
63,4222.0,6556.0,-27.495556,26.074722,2011-01-18
64,4182.0,6414.0,-24.39619444,27.08983333,2011-01-19
65,2710.0,5147.0,-26.970278,27.211111,2011-01-19
66,2117.0,5069.0,-26.880278,26.965,2011-01-19
67,3398.0,5743.0,-27.273889,28.49,2011-01-19
68,2370.0,4727.0,-27.3,28.586944,2011-01-19
69,3930.0,6969.0,-27.044444,27.005,2011-01-19
70,4049.0,7200.0,-30.568333,29.422778,2011-01-19
71,3725.0,6350.0,-30.570833,29.150556,2011-01-19
72,3422.0,5913.0,-34.031944,22.053333,2011-01-19
73,1797.0,2952.0,-33.13083,18.86278,2011-01-19
74,2642.0,4376.0,-33.7075,18.97444444,2011-01-19
75,4080.0,7375.0,-25.57877778,29.12747222,2011-01-19
76,2854.0,6221.0,-26.006389,29.253889,2011-01-20
77,3384.0,5701.0,-27.02314,28.59389,2011-01-20
78,4190.0,6338.0,-30.679722,26.7125,2011-01-20
79,1776.0,3933.0,-28.460833,21.248889,2011-01-20
80,3540.0,6389.0,-30.77586667,29.03221667,2011-01-20
81,4295.0,6321.0,-24.925278,29.324444,2011-01-21
82,1776.0,3933.0,-28.460833,21.248889,2011-01-21
83,4944.5,6795.5,-24.679167,30.8025,2011-01-24
84,4100.0,6259.5,-25.99136,27.84208,2011-01-24
85,5055.0,7687.5,-25.49037,30.6986,2011-01-24
86,3016.5,5629.5,-26.970278,27.211111,2011-01-24
87,2617.0,4943.5,-27.671111,27.236944,2011-01-24
88,4227.0,7573.5,-27.356667,27.286389,2011-01-24
89,2159.0,4634.0,-27.01011111,26.69808333,2011-01-25
90,1946.0,4025.5,-26.98472222,26.63227778,2011-01-25
91,3221.5,5877.5,-27.398611,26.614722,2011-01-25
92,3105.5,5162.5,-33.818056,19.694722,2011-01-25
93,3623.5,6644.5,-25.45963889,28.26430556,2011-01-25
94,2731.0,4310.0,-33.897778,20.012778,2011-01-25
95,3425.0,6262.0,-25.81048333,27.90955222,2011-01-26
96,2506.0,4474.5,-34.065833,20.404167,2011-01-26
97,2277.0,4321.5,-24.058889,31.237222,2011-01-26
98,4539.5,7296.0,-26.648056,27.089444,2011-01-26
99,2651.5,5379.0,-26.880278,26.965,2011-01-26
100,3595.5,6043.5,-27.273889,28.49,2011-01-26
101,3911.5,6916.0,-27.044444,27.005,2011-01-26
102,3568.5,5663.0,-34.092222,21.295278,2011-01-26
103,3056.0,5508.0,-27.02314,28.59389,2011-01-27
104,2158.5,4739.0,-26.73806,27.59194,2011-01-27
105,183.0,375.0,-28.760833,17.730278,2011-01-30
106,4623.0,7146.0,-26.861111,28.884722,2011-01-31
107,2157.0,5002.0,-26.73806,27.59194,2011-01-31
108,4357.0,6614.0,-25.127778,27.628889,2011-02-01
109,4894.0,7698.0,-24.69514,27.40906,2011-02-01
110,4472.0,7208.0,-27.363611,31.783333,2011-02-01
111,2366.0,4972.0,-27.802778,28.768333,2011-02-01
112,2483.0,4834.0,-29.160278,26.573333,2011-02-01
113,2875.0,6372.0,-34.329722,18.990278,2011-02-01
114,5281.0,7455.0,-25.20639,27.558,2011-02-02
115,4035.0,6556.0,-23.281,30.54305556,2011-02-03
116,6328.0,7917.0,-28.801278,31.955389,2011-02-03
117,3080.0,5906.0,-27.00222,28.76528,2011-02-03
118,2728.0,5315.0,-27.02314,28.59389,2011-02-03
119,2296.0,4319.0,-27.3,28.586944,2011-02-03
120,4326.0,6567.0,-30.679722,26.7125,2011-02-03
121,1928.0,3875.0,-28.460833,21.248889,2011-02-03
122,1928.0,3875.0,-28.460833,21.248889,2011-02-04
123,3455.0,5209.0,-29.140556,31.391944,2011-02-07
124,3863.0,6060.5,-25.99136,27.84208,2011-02-07
125,2182.5,4249.5,-24.058889,31.237222,2011-02-07
126,2143.0,5158.5,-26.73806,27.59194,2011-02-07
127,3248.5,5699.0,-30.86013889,29.07125,2011-02-07
128,4227.0,7536.0,-27.356667,27.286389,2011-02-07
129,3115.5,5274.5,-28.058889,30.373611,2011-02-07
130,2293.0,4933.0,-27.01011111,26.69808333,2011-02-08
131,2919.0,5922.0,-27.169444,29.233889,2011-02-08
132,2590.0,4893.5,-26.98472222,26.63227778,2011-02-08
133,3114.0,5734.0,-27.398611,26.614722,2011-02-08
134,3833.0,6379.5,-27.573056,24.746389,2011-02-08
135,2358.5,4482.0,-33.501667,21.624167,2011-02-08
136,1602.5,2263.5,-32.502778,19.535833,2011-02-08
137,3440.5,6451.0,-25.45963889,28.26430556,2011-02-08
138,3142.0,5729.5,-26.970278,27.211111,2011-02-09
139,3322.0,5669.0,-27.273889,28.49,2011-02-09
140,4124.0,6351.0,-28.69485,28.23487,2011-02-09
141,3517.0,5249.5,-28.883333,27.89,2011-02-09
142,2695.0,5300.5,-27.02314,28.59389,2011-02-10
143,3938.5,6619.5,-30.679722,26.7125,2011-02-10
144,2198.5,4437.0,-30.534167,24.961944,2011-02-10
145,3331.0,6390.0,-34.031944,22.053333,2011-02-10
146,2925.5,5745.0,-34.039722,22.133333,2011-02-10
147,3147.0,4998.0,-32.595833,19.009444,2011-02-10
148,5972.0,7827.0,-28.801278,31.955389,2011-02-11
149,3168.0,5208.0,-29.658056,25.973333,2011-02-11
150,4256.0,6362.5,-28.068333,31.55,2011-02-11
151,-31.0,-70.0,-28.760833,17.730278,2011-02-13
152,4266.0,7124.0,-29.7775,29.470833,2011-02-14
153,5271.0,7618.0,-29.987778,29.851667,2011-02-14
154,3668.5,6604.0,-29.744167,29.905833,2011-02-14
155,4407.0,7104.0,-26.861111,28.884722,2011-02-14
156,4787.0,6989.5,-26.45,28.085833,2011-02-14
157,2211.5,4408.5,-31.396,29.2651,2011-02-14
158,5281.0,7455.0,-25.20639,27.558,2011-02-15
159,5439.0,7885.0,-24.69514,27.40906,2011-02-15
160,2978.0,5772.0,-26.006389,29.253889,2011-02-15
161,2252.0,4770.0,-27.802778,28.768333,2011-02-15
162,3100.0,5705.0,-27.398611,26.614722,2011-02-15
163,2575.0,4673.0,-27.671111,27.236944,2011-02-15
164,2483.0,4834.0,-29.160278,26.573333,2011-02-15
165,3829.0,7031.0,-30.568333,29.422778,2011-02-15
166,3912.0,7045.0,-30.570833,29.150556,2011-02-15
167,2023.0,3450.0,-33.38056,19.30167,2011-02-15
168,2148.0,4221.0,-33.31388889,19.07472222,2011-02-15
169,3951.0,6383.0,-27.495556,26.074722,2011-02-15
170,4146.0,6684.0,-25.436111,31.982222,2011-02-16
171,3121.0,5975.0,-24.39619444,27.08983333,2011-02-16
172,5182.0,8012.0,-25.67386,31.57527,2011-02-16
173,3010.0,6154.0,-30.733889,29.828333,2011-02-16
174,4398.0,7673.0,-30.398056,30.601944,2011-02-16
175,3398.0,5743.0,-27.273889,28.49,2011-02-16
176,2296.0,4319.0,-27.3,28.586944,2011-02-16
177,3229.0,6734.0,-27.044444,27.005,2011-02-16
178,3077.0,5699.0,-30.86013889,29.07125,2011-02-16
179,3479.0,7058.0,-30.77586667,29.03221667,2011-02-16
180,1766.0,2803.0,-33.13083,18.86278,2011-02-16
181,2553.0,5625.0,-24.925278,29.324444,2011-02-17
182,3080.0,5906.0,-27.00222,28.76528,2011-02-17
183,2728.0,5315.0,-27.02314,28.59389,2011-02-17
184,3565.0,6134.0,-22.43772222,31.07805556,2011-02-18
185,4001.0,6829.0,-29.803611,30.516111,2011-02-18
186,3736.0,5954.0,-25.99136,27.84208,2011-02-21
187,4191.0,7062.0,-26.861111,28.884722,2011-02-21
188,2129.0,5315.0,-26.73806,27.59194,2011-02-21
189,5408.0,7703.0,-26.45,28.085833,2011-02-21
190,2404.0,5211.0,-27.01011111,26.69808333,2011-02-22
191,3093.0,5992.0,-27.169444,29.233889,2011-02-22
192,2925.0,5247.0,-26.98472222,26.63227778,2011-02-22
193,3100.0,5705.0,-27.398611,26.614722,2011-02-22
194,2483.0,4834.0,-29.160278,26.573333,2011-02-22
195,3129.0,5122.0,-33.818056,19.694722,2011-02-22
196,3180.5,6049.0,-25.81048333,27.90955222,2011-02-23
197,2504.0,4876.5,-29.641944,30.6875,2011-02-23
198,2667.0,4779.0,-34.065833,20.404167,2011-02-23
199,3353.0,5329.5,-33.980556,21.653333,2011-02-23
200,3559.0,5799.0,-22.769722,30.886944,2011-02-23
201,2918.0,5757.5,-27.00222,28.76528,2011-02-23
202,2773.0,5212.0,-27.02314,28.59389,2011-02-23
203,2226.0,4809.0,-27.38972222,26.46388889,2011-02-23
204,3052.0,5719.0,-27.398611,26.614722,2011-02-23
205,2237.0,4662.0,-27.671111,27.236944,2011-02-23
206,3924.5,6992.5,-27.356667,27.286389,2011-02-23
207,2259.0,3904.5,-33.897778,20.012778,2011-02-23
208,3540.5,6774.5,-23.763056,27.908611,2011-02-24
209,2678.0,4373.5,-23.23572222,27.717,2011-02-24
210,5881.5,7883.0,-28.44555556,32.325,2011-02-24
211,3839.5,6619.5,-30.679722,26.7125,2011-02-24
212,3506.0,6150.0,-30.160091,27.40124,2011-02-24
213,1775.0,3679.0,-30.336111,27.359444,2011-02-24
214,2226.0,4207.0,-28.460833,21.248889,2011-02-24
215,3145.5,5340.5,-22.91028,29.61111,2011-02-25
216,-321.5,-665.0,-28.760833,17.730278,2011-02-27
217,1857.0,3596.0,-24.183889,30.823889,2011-03-01
218,3052.0,5719.0,-27.398611,26.614722,2011-03-01
219,2237.0,4662.0,-27.671111,27.236944,2011-03-01
220,2477.5,4977.5,-29.160278,26.573333,2011-03-01
221,3677.0,6363.5,-27.495556,26.074722,2011-03-01
222,2946.0,4836.0,-23.658056,31.05,2011-03-02
223,3831.5,6806.0,-26.648056,27.089444,2011-03-02
224,2209.5,4474.0,-27.802778,28.768333,2011-03-02
225,4253.0,6289.0,-24.679167,30.8025,2011-03-03
226,3082.0,5556.0,-27.273889,28.49,2011-03-03
227,2392.0,4524.0,-27.3,28.586944,2011-03-03
228,3353.0,6672.0,-30.679722,26.7125,2011-03-03
229,2728.0,5109.0,-27.02314,28.59389,2011-03-04
230,3208.0,5954.0,-25.99136,27.84208,2011-03-07
231,4926.0,7966.0,-31.554722,29.245556,2011-03-07
232,2404.0,5293.0,-27.01011111,26.69808333,2011-03-08
233,2167.0,4178.0,-27.802778,28.768333,2011-03-08
234,3465.0,5525.0,-26.98472222,26.63227778,2011-03-08
235,3004.0,5733.0,-27.398611,26.614722,2011-03-08
236,1899.0,4651.0,-27.671111,27.236944,2011-03-08
237,2472.0,5121.0,-29.160278,26.573333,2011-03-08
238,2196.0,4509.0,-31.396,29.2651,2011-03-08
239,3466.0,6428.0,-25.45963889,28.26430556,2011-03-08
240,3151.0,5987.0,-25.81048333,27.90955222,2011-03-09
241,3163.0,5100.0,-22.225556,29.990556,2011-03-09
242,3872.0,6995.0,-26.03611,30.99778,2011-03-09
243,2900.0,5694.0,-28.404444,30.013056,2011-03-09
244,3442.0,6523.0,-29.380556,30.2775,2011-03-09
245,3733.0,6596.0,-26.648056,27.089444,2011-03-09
246,2961.0,5347.0,-26.970278,27.211111,2011-03-09
247,3082.0,5556.0,-27.273889,28.49,2011-03-09
248,2392.0,4524.0,-27.3,28.586944,2011-03-09
249,3229.0,5854.0,-27.044444,27.005,2011-03-09
250,3226.0,6441.0,-28.69485,28.23487,2011-03-09
251,3068.0,5189.0,-28.883333,27.89,2011-03-09
252,3682.0,6802.0,-30.568333,29.422778,2011-03-09
253,3549.0,6424.0,-30.570833,29.150556,2011-03-09
254,1617.0,4048.0,-34.329722,18.990278,2011-03-09
255,3459.0,6211.0,-30.830556,26.921389,2011-03-10
256,4111.0,7132.0,-25.49037,30.6986,2011-03-10
257,3442.0,6523.0,-29.380556,30.2775,2011-03-10
258,2929.0,5697.0,-30.86013889,29.07125,2011-03-10
259,3479.0,7058.0,-30.77586667,29.03221667,2011-03-10
260,3127.0,5109.0,-29.658056,25.973333,2011-03-11
261,1770.5,3879.0,-30.534167,24.961944,2011-03-11
262,3125.0,5559.5,-31.031389,28.883333,2011-03-11
263,2925.5,5974.0,-34.039722,22.133333,2011-03-11
264,-321.5,-665.0,-28.760833,17.730278,2011-03-13
265,4108.5,7091.5,-29.7775,29.470833,2011-03-14
266,4962.5,7613.0,-29.987778,29.851667,2011-03-14
267,3554.0,6618.0,-29.744167,29.905833,2011-03-14
268,2956.0,5637.0,-26.861111,28.884722,2011-03-14
269,2048.5,5339.5,-26.73806,27.59194,2011-03-14
270,5440.0,7813.5,-26.45,28.085833,2011-03-14
271,3216.5,5940.0,-25.127778,27.628889,2011-03-15
272,4295.0,6259.5,-25.20639,27.558,2011-03-15
273,4473.0,7161.0,-24.69514,27.40906,2011-03-15
274,3139.5,5237.0,-25.73411,27.21422,2011-03-15
275,2810.5,5583.0,-26.006389,29.253889,2011-03-15
276,3779.5,6795.5,-28.747778,31.745833,2011-03-15
277,2922.0,6069.5,-30.733889,29.828333,2011-03-15
278,2841.0,5670.5,-27.398611,26.614722,2011-03-15
279,3357.5,6168.5,-27.495556,26.074722,2011-03-15
280,2907.5,5896.0,-24.282222,28.090278,2011-03-16
281,3804.0,7173.5,-30.398056,30.601944,2011-03-16
282,4236.5,7548.0,-30.27402,30.69602,2011-03-16
283,3596.5,6289.0,-26.880278,26.965,2011-03-16
284,2940.0,5487.0,-27.273889,28.49,2011-03-16
285,3086.5,6390.0,-34.031944,22.053333,2011-03-16
286,3534.0,6592.5,-23.763056,27.908611,2011-03-17
287,2595.0,5240.5,-27.00222,28.76528,2011-03-17
288,2485.0,4827.5,-27.02314,28.59389,2011-03-17
289,2108.5,4546.0,-24.925278,29.324444,2011-03-18
290,3924.0,6725.0,-29.803611,30.516111,2011-03-18
291,2450.0,5347.0,-26.970278,27.211111,2011-03-21
292,2404.0,5515.0,-27.01011111,26.69808333,2011-03-22
293,3175.0,5764.0,-25.99136,27.84208,2011-03-22
294,2932.0,5419.0,-26.861111,28.884722,2011-03-22
295,5472.0,7924.0,-26.45,28.085833,2011-03-22
296,2678.0,5733.0,-27.398611,26.614722,2011-03-22
297,2442.0,4523.0,-33.501667,21.624167,2011-03-22
298,2168.0,4270.0,-33.31388889,19.07472222,2011-03-22
299,2158.0,4211.0,-28.338333,31.373611,2011-03-22
300,2721.0,4930.0,-29.641944,30.6875,2011-03-23
301,3660.0,6062.0,-28.735556,29.820556,2011-03-23
302,3435.0,6554.0,-26.648056,27.089444,2011-03-23
303,3229.0,5655.0,-27.044444,27.005,2011-03-23
304,2450.0,4893.0,-29.160278,26.573333,2011-03-23
305,1914.0,3199.0,-33.13083,18.86278,2011-03-23
306,3466.0,6428.0,-25.45963889,28.26430556,2011-03-23
307,3151.0,5971.0,-25.81048333,27.90955222,2011-03-24
308,3031.0,5676.0,-27.602222,29.942778,2011-03-24
309,2694.0,4532.0,-27.3,28.586944,2011-03-24
310,1498.0,3071.0,-33.38056,19.30167,2011-03-24
311,2434.0,4872.0,-27.00222,28.76528,2011-03-25
312,2242.0,4546.0,-27.02314,28.59389,2011-03-25
313,3706.0,6226.0,-30.160091,27.40124,2011-03-25
314,1460.0,3186.0,-30.336111,27.359444,2011-03-25
315,-100.5,-209.0,-28.760833,17.730278,2011-03-27
316,3023.0,4959.5,-22.43772222,31.07805556,2011-03-28
317,1963.0,5213.5,-26.73806,27.59194,2011-03-28
318,2968.5,5939.5,-25.127778,27.628889,2011-03-29
319,3282.5,5717.5,-25.20639,27.558,2011-03-29
320,3946.5,6470.0,-24.69514,27.40906,2011-03-29
321,3251.5,5711.5,-27.169444,29.233889,2011-03-29
322,3491.5,5977.0,-26.98472222,26.63227778,2011-03-29
323,2465.5,5209.5,-28.141944,26.417778,2011-03-29
324,3031.0,5624.5,-28.116667,26.725278,2011-03-29
325,2571.0,5528.5,-27.398611,26.614722,2011-03-29
326,2426.5,4816.5,-29.160278,26.573333,2011-03-29
327,3263.0,5956.5,-27.495556,26.074722,2011-03-29
328,3131.5,5515.0,-34.065833,20.404167,2011-03-30
329,4015.0,7280.5,-27.363611,31.783333,2011-03-30
330,4827.5,7894.0,-26.905,32.324722,2011-03-30
331,1449.5,3253.5,-28.75,30.442778,2011-03-30
332,3263.5,6121.5,-29.161667,30.629722,2011-03-30
333,3641.0,6370.5,-26.880278,26.965,2011-03-30
334,2571.0,5528.5,-27.398611,26.614722,2011-03-30
335,3092.5,6440.5,-28.69485,28.23487,2011-03-30
336,2829.0,5169.5,-28.883333,27.89,2011-03-30
337,2330.5,5111.0,-33.818056,19.694722,2011-03-30
338,1967.5,3797.0,-34.075556,20.145556,2011-03-30
339,2420.0,4863.5,-27.00222,28.76528,2011-03-31
340,2154.0,4472.0,-27.02314,28.59389,2011-03-31
341,3089.0,5863.5,-30.679722,26.7125,2011-03-31
342,1691.5,3673.5,-30.534167,24.961944,2011-03-31
343,2116.5,3777.0,-33.897778,20.012778,2011-03-31
344,2915.0,5247.5,-22.769722,30.886944,2011-04-01
345,2016.5,4110.5,-27.802778,28.768333,2011-04-01
346,3158.0,5803.0,-27.5275,30.858056,2011-04-02
347,3175.0,5764.0,-25.99136,27.84208,2011-04-04
348,4351.0,7381.0,-25.513889,31.224444,2011-04-04
349,4177.0,6661.0,-25.398889,31.610556,2011-04-04
350,2731.0,4612.0,-24.183889,30.823889,2011-04-05
351,3359.0,5592.0,-23.281,30.54305556,2011-04-05
352,2798.0,5302.0,-25.362222,31.956667,2011-04-05
353,3255.0,6354.0,-29.380556,30.2775,2011-04-05
354,2464.0,5324.0,-27.398611,26.614722,2011-04-05
355,3464.0,6320.0,-25.45963889,28.26430556,2011-04-05
356,2639.0,5971.0,-25.81048333,27.90955222,2011-04-06
357,2818.0,4328.0,-23.658056,31.05,2011-04-06
358,2314.0,4217.0,-24.058889,31.237222,2011-04-06
359,3316.0,5606.0,-24.034167,31.123611,2011-04-06
360,4348.0,7134.0,-24.99328,30.81444,2011-04-06
361,2624.0,4884.0,-25.14944444,31.94055556,2011-04-06
362,2987.0,5856.0,-27.937778,31.209444,2011-04-06
363,2900.0,5597.0,-28.404444,30.013056,2011-04-06
364,3854.0,6383.0,-26.880278,26.965,2011-04-06
365,1967.0,4822.0,-31.000833,26.353056,2011-04-06
366,3226.0,6195.0,-24.679167,30.8025,2011-04-07
367,4348.0,7134.0,-24.99328,30.81444,2011-04-07
368,2242.0,4546.0,-27.02314,28.59389,2011-04-07
369,44.0,97.0,-28.760833,17.730278,2011-04-10
370,1958.0,5112.0,-26.73806,27.59194,2011-04-10
371,3798.0,6862.0,-25.49037,30.6986,2011-04-11
372,4861.0,7557.0,-29.987778,29.851667,2011-04-11
373,3199.0,6558.0,-29.744167,29.905833,2011-04-11
374,2839.0,4819.0,-26.861111,28.884722,2011-04-11
375,2211.0,5202.0,-26.970278,27.211111,2011-04-11
376,5366.0,7156.0,-26.45,28.085833,2011-04-11
377,1893.0,4289.0,-31.396,29.2651,2011-04-11
378,4638.0,7966.0,-31.554722,29.245556,2011-04-11
379,3053.0,6005.0,-27.356667,27.286389,2011-04-11
380,3827.0,6904.0,-25.447222,30.711667,2011-04-11
381,2253.0,5350.0,-27.01011111,26.69808333,2011-04-12
382,2865.0,6003.5,-25.127778,27.628889,2011-04-12
383,3282.5,5717.5,-25.20639,27.558,2011-04-12
384,3476.0,6156.5,-24.69514,27.40906,2011-04-12
385,2587.5,5085.5,-25.73411,27.21422,2011-04-12
386,2007.5,5215.5,-26.006389,29.253889,2011-04-12
387,3912.0,6989.0,-26.03611,30.99778,2011-04-12
388,5933.0,8142.0,-28.801278,31.955389,2011-04-12
389,2913.0,5917.5,-30.733889,29.828333,2011-04-12
390,2972.0,5375.0,-27.169444,29.233889,2011-04-12
391,1940.0,3957.5,-27.802778,28.768333,2011-04-12
392,3474.5,5977.0,-26.98472222,26.63227778,2011-04-12
393,2394.5,5179.0,-27.398611,26.614722,2011-04-12
394,2192.5,4435.0,-29.160278,26.573333,2011-04-12
395,3345.0,6190.5,-30.568333,29.422778,2011-04-12
396,3263.0,5750.0,-30.570833,29.150556,2011-04-12
397,2160.0,4428.0,-33.501667,21.624167,2011-04-12
398,2879.0,5956.5,-27.495556,26.074722,2011-04-12
399,3433.0,6004.0,-25.57877778,29.12747222,2011-04-12
400,5933.0,8142.0,-28.801278,31.955389,2011-04-13
401,3999.5,7380.0,-30.398056,30.601944,2011-04-13
402,4227.0,7367.5,-30.27402,30.69602,2011-04-13
403,3156.5,6152.5,-26.648056,27.089444,2011-04-13
404,2300.0,4984.5,-27.044444,27.005,2011-04-13
405,2993.0,5334.0,-31.031389,28.883333,2011-04-13
406,2142.0,4471.5,-30.86013889,29.07125,2011-04-13
407,2159.5,4816.5,-24.925278,29.324444,2011-04-14
408,2206.0,4676.5,-27.00222,28.76528,2011-04-14
409,2140.5,4429.0,-27.02314,28.59389,2011-04-14
410,2349.0,4661.5,-30.160091,27.40124,2011-04-14
411,1630.0,3590.0,-30.336111,27.359444,2011-04-14
412,2257.5,4475.0,-30.830556,26.921389,2011-04-15
413,1918.0,4552.5,-27.902778,24.615556,2011-04-15
414,2909.5,6206.5,-34.031944,22.053333,2011-04-15
415,3847.5,6659.0,-29.803611,30.516111,2011-04-15
416,2425.5,4475.5,-22.43772222,31.07805556,2011-04-16
417,3152.5,5671.0,-25.99136,27.84208,2011-04-18
418,3175.0,6211.5,-34.039722,22.133333,2011-04-18
419,3145.5,5577.5,-28.735556,29.820556,2011-04-19
420,1940.0,3957.5,-27.802778,28.768333,2011-04-19
421,1610.0,3253.5,-33.38056,19.30167,2011-04-19
422,2232.0,4468.0,-33.31388889,19.07472222,2011-04-19
423,2912.0,5873.0,-27.356667,27.286389,2011-04-19
424,3001.5,5379.5,-28.068333,31.55,2011-04-19
425,2325.0,5034.0,-27.398611,26.614722,2011-04-20
426,1982.0,3977.0,-29.160278,26.573333,2011-04-20
427,1969.0,4062.0,-30.830556,26.921389,2011-04-21
428,4462.0,7345.0,-27.363611,31.783333,2011-04-21
429,2070.0,4578.0,-27.044444,27.005,2011-04-21
430,1644.0,4147.0,-27.902778,24.615556,2011-04-21
431,44.0,97.0,-28.760833,17.730278,2011-04-25
432,2146.0,4728.0,-26.861111,28.884722,2011-04-25
433,2097.0,4887.0,-26.970278,27.211111,2011-04-25
434,4383.0,6231.0,-26.45,28.085833,2011-04-25
435,2109.0,5185.0,-27.01011111,26.69808333,2011-04-26
436,2766.0,5800.0,-25.127778,27.628889,2011-04-26
437,3080.0,5728.0,-25.20639,27.558,2011-04-26
438,3111.0,5997.0,-24.69514,27.40906,2011-04-26
439,2534.0,5319.0,-27.169444,29.233889,2011-04-26
440,3484.0,5951.0,-26.98472222,26.63227778,2011-04-26
441,2325.0,5034.0,-27.398611,26.614722,2011-04-26
442,2544.0,5920.0,-27.495556,26.074722,2011-04-26
443,3343.0,5721.0,-34.065833,20.404167,2011-04-27
444,1510.0,2866.0,-28.75,30.442778,2011-04-27
445,3723.0,6234.0,-29.161667,30.629722,2011-04-27
446,3428.0,6383.0,-26.880278,26.965,2011-04-27
447,2142.5,4298.0,-33.897778,20.012778,2011-04-28
448,3110.5,5554.0,-25.99136,27.84208,2011-05-02
449,2917.0,5721.5,-29.380556,30.2775,2011-05-03
450,3019.0,5013.0,-26.45,28.085833,2011-05-03
451,1581.5,3955.0,-27.902778,24.615556,2011-05-03
452,2958.0,5684.5,-25.45963889,28.26430556,2011-05-03
453,3162.5,5682.0,-25.57877778,29.12747222,2011-05-03
454,2354.0,5424.0,-25.81048333,27.90955222,2011-05-04
455,1588.0,4265.5,-26.006389,29.253889,2011-05-04
456,2675.5,5511.0,-28.404444,30.013056,2011-05-04
457,1644.0,3569.0,-27.802778,28.768333,2011-05-04
458,2640.0,5272.5,-27.356667,27.286389,2011-05-04
459,2701.0,5610.5,-27.937778,31.209444,2011-05-05
460,2823.0,5584.0,-27.5275,30.858056,2011-05-05
461,1890.5,3797.0,-27.3,28.586944,2011-05-05
462,2243.0,4891.5,-27.398611,26.614722,2011-05-05
463,1668.0,3721.0,-27.00222,28.76528,2011-05-06
464,1793.0,3796.0,-27.02314,28.59389,2011-05-06
465,2299.0,4617.0,-26.648056,27.089444,2011-05-06
466,2060.0,4405.0,-26.970278,27.211111,2011-05-06
467,-402.0,-884.0,-28.760833,17.730278,2011-05-08
468,2624.0,5084.0,-29.7775,29.470833,2011-05-09
469,2848.0,5672.0,-29.744167,29.905833,2011-05-09
470,1545.0,3468.0,-26.861111,28.884722,2011-05-09
471,2060.0,4405.0,-26.970278,27.211111,2011-05-09
472,2618.0,5751.0,-31.104278,29.399722,2011-05-09
473,2766.0,5800.0,-25.127778,27.628889,2011-05-10
474,3986.0,6924.0,-25.20639,27.558,2011-05-10
475,2486.0,4633.0,-24.69514,27.40906,2011-05-10
476,2377.0,4711.0,-24.058889,31.237222,2011-05-10
477,3363.0,5976.0,-24.034167,31.123611,2011-05-10
478,3794.0,6920.0,-28.747778,31.745833,2011-05-10
479,2765.0,5856.0,-30.733889,29.828333,2011-05-10
480,2885.0,5223.0,-26.98472222,26.63227778,2011-05-10
481,2161.0,4749.0,-27.398611,26.614722,2011-05-10
482,1579.0,3813.0,-29.160278,26.573333,2011-05-10
483,2013.0,4289.0,-31.396,29.2651,2011-05-10
484,2233.0,4498.0,-33.501667,21.624167,2011-05-10
485,1547.0,2513.0,-32.502778,19.535833,2011-05-10
486,2131.0,4228.0,-31.5653,18.3306,2011-05-10
487,2262.0,4615.0,-27.495556,26.074722,2011-05-10
488,3147.0,5545.0,-24.183889,30.823889,2011-05-11
489,6022.0,8250.0,-28.801278,31.955389,2011-05-11
490,4269.0,7394.0,-30.398056,30.601944,2011-05-11
491,3971.0,7315.0,-30.27402,30.69602,2011-05-11
492,1668.0,3721.0,-27.00222,28.76528,2011-05-11
493,1793.0,3796.0,-27.02314,28.59389,2011-05-11
494,2333.0,4177.0,-27.273889,28.49,2011-05-11
495,2010.0,3601.0,-27.4275,28.525833,2011-05-11
496,1461.0,3626.0,-27.044444,27.005,2011-05-11
497,1386.0,2689.5,-22.225556,29.990556,2014-11-24
498,2647.0,5289.0,-30.568333,29.422778,2011-05-11
499,2116.0,4216.0,-30.570833,29.150556,2011-05-11
500,2761.0,5464.0,-32.595833,19.009444,2011-05-11
501,2741.0,5334.0,-29.140556,31.391944,2011-05-12
502,3302.0,6005.0,-29.641944,30.6875,2011-05-12
503,2991.0,5513.0,-24.679167,30.8025,2011-05-12
504,1572.0,3486.0,-30.830556,26.921389,2011-05-12
505,3102.0,6139.0,-30.13573889,30.67422222,2011-05-12
506,1333.0,4285.0,-26.73806,27.59194,2011-05-12
507,1325.0,3776.0,-31.000833,26.353056,2011-05-12
508,827.0,1971.0,-22.225556,29.990556,2015-07-30
509,887.0,2293.5,-22.225556,29.990556,2015-08-03
510,1411.0,3527.0,-30.679722,26.7125,2011-05-12
511,2501.0,4961.0,-31.031389,28.883333,2011-05-12
512,2071.0,4188.0,-30.86013889,29.07125,2011-05-12
513,2528.0,5436.0,-30.77586667,29.03221667,2011-05-12
514,2260.0,5252.0,-24.925278,29.324444,2011-05-13
515,1375.0,2743.0,-29.658056,25.973333,2011-05-13
516,1318.0,2870.0,-30.534167,24.961944,2011-05-13
517,3843.0,6466.0,-29.803611,30.516111,2011-05-13
518,2733.0,6460.0,-25.447222,30.711667,2011-05-13
519,2717.0,5026.0,-25.99136,27.84208,2011-05-16
520,4348.0,7491.5,-25.513889,31.224444,2011-05-16
521,1509.0,3233.0,-26.861111,28.884722,2011-05-16
522,1862.5,4229.5,-26.970278,27.211111,2011-05-16
523,2902.0,6303.0,-34.031944,22.053333,2011-05-16
524,3241.0,6447.5,-34.039722,22.133333,2011-05-16
525,1760.5,3589.0,-33.38056,19.30167,2011-05-16
526,2158.5,5266.0,-33.31388889,19.07472222,2011-05-16
527,1760.0,4548.5,-27.01011111,26.69808333,2011-05-17
528,2557.5,5286.5,-25.436111,31.982222,2011-05-17
529,2825.0,5370.0,-25.681111,31.783333,2011-05-17
530,4149.5,6972.5,-25.67386,31.57527,2011-05-17
531,2793.0,5091.5,-26.98472222,26.63227778,2011-05-17
532,2081.0,4516.5,-27.398611,26.614722,2011-05-17
533,2712.0,5085.5,-25.45963889,28.26430556,2011-05-17
534,1799.0,4053.5,-28.338333,31.373611,2011-05-17
535,2980.5,5473.5,-28.068333,31.55,2011-05-17
536,2130.0,4851.0,-25.81048333,27.90955222,2011-05-18
537,2884.5,4968.5,-24.768889,31.39,2011-05-18
538,2672.5,5346.5,-26.880278,26.965,2011-05-18
539,6016.5,8160.0,-28.801278,31.955389,2011-05-19
540,1763.5,3953.0,-27.169444,29.233889,2011-05-19
541,2724.5,6471.0,-25.447222,30.711667,2011-05-19
542,2210.5,4441.5,-22.548889,28.898056,2011-05-20
543,2100.5,4176.0,-22.43772222,31.07805556,2011-05-20
544,1441.5,3757.5,-27.902778,24.615556,2011-05-20
545,-402.0,-884.0,-28.760833,17.730278,2011-05-22
546,3096.0,6000.0,-25.49037,30.6986,2011-05-23
547,1580.0,3130.0,-28.75,30.442778,2011-05-23
548,969.0,3309.0,-26.73806,27.59194,2011-05-23
549,1544.0,3338.0,-26.45,28.085833,2011-05-23
550,1908.0,4206.0,-27.356667,27.286389,2011-05-23
551,1338.0,3722.0,-22.935,28.004167,2011-05-24
552,3189.0,5674.0,-33.980556,21.653333,2011-05-24
553,2198.0,4486.0,-25.127778,27.628889,2011-05-24
554,4395.0,6924.0,-25.20639,27.558,2011-05-24
555,1447.0,3760.0,-24.69514,27.40906,2011-05-24
556,3498.0,6900.0,-27.363611,31.783333,2011-05-24
557,1691.0,3666.0,-27.169444,29.233889,2011-05-24
558,1306.0,3020.0,-27.802778,28.768333,2011-05-24
559,1858.0,4152.0,-28.141944,26.417778,2011-05-24
560,1806.0,3971.0,-28.116667,26.725278,2011-05-24
561,2001.0,4284.0,-27.398611,26.614722,2011-05-24
562,1290.0,2706.0,-27.671111,27.236944,2011-05-24
563,2014.0,4992.0,-28.69485,28.23487,2011-05-24
564,3772.0,6497.0,-34.092222,21.295278,2011-05-24
565,2216.0,4452.0,-27.495556,26.074722,2011-05-24
566,2966.0,6062.0,-34.065833,20.404167,2011-05-25
567,2051.0,4445.0,-23.23572222,27.717,2011-05-25
568,1580.0,3130.0,-28.75,30.442778,2011-05-25
569,3633.0,6234.0,-29.161667,30.629722,2011-05-25
570,2095.0,4297.0,-26.648056,27.089444,2011-05-25
571,1713.0,3676.0,-27.273889,28.49,2011-05-25
572,1759.0,3388.0,-27.4275,28.525833,2011-05-25
573,1453.0,2870.0,-27.3,28.586944,2011-05-25
574,2001.0,4284.0,-27.398611,26.614722,2011-05-25
575,1442.0,3407.0,-27.044444,27.005,2011-05-25
576,3401.0,5834.0,-30.679722,26.7125,2011-05-25
577,2689.0,5603.0,-34.250556,20.9925,2011-05-25
578,2564.0,5629.0,-33.818056,19.694722,2011-05-25
579,2525.0,4888.0,-34.075556,20.145556,2011-05-25
580,4196.0,7368.0,-30.398056,30.601944,2011-05-26
581,3807.0,7204.0,-30.27402,30.69602,2011-05-26
582,1661.0,3362.0,-27.00222,28.76528,2011-05-26
583,1499.0,3508.0,-27.02314,28.59389,2011-05-26
584,1290.0,2706.0,-27.671111,27.236944,2011-05-26
585,1908.0,4206.0,-27.356667,27.286389,2011-05-26
586,2141.0,4314.0,-33.897778,20.012778,2011-05-26
587,1519.0,3752.0,-27.902778,24.615556,2011-05-27
588,1860.0,3656.0,-22.91028,29.61111,2011-05-28
589,2061.0,3942.5,-25.99136,27.84208,2011-05-30
590,1460.0,2836.0,-26.861111,28.884722,2011-05-30
591,1609.0,3999.0,-26.970278,27.211111,2011-05-30
592,1253.0,2884.0,-26.45,28.085833,2011-05-30
593,1536.5,4148.0,-27.01011111,26.69808333,2011-05-31
594,2073.5,4692.5,-29.380556,30.2775,2011-05-31
595,1203.5,2720.0,-27.802778,28.768333,2011-05-31
596,2255.5,4182.0,-26.98472222,26.63227778,2011-05-31
597,1855.5,3920.5,-27.398611,26.614722,2011-05-31
598,1415.0,3021.5,-29.160278,26.573333,2011-05-31
599,2220.5,4199.5,-25.45963889,28.26430556,2011-05-31
600,1743.0,4012.0,-25.81048333,27.90955222,2011-06-01
601,2125.0,4294.5,-28.404444,30.013056,2011-06-01
602,1541.0,3038.0,-27.00222,28.76528,2011-06-01
603,1429.0,3286.0,-27.02314,28.59389,2011-06-01
604,1924.0,3923.0,-26.648056,27.089444,2011-06-01
605,1352.5,2640.0,-27.3,28.586944,2011-06-01
606,1369.5,3244.5,-27.044444,27.005,2011-06-01
607,2047.5,3903.0,-28.058889,30.373611,2011-06-01
608,2269.5,4845.5,-27.937778,31.209444,2011-06-02
609,2378.5,4492.0,-27.5275,30.858056,2011-06-02
610,2092.0,4370.0,-30.568333,29.422778,2011-06-04
611,-312.5,-687.5,-28.760833,17.730278,2011-06-05
612,2064.0,4046.0,-29.7775,29.470833,2011-06-06
613,3061.0,5462.0,-29.987778,29.851667,2011-06-06
614,2269.5,4765.0,-29.744167,29.905833,2011-06-06
615,826.5,2916.0,-26.73806,27.59194,2011-06-06
616,2503.0,5627.0,-31.104278,29.399722,2011-06-06
617,2355.0,4749.0,-31.396,29.2651,2011-06-06
618,3808.5,7202.5,-31.554722,29.245556,2011-06-06
619,2259.5,4258.0,-25.57877778,29.12747222,2011-06-06
620,2006.0,4342.0,-25.127778,27.628889,2011-06-07
621,4395.0,6447.0,-25.20639,27.558,2011-06-07
622,1132.0,2766.0,-24.69514,27.40906,2011-06-07
623,1715.0,3345.0,-23.658056,31.05,2011-06-07
624,879.0,3321.0,-26.006389,29.253889,2011-06-07
625,3300.0,5998.0,-28.747778,31.745833,2011-06-07
626,2423.0,4860.0,-30.733889,29.828333,2011-06-07
627,1691.0,3344.0,-27.169444,29.233889,2011-06-07
628,1710.0,3557.0,-27.398611,26.614722,2011-06-07
629,2071.0,4188.0,-30.86013889,29.07125,2011-06-07
630,1709.0,3120.0,-30.570833,29.150556,2011-06-07
631,1945.0,3782.0,-30.77586667,29.03221667,2011-06-07
632,1609.0,3466.0,-27.495556,26.074722,2011-06-07
633,1323.0,2999.0,-30.830556,26.921389,2011-06-08
634,2347.0,4593.0,-22.769722,30.886944,2011-06-08
635,4052.0,6894.0,-30.398056,30.601944,2011-06-08
636,3765.0,7154.0,-30.27402,30.69602,2011-06-08
637,1359.0,3064.0,-27.02314,28.59389,2011-06-08
638,2266.0,4242.0,-26.880278,26.965,2011-06-08
639,2462.0,5334.0,-29.140556,31.391944,2011-06-09
640,1541.0,3667.0,-24.925278,29.324444,2011-06-09
641,1088.0,2730.0,-27.902778,24.615556,2011-06-10
642,2968.0,5394.0,-29.803611,30.516111,2011-06-10
643,1787.0,4018.0,-31.5653,18.3306,2011-06-12
644,1779.0,3411.0,-25.99136,27.84208,2011-06-13
645,1217.0,2510.0,-27.671111,27.236944,2011-06-13
646,1658.0,3436.0,-27.356667,27.286389,2011-06-13
647,2257.0,4170.0,-31.860278,18.6875,2011-06-14
648,1995.0,3752.0,-24.679167,30.8025,2011-06-14
649,1921.0,4001.0,-28.735556,29.820556,2011-06-14
650,1447.0,2674.0,-26.861111,28.884722,2011-06-14
651,1421.0,2714.0,-27.00222,28.76528,2011-06-14
652,962.0,2430.0,-26.45,28.085833,2011-06-14
653,1710.0,3557.0,-27.398611,26.614722,2011-06-14
654,2286.0,6322.0,-34.031944,22.053333,2011-06-14
655,1936.0,3773.0,-25.45963889,28.26430556,2011-06-14
656,1779.0,3969.0,-28.338333,31.373611,2011-06-14
657,2562.0,4895.0,-28.068333,31.55,2011-06-14
658,1475.0,3474.5,-25.81048333,27.90955222,2011-06-15
659,1367.0,2835.0,-30.830556,26.921389,2011-06-15
660,1626.5,3572.5,-24.058889,31.237222,2011-06-15
661,2427.0,4446.0,-24.034167,31.123611,2011-06-15
662,1242.0,2396.0,-27.3,28.586944,2011-06-15
663,2007.0,4547.0,-33.501667,21.624167,2011-06-15
664,1955.0,3776.0,-27.602222,29.942778,2011-06-16
665,2849.5,5197.5,-30.679722,26.7125,2011-06-16
666,6.5,18.0,-28.760833,17.730278,2011-06-19
667,1955.0,3776.0,-27.602222,29.942778,2011-06-20
668,1365.5,2878.0,-28.883333,27.89,2011-06-20
669,1777.5,4023.5,-25.436111,31.982222,2011-06-21
670,1951.5,4099.0,-25.127778,27.628889,2011-06-21
671,4106.0,6315.0,-25.20639,27.558,2011-06-21
672,1289.5,3263.0,-24.69514,27.40906,2011-06-21
673,2582.5,5062.0,-25.681111,31.783333,2011-06-21
674,1508.5,3792.5,-26.970278,27.211111,2011-06-21
675,693.0,2659.5,-26.73806,27.59194,2011-06-21
676,3227.5,6492.5,-34.039722,22.133333,2011-06-21
677,1742.0,3663.0,-33.38056,19.30167,2011-06-21
678,2235.5,5695.0,-33.31388889,19.07472222,2011-06-21
679,1603.5,3308.5,-27.356667,27.286389,2011-06-21
680,1029.5,2262.5,-29.161667,23.696389,2011-06-22
681,1387.0,3347.0,-27.01011111,26.69808333,2011-06-22
682,1628.0,3257.0,-25.14944444,31.94055556,2011-06-22
683,2502.0,4891.0,-24.9675,31.516667,2011-06-22
684,1128.5,2411.5,-28.75,30.442778,2011-06-22
685,3210.5,5841.5,-29.161667,30.629722,2011-06-22
686,1701.0,3184.0,-27.169444,29.233889,2011-06-22
687,1287.0,2873.5,-27.02314,28.59389,2011-06-22
688,1755.5,3184.5,-26.98472222,26.63227778,2011-06-22
689,1668.5,3506.5,-27.398611,26.614722,2011-06-22
690,1281.5,2679.5,-29.042222,24.6,2011-06-22
691,4842.0,7119.5,-34.092222,21.295278,2011-06-22
692,1563.0,3309.0,-27.495556,26.074722,2011-06-22
693,3765.0,7020.0,-30.27402,30.69602,2011-06-23
694,1650.0,3116.0,-26.648056,27.089444,2011-06-23
695,1943.0,3947.0,-26.880278,26.965,2011-06-23
696,1297.0,2899.0,-27.044444,27.005,2011-06-23
697,1757.0,3564.0,-28.376944,24.303056,2011-06-23
698,1428.0,3219.0,-29.028629,24.638389,2011-06-23
699,1870.0,4493.0,-28.69485,28.23487,2011-06-23
700,3622.0,5931.0,-25.398889,31.610556,2011-06-24
701,1444.0,2988.0,-27.573056,24.746389,2011-06-24
702,1076.0,2602.0,-27.902778,24.615556,2011-06-24
703,1378.0,2606.0,-26.861111,28.884722,2011-06-27
704,1215.0,2683.0,-27.02314,28.59389,2011-06-27
705,962.0,2368.0,-26.45,28.085833,2011-06-27
706,2552.0,5139.0,-31.396,29.2651,2011-06-27
707,2050.0,3683.0,-24.670833,28.560833,2011-06-28
708,1640.0,3984.0,-29.380556,30.2775,2011-06-28
709,2205.0,5191.0,-31.104278,29.399722,2011-06-28
710,2697.0,5727.0,-33.818056,19.694722,2011-06-28
711,1140.0,2356.0,-29.161667,23.696389,2011-06-29
712,1404.0,3339.0,-25.81048333,27.90955222,2011-06-29
713,1612.0,3384.0,-24.282222,28.090278,2011-06-29
714,1596.0,3517.0,-23.23572222,27.717,2011-06-29
715,2435.0,4685.0,-26.03611,30.99778,2011-06-29
716,1959.0,4300.0,-27.937778,31.209444,2011-06-29
717,1711.0,3528.0,-28.404444,30.013056,2011-06-29
718,1215.0,2683.0,-27.02314,28.59389,2011-06-29
719,1453.0,3346.0,-28.141944,26.417778,2011-06-29
720,1079.0,2439.0,-28.1175,26.719444,2011-06-29
721,1640.0,3298.0,-29.033333,23.983333,2011-06-29
722,1836.0,3541.0,-30.568333,29.422778,2011-06-29
723,2342.0,5405.0,-25.447222,30.711667,2011-06-29
724,1304.0,3000.0,-27.01011111,26.69808333,2011-06-30
725,1500.0,3811.0,-22.935,28.004167,2011-06-30
726,1460.0,2923.0,-22.91028,29.61111,2011-06-30
727,2004.0,3850.0,-27.5275,30.858056,2011-06-30
728,1650.0,3116.0,-26.648056,27.089444,2011-06-30
729,1553.0,3641.0,-26.970278,27.211111,2011-06-30
730,1943.0,3947.0,-26.880278,26.965,2011-06-30
731,1252.0,2598.0,-27.38972222,26.46388889,2011-06-30
732,1701.0,2965.0,-26.98472222,26.63227778,2011-06-30
733,2554.0,4845.0,-34.065833,20.404167,2012-01-10
734,1904.0,3936.0,-34.065833,20.404167,2012-02-01
735,1905.0,3901.0,-34.065833,20.404167,2012-02-29
736,1627.0,3456.0,-27.398611,26.614722,2011-06-30
737,2013.0,3564.0,-31.031389,28.883333,2011-06-30
738,1657.0,3475.0,-30.86013889,29.07125,2011-06-30
739,1427.0,3255.0,-30.77586667,29.03221667,2011-06-30
740,1549.0,3181.0,-27.356667,27.286389,2011-06-30
741,2469.0,4447.0,-33.897778,20.012778,2011-06-30
742,1722.5,3606.5,-22.43772222,31.07805556,2011-07-02
743,6.5,18.0,-28.760833,17.730278,2011-07-03
744,1669.0,3167.5,-29.7775,29.470833,2011-07-04
745,2181.5,4079.5,-29.987778,29.851667,2011-07-04
746,1905.0,3744.0,-29.744167,29.905833,2011-07-04
747,669.0,2566.5,-26.73806,27.59194,2011-07-04
748,1315.5,2649.0,-30.830556,26.921389,2011-07-05
749,1854.0,3781.5,-25.127778,27.628889,2011-07-05
750,3451.0,5882.0,-25.20639,27.558,2011-07-05
751,1817.5,3817.0,-24.69514,27.40906,2011-07-05
752,1551.5,3149.5,-23.658056,31.05,2011-07-05
753,2293.5,4594.5,-30.733889,29.828333,2011-07-05
754,1701.0,2918.0,-27.169444,29.233889,2011-07-05
755,2353.0,4943.0,-34.065833,20.404167,2014-01-21
756,2943.0,5165.5,-34.065833,20.404167,2014-02-11
757,2724.5,5443.5,-34.065833,20.404167,2014-03-11
758,1144.0,2466.0,-27.671111,27.236944,2011-07-05
759,1779.0,4254.0,-28.69485,28.23487,2011-07-05
760,1203.5,2597.5,-28.883333,27.89,2011-07-05
761,1153.0,2442.0,-29.161667,23.696389,2011-07-06
762,3772.5,6945.0,-30.27402,30.69602,2011-07-06
763,1250.5,2638.5,-27.00222,28.76528,2011-07-06
764,1211.0,2724.5,-27.02314,28.59389,2011-07-06
765,1624.0,3404.5,-27.398611,26.614722,2011-07-06
766,1894.0,4021.0,-34.065833,20.404167,2015-02-24
767,1276.5,2853.5,-27.044444,27.005,2011-07-06
768,3621.0,6323.0,-34.405833,19.600556,2011-07-06
769,1514.5,3103.5,-27.495556,26.074722,2011-07-06
770,1768.0,3520.5,-28.376944,24.303056,2011-07-07
771,2840.5,5927.5,-34.065833,20.404167,2015-10-27
772,1382.5,2849.5,-27.573056,24.746389,2011-07-08
773,1082.0,2631.5,-27.902778,24.615556,2011-07-08
774,784.0,1822.5,-28.460833,21.248889,2011-07-08
775,2547.0,4572.5,-29.803611,30.516111,2011-07-08
776,898.0,1672.0,-28.96362,19.15486,2011-07-09
777,1568.0,2912.0,-25.99136,27.84208,2011-07-11
778,991.0,2363.0,-26.45,28.085833,2011-07-11
779,1667.0,2913.0,-26.98472222,26.63227778,2011-07-11
780,1252.0,2462.0,-29.160278,26.573333,2011-07-11
781,2314.0,4707.0,-23.281,30.54305556,2011-07-12
782,1207.0,2683.0,-27.02314,28.59389,2011-07-12
783,1516.0,3002.0,-26.648056,27.089444,2011-07-12
784,1310.0,2793.0,-26.970278,27.211111,2011-07-12
785,1815.0,3605.0,-26.880278,26.965,2011-07-12
786,1256.0,2808.0,-27.044444,27.005,2011-07-12
787,1252.0,2462.0,-29.160278,26.573333,2011-07-12
788,1035.0,2178.0,-30.160091,27.40124,2011-07-12
789,1088.0,2406.0,-28.883333,27.89,2011-07-12
790,3310.0,6526.0,-34.039722,22.133333,2011-07-12
791,2178.0,3193.0,-32.502778,19.535833,2011-07-12
792,1572.0,3528.0,-31.5653,18.3306,2011-07-12
793,4164.0,6745.0,-34.005833,22.351111,2011-07-12
794,1480.0,3007.0,-25.45963889,28.26430556,2011-07-12
795,1140.0,2356.0,-29.161667,23.696389,2011-07-13
796,1364.0,3029.0,-25.81048333,27.90955222,2011-07-13
797,3110.0,6441.0,-29.641944,30.6875,2011-07-13
798,1892.0,3917.0,-22.769722,30.886944,2011-07-13
799,1491.0,3180.0,-29.033333,23.983333,2011-07-13
800,4023.0,8178.0,-34.02861,22.22222,2011-07-13
801,2438.0,4618.0,-31.860278,18.6875,2011-07-14
802,1651.0,3388.0,-27.602222,29.942778,2011-07-14
803,1184.0,2305.0,-27.3,28.586944,2011-07-14
804,1321.0,2711.0,-27.573056,24.746389,2011-07-14
805,1491.0,3180.0,-29.033333,23.983333,2011-07-14
806,1035.0,2178.0,-30.160091,27.40124,2011-07-14
807,796.0,1917.0,-30.336111,27.359444,2011-07-14
808,2644.0,6113.0,-34.250556,20.9925,2011-07-14
809,1783.0,3758.0,-25.362222,31.956667,2011-07-15
810,1373.0,2928.0,-25.14944444,31.94055556,2011-07-15
811,1169.0,2099.0,-29.658056,25.973333,2011-07-15
812,1069.0,3207.0,-31.000833,26.353056,2011-07-15
813,1008.0,2454.0,-30.534167,24.961944,2011-07-15
814,6.5,18.0,-28.760833,17.730278,2011-07-17
815,1324.5,2418.5,-26.861111,28.884722,2011-07-18
816,669.0,2566.5,-26.73806,27.59194,2011-07-18
817,1791.5,4192.0,-28.69485,28.23487,2011-07-18
818,1791.5,3678.0,-25.127778,27.628889,2011-07-19
819,3196.5,5690.5,-25.20639,27.558,2011-07-19
820,2626.0,4998.5,-24.69514,27.40906,2011-07-19
821,1631.5,2806.5,-27.169444,29.233889,2011-07-19
822,1828.0,3927.0,-33.38056,19.30167,2011-07-19
823,2647.5,6050.0,-33.31388889,19.07472222,2011-07-19
824,1482.0,2965.5,-27.495556,26.074722,2011-07-19
825,1153.0,2383.0,-29.161667,23.696389,2011-07-20
826,1288.5,2914.5,-27.01011111,26.69808333,2011-07-20
827,990.0,2243.5,-28.75,30.442778,2011-07-20
828,2680.0,5653.0,-29.161667,30.629722,2011-07-20
829,1010.0,2368.5,-30.534167,24.961944,2011-07-20
830,5004.0,7377.0,-34.092222,21.295278,2011-07-20
831,4021.0,7139.5,-33.13083,18.86278,2011-07-20
832,1079.5,3127.5,-31.000833,26.353056,2011-07-21
833,3655.0,6395.5,-33.7075,18.97444444,2011-07-21
834,1467.0,2783.0,-25.99136,27.84208,2011-07-25
835,1319.0,2395.0,-26.861111,28.884722,2011-07-25
836,447.0,1958.0,-26.006389,29.253889,2011-07-26
837,1538.0,3822.0,-29.380556,30.2775,2011-07-26
838,1650.0,2899.0,-26.648056,27.089444,2011-07-26
839,1815.0,3525.0,-26.880278,26.965,2011-07-26
840,1569.0,2784.0,-26.98472222,26.63227778,2011-07-26
841,1633.0,3545.0,-28.141944,26.417778,2011-07-26
842,1381.0,2899.0,-27.044444,27.005,2011-07-26
843,1965.0,4597.0,-33.501667,21.624167,2011-07-26
844,1480.0,3007.0,-25.45963889,28.26430556,2011-07-26
845,1166.0,2410.0,-29.161667,23.696389,2011-07-27
846,1364.0,3029.0,-25.81048333,27.90955222,2011-07-27
847,3191.0,6026.0,-34.065833,20.404167,2011-07-27
848,1539.0,3294.0,-23.23572222,27.717,2011-07-27
849,1533.0,2849.0,-27.4275,28.525833,2011-07-27
850,1475.0,3167.0,-27.935,26.126667,2011-07-27
851,1640.0,3238.0,-29.033333,23.983333,2011-07-27
852,2911.0,5320.0,-34.075556,20.145556,2011-07-27
853,1408.0,2742.0,-22.91028,29.61111,2011-07-28
854,1346.0,2970.0,-24.925278,29.324444,2011-07-28
855,3449.0,6921.0,-26.905,32.324722,2011-07-28
856,1241.0,2495.0,-27.38972222,26.46388889,2011-07-28
857,1459.0,2932.0,-27.398611,26.614722,2011-07-28
858,1077.0,2421.0,-27.671111,27.236944,2011-07-28
859,1286.0,2846.0,-28.404444,30.013056,2011-07-29
860,1305.0,2630.0,-28.058889,30.373611,2011-07-29
861,236.0,527.0,-28.760833,17.730278,2011-07-31
862,1386.0,2812.0,-29.7775,29.470833,2011-08-01
863,1678.0,3491.0,-29.987778,29.851667,2011-08-01
864,1710.0,3241.0,-29.744167,29.905833,2011-08-01
865,1552.0,2801.0,-27.169444,29.233889,2011-08-01
866,995.0,2368.0,-26.45,28.085833,2011-08-01
867,1563.0,3132.0,-27.4,26.624722,2011-08-01
868,1804.5,3609.5,-25.127778,27.628889,2011-08-02
869,3282.5,5690.5,-25.20639,27.558,2011-08-02
870,3181.5,5645.5,-24.69514,27.40906,2011-08-02
871,2005.0,4187.0,-30.733889,29.828333,2011-08-02
872,865.5,1930.0,-27.802778,28.768333,2011-08-02
873,1125.5,2291.5,-30.160091,27.40124,2011-08-02
874,638.5,1578.5,-30.336111,27.359444,2011-08-02
875,3621.0,6175.5,-34.405833,19.600556,2011-08-02
876,1301.0,2947.5,-27.01011111,26.69808333,2011-08-03
877,1415.0,2578.0,-30.830556,26.921389,2011-08-03
878,3363.0,6022.5,-30.398056,30.601944,2011-08-03
879,1210.5,2511.5,-27.00222,28.76528,2011-08-03
880,1211.0,2600.0,-27.02314,28.59389,2011-08-03
881,1276.0,2797.5,-26.970278,27.211111,2011-08-03
882,1637.5,2947.5,-27.4275,28.525833,2011-08-03
883,1233.5,2304.0,-27.3,28.586944,2011-08-03
884,1543.0,3102.0,-27.398611,26.614722,2011-08-03
885,2108.5,3901.0,-30.679722,26.7125,2011-08-03
886,1482.0,2866.0,-27.495556,26.074722,2011-08-03
887,2308.0,4279.0,-29.803611,30.516111,2011-08-05
888,678.0,2638.5,-26.73806,27.59194,2011-08-07
889,1386.5,2830.5,-25.99136,27.84208,2011-08-08
890,1324.5,2418.5,-26.861111,28.884722,2011-08-08
891,993.0,2453.0,-26.45,28.085833,2011-08-08
892,1233.0,2467.5,-29.160278,26.573333,2011-08-08
893,1301.0,2947.5,-27.01011111,26.69808333,2011-08-09
894,1210.5,2511.5,-27.00222,28.76528,2011-08-09
895,1832.0,3565.0,-26.880278,26.965,2011-08-09
896,1623.5,2834.5,-26.98472222,26.63227778,2011-08-09
897,1754.0,3936.0,-28.69485,28.23487,2011-08-09
898,1528.5,2558.0,-29.615556,27.065278,2011-08-09
899,1090.0,2405.5,-28.883333,27.89,2011-08-09
900,1463.5,3045.5,-25.45963889,28.26430556,2011-08-09
901,1204.0,2488.0,-29.161667,23.696389,2011-08-10
902,1364.0,3009.0,-25.81048333,27.90955222,2011-08-10
903,2636.0,5766.0,-29.641944,30.6875,2011-08-10
904,1483.0,3087.0,-27.602222,29.942778,2011-08-10
905,2957.0,5673.0,-31.554722,29.245556,2011-08-10
906,3325.0,6300.0,-34.039722,22.133333,2011-08-10
907,1582.0,2449.0,-32.502778,19.535833,2011-08-10
908,1736.0,3881.0,-31.5653,18.3306,2011-08-10
909,2348.0,4211.0,-31.860278,18.6875,2011-08-11
910,1419.0,2485.0,-30.830556,26.921389,2011-08-11
911,1538.0,3102.0,-22.43772222,31.07805556,2011-08-11
912,1444.0,3250.0,-28.735556,29.820556,2011-08-11
913,1090.0,3048.0,-31.000833,26.353056,2011-08-11
914,2031.0,3706.0,-30.679722,26.7125,2011-08-11
915,1216.0,2405.0,-30.160091,27.40124,2011-08-11
916,481.0,1240.0,-30.336111,27.359444,2011-08-11
917,1619.0,3490.0,-30.568333,29.422778,2011-08-11
918,1514.0,2747.0,-30.570833,29.150556,2011-08-11
919,2165.0,4772.0,-31.104278,29.399722,2011-08-11
920,2590.0,6001.0,-34.250556,20.9925,2011-08-11
921,1519.0,2849.0,-27.573056,24.746389,2011-08-12
922,1169.0,2116.0,-29.658056,25.973333,2011-08-12
923,1012.0,2283.0,-30.534167,24.961944,2011-08-12
924,1880.0,4124.0,-28.460833,21.248889,2011-08-12
925,1335.0,2886.0,-30.86013889,29.07125,2011-08-12
926,1113.0,2655.0,-30.77586667,29.03221667,2011-08-12
927,1420.0,3139.0,-23.838611,31.640833,2011-08-13
928,208.0,569.0,-28.760833,17.730278,2011-08-14
929,1310.0,2802.0,-26.970278,27.211111,2011-08-15
930,654.0,2610.0,-26.73806,27.59194,2011-08-15
931,1421.0,2822.0,-27.044444,27.005,2011-08-15
932,1152.0,2696.0,-24.679167,30.8025,2011-08-16
933,1798.0,3570.0,-25.127778,27.628889,2011-08-16
934,3257.0,5581.0,-25.20639,27.558,2011-08-16
935,3614.0,6162.0,-24.69514,27.40906,2011-08-16
936,1552.0,2801.0,-27.169444,29.233889,2011-08-16
937,1700.0,2899.0,-26.648056,27.089444,2011-08-16
938,1252.0,2498.0,-29.160278,26.573333,2011-08-16
939,1921.0,4188.0,-33.38056,19.30167,2011-08-16
940,3022.0,5847.0,-33.31388889,19.07472222,2011-08-16
941,1452.0,2856.0,-27.495556,26.074722,2011-08-16
942,1204.0,2488.0,-29.161667,23.696389,2011-08-17
943,1685.0,3555.0,-22.769722,30.886944,2011-08-17
944,1223.0,2634.0,-24.058889,31.237222,2011-08-17
945,887.0,2097.0,-28.75,30.442778,2011-08-17
946,2053.0,4589.0,-29.161667,30.629722,2011-08-17
947,848.0,1877.0,-27.802778,28.768333,2011-08-17
948,1656.0,3238.0,-29.033333,23.983333,2011-08-17
949,3212.0,5559.0,-33.980556,21.653333,2011-04-06
950,3259.0,5432.0,-33.980556,21.653333,2011-08-17
951,3961.0,5665.0,-33.980556,21.653333,2011-09-27
952,3821.0,5727.5,-33.980556,21.653333,2011-10-25
953,3673.5,5482.5,-33.980556,21.653333,2011-11-29
954,3264.0,5328.0,-33.980556,21.653333,2012-02-15
955,3689.0,6244.0,-33.980556,21.653333,2012-04-18
956,3449.5,5935.0,-33.980556,21.653333,2012-05-16
957,2948.0,5425.0,-33.980556,21.653333,2012-06-12
958,3147.5,5581.0,-33.980556,21.653333,2012-07-05
959,3117.0,5459.0,-33.980556,21.653333,2012-08-07
960,3374.0,5765.0,-33.980556,21.653333,2012-09-05
961,3705.0,5973.0,-33.980556,21.653333,2012-10-03
962,4093.5,6234.5,-33.980556,21.653333,2012-11-06
963,3999.0,6097.0,-33.980556,21.653333,2012-12-03
964,3429.5,5665.0,-33.980556,21.653333,2013-01-29
965,3265.0,5665.0,-33.980556,21.653333,2013-02-28
966,3221.0,5665.0,-33.980556,21.653333,2013-03-10
967,3193.0,5845.0,-33.980556,21.653333,2013-03-19
968,3446.0,5719.0,-33.980556,21.653333,2013-05-15
969,2945.0,5256.0,-33.980556,21.653333,2013-06-12
970,3025.0,5453.5,-33.980556,21.653333,2013-07-18
971,2952.0,5378.0,-33.980556,21.653333,2013-08-14
972,3030.0,5191.0,-33.980556,21.653333,2013-09-11
973,3065.0,5124.5,-33.980556,21.653333,2013-10-08
974,5043.0,7301.0,-34.092222,21.295278,2011-08-17
975,3728.5,5688.0,-33.980556,21.653333,2013-12-05
976,3256.5,5041.5,-33.980556,21.653333,2014-01-07
977,2890.0,5276.0,-33.980556,21.653333,2014-02-18
978,3269.0,5696.0,-33.980556,21.653333,2014-03-11
979,3393.0,5888.0,-33.980556,21.653333,2014-04-10
980,3581.0,6027.0,-33.980556,21.653333,2014-05-13
981,3365.0,5255.0,-33.980556,21.653333,2014-06-10
982,2922.0,4946.0,-33.980556,21.653333,2014-07-08
983,2802.5,4809.5,-33.980556,21.653333,2014-08-21
984,3340.0,5397.0,-33.980556,21.653333,2014-09-11
985,3781.0,6034.0,-33.980556,21.653333,2014-10-14
986,3692.5,5642.5,-33.980556,21.653333,2014-11-11
987,3528.0,5623.0,-33.980556,21.653333,2014-12-02
988,3128.5,4848.5,-33.980556,21.653333,2015-01-15
989,2688.0,4732.0,-33.980556,21.653333,2015-02-17
990,2907.0,4873.0,-33.980556,21.653333,2015-03-10
991,3252.5,5541.5,-33.980556,21.653333,2015-04-14
992,3219.0,5285.0,-33.980556,21.653333,2015-05-19
993,3620.0,6058.0,-33.980556,21.653333,2015-08-18
994,4184.0,6192.0,-33.980556,21.653333,2015-09-15
995,3997.0,5919.0,-33.980556,21.653333,2015-10-20
996,3997.0,5903.0,-33.980556,21.653333,2015-11-17
997,3675.0,5592.5,-33.980556,21.653333,2015-12-09
998,1687.0,3132.5,-24.183889,30.823889,2011-08-18
999,2005.5,4147.0,-23.281,30.54305556,2011-08-18
1000,1123.0,2443.0,-27.671111,27.236944,2011-08-18
1001,1304.5,2811.0,-27.902778,24.615556,2011-08-18
1002,1815.5,3253.0,-28.376944,24.303056,2011-08-18
1003,1205.5,2125.5,-29.658056,25.973333,2011-08-18
1004,1057.0,2282.0,-30.534167,24.961944,2011-08-18
1005,1336.0,3069.0,-22.225556,29.990556,2011-08-22
1006,1536.0,3042.5,-24.282222,28.090278,2011-08-22
1007,1386.5,2830.5,-25.99136,27.84208,2011-08-22
1008,1681.0,3879.5,-29.380556,30.2775,2011-08-22
1009,1355.5,2462.0,-26.861111,28.884722,2011-08-22
1010,1098.5,2579.0,-26.45,28.085833,2011-08-22
1011,1556.5,2677.5,-30.830556,26.921389,2011-08-23
1012,1476.0,2733.5,-25.73411,27.21422,2011-08-23
1013,1681.0,3879.5,-29.380556,30.2775,2011-08-23
1014,1862.5,3706.0,-28.141944,26.417778,2011-08-23
1015,2289.0,4060.0,-30.679722,26.7125,2011-08-23
1016,2197.5,4615.5,-33.501667,21.624167,2011-08-23
1017,1630.5,3161.0,-25.57877778,29.12747222,2011-08-23
1018,1214.0,2508.0,-29.161667,23.696389,2011-08-24
1019,3218.5,6043.0,-34.065833,20.404167,2011-08-24
1020,1486.5,3154.5,-23.23572222,27.717,2011-08-24
1021,1268.0,2891.0,-28.404444,30.013056,2011-08-24
1022,1274.5,2577.5,-27.38972222,26.46388889,2011-08-24
1023,1548.5,3102.0,-27.398611,26.614722,2011-08-24
1024,1459.5,2868.0,-27.044444,27.005,2011-08-24
1025,1908.0,3574.5,-29.033333,23.983333,2011-08-24
1026,3104.5,5883.5,-33.818056,19.694722,2011-08-24
1027,2798.0,5279.5,-34.075556,20.145556,2011-08-24
1028,1331.0,2773.0,-28.058889,30.373611,2011-08-24
1029,1605.0,3203.0,-27.4,26.624722,2011-08-24
1030,1411.0,3027.0,-27.01011111,26.69808333,2011-08-25
1031,1336.0,3069.0,-22.225556,29.990556,2011-08-25
1032,1402.0,2734.5,-22.91028,29.61111,2011-08-25
1033,1338.5,2918.0,-24.925278,29.324444,2011-08-25
1034,3169.0,5856.0,-30.398056,30.601944,2011-08-25
1035,3781.0,6890.0,-30.27402,30.69602,2011-08-25
1036,1614.0,3069.5,-26.648056,27.089444,2011-08-25
1037,1329.0,2848.0,-26.970278,27.211111,2011-08-25
1038,1983.5,3706.0,-26.880278,26.965,2011-08-25
1039,1274.5,2577.5,-27.38972222,26.46388889,2011-08-25
1040,2040.0,4264.0,-23.763056,27.908611,2014-07-25
1041,1973.0,3572.0,-23.763056,27.908611,2014-08-13
1042,1623.5,2834.5,-26.98472222,26.63227778,2011-08-25
1043,1863.0,3179.0,-29.028629,24.638389,2011-08-25
1044,3936.0,6883.0,-23.763056,27.908611,2014-12-22
1045,1935.0,3768.5,-33.897778,20.012778,2011-08-25
1046,2636.0,5714.0,-29.641944,30.6875,2011-08-26
1047,2280.0,4067.0,-27.937778,31.209444,2011-08-26
1048,1119.0,2431.0,-27.671111,27.236944,2011-08-26
1049,1737.0,3172.0,-27.573056,24.746389,2011-08-26
1050,1696.5,3529.5,-23.763056,27.908611,2015-08-19
1051,1696.5,3529.5,-23.763056,27.908611,2015-09-09
1052,1880.0,4194.0,-28.460833,21.248889,2011-08-26
1053,208.0,569.0,-28.760833,17.730278,2011-08-28
1054,1754.0,2903.0,-27.169444,29.233889,2011-08-29
1055,835.0,2667.0,-26.73806,27.59194,2011-08-29
1056,1717.0,3335.0,-25.127778,27.628889,2011-08-30
1057,3257.0,5138.0,-25.20639,27.558,2011-08-30
1058,5224.0,7484.0,-24.69514,27.40906,2011-08-30
1059,1248.0,2485.0,-27.00222,28.76528,2011-08-30
1060,4043.0,5976.0,-34.405833,19.600556,2011-08-30
1061,1568.0,2856.0,-27.495556,26.074722,2011-08-30
1062,1224.0,2488.0,-29.161667,23.696389,2011-08-31
1063,1951.0,4482.0,-34.329722,18.990278,2011-08-31
1064,1933.0,4488.0,-25.447222,30.711667,2011-08-31
1065,1224.0,2488.0,-29.161667,23.696389,2011-09-01
1066,1353.0,2898.0,-27.902778,24.615556,2011-09-02
1067,1583.0,3206.5,-25.99136,27.84208,2011-09-05
1068,1532.0,2780.0,-26.861111,28.884722,2011-09-05
1069,1301.0,2987.5,-26.45,28.085833,2011-09-05
1070,1455.5,2707.5,-29.160278,26.573333,2011-09-05
1071,1314.5,2601.0,-28.768056,20.720556,2011-09-05
1072,1526.5,2891.5,-25.73411,27.21422,2011-09-06
1073,2326.0,4602.0,-29.380556,30.2775,2011-09-06
1074,1848.0,3546.0,-27.398611,26.614722,2011-09-06
1075,1331.5,2774.5,-27.671111,27.236944,2011-09-06
1076,2002.0,4299.0,-28.69485,28.23487,2011-09-06
1077,1914.5,3023.0,-29.615556,27.065278,2011-09-06
1078,1544.5,3033.5,-28.883333,27.89,2011-09-06
1079,2801.0,5544.0,-31.104278,29.399722,2011-09-06
1080,2723.5,5734.5,-31.396,29.2651,2011-09-06
1081,3410.5,6542.5,-31.554722,29.245556,2011-09-06
1082,3441.0,6778.0,-34.039722,22.133333,2011-09-06
1083,1359.5,3293.5,-25.81048333,27.90955222,2011-09-07
1084,2900.0,5740.0,-29.641944,30.6875,2011-09-07
1085,1905.0,3322.5,-31.860278,18.6875,2011-09-07
1086,1675.0,3473.5,-27.602222,29.942778,2011-09-07
1087,1404.0,2740.0,-27.02314,28.59389,2011-09-07
1088,1783.5,3165.0,-27.4275,28.525833,2011-09-07
1089,1315.5,2470.0,-27.3,28.586944,2011-09-07
1090,1544.5,2929.0,-27.044444,27.005,2011-09-07
1091,2254.0,3954.0,-29.033333,23.983333,2011-09-07
1092,1384.0,2546.0,-30.160091,27.40124,2011-09-07
1093,626.0,1610.0,-30.336111,27.359444,2011-09-07
1094,2276.5,4355.5,-30.568333,29.422778,2011-09-07
1095,1927.0,3749.0,-30.86013889,29.07125,2011-09-07
1096,2047.5,4176.5,-30.77586667,29.03221667,2011-09-07
1097,4625.5,7812.5,-34.02861,22.22222,2011-09-07
1098,1680.5,2974.5,-30.830556,26.921389,2011-09-08
1099,3169.0,5856.0,-30.398056,30.601944,2011-09-08
1100,3733.0,6927.0,-30.27402,30.69602,2011-09-08
1101,2254.0,3954.0,-29.033333,23.983333,2011-09-08
1102,2289.0,4060.0,-30.679722,26.7125,2011-09-08
1103,1889.5,3313.0,-31.031389,28.883333,2011-09-08
1104,3093.0,5801.5,-34.031944,22.053333,2011-09-08
1105,1285.0,2169.0,-29.658056,25.973333,2011-09-09
1106,1201.5,3147.5,-31.000833,26.353056,2011-09-09
1107,220.5,655.0,-28.760833,17.730278,2011-09-10
1108,1667.0,3269.0,-26.970278,27.211111,2011-09-12
1109,1781.0,3499.0,-27.01011111,26.69808333,2011-09-13
1110,1473.0,2951.0,-24.679167,30.8025,2011-09-13
1111,1742.0,3051.0,-24.183889,30.823889,2011-09-13
1112,1798.0,3570.0,-25.127778,27.628889,2011-09-13
1113,2720.0,4974.0,-25.20639,27.558,2011-09-13
1114,5224.0,7496.0,-24.69514,27.40906,2011-09-13
1115,1387.0,2866.0,-24.925278,29.324444,2011-09-13
1116,2115.0,4857.0,-29.161667,30.629722,2011-09-13
1117,1757.0,3479.0,-26.648056,27.089444,2011-09-13
1118,2328.0,4029.0,-26.880278,26.965,2011-09-13
1119,989.0,2178.0,-27.802778,28.768333,2011-09-13
1120,2072.0,3491.0,-26.98472222,26.63227778,2011-09-13
1121,2348.0,3997.0,-29.033333,23.983333,2011-09-13
1122,2547.0,4414.0,-30.679722,26.7125,2011-09-13
1123,2940.0,5965.0,-31.396,29.2651,2011-09-13
1124,1711.0,3536.0,-33.38056,19.30167,2011-09-13
1125,2825.0,5599.0,-33.31388889,19.07472222,2011-09-13
1126,1589.0,2923.0,-27.495556,26.074722,2011-09-13
1127,1223.0,2634.0,-24.058889,31.237222,2011-09-14
1128,1293.0,2461.0,-28.75,30.442778,2011-09-14
1129,2930.0,5313.0,-29.380556,30.2775,2011-09-14
1130,1232.0,3240.0,-26.73806,27.59194,2011-09-14
1131,1742.0,3046.0,-27.4275,28.525833,2011-09-14
1132,1348.0,2524.0,-27.3,28.586944,2011-09-14
1133,2020.0,3620.0,-29.042222,24.6,2011-09-14
1134,1630.0,2959.0,-29.028629,24.638389,2011-09-14
1135,1545.0,2677.0,-30.160091,27.40124,2011-09-14
1136,2857.0,5803.0,-34.250556,20.9925,2011-09-14
1137,2900.0,5413.0,-33.7075,18.97444444,2011-09-14
1138,1415.0,2552.0,-29.161667,23.696389,2011-09-15
1139,3228.0,6003.0,-30.398056,30.601944,2011-09-15
1140,1958.0,3382.0,-27.169444,29.233889,2011-09-15
1141,1295.0,2504.0,-27.00222,28.76528,2011-09-15
1142,1556.0,3232.0,-27.902778,24.615556,2011-09-16
1143,1796.0,4124.0,-28.460833,21.248889,2011-09-16
1144,3781.0,6975.0,-30.27402,30.69602,2011-09-19
1145,1735.5,3085.5,-26.861111,28.884722,2011-09-19
1146,2231.5,3998.0,-26.970278,27.211111,2011-09-19
1147,1904.5,3706.0,-27.01011111,26.69808333,2011-09-20
1148,1329.5,2671.0,-24.058889,31.237222,2011-09-20
1149,2411.5,4887.5,-27.937778,31.209444,2011-09-20
1150,2944.0,5545.5,-29.380556,30.2775,2011-09-20
1151,1296.0,2582.5,-27.00222,28.76528,2011-09-20
1152,2170.5,3895.5,-26.648056,27.089444,2011-09-20
1153,2414.0,4139.5,-26.880278,26.965,2011-09-20
1154,2096.0,3475.0,-26.98472222,26.63227778,2011-09-20
1155,2665.0,4923.5,-33.501667,21.624167,2011-09-20
1156,1795.0,3597.5,-28.058889,30.373611,2011-09-20
1157,1610.5,3119.5,-25.57877778,29.12747222,2011-09-20
1158,1519.0,2725.5,-29.161667,23.696389,2011-09-21
1159,1404.0,3606.5,-25.81048333,27.90955222,2011-09-21
1160,3308.0,6168.5,-34.065833,20.404167,2011-09-21
1161,1902.0,4126.5,-27.5275,30.858056,2011-09-21
1162,1808.0,3650.5,-28.404444,30.013056,2011-09-21
1163,2297.0,4040.0,-28.141944,26.417778,2011-09-21
1164,2362.0,4037.0,-29.033333,23.983333,2011-09-21
1165,2120.5,4363.0,-33.818056,19.694722,2011-09-21
1166,2429.0,4885.0,-34.075556,20.145556,2011-09-21
1167,1519.0,2725.5,-29.161667,23.696389,2011-09-22
1168,1589.5,3159.5,-27.38972222,26.46388889,2011-09-22
1169,2083.5,3909.5,-27.398611,26.614722,2011-09-22
1170,1814.0,3148.0,-33.897778,20.012778,2011-09-22
1171,3243.5,5821.5,-29.641944,30.6875,2011-09-23
1172,220.5,655.0,-28.760833,17.730278,2011-09-24
1173,3243.5,5821.5,-29.641944,30.6875,2011-09-24
1174,2206.5,4746.0,-25.513889,31.224444,2011-09-26
1175,2206.0,4497.0,-29.7775,29.470833,2011-09-26
1176,3758.0,6032.5,-29.987778,29.851667,2011-09-26
1177,1813.0,4109.0,-29.744167,29.905833,2011-09-26
1178,1970.0,3406.0,-27.169444,29.233889,2011-09-26
1179,1644.5,4018.0,-26.73806,27.59194,2011-09-26
1180,1812.5,3805.0,-26.45,28.085833,2011-09-26
1181,2884.0,5734.5,-31.396,29.2651,2011-09-26
1182,3993.5,7207.5,-31.554722,29.245556,2011-09-26
1183,1688.0,3583.0,-24.282222,28.090278,2011-09-27
1184,2556.0,4914.0,-25.127778,27.628889,2011-09-27
1185,2285.0,4745.0,-25.20639,27.558,2011-09-27
1186,2075.0,3762.0,-23.281,30.54305556,2011-09-27
1187,3548.0,6194.0,-28.747778,31.745833,2011-09-27
1188,2817.0,5631.0,-30.733889,29.828333,2011-09-27
1189,2060.0,3912.0,-27.273889,28.49,2011-09-27
1190,1583.0,2898.0,-27.3,28.586944,2011-09-27
1191,2960.0,5577.0,-30.568333,29.422778,2011-09-27
1192,3065.0,5700.0,-31.104278,29.399722,2011-09-27
1193,5136.0,7162.0,-34.092222,21.295278,2011-09-27
1194,3714.0,5865.0,-34.405833,19.600556,2011-09-27
1195,1623.0,2899.0,-29.161667,23.696389,2011-09-28
1196,1173.0,2820.0,-22.935,28.004167,2011-09-28
1197,2002.0,3729.0,-23.763056,27.908611,2011-09-28
1198,1920.0,3318.0,-24.768889,31.39,2011-09-28
1199,3262.0,5388.0,-28.801278,31.955389,2011-09-28
1200,3761.0,7006.0,-30.27402,30.69602,2011-09-28
1201,1174.0,2437.0,-27.802778,28.768333,2011-09-28
1202,2109.0,3999.0,-27.398611,26.614722,2011-09-28
1203,1926.0,3724.0,-31.031389,28.883333,2011-09-28
1204,2347.0,4315.0,-30.86013889,29.07125,2011-09-28
1205,2726.0,5285.0,-30.77586667,29.03221667,2011-09-28
1206,1698.0,3075.0,-27.495556,26.074722,2011-09-28
1207,3100.0,6276.0,-24.99328,30.81444,2011-09-29
1208,3798.0,6708.0,-30.13573889,30.67422222,2011-09-29
1209,2253.0,3788.0,-27.573056,24.746389,2011-09-30
1210,1972.0,3861.0,-27.902778,24.615556,2011-09-30
1211,3805.0,6506.0,-29.803611,30.516111,2011-09-30
1212,1788.0,3140.0,-26.861111,28.884722,2011-10-03
1213,1587.0,2947.0,-29.160278,26.573333,2011-10-03
1214,2089.0,4536.0,-26.03611,30.99778,2011-10-04
1215,2109.0,3999.0,-27.398611,26.614722,2011-10-04
1216,2464.0,4434.0,-27.671111,27.236944,2011-10-04
1217,1931.0,3348.0,-30.160091,27.40124,2011-10-04
1218,794.0,2085.0,-30.336111,27.359444,2011-10-04
1219,2575.0,4980.0,-28.69485,28.23487,2011-10-04
1220,2152.0,4036.0,-28.883333,27.89,2011-10-04
1221,2004.0,3712.0,-31.5653,18.3306,2011-10-04
1222,2606.0,4587.0,-25.45963889,28.26430556,2011-10-04
1223,1935.0,3777.0,-28.338333,31.373611,2011-10-04
1224,2117.0,4104.0,-28.068333,31.55,2011-10-04
1225,2200.0,4085.0,-27.4,26.624722,2011-10-04
1226,1557.0,2860.5,-29.161667,23.696389,2011-10-05
1227,1679.0,3975.5,-25.81048333,27.90955222,2011-10-05
1228,3243.5,5821.5,-29.641944,30.6875,2011-10-05
1229,1662.5,2815.5,-31.860278,18.6875,2011-10-05
1230,1507.0,3009.5,-27.00222,28.76528,2011-10-05
1231,1840.0,3526.5,-27.02314,28.59389,2011-10-05
1232,2339.5,4112.5,-27.273889,28.49,2011-10-05
1233,1890.0,3449.0,-27.4275,28.525833,2011-10-05
1234,1646.0,2910.5,-27.3,28.586944,2011-10-05
1235,1748.0,3177.5,-30.830556,26.921389,2011-10-06
1236,2558.0,4259.0,-30.679722,26.7125,2011-10-06
1237,1944.0,3402.0,-30.160091,27.40124,2011-10-06
1238,890.0,2191.0,-30.336111,27.359444,2011-10-06
1239,1625.0,3452.0,-31.000833,26.353056,2011-10-07
1240,1860.5,4486.0,-28.460833,21.248889,2011-10-07
1241,263.5,937.0,-28.760833,17.730278,2011-10-08
1242,2055.5,4282.0,-27.602222,29.942778,2011-10-08
1243,2228.5,3642.5,-27.169444,29.233889,2011-10-10
1244,2202.5,4154.5,-27.01011111,26.69808333,2011-10-11
1245,1830.5,3221.0,-24.183889,30.823889,2011-10-11
1246,2628.5,5175.0,-25.127778,27.628889,2011-10-11
1247,2382.0,4673.5,-25.20639,27.558,2011-10-11
1248,4015.0,6401.0,-24.69514,27.40906,2011-10-11
1249,1735.5,3121.5,-25.73411,27.21422,2011-10-11
1250,3917.5,6738.5,-27.363611,31.783333,2011-10-11
1251,2638.5,4589.0,-26.648056,27.089444,2011-10-11
1252,2231.5,3998.0,-26.970278,27.211111,2011-10-11
1253,2602.5,4339.5,-26.880278,26.965,2011-10-11
1254,2096.0,3475.0,-26.98472222,26.63227778,2011-10-11
1255,2298.0,3871.5,-27.573056,24.746389,2011-10-11
1256,2527.0,4040.5,-29.028629,24.638389,2011-10-11
1257,1944.0,3402.0,-30.160091,27.40124,2011-10-11
1258,2589.5,5300.0,-33.31388889,19.07472222,2011-10-11
1259,1557.0,2860.5,-29.161667,23.696389,2011-10-12
1260,1670.5,3182.0,-24.058889,31.237222,2011-10-12
1261,3465.0,6077.5,-26.905,32.324722,2011-10-12
1262,1947.0,4600.0,-26.73806,27.59194,2011-10-12
1263,1625.0,3452.0,-31.000833,26.353056,2011-10-12
1264,2558.0,4259.0,-30.679722,26.7125,2011-10-12
1265,2444.0,4303.0,-33.7075,18.97444444,2011-10-12
1266,1844.0,3959.0,-24.679167,30.8025,2011-10-13
1267,2351.0,4482.0,-34.250556,20.9925,2011-10-13
1268,2941.0,5063.0,-34.031944,22.053333,2011-10-13
1269,3267.0,5790.0,-34.039722,22.133333,2011-10-13
1270,4808.0,7555.0,-34.02861,22.22222,2011-10-14
1271,2377.0,4396.0,-27.01011111,26.69808333,2011-10-17
1272,2498.0,4406.0,-25.99136,27.84208,2011-10-17
1273,2014.0,3436.0,-26.861111,28.884722,2011-10-17
1274,2057.0,4796.0,-26.73806,27.59194,2011-10-17
1275,2120.0,3459.0,-26.98472222,26.63227778,2011-10-17
1276,3139.0,5114.0,-29.042222,24.6,2011-10-17
1277,2992.0,5821.0,-29.380556,30.2775,2011-10-18
1278,1717.0,3358.0,-27.00222,28.76528,2011-10-18
1279,2693.0,4866.0,-26.648056,27.089444,2011-10-18
1280,2796.0,4727.0,-26.970278,27.211111,2011-10-18
1281,2705.0,4429.0,-26.880278,26.965,2011-10-18
1282,2802.0,4953.0,-28.141944,26.417778,2011-10-18
1283,1389.0,2221.0,-31.436944,20.474722,2011-10-18
1284,2819.0,4960.0,-33.501667,21.624167,2011-10-18
1285,2235.0,4394.0,-33.818056,19.694722,2011-10-18
1286,2606.0,4694.0,-25.45963889,28.26430556,2011-10-18
1287,1348.0,2534.0,-28.7115,24.07288889,2011-10-19
1288,1836.0,4292.0,-25.81048333,27.90955222,2011-10-19
1289,2049.0,4989.0,-26.006389,29.253889,2011-10-19
1290,954.0,2115.0,-29.1825,23.575556,2011-10-19
1291,2373.0,4610.0,-34.075556,20.145556,2011-10-19
1292,2308.0,4856.0,-27.5275,30.858056,2011-10-20
1293,1921.0,4002.0,-28.404444,30.013056,2011-10-20
1294,1575.0,3241.0,-27.38972222,26.46388889,2011-10-20
1295,2419.0,3565.0,-29.028629,24.638389,2011-10-20
1296,1859.0,3738.0,-28.058889,30.373611,2011-10-20
1297,1631.0,3366.0,-25.57877778,29.12747222,2011-10-20
1298,2693.0,5364.0,-27.937778,31.209444,2011-10-21
1299,328.0,1055.0,-28.760833,17.730278,2011-10-22
1300,2121.5,4151.5,-24.058889,31.237222,2011-10-24
1301,2276.0,4497.0,-29.7775,29.470833,2011-10-24
1302,3951.5,6240.5,-29.987778,29.851667,2011-10-24
1303,2446.5,4967.0,-29.744167,29.905833,2011-10-24
1304,2597.5,4096.5,-27.169444,29.233889,2011-10-24
1305,2260.0,4901.0,-26.73806,27.59194,2011-10-24
1306,2336.0,4342.0,-26.45,28.085833,2011-10-24
1307,2881.5,4780.5,-34.065833,20.404167,2011-10-25
1308,2694.5,5175.0,-25.127778,27.628889,2011-10-25
1309,2382.0,4673.5,-25.20639,27.558,2011-10-25
1310,2578.0,4466.0,-24.69514,27.40906,2011-10-25
1311,1840.5,3429.5,-25.73411,27.21422,2011-10-25
1312,1775.0,3320.5,-22.769722,30.886944,2011-10-25
1313,3288.5,6041.5,-28.747778,31.745833,2011-10-25
1314,3234.5,5727.0,-30.733889,29.828333,2011-10-25
1315,3079.0,5661.5,-31.104278,29.399722,2011-10-25
1316,2853.5,5136.0,-30.77586667,29.03221667,2011-10-25
1317,2909.5,5935.5,-31.396,29.2651,2011-10-25
1318,4196.0,7403.0,-31.554722,29.245556,2011-10-25
1319,4236.5,6271.0,-34.092222,21.295278,2011-10-25
1320,1993.0,3397.0,-27.495556,26.074722,2011-10-25
1321,3898.5,6509.5,-30.398056,30.601944,2011-10-26
1322,3824.5,6908.0,-30.27402,30.69602,2011-10-26
1323,3018.5,5592.0,-30.568333,29.422778,2011-10-26
1324,2313.5,4226.5,-30.86013889,29.07125,2011-10-26
1325,2248.5,3965.5,-30.570833,29.150556,2011-10-26
1326,1922.5,3166.0,-33.897778,20.012778,2011-10-26
1327,3669.5,6936.0,-25.447222,30.711667,2011-10-26
1328,3169.5,6281.0,-30.13573889,30.67422222,2011-10-27
1329,2039.5,3748.5,-31.031389,28.883333,2011-10-27
1330,3324.5,5502.5,-34.405833,19.600556,2011-10-27
1331,2225.0,4074.0,-27.398611,26.614722,2011-10-28
1332,2049.0,3743.0,-27.902778,24.615556,2011-10-28
1333,3918.0,6602.5,-29.803611,30.516111,2011-10-28
1334,2946.0,4692.0,-25.99136,27.84208,2011-10-31
1335,2266.0,3783.0,-26.861111,28.884722,2011-10-31
1336,2354.0,4429.0,-26.45,28.085833,2011-10-31
1337,1587.0,2122.0,-32.502778,19.535833,2011-10-31
1338,1584.0,2548.0,-31.860278,18.6875,2011-11-01
1339,3072.0,5836.0,-28.735556,29.820556,2011-11-01
1340,1939.0,3485.0,-27.00222,28.76528,2011-11-01
1341,2705.0,4720.0,-26.880278,26.965,2011-11-01
1342,1944.0,3695.0,-27.38972222,26.46388889,2011-11-01
1343,1680.0,2950.0,-29.160278,26.573333,2011-11-01
1344,2720.0,4395.0,-30.679722,26.7125,2011-11-01
1345,2606.0,4888.0,-25.45963889,28.26430556,2011-11-01
1346,1935.0,3937.0,-28.338333,31.373611,2011-11-01
1347,1889.0,4882.0,-25.81048333,27.90955222,2011-11-02
1348,2785.0,5526.0,-29.641944,30.6875,2011-11-02
1349,3710.0,5855.0,-28.69485,28.23487,2011-11-02
1350,2608.0,3806.0,-29.615556,27.065278,2011-11-02
1351,1720.0,3169.0,-29.161667,23.696389,2011-11-03
1352,4162.0,6951.0,-28.44555556,32.325,2011-11-03
1353,2496.0,4051.0,-27.602222,29.942778,2011-11-03
1354,2142.0,3456.0,-30.160091,27.40124,2011-11-03
1355,1140.0,2425.0,-30.336111,27.359444,2011-11-03
1356,2364.0,3928.0,-28.883333,27.89,2011-11-03
1357,1117.0,2470.0,-29.1825,23.575556,2011-11-03
1358,2817.0,4865.0,-32.595833,19.009444,2011-11-03
1359,1391.0,2534.0,-28.7115,24.07288889,2011-11-04
1360,1841.0,3080.0,-30.830556,26.921389,2011-11-04
1361,2343.0,3955.0,-27.573056,24.746389,2011-11-04
1362,2720.0,4395.0,-30.679722,26.7125,2011-11-04
1363,3710.0,5855.0,-28.69485,28.23487,2011-11-04
1364,362.0,1133.0,-28.760833,17.730278,2011-11-05
1365,1707.0,2770.0,-29.658056,25.973333,2011-11-05
1366,1628.0,3352.0,-31.000833,26.353056,2011-11-05
1367,3071.5,4555.0,-27.169444,29.233889,2011-11-07
1368,2350.0,4866.0,-26.73806,27.59194,2011-11-07
1369,2619.5,4864.5,-27.01011111,26.69808333,2011-11-08
1370,2604.0,4311.0,-24.679167,30.8025,2011-11-08
1371,2653.0,4675.0,-24.183889,30.823889,2011-11-08
1372,2694.5,5088.0,-25.127778,27.628889,2011-11-08
1373,2883.0,4848.5,-25.20639,27.558,2011-11-08
1374,2044.0,3816.0,-24.69514,27.40906,2011-11-08
1375,3728.0,6733.5,-27.363611,31.783333,2011-11-08
1376,3401.0,6187.5,-29.380556,30.2775,2011-11-08
1377,2423.5,3783.0,-26.98472222,26.63227778,2011-11-08
1378,2416.0,4406.5,-27.398611,26.614722,2011-11-08
1379,2504.0,4356.0,-27.671111,27.236944,2011-11-08
1380,2151.5,3614.0,-27.495556,26.074722,2011-11-08
1381,2478.0,4718.5,-24.058889,31.237222,2011-11-09
1382,2239.5,4046.5,-27.02314,28.59389,2011-11-09
1383,3180.0,5294.0,-26.648056,27.089444,2011-11-09
1384,3189.0,5056.5,-27.273889,28.49,2011-11-09
1385,2420.0,3751.5,-27.4275,28.525833,2011-11-09
1386,2101.5,3450.0,-27.3,28.586944,2011-11-09
1387,2950.0,5349.5,-29.161667,30.629722,2011-11-10
1388,1780.5,3323.0,-33.38056,19.30167,2011-11-10
1389,2490.5,4913.5,-33.31388889,19.07472222,2011-11-10
1390,1790.0,3056.5,-33.13083,18.86278,2011-11-10
1391,2998.0,4882.5,-33.7075,18.97444444,2011-11-10
1392,1510.5,2711.5,-28.75,30.442778,2011-11-11
1393,3778.5,5996.5,-30.733889,29.828333,2011-11-11
1394,2910.5,5482.0,-27.5275,30.858056,2011-11-12
1395,2794.0,4464.0,-24.670833,28.560833,2011-11-14
1396,3350.0,5075.0,-25.99136,27.84208,2011-11-14
1397,2163.0,4509.0,-24.925278,29.324444,2011-11-14
1398,3211.0,5444.0,-24.282222,28.090278,2011-11-15
1399,3680.0,6554.0,-29.380556,30.2775,2011-11-15
1400,2206.0,4129.0,-27.00222,28.76528,2011-11-15
1401,3361.0,5565.0,-26.648056,27.089444,2011-11-15
1402,2730.0,5121.0,-34.031944,22.053333,2011-11-15
1403,3593.0,5781.0,-34.039722,22.133333,2011-11-15
1404,3118.0,4962.0,-25.45963889,28.26430556,2011-11-15
1405,1795.0,3031.0,-29.161667,23.696389,2011-11-16
1406,2597.0,4899.0,-25.81048333,27.90955222,2011-11-16
1407,2044.0,3697.0,-22.935,28.004167,2011-11-16
1408,2727.0,4766.0,-34.065833,20.404167,2011-11-16
1409,3174.0,5515.0,-27.937778,31.209444,2011-11-16
1410,2100.0,4576.0,-28.404444,30.013056,2011-11-16
1411,2933.0,4271.0,-28.141944,26.417778,2011-11-16
1412,2327.0,3597.0,-30.160091,27.40124,2011-11-16
1413,4564.0,7555.0,-34.02861,22.22222,2011-11-16
1414,3302.0,5091.0,-33.818056,19.694722,2011-11-16
1415,1993.0,3753.0,-34.075556,20.145556,2011-11-16
1416,3495.0,5421.0,-34.005833,22.351111,2011-11-16
1417,2163.0,3893.0,-28.058889,30.373611,2011-11-16
1418,2786.0,4745.0,-22.91028,29.61111,2011-11-17
1419,1944.0,3695.0,-27.38972222,26.46388889,2011-11-17
1420,2344.0,4549.0,-27.398611,26.614722,2011-11-17
1421,2508.0,4278.0,-27.671111,27.236944,2011-11-17
1422,2026.0,3708.0,-33.897778,20.012778,2011-11-17
1423,2126.0,3625.0,-27.902778,24.615556,2011-11-18
1424,362.0,977.0,-28.760833,17.730278,2011-11-19
1425,1795.0,3031.0,-29.161667,23.696389,2011-11-21
1426,2756.0,5125.0,-27.01011111,26.69808333,2011-11-21
1427,3037.0,5184.0,-29.7775,29.470833,2011-11-21
1428,2616.0,4977.0,-29.744167,29.905833,2011-11-21
1429,2930.0,4519.0,-26.861111,28.884722,2011-11-21
1430,2354.0,4429.0,-26.45,28.085833,2011-11-21
1431,2727.0,4107.0,-26.98472222,26.63227778,2011-11-21
1432,4269.0,7544.0,-31.554722,29.245556,2011-11-21
1433,2694.5,5237.5,-25.127778,27.628889,2011-11-22
1434,4134.0,5994.5,-25.20639,27.558,2011-11-22
1435,2044.0,3816.0,-24.69514,27.40906,2011-11-22
1436,3787.5,6055.5,-29.987778,29.851667,2011-11-22
1437,3472.5,5228.0,-27.169444,29.233889,2011-11-22
1438,2816.0,5134.0,-26.970278,27.211111,2011-11-22
1439,3063.0,5291.5,-26.880278,26.965,2011-11-22
1440,1217.0,1898.5,-31.394444,20.947222,2011-11-22
1441,1445.0,2563.5,-29.651389,22.746389,2011-11-22
1442,2294.0,4100.5,-27.495556,26.074722,2011-11-22
1443,2689.5,4376.5,-23.658056,31.05,2011-11-23
1444,3602.5,6406.0,-28.747778,31.745833,2011-11-23
1445,3208.0,5430.5,-28.801278,31.955389,2011-11-23
1446,4437.5,6780.5,-30.398056,30.601944,2011-11-23
1447,4581.5,6984.0,-30.27402,30.69602,2011-11-23
1448,3469.5,5857.5,-28.69485,28.23487,2011-11-23
1449,3729.5,6161.5,-30.568333,29.422778,2011-11-23
1450,2944.0,6056.5,-30.13573889,30.67422222,2011-11-24
1451,2718.0,4596.5,-27.573056,24.746389,2011-11-24
1452,2487.0,4208.5,-31.031389,28.883333,2011-11-24
1453,2359.5,4309.5,-30.86013889,29.07125,2011-11-24
1454,2822.0,5115.5,-30.77586667,29.03221667,2011-11-24
1455,2280.0,3983.0,-27.902778,24.615556,2011-11-25
1456,4273.5,6842.5,-29.803611,30.516111,2011-11-25
1457,3609.0,5474.5,-25.99136,27.84208,2011-11-28
1458,4437.5,6780.5,-30.398056,30.601944,2011-11-28
1459,4581.5,6984.0,-30.27402,30.69602,2011-11-28
1460,3472.5,5228.0,-27.169444,29.233889,2011-11-28
1461,3055.0,5171.0,-26.861111,28.884722,2011-11-28
1462,2440.5,4971.0,-26.73806,27.59194,2011-11-28
1463,1987.0,3204.0,-29.160278,26.573333,2011-11-28
1464,3037.5,5754.5,-28.735556,29.820556,2011-11-29
1465,3009.5,4928.5,-30.679722,26.7125,2011-11-29
1466,3469.5,5857.5,-28.69485,28.23487,2011-11-29
1467,2550.5,3622.0,-29.615556,27.065278,2011-11-29
1468,2710.5,4448.5,-28.883333,27.89,2011-11-29
1469,3336.0,5426.5,-25.45963889,28.26430556,2011-11-29
1470,3336.0,6102.0,-25.81048333,27.90955222,2011-11-30
1471,3242.0,6032.0,-29.641944,30.6875,2011-11-30
1472,2439.0,4076.0,-27.602222,29.942778,2011-11-30
1473,2590.0,5212.0,-27.02314,28.59389,2011-11-30
1474,3533.0,5636.0,-27.273889,28.49,2011-11-30
1475,2997.0,5042.0,-27.4275,28.525833,2011-11-30
1476,3037.0,4650.0,-27.3,28.586944,2011-11-30
1477,2782.0,4738.0,-30.160091,27.40124,2011-11-30
1478,1140.0,2564.0,-30.336111,27.359444,2011-11-30
1479,3598.0,6320.0,-25.447222,30.711667,2011-11-30
1480,2121.0,3901.0,-30.830556,26.921389,2011-12-01
1481,2922.0,4653.0,-27.398611,26.614722,2011-12-01
1482,1454.0,3090.0,-31.000833,26.353056,2011-12-01
1483,1806.0,3034.0,-29.658056,25.973333,2011-12-02
1484,328.0,665.0,-28.760833,17.730278,2011-12-03
1485,909.0,1384.0,-28.96362,19.15486,2011-12-03
1486,2853.0,4925.5,-24.679167,30.8025,2011-12-06
1487,4092.0,5858.0,-24.183889,30.823889,2011-12-06
1488,3103.5,5379.0,-25.127778,27.628889,2011-12-06
1489,5151.0,7071.0,-25.20639,27.558,2011-12-06
1490,2626.5,4777.5,-24.69514,27.40906,2011-12-06
1491,2807.0,6160.0,-24.39619444,27.08983333,2014-04-09
1492,4369.5,7143.0,-29.380556,30.2775,2011-12-06
1493,3428.5,5587.0,-27.671111,27.236944,2011-12-06
1494,1872.0,3112.5,-29.658056,25.973333,2011-12-06
1495,2100.5,3984.5,-33.501667,21.624167,2011-12-06
1496,1717.0,2906.5,-29.161667,23.696389,2011-12-07
1497,3560.0,6159.5,-27.01011111,26.69808333,2011-12-07
1498,3242.0,6183.0,-29.641944,30.6875,2011-12-07
1499,3546.0,5820.5,-24.282222,28.090278,2011-12-07
1500,2605.0,4475.5,-24.058889,31.237222,2011-12-07
1501,4296.0,6791.5,-26.45,28.085833,2011-12-07
1502,3537.5,5712.5,-26.98472222,26.63227778,2011-12-07
1503,3241.5,5225.0,-27.398611,26.614722,2011-12-07
1504,3277.0,5804.5,-28.69485,28.23487,2011-12-07
1505,1225.5,2724.5,-29.1825,23.575556,2011-12-07
1506,3435.5,5637.5,-27.4,26.624722,2011-12-07
1507,3022.0,5498.5,-27.00222,28.76528,2011-12-08
1508,4324.0,7011.5,-26.648056,27.089444,2011-12-08
1509,3251.5,5546.5,-26.970278,27.211111,2011-12-08
1510,3210.5,5441.5,-26.880278,26.965,2011-12-08
1511,3101.5,5306.0,-27.902778,24.615556,2011-12-09
1512,2251.0,3857.5,-28.768056,20.720556,2011-12-09
1513,3560.0,6159.5,-27.01011111,26.69808333,2011-12-12
1514,4257.5,6391.5,-25.99136,27.84208,2011-12-12
1515,2605.0,4475.5,-24.058889,31.237222,2011-12-12
1516,4369.5,7143.0,-29.380556,30.2775,2011-12-12
1517,3558.0,6054.0,-26.861111,28.884722,2011-12-12
1518,3107.5,5617.0,-26.73806,27.59194,2011-12-12
1519,4296.0,6791.5,-26.45,28.085833,2011-12-12
1520,3537.5,5712.5,-26.98472222,26.63227778,2011-12-12
1521,2559.0,5539.0,-24.925278,29.324444,2011-12-13
1522,4039.5,6409.0,-27.169444,29.233889,2011-12-13
1523,4324.0,7011.5,-26.648056,27.089444,2011-12-13
1524,3251.5,5546.5,-26.970278,27.211111,2011-12-13
1525,3210.5,5441.5,-26.880278,26.965,2011-12-13
1526,2703.0,4021.5,-29.615556,27.065278,2011-12-13
1527,2932.0,5646.0,-31.396,29.2651,2011-12-13
1528,2269.5,3623.0,-33.38056,19.30167,2011-12-13
1529,2302.0,4413.0,-33.31388889,19.07472222,2011-12-13
1530,1717.0,2906.5,-29.161667,23.696389,2011-12-14
1531,3523.5,6395.5,-25.81048333,27.90955222,2011-12-14
1532,3565.0,5991.0,-27.937778,31.209444,2011-12-14
1533,3018.5,4820.0,-28.141944,26.417778,2011-12-14
1534,2920.0,4808.0,-28.1175,26.719444,2011-12-14
1535,4077.0,6805.0,-30.568333,29.422778,2011-12-14
1536,3151.0,6266.0,-31.104278,29.399722,2011-12-14
1537,2449.0,4383.0,-28.058889,30.373611,2011-12-14
1538,4106.0,6643.0,-25.447222,30.711667,2011-12-14
1539,3493.0,6041.0,-27.5275,30.858056,2011-12-15
1540,3241.5,5225.0,-27.398611,26.614722,2011-12-15
1541,3428.5,5587.0,-27.671111,27.236944,2011-12-15
1542,2667.5,4837.0,-31.031389,28.883333,2011-12-15
1543,2920.5,5138.5,-30.86013889,29.07125,2011-12-15
1544,1273.0,1735.0,-32.502778,19.535833,2011-12-19
1545,1639.0,2782.0,-29.161667,23.696389,2011-12-20
1546,2275.0,3709.0,-29.160278,26.573333,2011-12-20
1547,2791.0,4419.0,-32.595833,19.009444,2011-12-20
1548,1990.0,3061.0,-33.13083,18.86278,2011-12-20
1549,3277.0,5842.0,-28.69485,28.23487,2011-12-21
1550,2980.0,5073.0,-28.883333,27.89,2011-12-21
1551,1220.5,2764.0,-29.1825,23.575556,2011-12-21
1552,2770.5,4327.0,-33.7075,18.97444444,2011-12-21
1553,2753.5,4697.5,-27.573056,24.746389,2011-12-22
1554,2812.5,4766.0,-30.160091,27.40124,2011-12-22
1555,1877.5,4097.0,-30.336111,27.359444,2011-12-22
1556,3216.5,5473.0,-30.830556,26.921389,2011-12-23
1557,1949.0,3194.0,-29.658056,25.973333,2011-12-23
1558,1883.0,3918.0,-31.000833,26.353056,2011-12-23
1559,2480.0,3875.0,-25.362222,31.956667,2011-12-26
1560,2544.5,4775.0,-25.14944444,31.94055556,2011-12-26
1561,3637.0,6241.0,-28.735556,29.820556,2011-12-27
1562,3308.5,6183.0,-29.641944,30.6875,2011-12-28
1563,4081.0,7010.0,-29.758889,30.935278,2011-12-28
1564,2454.0,4837.0,-27.602222,29.942778,2011-12-29
1565,5092.5,7540.5,-30.398056,30.601944,2011-12-29
1566,5019.5,7501.5,-30.27402,30.69602,2011-12-29
1567,91.0,258.0,-28.760833,17.730278,2012-01-03
1568,4647.0,6909.0,-25.99136,27.84208,2012-01-03
1569,3936.0,6285.0,-26.861111,28.884722,2012-01-03
1570,3571.0,6228.0,-26.73806,27.59194,2012-01-03
1571,4550.0,7804.0,-26.45,28.085833,2012-01-03
1572,3858.0,6302.0,-27.671111,27.236944,2012-01-03
1573,3560.0,6211.0,-27.01011111,26.69808333,2012-01-04
1574,3519.0,6018.0,-25.127778,27.628889,2012-01-04
1575,5321.0,7105.0,-25.20639,27.558,2012-01-04
1576,3714.0,5538.0,-24.69514,27.40906,2012-01-04
1577,4557.0,7134.0,-27.169444,29.233889,2012-01-04
1578,3145.0,5692.0,-26.880278,26.965,2012-01-04
1579,3744.0,5914.0,-26.98472222,26.63227778,2012-01-04
1580,3692.0,6208.0,-27.398611,26.614722,2012-01-04
1581,4249.0,6786.0,-25.45963889,28.26430556,2012-01-04
1582,3044.0,5649.0,-27.495556,26.074722,2012-01-04
1583,3934.0,6334.0,-27.4,26.624722,2012-01-04
1584,3711.0,6689.0,-25.81048333,27.90955222,2012-01-05
1585,3692.0,7100.0,-29.161667,30.629722,2012-01-05
1586,3459.0,6074.0,-27.00222,28.76528,2012-01-05
1587,3210.0,5417.0,-27.02314,28.59389,2012-01-05
1588,4851.0,7126.0,-26.648056,27.089444,2012-01-05
1589,3522.0,5817.0,-26.970278,27.211111,2012-01-05
1590,4181.0,6394.0,-27.273889,28.49,2012-01-05
1591,4667.0,7119.0,-27.4275,28.525833,2012-01-05
1592,4158.0,6083.0,-27.3,28.586944,2012-01-05
1593,2416.0,4033.0,-28.376944,24.303056,2012-01-05
1594,3572.0,6253.5,-29.744167,29.905833,2012-01-06
1595,4826.0,7515.0,-29.7775,29.470833,2012-01-09
1596,5472.5,8017.5,-29.987778,29.851667,2012-01-09
1597,3572.0,6253.5,-29.744167,29.905833,2012-01-09
1598,3544.0,6215.0,-26.970278,27.211111,2012-01-09
1599,3388.0,6350.5,-30.733889,29.828333,2012-01-10
1600,3403.0,6103.0,-26.880278,26.965,2012-01-10
1601,3401.5,5583.0,-26.98472222,26.63227778,2012-01-10
1602,2027.0,3821.5,-33.501667,21.624167,2012-01-10
1603,5640.5,7668.5,-30.27402,30.69602,2012-01-11
1604,2844.0,4838.0,-33.818056,19.694722,2012-01-11
1605,4173.0,7075.5,-30.13573889,30.67422222,2012-01-12
1606,1886.5,3584.0,-34.075556,20.145556,2012-01-12
1607,4372.5,7416.5,-29.803611,30.516111,2012-01-13
1608,4153.0,6746.0,-24.670833,28.560833,2012-01-16
1609,3565.5,6211.5,-26.73806,27.59194,2012-01-16
1610,5051.0,7796.5,-26.45,28.085833,2012-01-16
1611,3457.0,6095.0,-27.044444,27.005,2012-01-16
1612,2932.0,5646.0,-31.396,29.2651,2012-01-16
1613,5051.0,8286.5,-31.554722,29.245556,2012-01-16
1614,2850.0,5170.5,-25.73411,27.21422,2011-03-29
1615,2827.0,5604.0,-27.01011111,26.69808333,2012-01-17
1616,3711.0,6549.0,-25.81048333,27.90955222,2012-01-17
1617,2983.0,5431.0,-24.679167,30.8025,2012-01-17
1618,4570.0,6208.0,-24.183889,30.823889,2012-01-17
1619,3624.0,6051.0,-24.282222,28.090278,2012-01-17
1620,4499.0,6446.0,-25.99136,27.84208,2012-01-17
1621,4967.0,7105.0,-25.20639,27.558,2012-01-17
1622,5474.0,7838.0,-27.169444,29.233889,2012-01-17
1623,3489.0,6074.0,-27.00222,28.76528,2012-01-17
1624,4673.0,7126.0,-26.648056,27.089444,2012-01-17
1625,3661.0,6514.0,-26.880278,26.965,2012-01-17
1626,2718.0,5258.0,-25.73411,27.21422,2013-02-12
1627,2265.0,4317.0,-27.38972222,26.46388889,2012-01-17
1628,4355.0,6414.0,-29.042222,24.6,2012-01-17
1629,3902.0,6476.0,-30.679722,26.7125,2012-01-17
1630,3042.0,5443.0,-30.160091,27.40124,2012-01-17
1631,2785.0,6125.0,-31.104278,29.399722,2012-01-17
1632,1312.0,1930.0,-32.502778,19.535833,2012-01-17
1633,1570.0,2779.0,-29.161667,23.696389,2012-01-18
1634,2617.0,4852.0,-22.935,28.004167,2012-01-18
1635,4014.0,6154.0,-30.830556,26.921389,2012-01-18
1636,2467.0,4748.0,-23.23572222,27.717,2012-01-18
1637,3519.0,6832.0,-25.127778,27.628889,2012-01-18
1638,5370.0,7369.0,-24.69514,27.40906,2012-01-18
1639,4667.0,7119.0,-27.4275,28.525833,2012-01-18
1640,3036.0,5045.0,-25.73411,27.21422,2014-02-11
1641,3097.0,5391.0,-28.141944,26.417778,2012-01-18
1642,2563.0,5132.0,-25.73411,27.21422,2014-03-13
1643,3858.0,6017.0,-27.671111,27.236944,2012-01-18
1644,1631.5,3399.5,-25.73411,27.21422,2014-06-04
1645,1432.0,3010.0,-25.73411,27.21422,2014-07-09
1646,1935.0,4208.0,-30.336111,27.359444,2012-01-18
1647,2791.0,4494.0,-32.595833,19.009444,2012-01-18
1648,811.0,2320.0,-25.73411,27.21422,2014-09-02
1649,3756.0,6195.0,-25.45963889,28.26430556,2012-01-18
1650,3756.0,6618.0,-27.356667,27.286389,2012-01-18
1651,2866.0,4982.0,-22.548889,28.898056,2012-01-19
1652,3110.0,5598.0,-22.91028,29.61111,2012-01-19
1653,3692.0,6208.0,-27.398611,26.614722,2012-01-19
1654,3902.0,6476.0,-30.679722,26.7125,2012-01-19
1655,3756.0,6618.0,-27.356667,27.286389,2012-01-19
1656,2586.0,3629.0,-23.658056,31.05,2012-01-20
1657,5859.0,7697.0,-30.27402,30.69602,2012-01-20
1658,3858.0,6017.0,-27.671111,27.236944,2012-01-20
1659,2507.0,4340.0,-27.573056,24.746389,2012-01-20
1660,3561.0,5931.0,-27.902778,24.615556,2012-01-20
1661,740.5,1474.5,-28.760833,17.730278,2012-01-22
1662,3956.0,6671.5,-27.044444,27.005,2012-01-23
1663,1451.0,2661.5,-29.161667,23.696389,2012-01-24
1664,2770.5,5642.5,-27.01011111,26.69808333,2012-01-24
1665,3700.5,6683.5,-26.880278,26.965,2012-01-24
1666,3728.0,6028.0,-27.273889,28.49,2012-01-24
1667,4483.0,6708.5,-27.4275,28.525833,2012-01-24
1668,1556.0,2890.0,-25.73411,27.21422,2015-06-24
1669,1493.0,2863.0,-25.73411,27.21422,2015-07-07
1670,4078.0,6074.5,-27.3,28.586944,2012-01-24
1671,3535.5,5415.5,-31.031389,28.883333,2012-01-24
1672,3595.0,5763.5,-30.86013889,29.07125,2012-01-24
1673,2131.5,3843.0,-33.31388889,19.07472222,2012-01-24
1674,3617.0,5997.5,-25.45963889,28.26430556,2012-01-24
1675,1451.0,2661.5,-29.161667,23.696389,2012-01-25
1676,4132.0,6205.0,-29.042222,24.6,2012-01-25
1677,5145.0,7430.0,-29.028629,24.638389,2012-01-25
1678,4439.5,7367.0,-30.568333,29.422778,2012-01-25
1679,2198.0,3654.0,-33.38056,19.30167,2012-01-25
1680,1944.0,2932.0,-33.13083,18.86278,2012-01-25
1681,3812.5,7076.5,-29.758889,30.935278,2012-01-26
1682,3600.0,6620.0,-29.161667,30.629722,2012-01-26
1683,2535.5,5269.0,-34.031944,22.053333,2012-01-26
1684,3462.5,6649.0,-34.039722,22.133333,2012-01-26
1685,3870.0,7733.5,-34.02861,22.22222,2012-01-26
1686,5083.0,7818.0,-30.398056,30.601944,2012-01-27
1687,5640.5,7668.5,-30.27402,30.69602,2012-01-27
1688,4381.0,7795.0,-25.447222,30.711667,2012-01-27
1689,3054.0,5321.0,-29.641944,30.6875,2012-01-28
1690,4397.5,7027.5,-29.380556,30.2775,2012-01-28
1691,3500.0,6832.0,-25.127778,27.628889,2012-01-30
1692,4717.0,6920.0,-25.20639,27.558,2012-01-30
1693,5817.0,7387.0,-24.69514,27.40906,2012-01-30
1694,6184.0,8091.0,-27.169444,29.233889,2012-01-30
1695,4263.0,6449.0,-26.861111,28.884722,2012-01-30
1696,3916.0,6613.0,-26.970278,27.211111,2012-01-30
1697,3442.0,6195.0,-26.73806,27.59194,2012-01-30
1698,5552.0,7789.0,-26.45,28.085833,2012-01-30
1699,3489.0,6050.0,-27.00222,28.76528,2012-01-31
1700,3629.0,5998.0,-27.273889,28.49,2012-01-31
1701,2534.0,4825.0,-26.98472222,26.63227778,2012-01-31
1702,2435.0,4559.0,-29.160278,26.573333,2012-01-31
1703,3099.0,5538.0,-33.818056,19.694722,2012-01-31
1704,3998.0,6066.0,-27.3,28.586944,2012-02-01
1705,3327.0,5570.0,-28.69485,28.23487,2012-02-01
1706,3330.0,6044.0,-29.615556,27.065278,2012-02-01
1707,3332.0,5349.0,-28.883333,27.89,2012-02-01
1708,1884.0,3727.0,-34.075556,20.145556,2012-02-01
1709,2698.0,5279.0,-24.925278,29.324444,2012-02-02
1710,1935.0,4208.0,-30.336111,27.359444,2012-02-02
1711,3101.0,5261.0,-27.573056,24.746389,2012-02-03
1712,2993.0,5830.0,-27.902778,24.615556,2012-02-03
1713,2859.0,4249.0,-29.658056,25.973333,2012-02-03
1714,2106.0,4529.0,-31.000833,26.353056,2012-02-03
1715,3419.0,5851.0,-30.679722,26.7125,2012-02-03
1716,947.0,1976.0,-28.760833,17.730278,2012-02-05
1717,3527.0,5935.0,-25.99136,27.84208,2012-02-06
1718,5546.0,7998.0,-29.987778,29.851667,2012-02-06
1719,5552.0,7789.0,-26.45,28.085833,2012-02-06
1720,3094.0,5931.0,-27.398611,26.614722,2012-02-06
1721,2745.0,5484.0,-27.671111,27.236944,2012-02-06
1722,4355.0,6414.0,-29.042222,24.6,2012-02-06
1723,3756.0,6618.0,-27.356667,27.286389,2012-02-06
1724,2770.5,5642.5,-27.01011111,26.69808333,2012-02-07
1725,4026.5,6390.5,-30.830556,26.921389,2012-02-07
1726,3578.5,6424.5,-30.733889,29.828333,2012-02-07
1727,4144.5,6808.0,-29.380556,30.2775,2012-02-07
1728,2527.0,4764.0,-26.98472222,26.63227778,2012-02-07
1729,3442.5,5504.0,-25.45963889,28.26430556,2012-02-07
1730,3461.5,5968.0,-25.57877778,29.12747222,2012-02-07
1731,3247.5,5768.5,-27.4,26.624722,2012-02-07
1732,3267.0,6049.0,-25.81048333,27.90955222,2012-02-08
1733,3597.5,6589.5,-27.937778,31.209444,2012-02-08
1734,5030.0,7925.5,-30.398056,30.601944,2012-02-08
1735,4798.5,7554.0,-30.27402,30.69602,2012-02-08
1736,3192.5,5812.0,-27.00222,28.76528,2012-02-08
1737,3161.0,5467.0,-27.02314,28.59389,2012-02-08
1738,4170.5,6443.5,-26.648056,27.089444,2012-02-08
1739,3719.0,6215.0,-26.970278,27.211111,2012-02-08
1740,3962.5,6922.5,-26.880278,26.965,2012-02-08
1741,3571.0,5956.5,-27.273889,28.49,2012-02-08
1742,3492.0,5580.0,-27.4275,28.525833,2012-02-08
1743,3842.5,5816.0,-27.3,28.586944,2012-02-08
1744,3956.0,6671.5,-27.044444,27.005,2012-02-08
1745,4972.0,7330.5,-29.028629,24.638389,2012-02-08
1746,2103.0,4590.5,-34.329722,18.990278,2012-02-08
1747,3575.5,6276.5,-27.5275,30.858056,2012-02-09
1748,3993.5,6579.0,-30.13573889,30.67422222,2012-02-09
1749,4135.5,6772.5,-29.803611,30.516111,2012-02-10
1750,4861.0,7076.5,-28.44555556,32.325,2012-02-12
1751,3684.5,6620.0,-29.161667,30.629722,2012-02-12
1752,3134.5,6044.0,-26.73806,27.59194,2012-02-13
1753,2274.5,4173.0,-31.396,29.2651,2012-02-13
1754,5200.0,8182.0,-31.554722,29.245556,2012-02-13
1755,3460.5,6789.5,-25.127778,27.628889,2012-02-14
1756,4538.5,6792.5,-25.20639,27.558,2012-02-14
1757,6489.5,8064.0,-27.169444,29.233889,2012-02-14
1758,4324.0,7222.0,-30.568333,29.422778,2012-02-14
1759,4510.0,6956.0,-30.570833,29.150556,2012-02-14
1760,2575.5,5427.0,-31.104278,29.399722,2012-02-14
1761,2610.5,4381.0,-32.595833,19.009444,2012-02-14
1762,2707.0,5420.0,-28.141944,26.417778,2012-02-15
1763,2384.0,4768.0,-28.1175,26.719444,2012-02-15
1764,3460.0,5480.0,-31.031389,28.883333,2012-02-15
1765,3320.0,5705.0,-30.86013889,29.07125,2012-02-15
1766,3500.0,6450.0,-30.77586667,29.03221667,2012-02-15
1767,5370.0,7704.0,-24.69514,27.40906,2012-02-16
1768,2932.0,5624.0,-27.398611,26.614722,2012-02-16
1769,2738.0,5484.0,-27.671111,27.236944,2012-02-16
1770,3274.0,5483.0,-28.376944,24.303056,2012-02-16
1771,3753.0,6173.0,-29.615556,27.065278,2012-02-16
1772,3464.0,6607.0,-27.356667,27.286389,2012-02-16
1773,2841.0,5582.0,-27.4,26.624722,2012-02-16
1774,4209.0,6141.0,-22.43772222,31.07805556,2012-02-17
1775,2983.0,5434.0,-27.902778,24.615556,2012-02-17
1776,1841.0,3984.0,-34.250556,20.9925,2012-02-17
1777,947.0,1976.0,-28.760833,17.730278,2012-02-19
1778,2714.0,5681.0,-27.01011111,26.69808333,2012-02-20
1779,4887.0,7128.0,-26.45,28.085833,2012-02-20
1780,2520.0,4703.0,-26.98472222,26.63227778,2012-02-20
1781,2103.0,4197.0,-33.501667,21.624167,2012-02-20
1782,2032.0,3705.0,-33.31388889,19.07472222,2012-02-20
1783,3806.0,6074.0,-24.679167,30.8025,2012-02-21
1784,4014.0,6413.0,-30.830556,26.921389,2012-02-21
1785,3119.0,6522.0,-24.670833,28.560833,2012-02-21
1786,3491.0,6225.0,-28.735556,29.820556,2012-02-21
1787,3986.0,6115.0,-26.648056,27.089444,2012-02-21
1788,3916.0,6613.0,-26.970278,27.211111,2012-02-21
1789,4185.0,6992.0,-26.880278,26.965,2012-02-21
1790,3813.0,6915.0,-27.044444,27.005,2012-02-21
1791,3407.0,5208.0,-25.45963889,28.26430556,2012-02-21
1792,3323.0,5974.0,-28.068333,31.55,2012-02-21
1793,1332.0,2544.0,-29.161667,23.696389,2012-02-22
1794,2866.0,5247.0,-29.641944,30.6875,2012-02-22
1795,2067.0,4420.0,-27.38972222,26.46388889,2012-02-22
1796,2824.0,5599.0,-30.679722,26.7125,2012-02-22
1797,1239.0,3028.0,-29.1825,23.575556,2012-02-22
1798,2468.5,4486.5,-28.7115,24.07288889,2012-02-23
1799,3061.0,5680.5,-27.602222,29.942778,2012-02-23
1800,1655.0,3019.0,-28.75,30.442778,2012-02-23
1801,3753.0,6662.5,-29.380556,30.2775,2012-02-23
1802,2918.5,5546.5,-27.398611,26.614722,2012-02-23
1803,3448.0,6792.0,-29.758889,30.935278,2012-02-24
1804,2965.5,5387.5,-27.573056,24.746389,2012-02-24
1805,2562.0,5748.5,-34.031944,22.053333,2012-02-24
1806,3216.0,6641.0,-34.039722,22.133333,2012-02-24
1807,5030.0,8062.5,-30.398056,30.601944,2012-02-25
1808,4579.0,7554.0,-30.27402,30.69602,2012-02-25
1809,6489.5,8064.0,-27.169444,29.233889,2012-02-27
1810,3370.5,5437.0,-26.861111,28.884722,2012-02-27
1811,2668.0,6044.0,-26.73806,27.59194,2012-02-27
1812,3138.0,6188.5,-25.127778,27.628889,2012-02-28
1813,3677.5,5988.0,-25.20639,27.558,2012-02-28
1814,5348.5,7545.5,-24.69514,27.40906,2012-02-28
1815,2703.5,5351.0,-27.00222,28.76528,2012-02-28
1816,3410.5,5632.5,-33.818056,19.694722,2012-02-28
1817,1385.5,2715.5,-29.161667,23.696389,2012-02-29
1818,2627.0,4992.0,-22.769722,30.886944,2012-02-29
1819,4212.5,6868.5,-23.281,30.54305556,2012-02-29
1820,4966.5,7853.0,-26.905,32.324722,2012-02-29
1821,3255.0,5738.5,-28.69485,28.23487,2012-02-29
1822,2964.5,5157.0,-28.883333,27.89,2012-02-29
1823,1835.0,3575.5,-34.075556,20.145556,2012-02-29
1824,2332.5,4848.5,-24.925278,29.324444,2012-03-01
1825,2965.5,5387.5,-27.573056,24.746389,2012-03-01
1826,2588.5,5191.0,-30.160091,27.40124,2012-03-01
1827,2203.0,4437.5,-30.336111,27.359444,2012-03-01
1828,3541.5,6108.5,-29.615556,27.065278,2012-03-01
1829,3852.0,6413.0,-30.830556,26.921389,2012-03-02
1830,2647.0,4736.0,-23.658056,31.05,2012-03-02
1831,2342.0,4623.0,-27.902778,24.615556,2012-03-02
1832,2758.0,4680.0,-29.658056,25.973333,2012-03-02
1833,4947.0,7150.0,-29.028629,24.638389,2012-03-02
1834,2232.0,5183.0,-31.000833,26.353056,2012-03-02
1835,2824.0,5599.0,-30.679722,26.7125,2012-03-02
1836,1079.0,2477.0,-28.760833,17.730278,2012-03-04
1837,3073.0,5740.0,-25.99136,27.84208,2012-03-05
1838,2958.0,5024.0,-24.058889,31.237222,2012-03-05
1839,5371.0,7727.0,-29.987778,29.851667,2012-03-05
1840,3393.0,6136.0,-29.744167,29.905833,2012-03-05
1841,2786.0,4679.0,-26.861111,28.884722,2012-03-05
1842,3738.0,6706.0,-26.45,28.085833,2012-03-05
1843,3094.0,5038.0,-28.768056,20.720556,2012-03-05
1844,3011.0,5795.0,-30.733889,29.828333,2012-03-06
1845,3705.0,6772.0,-29.380556,30.2775,2012-03-06
1846,2905.0,5469.0,-27.398611,26.614722,2012-03-06
1847,2738.0,5484.0,-27.671111,27.236944,2012-03-06
1848,3649.0,5698.0,-29.042222,24.6,2012-03-06
1849,2264.0,4607.0,-30.336111,27.359444,2012-03-06
1850,2841.0,5582.0,-27.4,26.624722,2012-03-06
1851,1439.0,2887.0,-29.161667,23.696389,2012-03-07
1852,1622.0,3103.0,-24.925278,29.324444,2011-10-18
1853,2539.0,4497.0,-28.7115,24.07288889,2012-03-07
1854,2681.0,5283.0,-25.81048333,27.90955222,2012-03-07
1855,4235.0,6795.0,-27.937778,31.209444,2012-03-07
1856,2826.0,5219.0,-28.404444,30.013056,2012-03-07
1857,5047.0,8145.0,-30.398056,30.601944,2012-03-07
1858,1345.0,3152.0,-24.925278,29.324444,2012-06-07
1859,1303.0,2578.0,-24.925278,29.324444,2012-08-09
1860,2535.5,4791.5,-24.925278,29.324444,2012-10-05
1861,4175.0,7468.0,-30.27402,30.69602,2012-03-07
1862,3019.0,4913.0,-27.02314,28.59389,2012-03-07
1863,3091.0,5282.0,-27.273889,28.49,2012-03-07
1864,1271.5,3047.5,-24.925278,29.324444,2013-07-02
1865,1216.0,2737.0,-24.925278,29.324444,2013-08-22
1866,1374.0,2785.0,-24.925278,29.324444,2013-09-16
1867,2559.0,4423.0,-27.4275,28.525833,2012-03-07
1868,2814.0,5439.0,-24.925278,29.324444,2014-01-20
1869,3035.0,5288.0,-27.3,28.586944,2012-03-07
1870,1612.0,3817.0,-29.1825,23.575556,2012-03-07
1871,1540.0,3422.0,-24.925278,29.324444,2014-06-10
1872,1362.0,2911.0,-24.925278,29.324444,2014-07-18
1873,2097.0,4671.0,-34.329722,18.990278,2012-03-07
1874,1388.0,2830.5,-24.925278,29.324444,2014-09-05
1875,2863.0,5176.0,-28.058889,30.373611,2012-03-07
1876,3335.0,6210.0,-27.5275,30.858056,2012-03-08
1877,1670.0,3533.0,-27.38972222,26.46388889,2012-03-08
1878,2905.0,5469.0,-27.398611,26.614722,2012-03-08
1879,2824.0,5599.0,-30.679722,26.7125,2012-03-08
1880,3842.0,6301.0,-29.803611,30.516111,2012-03-09
1881,2543.0,5458.0,-27.01011111,26.69808333,2012-03-12
1882,2523.5,4255.0,-32.595833,19.009444,2012-03-12
1883,2706.5,5520.0,-25.127778,27.628889,2012-03-13
1884,2871.0,5062.5,-25.20639,27.558,2012-03-13
1885,4600.5,7072.0,-24.69514,27.40906,2012-03-13
1886,4139.0,6946.0,-28.747778,31.745833,2012-03-13
1887,5189.5,7085.5,-27.169444,29.233889,2012-03-13
1888,2371.0,4924.5,-27.00222,28.76528,2012-03-13
1889,3431.0,5868.0,-26.648056,27.089444,2012-03-13
1890,3223.5,5812.0,-26.970278,27.211111,2012-03-13
1891,3871.5,6575.5,-26.880278,26.965,2012-03-13
1892,2527.0,4664.0,-26.98472222,26.63227778,2012-03-13
1893,2563.5,5350.5,-31.104278,29.399722,2012-03-13
1894,2683.0,5230.5,-31.396,29.2651,2012-03-13
1895,2252.0,4400.0,-33.501667,21.624167,2012-03-13
1896,1426.0,2968.5,-29.161667,23.696389,2012-03-14
1897,5026.0,7621.5,-28.801278,31.955389,2012-03-14
1898,2656.5,5178.0,-28.141944,26.417778,2012-03-14
1899,2228.0,4034.0,-28.1175,26.719444,2012-03-14
1900,3986.0,6467.5,-29.033333,23.983333,2012-03-14
1901,3533.0,6538.0,-29.161667,30.629722,2012-03-15
1902,2850.0,5248.5,-27.398611,26.614722,2012-03-15
1903,2525.5,5169.5,-27.671111,27.236944,2012-03-15
1904,2573.0,5031.5,-27.902778,24.615556,2012-03-15
1905,2823.0,5320.0,-27.573056,24.746389,2012-03-16
1906,3371.0,5449.0,-31.031389,28.883333,2012-03-16
1907,3001.5,5464.5,-30.86013889,29.07125,2012-03-16
1908,2738.0,5665.5,-30.77586667,29.03221667,2012-03-16
1909,960.5,2280.5,-28.760833,17.730278,2012-03-17
1910,981.0,1626.5,-28.96362,19.15486,2012-03-17
1911,2372.0,5235.0,-27.01011111,26.69808333,2012-03-19
1912,2626.0,4209.0,-26.861111,28.884722,2012-03-19
1913,3192.0,5751.0,-24.679167,30.8025,2012-03-20
1914,3008.0,5664.0,-26.970278,27.211111,2012-03-20
1915,2016.0,3631.0,-33.38056,19.30167,2012-03-20
1916,2045.0,3963.0,-33.31388889,19.07472222,2012-03-20
1917,3715.0,6187.0,-28.068333,31.55,2012-03-20
1918,1439.0,3050.0,-29.161667,23.696389,2012-03-21
1919,3193.0,5413.0,-24.183889,30.823889,2012-03-21
1920,5114.0,7538.0,-28.44555556,32.325,2012-03-21
1921,3050.0,5658.0,-27.602222,29.942778,2012-03-21
1922,1586.0,2992.0,-33.13083,18.86278,2012-03-21
1923,5338.0,8119.0,-30.398056,30.601944,2012-03-23
1924,4478.0,7746.0,-30.27402,30.69602,2012-03-23
1925,2886.0,5705.0,-29.641944,30.6875,2012-03-26
1926,2963.5,5081.5,-25.99136,27.84208,2012-03-26
1927,4529.5,7152.0,-29.987778,29.851667,2012-03-26
1928,3231.5,7178.5,-29.758889,30.935278,2012-03-26
1929,2246.0,4197.0,-26.98472222,26.63227778,2012-03-26
1930,3067.0,5947.5,-33.818056,19.694722,2012-03-26
1931,2596.5,5411.0,-25.127778,27.628889,2012-03-27
1932,2544.0,4789.5,-25.20639,27.558,2012-03-27
1933,3318.5,5557.0,-24.69514,27.40906,2012-03-27
1934,5192.5,7585.0,-27.363611,31.783333,2012-03-27
1935,3349.5,5568.0,-26.648056,27.089444,2012-03-27
1936,3414.0,5964.5,-26.880278,26.965,2012-03-27
1937,2634.5,4716.5,-27.573056,24.746389,2012-03-27
1938,2570.5,4545.0,-28.768056,20.720556,2012-03-27
1939,2723.5,6333.5,-34.031944,22.053333,2012-03-27
1940,3185.0,6641.0,-34.039722,22.133333,2012-03-27
1941,1975.5,3903.0,-34.075556,20.145556,2012-03-27
1942,2438.0,4811.5,-25.45963889,28.26430556,2012-03-27
1943,2258.5,5158.5,-25.81048333,27.90955222,2012-03-28
1944,2989.5,5980.0,-29.380556,30.2775,2012-03-28
1945,5384.0,8132.0,-30.398056,30.601944,2012-03-28
1946,4730.5,7820.5,-30.27402,30.69602,2012-03-28
1947,2080.0,5483.5,-26.73806,27.59194,2012-03-28
1948,2629.5,4977.5,-26.45,28.085833,2012-03-28
1949,2930.0,5536.5,-30.679722,26.7125,2012-03-28
1950,3031.5,5626.0,-28.69485,28.23487,2012-03-28
1951,3259.0,5549.5,-29.615556,27.065278,2012-03-28
1952,2548.5,4679.0,-28.883333,27.89,2012-03-28
1953,4065.0,8096.0,-34.02861,22.22222,2012-03-28
1954,3425.5,6710.0,-25.447222,30.711667,2012-03-28
1955,2907.0,5016.0,-27.273889,28.49,2012-03-29
1956,1809.5,3478.0,-27.3,28.586944,2012-03-29
1957,3013.0,5532.0,-28.376944,24.303056,2012-03-29
1958,2349.5,4817.0,-30.160091,27.40124,2012-03-29
1959,2185.5,4619.5,-30.336111,27.359444,2012-03-29
1960,2049.5,3886.0,-27.4275,28.525833,2012-03-30
1961,2530.0,4804.5,-27.902778,24.615556,2012-03-30
1962,1876.0,4677.0,-31.000833,26.353056,2012-03-30
1963,2930.0,5536.5,-30.679722,26.7125,2012-03-30
1964,687.0,1805.5,-28.760833,17.730278,2012-04-01
1965,2963.5,5081.5,-25.99136,27.84208,2012-04-02
1966,2722.5,5426.0,-28.735556,29.820556,2012-04-02
1967,2989.5,5980.0,-29.380556,30.2775,2012-04-02
1968,5384.0,8132.0,-30.398056,30.601944,2012-04-02
1969,2766.5,5393.0,-33.897778,20.012778,2012-04-02
1970,2395.0,5325.0,-34.065833,20.404167,2012-04-03
1971,2465.0,4052.0,-23.658056,31.05,2012-04-03
1972,2180.0,4655.0,-27.398611,26.614722,2012-04-03
1973,2284.0,4497.0,-27.671111,27.236944,2012-04-03
1974,2509.0,4996.0,-25.45963889,28.26430556,2012-04-03
1975,2391.0,4905.0,-27.4,26.624722,2012-04-03
1976,1413.0,3050.0,-29.161667,23.696389,2012-04-04
1977,2199.0,5109.0,-25.81048333,27.90955222,2012-04-04
1978,3730.0,6909.0,-27.937778,31.209444,2012-04-04
1979,2350.0,4888.0,-28.404444,30.013056,2012-04-04
1980,1984.0,3641.0,-27.02314,28.59389,2012-04-04
1981,3270.0,5770.0,-26.880278,26.965,2012-04-04
1982,2743.0,4983.0,-27.273889,28.49,2012-04-04
1983,2013.0,3867.0,-27.4275,28.525833,2012-04-04
1984,1695.0,3292.0,-27.3,28.586944,2012-04-04
1985,3198.0,5361.0,-29.615556,27.065278,2012-04-04
1986,2560.0,5149.0,-25.57877778,29.12747222,2012-04-04
1987,3017.0,5532.0,-27.5275,30.858056,2012-04-05
1988,2268.0,4970.0,-27.01011111,26.69808333,2012-04-10
1989,2556.0,5412.0,-25.127778,27.628889,2012-04-10
1990,2341.0,4523.0,-25.20639,27.558,2012-04-10
1991,2763.0,4674.0,-24.69514,27.40906,2012-04-10
1992,2059.0,3763.0,-26.861111,28.884722,2012-04-10
1993,1886.0,5216.0,-26.73806,27.59194,2012-04-10
1994,1972.0,3769.0,-26.98472222,26.63227778,2012-04-10
1995,1421.0,3074.0,-29.161667,23.696389,2012-04-11
1996,2858.0,5598.0,-26.03611,30.99778,2012-04-11
1997,3566.5,6304.5,-28.747778,31.745833,2012-04-11
1998,1566.5,3437.5,-27.00222,28.76528,2012-04-11
1999,2942.0,5197.0,-26.648056,27.089444,2012-04-11
2000,2485.0,5320.0,-26.970278,27.211111,2012-04-11
2001,1972.5,4030.5,-28.141944,26.417778,2012-04-11
2002,2456.0,4906.5,-28.116667,26.725278,2012-04-11
2003,2641.5,4554.5,-29.615556,27.065278,2012-04-11
2004,2869.5,5828.0,-34.250556,20.9925,2012-04-11
2005,2248.5,4799.5,-28.7115,24.07288889,2012-04-12
2006,5118.5,7583.0,-28.801278,31.955389,2012-04-12
2007,1354.5,2886.0,-28.75,30.442778,2012-04-12
2008,3369.5,6239.5,-29.161667,30.629722,2012-04-12
2009,1557.0,3172.0,-27.38972222,26.46388889,2012-04-12
2010,1974.0,4010.5,-28.1175,26.719444,2012-04-12
2011,2456.0,4906.5,-28.116667,26.725278,2012-04-12
2012,2226.0,4671.5,-27.398611,26.614722,2012-04-12
2013,2001.0,4097.5,-27.671111,27.236944,2012-04-12
2014,2907.0,5351.0,-28.376944,24.303056,2012-04-12
2015,2641.5,4554.5,-29.615556,27.065278,2012-04-12
2016,2159.5,4559.0,-33.31388889,19.07472222,2012-04-12
2017,3308.0,6027.0,-25.49037,30.6986,2012-04-13
2018,2330.0,4245.5,-27.573056,24.746389,2012-04-13
2019,2530.0,4804.5,-27.902778,24.615556,2012-04-13
2020,3281.5,5604.5,-33.7075,18.97444444,2012-04-13
2021,859.5,2149.5,-28.760833,17.730278,2012-04-15
2022,2655.5,4875.5,-25.99136,27.84208,2012-04-16
2023,2463.5,4915.5,-22.935,28.004167,2012-04-17
2024,2044.0,3858.0,-22.91028,29.61111,2012-04-17
2025,2843.5,5120.0,-24.058889,31.237222,2012-04-17
2026,2906.0,5244.0,-25.681111,31.783333,2012-04-17
2027,4431.0,7224.5,-25.67386,31.57527,2012-04-17
2028,2500.0,5104.5,-28.735556,29.820556,2012-04-17
2029,1725.0,3306.0,-26.861111,28.884722,2012-04-17
2030,2008.0,4036.5,-26.45,28.085833,2012-04-17
2031,2638.5,5192.0,-28.69485,28.23487,2012-04-17
2032,2266.5,4255.5,-28.883333,27.89,2012-04-17
2033,2351.5,5341.5,-31.396,29.2651,2012-04-17
2034,4636.5,7824.0,-31.554722,29.245556,2012-04-17
2035,2426.0,4811.5,-25.45963889,28.26430556,2012-04-17
2036,2038.0,4163.5,-28.338333,31.373611,2012-04-17
2037,1421.0,3074.0,-29.161667,23.696389,2012-04-18
2038,2066.5,4831.5,-27.01011111,26.69808333,2012-04-18
2039,2153.0,5083.0,-25.81048333,27.90955222,2012-04-18
2040,2601.5,5110.0,-24.282222,28.090278,2012-04-18
2041,2688.0,4272.0,-24.768889,31.39,2012-04-18
2042,3373.5,6025.0,-24.9675,31.516667,2012-04-18
2043,1566.5,3437.5,-27.00222,28.76528,2012-04-18
2044,2942.0,5197.0,-26.648056,27.089444,2012-04-18
2045,2485.0,5320.0,-26.970278,27.211111,2012-04-18
2046,2839.0,5260.5,-26.880278,26.965,2012-04-18
2047,1557.0,3172.0,-27.38972222,26.46388889,2012-04-18
2048,1936.5,3753.0,-26.98472222,26.63227778,2012-04-18
2049,3841.5,6086.5,-30.568333,29.422778,2012-04-18
2050,3197.0,5409.5,-30.570833,29.150556,2012-04-18
2051,2485.0,4749.0,-27.602222,29.942778,2012-04-19
2052,1718.0,3698.0,-27.671111,27.236944,2012-04-19
2053,2931.0,5332.0,-31.031389,28.883333,2012-04-19
2054,3080.0,5652.0,-30.86013889,29.07125,2012-04-19
2055,1824.0,3672.0,-33.13083,18.86278,2012-04-19
2056,3574.0,6253.0,-29.140556,31.391944,2012-04-20
2057,2207.0,4184.0,-27.573056,24.746389,2012-04-22
2058,3541.0,6134.0,-29.7775,29.470833,2012-04-23
2059,3893.0,6754.0,-29.987778,29.851667,2012-04-23
2060,2604.0,5550.0,-29.744167,29.905833,2012-04-23
2061,1843.0,5081.0,-26.73806,27.59194,2012-04-23
2062,1667.0,2970.0,-29.160278,26.573333,2012-04-23
2063,1102.0,3062.0,-29.1825,23.575556,2012-04-23
2064,2127.0,4663.0,-33.501667,21.624167,2012-04-23
2065,2696.0,5599.0,-33.818056,19.694722,2012-04-23
2066,2224.0,4790.0,-28.7115,24.07288889,2012-04-24
2067,2538.0,4747.0,-24.679167,30.8025,2012-04-24
2068,2416.0,5410.0,-25.127778,27.628889,2012-04-24
2069,2341.0,4523.0,-25.20639,27.558,2012-04-24
2070,2213.0,3918.0,-24.69514,27.40906,2012-04-24
2071,4106.0,7301.0,-27.363611,31.783333,2012-04-24
2072,2985.0,5798.0,-30.733889,29.828333,2012-04-24
2073,2408.0,4751.0,-26.880278,26.965,2012-04-24
2074,2085.0,3748.0,-29.615556,27.065278,2012-04-24
2075,2028.0,3864.0,-28.883333,27.89,2012-04-24
2076,1413.0,3098.0,-29.161667,23.696389,2012-04-25
2077,3115.0,5111.0,-24.183889,30.823889,2012-04-25
2078,2272.0,4154.0,-22.769722,30.886944,2012-04-25
2079,3351.0,6078.0,-27.937778,31.209444,2012-04-25
2080,4421.0,7797.0,-26.905,32.324722,2012-04-25
2081,1947.0,4405.0,-27.935,26.126667,2012-04-25
2082,2285.0,4356.0,-34.075556,20.145556,2012-04-25
2083,5338.0,8119.0,-30.398056,30.601944,2012-04-26
2084,4478.0,7746.0,-30.27402,30.69602,2012-04-26
2085,1825.0,3822.0,-30.679722,26.7125,2012-04-26
2086,2117.0,4285.0,-30.160091,27.40124,2012-04-26
2087,4374.0,6895.0,-34.005833,22.351111,2012-04-26
2088,2920.5,5768.0,-29.803611,30.516111,2012-04-27
2089,2939.5,7034.5,-29.758889,30.935278,2012-04-28
2090,687.0,1805.5,-28.760833,17.730278,2012-04-29
2091,2166.0,4321.5,-25.99136,27.84208,2012-04-30
2092,2500.0,5365.0,-29.380556,30.2775,2012-04-30
2093,2899.5,5829.0,-34.065833,20.404167,2012-05-01
2094,1314.0,3648.0,-26.006389,29.253889,2012-05-01
2095,2232.5,4789.5,-25.45963889,28.26430556,2012-05-01
2096,2954.5,5693.0,-33.897778,20.012778,2012-05-01
2097,1421.0,3131.0,-29.161667,23.696389,2012-05-02
2098,1947.5,4687.5,-25.81048333,27.90955222,2012-05-02
2099,1384.5,2815.5,-26.861111,28.884722,2012-05-02
2100,3485.0,6335.5,-29.033333,23.983333,2012-05-02
2101,1920.0,3784.5,-28.058889,30.373611,2012-05-02
2102,1784.0,4024.5,-24.925278,29.324444,2012-05-03
2103,1347.5,3139.0,-27.00222,28.76528,2012-05-03
2104,2161.5,4495.5,-27.398611,26.614722,2012-05-03
2105,1687.5,3669.0,-27.671111,27.236944,2012-05-03
2106,1800.5,4110.0,-27.4,26.624722,2012-05-03
2107,2434.0,4722.0,-26.648056,27.089444,2012-05-04
2108,2099.5,4894.5,-26.970278,27.211111,2012-05-04
2109,2252.0,4624.5,-26.880278,26.965,2012-05-04
2110,1760.0,4471.0,-27.01011111,26.69808333,2012-05-07
2111,1324.0,4167.0,-26.73806,27.59194,2012-05-07
2112,1659.0,3533.0,-26.45,28.085833,2012-05-07
2113,1546.0,2981.0,-26.98472222,26.63227778,2012-05-07
2114,1191.0,1767.0,-32.502778,19.535833,2012-05-07
2115,1429.0,3164.0,-29.161667,23.696389,2012-05-08
2116,2141.0,4766.0,-25.127778,27.628889,2012-05-08
2117,1645.0,3810.0,-25.20639,27.558,2012-05-08
2118,2202.0,3849.0,-24.69514,27.40906,2012-05-08
2119,2818.0,5283.0,-28.747778,31.745833,2012-05-08
2120,1619.0,3040.0,-27.169444,29.233889,2012-05-08
2121,2317.0,4493.0,-26.648056,27.089444,2012-05-08
2122,1994.0,4631.0,-26.970278,27.211111,2012-05-08
2123,2096.0,4498.0,-26.880278,26.965,2012-05-08
2124,1664.0,3627.0,-28.141944,26.417778,2012-05-08
2125,1802.0,3729.0,-28.116667,26.725278,2012-05-08
2126,2487.0,4606.0,-29.042222,24.6,2012-05-08
2127,1307.0,3920.0,-28.460833,21.248889,2012-05-08
2128,1300.0,3932.0,-31.396,29.2651,2012-05-08
2129,2136.0,4280.0,-25.57877778,29.12747222,2012-05-08
2130,1429.0,3164.0,-29.161667,23.696389,2012-05-09
2131,2728.0,5260.0,-25.49037,30.6986,2012-05-09
2132,4959.0,7501.0,-28.801278,31.955389,2012-05-09
2133,1773.0,3498.0,-27.273889,28.49,2012-05-09
2134,2013.0,3455.0,-27.4275,28.525833,2012-05-09
2135,1344.0,2643.0,-27.3,28.586944,2012-05-09
2136,2180.0,4655.0,-27.398611,26.614722,2012-05-09
2137,2227.0,4252.0,-29.028629,24.638389,2012-05-09
2138,1253.0,3067.0,-29.1825,23.575556,2012-05-09
2139,2335.0,4551.0,-30.570833,29.150556,2012-05-09
2140,2740.0,6089.0,-31.104278,29.399722,2012-05-09
2141,2020.0,5383.0,-33.31388889,19.07472222,2012-05-09
2142,2019.0,4242.0,-28.7115,24.07288889,2012-05-10
2143,3448.0,6186.0,-29.140556,31.391944,2012-05-10
2144,1266.0,2755.0,-28.75,30.442778,2012-05-10
2145,3179.0,6266.0,-29.161667,30.629722,2012-05-10
2146,1555.0,3016.0,-27.38972222,26.46388889,2012-05-10
2147,1760.0,4121.0,-27.935,26.126667,2012-05-10
2148,1657.0,3640.0,-27.671111,27.236944,2012-05-10
2149,2848.0,5161.0,-28.376944,24.303056,2012-05-10
2150,2563.0,4785.0,-31.031389,28.883333,2012-05-10
2151,2285.0,4420.0,-30.86013889,29.07125,2012-05-10
2152,2687.0,5879.0,-30.77586667,29.03221667,2012-05-10
2153,3700.0,6125.0,-33.7075,18.97444444,2012-05-10
2154,2075.0,3737.0,-33.72266667,18.61691667,2012-05-10
2155,1957.0,3883.0,-27.902778,24.615556,2012-05-11
2156,4871.0,7261.0,-28.44555556,32.325,2012-04-19
2157,4470.0,7655.0,-31.554722,29.245556,2012-05-12
2158,704.5,1871.0,-28.760833,17.730278,2012-05-13
2159,1815.0,3684.0,-25.99136,27.84208,2012-05-14
2160,1368.0,2781.0,-26.861111,28.884722,2012-05-14
2161,1551.5,3304.0,-26.45,28.085833,2012-05-14
2162,2559.5,4827.5,-25.681111,31.783333,2012-05-15
2163,4217.0,6711.5,-25.398889,31.610556,2012-05-15
2164,1318.0,2946.0,-27.00222,28.76528,2012-05-15
2165,2174.0,4231.5,-26.648056,27.089444,2012-05-15
2166,2323.0,4320.0,-33.38056,19.30167,2012-05-15
2167,2232.5,4333.0,-25.45963889,28.26430556,2012-05-15
2168,2113.5,3984.0,-28.068333,31.55,2012-05-15
2169,1693.5,4038.0,-25.81048333,27.90955222,2012-05-16
2170,2469.0,4002.5,-24.768889,31.39,2012-05-16
2171,3022.0,5689.0,-29.033333,23.983333,2012-05-16
2172,4457.5,6928.5,-34.092222,21.295278,2012-05-16
2173,2095.5,4247.0,-33.13083,18.86278,2012-05-16
2174,2634.5,5687.0,-24.99328,30.81444,2012-05-17
2175,3573.5,8075.0,-33.970833,22.548333,2012-05-17
2176,2072.0,4388.5,-25.436111,31.982222,2012-05-18
2177,1653.5,3329.0,-25.14944444,31.94055556,2012-05-18
2178,2055.0,3942.0,-29.7775,29.470833,2012-05-21
2179,2547.0,4531.0,-29.987778,29.851667,2012-05-21
2180,2399.0,4842.0,-29.744167,29.905833,2012-05-21
2181,3722.0,7414.0,-30.27402,30.69602,2012-05-21
2182,1124.0,3273.0,-26.73806,27.59194,2012-05-21
2183,2182.0,4714.0,-33.818056,19.694722,2012-05-21
2184,1539.0,3691.0,-27.01011111,26.69808333,2012-05-22
2185,3829.0,6708.0,-34.065833,20.404167,2012-05-22
2186,1871.0,3717.0,-24.679167,30.8025,2012-05-22
2187,2095.0,4127.0,-24.183889,30.823889,2012-05-22
2188,1778.0,3876.0,-25.127778,27.628889,2012-05-22
2189,1343.0,3022.0,-25.20639,27.558,2012-05-22
2190,1536.0,3110.0,-24.69514,27.40906,2012-05-22
2191,3569.0,6739.0,-27.363611,31.783333,2012-05-22
2192,2774.0,5532.0,-30.733889,29.828333,2012-05-22
2193,1613.0,2912.0,-27.169444,29.233889,2012-05-22
2194,1827.0,3941.0,-26.880278,26.965,2012-05-22
2195,1409.0,2780.0,-26.98472222,26.63227778,2012-05-22
2196,1305.0,2593.0,-29.160278,26.573333,2012-05-22
2197,574.0,1711.0,-30.336111,27.359444,2012-05-22
2198,2008.0,4526.0,-33.501667,21.624167,2012-05-22
2199,2720.0,4743.0,-34.075556,20.145556,2012-05-22
2200,3164.0,6102.0,-33.897778,20.012778,2012-05-22
2201,2166.0,4099.0,-24.058889,31.237222,2012-05-23
2202,5110.0,7975.0,-30.398056,30.601944,2012-05-23
2203,1513.0,3099.0,-30.160091,27.40124,2012-05-23
2204,1818.0,4173.0,-28.69485,28.23487,2012-05-23
2205,1420.0,2870.0,-28.883333,27.89,2012-05-23
2206,3699.0,6668.0,-34.005833,22.351111,2012-05-23
2207,2055.0,4318.0,-29.641944,30.6875,2012-05-24
2208,1768.0,3544.0,-30.830556,26.921389,2012-05-24
2209,1696.0,3947.0,-29.380556,30.2775,2012-05-24
2210,1655.0,3681.0,-30.679722,26.7125,2012-05-24
2211,1399.0,2992.0,-29.615556,27.065278,2012-05-24
2212,2525.0,6246.0,-34.031944,22.053333,2012-05-24
2213,3295.0,6556.0,-34.039722,22.133333,2012-05-24
2214,5110.0,7975.0,-30.398056,30.601944,2012-05-25
2215,3722.0,7414.0,-30.27402,30.69602,2012-05-25
2216,1638.0,2912.0,-29.658056,25.973333,2012-05-25
2217,1551.0,4225.0,-31.000833,26.353056,2012-05-25
2218,1307.0,3920.0,-28.460833,21.248889,2012-05-25
2219,2238.0,4670.0,-29.803611,30.516111,2012-05-25
2220,2485.0,6297.0,-29.758889,30.935278,2012-05-26
2221,877.0,2215.0,-28.760833,17.730278,2012-05-27
2222,1657.0,3396.0,-25.99136,27.84208,2012-05-28
2223,1358.0,2780.0,-26.861111,28.884722,2012-05-28
2224,1343.0,3573.0,-26.970278,27.211111,2012-05-28
2225,1444.0,3075.0,-26.45,28.085833,2012-05-28
2226,1490.5,3450.0,-27.01011111,26.69808333,2012-05-29
2227,1681.5,3934.0,-29.380556,30.2775,2012-05-29
2228,1212.5,2719.0,-27.00222,28.76528,2012-05-29
2229,1871.5,3639.0,-26.648056,27.089444,2012-05-29
2230,1750.5,3614.0,-26.880278,26.965,2012-05-29
2231,1389.5,2721.5,-26.98472222,26.63227778,2012-05-29
2232,1405.5,4104.0,-31.000833,26.353056,2012-05-29
2233,2030.0,3930.0,-25.45963889,28.26430556,2012-05-29
2234,1302.5,2863.0,-29.161667,23.696389,2012-05-30
2235,1915.0,3701.5,-24.282222,28.090278,2012-05-30
2236,2027.5,4287.5,-27.937778,31.209444,2012-05-30
2237,1401.5,3194.0,-28.404444,30.013056,2012-05-30
2238,1410.5,3033.0,-28.1175,26.719444,2012-05-30
2239,4871.0,7261.0,-28.44555556,32.325,2012-05-12
2240,1933.0,3687.0,-24.670833,28.560833,2012-05-31
2241,1576.0,2951.0,-27.573056,24.746389,2012-05-31
2242,1562.5,3623.0,-30.679722,26.7125,2012-05-31
2243,2978.0,5635.0,-28.44555556,32.325,2012-07-12
2244,2353.5,4555.5,-33.38056,19.30167,2012-05-31
2245,2317.5,4666.0,-33.13083,18.86278,2012-05-31
2246,1302.5,2863.0,-29.161667,23.696389,2012-06-01
2247,1492.5,3143.0,-28.7115,24.07288889,2012-06-01
2248,1937.5,3925.0,-27.5275,30.858056,2012-06-01
2249,1087.5,2756.0,-29.1825,23.575556,2012-06-01
2250,1088.0,3198.0,-26.73806,27.59194,2012-06-04
2251,1159.5,1733.5,-32.502778,19.535833,2012-06-04
2252,1660.5,3681.5,-25.127778,27.628889,2012-06-05
2253,1494.0,3416.0,-25.20639,27.558,2012-06-05
2254,1395.5,2949.0,-24.69514,27.40906,2012-06-05
2255,490.0,2278.5,-26.006389,29.253889,2012-06-05
2256,2618.5,5069.5,-28.747778,31.745833,2012-06-05
2257,1607.5,2858.5,-27.169444,29.233889,2012-06-05
2258,2801.0,6096.0,-34.250556,20.9925,2012-06-05
2259,1706.0,3466.5,-25.57877778,29.12747222,2012-06-05
2260,1845.0,3277.0,-23.658056,31.05,2012-06-06
2261,4362.0,6934.0,-28.801278,31.955389,2012-06-06
2262,1267.0,2622.0,-27.02314,28.59389,2012-06-06
2263,1427.0,2587.0,-27.4275,28.525833,2012-06-06
2264,1233.0,2422.0,-27.3,28.586944,2012-06-06
2265,1582.0,3112.0,-28.141944,26.417778,2012-06-06
2266,1338.0,2906.0,-28.1175,26.719444,2012-06-06
2267,2918.0,5501.5,-28.44555556,32.325,2012-08-08
2268,3540.0,6038.0,-33.7075,18.97444444,2012-06-06
2269,3184.0,5748.0,-33.72266667,18.61691667,2012-06-06
2270,2437.0,4902.0,-29.140556,31.391944,2012-06-07
2271,2426.0,4415.0,-23.838611,31.640833,2012-06-07
2272,3174.0,5295.0,-28.44555556,32.325,2012-09-12
2273,1173.0,2482.0,-28.75,30.442778,2012-06-07
2274,1715.0,3779.0,-29.161667,30.629722,2012-06-07
2275,1482.0,3010.0,-27.398611,26.614722,2012-06-07
2276,1248.0,2701.0,-27.671111,27.236944,2012-06-07
2277,1466.5,3160.5,-27.5275,30.858056,2011-08-25
2278,1505.0,3189.0,-27.4,26.624722,2012-06-07
2279,1491.0,2961.0,-25.99136,27.84208,2012-06-11
2280,1358.0,2654.0,-26.861111,28.884722,2012-06-11
2281,1248.0,2701.0,-27.671111,27.236944,2012-06-11
2282,3362.0,6806.0,-31.554722,29.245556,2012-06-11
2283,2059.0,4714.0,-33.818056,19.694722,2012-06-11
2284,1398.0,3322.0,-27.935,26.126667,2012-06-12
2285,1582.0,3112.0,-28.141944,26.417778,2012-06-12
2286,1595.0,2902.0,-29.658056,25.973333,2012-06-12
2287,1260.0,3983.0,-31.000833,26.353056,2012-06-12
2288,1070.0,2886.0,-30.534167,24.961944,2012-06-12
2289,2440.0,5752.0,-31.104278,29.399722,2012-06-12
2290,2746.0,5270.0,-34.075556,20.145556,2012-06-12
2291,1938.0,3777.0,-25.45963889,28.26430556,2012-06-12
2292,1948.0,3695.0,-28.068333,31.55,2012-06-12
2293,1176.0,2562.0,-29.161667,23.696389,2012-06-13
2294,1533.0,3610.0,-25.81048333,27.90955222,2012-06-13
2295,1102.0,2600.0,-27.00222,28.76528,2012-06-13
2296,1338.0,2906.0,-28.1175,26.719444,2012-06-13
2297,1070.0,2886.0,-30.534167,24.961944,2012-06-13
2298,1999.0,3892.0,-30.568333,29.422778,2012-06-13
2299,1626.0,3123.0,-30.570833,29.150556,2012-06-13
2300,1131.0,2500.5,-29.161667,23.696389,2012-06-14
2301,3921.5,6959.5,-26.905,32.324722,2012-06-14
2302,1776.0,3435.0,-27.602222,29.942778,2012-06-14
2303,1248.5,3157.0,-27.935,26.126667,2012-06-14
2304,1271.0,2815.5,-28.1175,26.719444,2012-06-14
2305,1236.0,3825.5,-31.000833,26.353056,2012-06-14
2306,1862.5,4115.5,-30.679722,26.7125,2012-06-14
2307,1098.5,2590.0,-30.160091,27.40124,2012-06-14
2308,1779.0,3589.0,-30.86013889,29.07125,2012-06-14
2309,1336.5,3039.0,-28.7115,24.07288889,2012-06-15
2310,1264.5,3021.5,-27.01011111,26.69808333,2012-06-15
2311,1788.0,3825.5,-29.641944,30.6875,2012-06-15
2312,1629.0,3197.0,-26.648056,27.089444,2012-06-15
2313,1209.0,2833.0,-26.970278,27.211111,2012-06-15
2314,1623.0,3284.5,-26.880278,26.965,2012-06-15
2315,1338.5,2607.0,-26.98472222,26.63227778,2012-06-15
2316,1445.0,3184.0,-27.398611,26.614722,2012-06-15
2317,587.0,1612.5,-29.1825,23.575556,2012-06-15
2318,1641.0,3090.0,-22.91028,29.61111,2012-06-18
2319,1420.5,3029.5,-29.7775,29.470833,2012-06-18
2320,1821.0,3896.5,-29.744167,29.905833,2012-06-18
2321,1322.5,2629.0,-26.861111,28.884722,2012-06-18
2322,1005.5,2917.0,-26.73806,27.59194,2012-06-18
2323,1152.5,2669.0,-26.45,28.085833,2012-06-18
2324,3558.0,6676.0,-34.065833,20.404167,2012-06-19
2325,1491.5,3350.5,-25.127778,27.628889,2012-06-19
2326,1725.5,3560.0,-25.20639,27.558,2012-06-19
2327,1395.5,2949.0,-24.69514,27.40906,2012-06-19
2328,3514.0,6528.0,-27.363611,31.783333,2012-06-19
2329,2433.5,4889.0,-30.733889,29.828333,2012-06-19
2330,1490.5,2737.5,-27.169444,29.233889,2012-06-19
2331,1120.0,2522.5,-27.00222,28.76528,2012-06-19
2332,1208.5,2502.0,-29.160278,26.573333,2012-06-19
2333,1477.5,3133.5,-29.028629,24.638389,2012-06-19
2334,1131.0,2500.5,-29.161667,23.696389,2012-06-20
2335,1812.0,3464.5,-24.282222,28.090278,2012-06-20
2336,2057.5,4145.5,-25.681111,31.783333,2012-06-20
2337,3944.0,6305.0,-25.398889,31.610556,2012-06-20
2338,3932.5,6942.0,-30.398056,30.601944,2012-06-20
2339,3572.5,6961.5,-30.27402,30.69602,2012-06-20
2340,1195.0,2760.5,-29.615556,27.065278,2012-06-20
2341,1142.5,2642.5,-28.883333,27.89,2012-06-20
2342,3594.5,6458.0,-34.405833,19.600556,2012-06-20
2343,1797.5,3436.0,-24.670833,28.560833,2012-06-21
2344,1808.5,4534.0,-24.99328,30.81444,2012-06-21
2345,1904.5,3151.5,-24.768889,31.39,2012-06-21
2346,901.0,2026.0,-27.802778,28.768333,2012-06-21
2347,1248.5,3157.0,-27.935,26.126667,2012-06-21
2348,1271.0,2815.5,-28.1175,26.719444,2012-06-21
2349,1862.5,4115.5,-30.679722,26.7125,2012-06-21
2350,1098.5,2590.0,-30.160091,27.40124,2012-06-21
2351,980.5,2384.5,-30.336111,27.359444,2012-06-21
2352,1812.5,4209.5,-33.501667,21.624167,2012-06-21
2353,2475.5,5749.5,-34.329722,18.990278,2012-06-21
2354,1380.0,3041.0,-25.436111,31.982222,2012-06-22
2355,1426.0,2875.0,-25.14944444,31.94055556,2012-06-22
2356,1262.0,2609.0,-29.658056,25.973333,2012-06-22
2357,1212.0,3668.0,-31.000833,26.353056,2012-06-22
2358,1722.0,3647.0,-29.803611,30.516111,2012-06-22
2359,4188.5,6294.5,-27.363611,31.783333,2015-11-24
2360,960.0,2529.0,-28.760833,17.730278,2012-06-24
2361,1172.0,2821.0,-24.679167,30.8025,2012-06-25
2362,1096.0,2681.0,-25.99136,27.84208,2012-06-25
2363,1574.0,3216.0,-25.362222,31.956667,2012-06-25
2364,1426.0,2875.0,-25.14944444,31.94055556,2012-06-25
2365,1087.0,2834.0,-27.01011111,26.69808333,2012-06-26
2366,1979.0,3621.0,-24.183889,30.823889,2012-06-26
2367,2385.0,6297.0,-29.758889,30.935278,2012-06-26
2368,1144.0,3405.0,-29.380556,30.2775,2012-06-26
2369,1287.0,2604.0,-26.861111,28.884722,2012-06-26
2370,1572.0,3282.0,-26.880278,26.965,2012-06-26
2371,971.0,2440.0,-26.45,28.085833,2012-06-26
2372,1307.0,2551.0,-26.98472222,26.63227778,2012-06-26
2373,3209.0,6556.0,-34.039722,22.133333,2012-06-26
2374,3540.0,6003.0,-33.7075,18.97444444,2012-06-26
2375,5101.0,7632.0,-33.72266667,18.61691667,2012-06-26
2376,1710.0,3385.0,-25.45963889,28.26430556,2012-06-26
2377,1086.0,2439.0,-29.161667,23.696389,2012-06-27
2378,1437.0,3333.0,-25.81048333,27.90955222,2012-06-27
2379,1330.0,3058.0,-30.830556,26.921389,2012-06-27
2380,2166.0,4086.0,-24.058889,31.237222,2012-06-27
2381,1177.0,2878.0,-28.404444,30.013056,2012-06-27
2382,1352.0,2519.0,-27.4275,28.525833,2012-06-27
2383,2857.0,6223.0,-34.031944,22.053333,2012-06-27
2384,3270.0,6646.0,-32.595833,19.009444,2012-06-27
2385,1384.0,2743.0,-28.058889,30.373611,2012-06-27
2386,2138.0,4745.0,-25.447222,30.711667,2012-06-27
2387,1086.0,2439.0,-29.161667,23.696389,2012-06-28
2388,1678.0,3657.0,-29.641944,30.6875,2012-06-28
2389,2025.0,4018.0,-31.860278,18.6875,2012-06-28
2390,1570.0,3454.0,-27.5275,30.858056,2012-06-28
2391,1144.0,3405.0,-29.380556,30.2775,2012-06-28
2392,1102.0,2445.0,-27.00222,28.76528,2012-06-28
2393,1546.0,3086.0,-26.648056,27.089444,2012-06-28
2394,1462.0,2978.0,-29.028629,24.638389,2012-06-28
2395,252.0,780.0,-29.1825,23.575556,2012-06-28
2396,1380.0,3235.0,-25.49037,30.6986,2012-06-29
2397,3480.0,6230.0,-30.398056,30.601944,2012-06-29
2398,3423.0,6867.0,-30.27402,30.69602,2012-06-29
2399,1099.0,2992.0,-27.935,26.126667,2012-06-29
2400,1204.0,2725.0,-28.1175,26.719444,2012-06-29
2401,1491.5,3257.0,-25.127778,27.628889,2012-07-03
2402,2374.0,4723.5,-25.20639,27.558,2012-07-03
2403,1505.5,3271.0,-24.69514,27.40906,2012-07-03
2404,2328.5,4871.5,-28.747778,31.745833,2012-07-03
2405,1566.5,3821.5,-31.5653,18.3306,2012-07-03
2406,1685.0,3324.0,-24.39619444,27.08983333,2012-07-04
2407,3771.5,6280.0,-28.801278,31.955389,2012-07-04
2408,1097.5,2871.5,-27.935,26.126667,2012-07-04
2409,1293.0,2879.5,-28.141944,26.417778,2012-07-04
2410,1132.5,2564.0,-28.1175,26.719444,2012-07-04
2411,981.5,2175.5,-28.75,30.442778,2012-07-05
2412,2286.5,4716.0,-29.161667,30.629722,2012-07-05
2413,2016.0,4450.5,-28.460833,21.248889,2012-07-05
2414,4340.0,6632.0,-34.092222,21.295278,2012-07-05
2415,2211.5,4619.5,-33.38056,19.30167,2012-07-05
2416,1246.5,2998.0,-27.4,26.624722,2012-07-05
2417,1257.5,2597.0,-27.573056,24.746389,2012-07-06
2418,272.0,917.0,-28.760833,17.730278,2012-07-08
2419,1352.0,2997.0,-29.028629,24.638389,2012-07-09
2420,2681.0,6191.0,-33.818056,19.694722,2012-07-09
2421,1242.0,2449.0,-26.861111,28.884722,2012-07-10
2422,1423.0,2948.0,-26.880278,26.965,2012-07-10
2423,996.0,2320.0,-26.45,28.085833,2012-07-10
2424,1240.0,2474.0,-26.98472222,26.63227778,2012-07-10
2425,1096.0,2751.0,-27.935,26.126667,2012-07-10
2426,1061.0,2403.0,-28.1175,26.719444,2012-07-10
2427,1642.0,4046.0,-28.69485,28.23487,2012-07-10
2428,2160.0,5182.0,-31.104278,29.399722,2012-07-10
2429,773.0,2141.0,-31.396,29.2651,2012-07-10
2430,2546.0,5270.0,-34.075556,20.145556,2012-07-10
2431,1551.0,3145.0,-25.45963889,28.26430556,2012-07-10
2432,1163.0,2512.0,-28.338333,31.373611,2012-07-10
2433,1523.0,3228.0,-28.068333,31.55,2012-07-10
2434,272.0,917.0,-28.760833,17.730278,2012-07-11
2435,1039.0,2220.0,-29.161667,23.696389,2012-07-11
2436,1312.0,3023.0,-25.81048333,27.90955222,2012-07-11
2437,1622.0,3484.0,-29.641944,30.6875,2012-07-11
2438,1024.0,2416.0,-28.883333,27.89,2012-07-11
2439,1414.0,3569.0,-30.568333,29.422778,2012-07-11
2440,1759.0,3560.0,-30.86013889,29.07125,2012-07-11
2441,1491.0,2815.0,-30.570833,29.150556,2012-07-11
2442,1618.0,3594.0,-30.77586667,29.03221667,2012-07-11
2443,2934.0,6033.0,-34.250556,20.9925,2012-07-11
2444,3373.0,5411.0,-28.44555556,32.325,2012-10-09
2445,1482.0,3086.0,-26.648056,27.089444,2012-07-12
2446,1194.0,2667.0,-27.902778,24.615556,2012-07-12
2447,1369.0,2758.0,-28.768056,20.720556,2012-07-12
2448,1681.0,3227.0,-31.031389,28.883333,2012-07-12
2449,995.0,2853.5,-29.7775,29.470833,2012-07-16
2450,1916.5,3772.5,-29.987778,29.851667,2012-07-16
2451,1476.5,3101.5,-29.744167,29.905833,2012-07-16
2452,2009.5,4832.0,-33.897778,20.012778,2012-07-16
2453,1050.5,2734.0,-27.01011111,26.69808333,2012-07-17
2454,3218.5,6534.0,-34.065833,20.404167,2012-07-17
2455,1577.0,3322.0,-25.127778,27.628889,2012-07-17
2456,2646.0,5322.0,-25.20639,27.558,2012-07-17
2457,2705.5,4836.5,-24.69514,27.40906,2012-07-17
2458,1413.5,2856.5,-25.73411,27.21422,2012-07-17
2459,3390.5,6330.0,-27.363611,31.783333,2012-07-17
2460,2040.0,4267.0,-30.733889,29.828333,2012-07-17
2461,1471.5,2948.5,-26.648056,27.089444,2012-07-17
2462,1283.5,2937.5,-26.970278,27.211111,2012-07-17
2463,1090.0,2400.5,-26.45,28.085833,2012-07-17
2464,1262.5,2442.5,-26.98472222,26.63227778,2012-07-17
2465,1097.5,2676.0,-27.935,26.126667,2012-07-17
2466,982.5,2115.0,-29.160278,26.573333,2012-07-17
2467,3358.5,5833.0,-33.870833,20.003333,2012-07-17
2468,1062.5,2329.5,-29.161667,23.696389,2012-07-18
2469,1537.0,3042.5,-24.39619444,27.08983333,2012-07-18
2470,3390.0,6231.0,-26.905,32.324722,2012-07-18
2471,3175.5,5835.0,-30.398056,30.601944,2012-07-18
2472,3120.0,6079.5,-30.27402,30.69602,2012-07-18
2473,1300.0,2549.0,-27.169444,29.233889,2012-07-18
2474,1254.5,2435.5,-26.861111,28.884722,2012-07-18
2475,1670.0,3985.0,-28.69485,28.23487,2012-07-18
2476,1006.0,2374.5,-29.615556,27.065278,2012-07-18
2477,1031.5,2372.5,-28.883333,27.89,2012-07-18
2478,4135.5,8191.5,-34.02861,22.22222,2012-07-18
2479,3543.0,6657.5,-34.405833,19.600556,2012-07-18
2480,1086.5,2431.0,-30.160091,27.40124,2012-07-19
2481,932.5,2257.0,-30.336111,27.359444,2012-07-19
2482,1319.0,2938.5,-30.830556,26.921389,2012-07-20
2483,1257.5,2566.0,-29.658056,25.973333,2012-07-20
2484,1183.5,3461.0,-31.000833,26.353056,2012-07-20
2485,1600.0,3499.5,-30.679722,26.7125,2012-07-20
2486,2016.0,4611.5,-28.460833,21.248889,2012-07-20
2487,1644.0,3503.5,-29.803611,30.516111,2012-07-20
2488,1563.0,3699.0,-31.5653,18.3306,2012-07-21
2489,1060.5,2628.0,-24.679167,30.8025,2012-07-23
2490,1041.5,2574.5,-25.99136,27.84208,2012-07-23
2491,1394.5,2853.5,-26.880278,26.965,2012-07-23
2492,1262.5,2442.5,-26.98472222,26.63227778,2012-07-23
2493,2902.5,5788.0,-33.31388889,19.07472222,2012-07-23
2494,1715.0,2972.0,-24.183889,30.823889,2012-07-24
2495,1242.0,2422.0,-26.861111,28.884722,2012-07-24
2496,1379.0,2992.0,-26.970278,27.211111,2012-07-24
2497,887.0,1881.0,-27.802778,28.768333,2012-07-24
2498,1698.0,4046.0,-28.69485,28.23487,2012-07-24
2499,1639.0,3655.0,-33.501667,21.624167,2012-07-24
2500,1039.0,2220.0,-29.161667,23.696389,2012-07-25
2501,1277.0,2845.0,-25.81048333,27.90955222,2012-07-25
2502,1603.0,2899.0,-24.034167,31.123611,2012-07-25
2503,1392.0,3526.0,-29.380556,30.2775,2012-07-25
2504,1293.0,2414.0,-28.058889,30.373611,2012-07-25
2505,1506.0,3092.0,-29.641944,30.6875,2012-07-26
2506,2216.0,3942.0,-31.860278,18.6875,2012-07-26
2507,1251.0,2702.0,-27.5275,30.858056,2012-07-26
2508,1392.0,3526.0,-29.380556,30.2775,2012-07-26
2509,1119.0,2445.0,-27.00222,28.76528,2012-07-26
2510,1461.0,2811.0,-26.648056,27.089444,2012-07-26
2511,1808.0,5552.0,-29.758889,30.935278,2012-07-27
2512,2902.0,5671.0,-30.27402,30.69602,2012-07-28
2513,1087.0,2690.0,-27.01011111,26.69808333,2012-07-30
2514,1461.0,2811.0,-26.648056,27.089444,2012-07-30
2515,1366.0,2759.0,-26.880278,26.965,2012-07-30
2516,1240.0,2411.0,-26.98472222,26.63227778,2012-07-30
2517,2461.0,5035.0,-31.554722,29.245556,2012-07-30
2518,2117.0,4271.0,-33.38056,19.30167,2012-07-30
2519,1611.0,3300.0,-25.127778,27.628889,2012-07-31
2520,2652.0,5349.0,-25.20639,27.558,2012-07-31
2521,1242.0,2422.0,-26.861111,28.884722,2012-07-31
2522,1379.0,2992.0,-26.970278,27.211111,2012-07-31
2523,953.0,2536.0,-26.73806,27.59194,2012-07-31
2524,996.0,2320.0,-26.45,28.085833,2012-07-31
2525,2106.0,4676.0,-31.104278,29.399722,2012-07-31
2526,1401.0,2749.0,-24.39619444,27.08983333,2012-08-01
2527,1300.0,2549.0,-27.169444,29.233889,2012-08-01
2528,1168.0,2549.5,-28.141944,26.417778,2012-08-01
2529,1048.5,2355.0,-28.1175,26.719444,2012-08-01
2530,3872.0,7157.5,-33.13083,18.86278,2012-08-01
2531,897.5,1995.5,-28.75,30.442778,2012-08-02
2532,2888.5,5667.0,-29.161667,30.629722,2012-08-02
2533,1125.0,2405.0,-27.00222,28.76528,2012-08-02
2534,1471.5,2762.5,-26.648056,27.089444,2012-08-02
2535,1402.0,3021.5,-27.398611,26.614722,2012-08-02
2536,1259.5,2460.5,-28.376944,24.303056,2012-08-02
2537,1090.5,2319.0,-27.671111,27.236944,2012-08-03
2538,1070.5,2612.5,-28.735556,29.820556,2012-08-04
2539,251.0,817.0,-28.760833,17.730278,2012-08-05
2540,1148.5,2441.5,-25.99136,27.84208,2012-08-06
2541,1319.0,2899.5,-26.970278,27.211111,2012-08-06
2542,2882.0,6107.0,-33.818056,19.694722,2012-08-06
2543,1114.5,2674.5,-27.01011111,26.69808333,2012-08-07
2544,1592.0,3288.0,-29.641944,30.6875,2012-08-07
2545,1070.5,2612.5,-28.735556,29.820556,2012-08-07
2546,1354.0,2739.0,-26.880278,26.965,2012-08-07
2547,1262.5,2344.5,-26.98472222,26.63227778,2012-08-07
2548,1402.0,3021.5,-27.398611,26.614722,2012-08-07
2549,2461.0,4824.0,-34.075556,20.145556,2012-08-07
2550,1216.0,2532.0,-25.45963889,28.26430556,2012-08-07
2551,1164.0,2525.5,-28.338333,31.373611,2012-08-07
2552,1520.5,3011.5,-28.068333,31.55,2012-08-07
2553,828.5,2310.0,-25.57877778,29.12747222,2012-08-07
2554,1294.5,2843.5,-25.81048333,27.90955222,2012-08-08
2555,4010.0,5840.0,-28.44555556,32.325,2012-10-31
2556,1254.5,2435.5,-26.861111,28.884722,2012-08-08
2557,948.5,2201.5,-26.45,28.085833,2012-08-08
2558,1349.0,2669.0,-27.273889,28.49,2012-08-09
2559,1003.0,2023.0,-27.802778,28.768333,2012-08-09
2560,1119.0,2365.0,-27.00222,28.76528,2012-08-10
2561,1217.0,2269.0,-27.02314,28.59389,2012-08-10
2562,1482.0,2714.0,-26.648056,27.089444,2012-08-10
2563,1247.0,2486.0,-27.573056,24.746389,2012-08-10
2564,3150.0,6424.0,-34.065833,20.404167,2012-08-12
2565,1142.0,2659.0,-27.01011111,26.69808333,2012-08-13
2566,1064.0,2909.0,-29.7775,29.470833,2012-08-13
2567,2057.0,4269.0,-29.987778,29.851667,2012-08-13
2568,1249.0,2750.0,-29.744167,29.905833,2012-08-13
2569,1342.0,2719.0,-26.880278,26.965,2012-08-13
2570,1285.0,2278.0,-26.98472222,26.63227778,2012-08-13
2571,1691.0,3344.0,-25.127778,27.628889,2012-08-14
2572,1389.0,2723.0,-24.39619444,27.08983333,2012-08-14
2573,3721.0,6391.0,-24.69514,27.40906,2012-08-14
2574,1346.0,2827.0,-25.73411,27.21422,2012-08-14
2575,1485.0,3119.0,-26.03611,30.99778,2012-08-14
2576,3105.0,5448.0,-27.363611,31.783333,2012-08-14
2577,876.0,2507.0,-26.73806,27.59194,2012-08-14
2578,996.0,2320.0,-26.45,28.085833,2012-08-14
2579,1349.0,2669.0,-27.273889,28.49,2012-08-14
2580,1030.0,2132.0,-29.160278,26.573333,2012-08-14
2581,2798.0,6015.0,-34.250556,20.9925,2012-08-14
2582,1962.0,3943.0,-33.897778,20.012778,2012-08-14
2583,4589.0,7126.0,-25.20639,27.558,2012-08-15
2584,1208.0,2914.0,-25.49037,30.6986,2012-08-15
2585,2805.0,5418.0,-30.398056,30.601944,2012-08-15
2586,2902.0,5671.0,-30.27402,30.69602,2012-08-15
2587,1229.0,2471.0,-27.169444,29.233889,2012-08-15
2588,1127.0,2142.0,-27.3,28.586944,2012-08-15
2589,2612.0,4395.0,-29.033333,23.983333,2012-08-15
2590,1642.0,3924.0,-28.69485,28.23487,2012-08-15
2591,1116.0,2318.0,-29.615556,27.065278,2012-08-15
2592,1274.0,2416.0,-28.883333,27.89,2012-08-15
2593,3443.0,6686.0,-34.405833,19.600556,2012-08-15
2594,1823.0,4545.0,-25.447222,30.711667,2012-08-15
2595,1900.0,4265.0,-30.13573889,30.67422222,2012-08-16
2596,1482.0,2714.0,-26.648056,27.089444,2012-08-16
2597,1174.0,2487.0,-27.902778,24.615556,2012-08-16
2598,1197.0,2411.0,-30.160091,27.40124,2012-08-16
2599,774.0,1938.0,-30.336111,27.359444,2012-08-16
2600,1552.0,3071.0,-30.830556,26.921389,2012-08-17
2601,1426.5,2542.0,-29.658056,25.973333,2012-08-17
2602,1240.5,3194.5,-31.000833,26.353056,2012-08-17
2603,1810.0,3638.5,-30.679722,26.7125,2012-08-17
2604,2168.5,4097.5,-29.803611,30.516111,2012-08-17
2605,427.0,1269.5,-28.760833,17.730278,2012-08-18
2606,1828.5,3133.0,-22.43772222,31.07805556,2012-08-19
2607,1189.0,2674.0,-24.679167,30.8025,2012-08-20
2608,1314.0,2611.5,-25.99136,27.84208,2012-08-20
2609,3121.5,6047.5,-30.27402,30.69602,2012-08-20
2610,1354.0,2739.0,-26.880278,26.965,2012-08-20
2611,1290.0,2344.5,-26.98472222,26.63227778,2012-08-20
2612,2751.0,5276.0,-33.7075,18.97444444,2012-08-20
2613,1745.5,3067.0,-24.183889,30.823889,2012-08-21
2614,1542.0,3864.0,-29.380556,30.2775,2012-08-21
2615,1090.0,2400.5,-26.45,28.085833,2012-08-21
2616,3426.5,6364.5,-33.464444,18.740556,2012-08-21
2617,1216.0,2532.0,-25.45963889,28.26430556,2012-08-21
2618,1325.5,2843.5,-25.81048333,27.90955222,2012-08-22
2619,1290.5,2545.0,-24.058889,31.237222,2012-08-22
2620,1395.0,2658.0,-27.169444,29.233889,2012-08-22
2621,1532.0,2756.0,-27.273889,28.49,2012-08-22
2622,941.0,1994.5,-27.802778,28.768333,2012-08-22
2623,1301.0,2447.0,-28.058889,30.373611,2012-08-22
2624,1236.0,2422.5,-29.161667,23.696389,2012-08-23
2625,987.0,2174.0,-28.7115,24.07288889,2012-08-23
2626,2173.0,3933.5,-31.860278,18.6875,2012-08-23
2627,1439.5,3130.0,-27.937778,31.209444,2012-08-23
2628,1471.5,2762.5,-26.648056,27.089444,2012-08-23
2629,566.5,1394.0,-29.1825,23.575556,2012-08-23
2630,2703.0,6103.0,-34.031944,22.053333,2012-08-23
2631,4135.5,7859.5,-34.02861,22.22222,2012-08-23
2632,2264.5,4067.0,-23.838611,31.640833,2012-08-24
2633,1242.0,1910.5,-32.502778,19.535833,2012-08-24
2634,1499.0,4194.0,-29.380556,30.2775,2012-08-26
2635,2696.0,4948.0,-29.641944,30.6875,2012-08-27
2636,3118.0,5421.0,-29.758889,30.935278,2012-08-27
2637,1195.0,2659.0,-27.01011111,26.69808333,2012-08-28
2638,1835.0,3445.0,-25.127778,27.628889,2012-08-28
2639,5096.0,7126.0,-25.20639,27.558,2012-08-28
2640,4300.0,6404.0,-24.69514,27.40906,2012-08-28
2641,2404.0,4067.0,-28.747778,31.745833,2012-08-28
2642,1491.0,3287.0,-26.970278,27.211111,2012-08-28
2643,1366.0,2759.0,-26.880278,26.965,2012-08-28
2644,1184.0,2481.0,-26.45,28.085833,2012-08-28
2645,1295.0,2411.0,-26.98472222,26.63227778,2012-08-28
2646,1848.0,3928.0,-30.86013889,29.07125,2012-08-28
2647,2921.0,5331.0,-31.104278,29.399722,2012-08-28
2648,2324.0,4484.0,-31.396,29.2651,2012-08-28
2649,3100.0,5526.0,-31.554722,29.245556,2012-08-28
2650,2060.0,4152.0,-33.501667,21.624167,2012-08-28
2651,1625.0,3396.0,-31.5653,18.3306,2012-08-28
2652,1348.0,2554.0,-29.161667,23.696389,2012-08-29
2653,2843.0,4596.0,-28.801278,31.955389,2012-08-29
2654,1193.0,2398.0,-28.141944,26.417778,2012-08-29
2655,1262.0,2430.0,-28.1175,26.719444,2012-08-29
2656,1850.0,3766.0,-30.568333,29.422778,2012-08-29
2657,2169.0,4813.0,-30.77586667,29.03221667,2012-08-29
2658,3900.0,7117.0,-33.13083,18.86278,2012-08-29
2659,1829.0,3106.0,-24.282222,28.090278,2012-08-30
2660,1068.0,2245.0,-28.75,30.442778,2012-08-30
2661,3115.0,6137.0,-29.161667,30.629722,2012-08-30
2662,1131.0,2365.0,-27.00222,28.76528,2012-08-30
2663,1615.0,2985.0,-27.398611,26.614722,2012-08-30
2664,1176.0,2330.0,-27.671111,27.236944,2012-08-30
2665,1967.0,4198.0,-33.38056,19.30167,2012-08-30
2666,1242.0,2626.0,-27.902778,24.615556,2012-08-31
2667,500.0,1376.0,-28.760833,17.730278,2012-09-02
2668,1576.0,2849.5,-25.99136,27.84208,2012-09-03
2669,1920.5,3222.5,-22.43772222,31.07805556,2012-09-03
2670,1525.0,3340.5,-26.970278,27.211111,2012-09-03
2671,1261.0,2299.0,-27.3,28.586944,2012-09-03
2672,1956.0,3530.0,-31.031389,28.883333,2012-09-03
2673,2400.0,4691.0,-33.818056,19.694722,2012-09-03
2674,1449.5,3020.0,-27.01011111,26.69808333,2012-09-04
2675,1484.5,2988.5,-26.880278,26.965,2012-09-04
2676,1444.5,2783.0,-26.98472222,26.63227778,2012-09-04
2677,1388.5,2857.0,-27.671111,27.236944,2012-09-04
2678,2431.0,4907.5,-34.075556,20.145556,2012-09-04
2679,1700.0,3109.5,-25.45963889,28.26430556,2012-09-04
2680,1419.0,3034.5,-28.338333,31.373611,2012-09-04
2681,1988.5,3778.5,-28.068333,31.55,2012-09-04
2682,1440.0,3131.5,-27.4,26.624722,2012-09-04
2683,1382.0,2533.5,-29.161667,23.696389,2012-09-05
2684,1541.5,3196.5,-25.81048333,27.90955222,2012-09-05
2685,1468.0,3053.5,-27.602222,29.942778,2012-09-05
2686,1488.0,2832.0,-27.169444,29.233889,2012-09-05
2687,1038.0,2659.5,-26.73806,27.59194,2012-09-05
2688,1293.0,2662.5,-26.45,28.085833,2012-09-05
2689,3203.5,5392.5,-29.641944,30.6875,2012-09-06
2690,1382.0,2533.5,-29.161667,23.696389,2012-09-07
2691,987.0,2120.0,-28.7115,24.07288889,2012-09-07
2692,1316.0,2698.5,-27.02314,28.59389,2012-09-07
2693,1717.5,2930.5,-27.273889,28.49,2012-09-07
2694,708.0,1679.5,-29.1825,23.575556,2012-09-07
2695,4057.5,6287.0,-29.028629,24.638389,2012-09-08
2696,1704.0,3381.0,-27.01011111,26.69808333,2012-09-10
2697,3526.0,6268.0,-29.987778,29.851667,2012-09-10
2698,1620.0,3993.0,-29.744167,29.905833,2012-09-10
2699,1594.0,3155.0,-26.98472222,26.63227778,2012-09-10
2700,1160.0,2218.0,-29.160278,26.573333,2012-09-10
2701,2982.0,5862.0,-34.065833,20.404167,2012-09-11
2702,1979.0,3702.0,-25.127778,27.628889,2012-09-11
2703,1342.0,2345.0,-24.39619444,27.08983333,2012-09-11
2704,4300.0,6404.0,-24.69514,27.40906,2012-09-11
2705,3105.0,5580.0,-27.363611,31.783333,2012-09-11
2706,3078.0,6051.0,-30.733889,29.828333,2012-09-11
2707,1491.0,3394.0,-26.970278,27.211111,2012-09-11
2708,1402.0,2844.0,-26.45,28.085833,2012-09-11
2709,2609.0,5194.0,-28.69485,28.23487,2012-09-11
2710,1409.0,2633.0,-29.615556,27.065278,2012-09-11
2711,1931.0,3542.0,-28.883333,27.89,2012-09-11
2712,2224.0,3943.0,-33.897778,20.012778,2012-09-11
2713,1348.0,2513.0,-29.161667,23.696389,2012-09-12
2714,5096.0,7126.0,-25.20639,27.558,2012-09-12
2715,1551.0,2954.0,-22.769722,30.886944,2012-09-12
2716,5696.5,7023.5,-28.44555556,32.325,2013-01-24
2717,3501.0,6441.0,-26.905,32.324722,2012-09-12
2718,3077.0,5655.0,-30.398056,30.601944,2012-09-12
2719,4583.0,7330.0,-30.27402,30.69602,2012-09-12
2720,1380.0,2967.0,-30.160091,27.40124,2012-09-12
2721,1168.0,2650.0,-30.336111,27.359444,2012-09-12
2722,1218.0,2674.0,-28.768056,20.720556,2012-09-12
2723,3198.0,5808.0,-34.405833,19.600556,2012-09-12
2724,2289.0,4194.0,-30.830556,26.921389,2012-09-13
2725,1131.0,2352.0,-27.00222,28.76528,2012-09-13
2726,1519.0,2875.0,-26.648056,27.089444,2012-09-13
2727,1420.0,3192.0,-31.000833,26.353056,2012-09-13
2728,2012.0,3934.0,-30.679722,26.7125,2012-09-13
2729,2473.0,5601.0,-34.329722,18.990278,2012-09-13
2730,1381.0,2486.0,-27.573056,24.746389,2012-09-14
2731,1442.0,2543.0,-29.658056,25.973333,2012-09-14
2732,4000.0,6823.0,-29.803611,30.516111,2012-09-14
2733,1348.0,2513.0,-29.161667,23.696389,2012-09-17
2734,1834.0,3284.0,-25.99136,27.84208,2012-09-17
2735,1200.0,2783.0,-26.73806,27.59194,2012-09-17
2736,1402.0,2844.0,-26.45,28.085833,2012-09-17
2737,1265.0,2553.0,-27.935,26.126667,2012-09-17
2738,546.0,1363.0,-29.1825,23.575556,2012-09-17
2739,3000.0,5907.0,-33.31388889,19.07472222,2012-09-17
2740,1901.0,3701.5,-27.01011111,26.69808333,2012-09-18
2741,1527.5,2833.5,-22.91028,29.61111,2012-09-18
2742,1604.0,3482.0,-27.5275,30.858056,2012-09-18
2743,2432.5,5108.0,-29.380556,30.2775,2012-09-18
2744,1698.0,3136.0,-27.169444,29.233889,2012-09-18
2745,1695.0,3107.0,-26.648056,27.089444,2012-09-18
2746,2135.0,4065.5,-26.970278,27.211111,2012-09-18
2747,1720.0,3323.5,-26.880278,26.965,2012-09-18
2748,969.5,2060.0,-27.802778,28.768333,2012-09-18
2749,3077.0,4985.5,-33.7075,18.97444444,2012-09-18
2750,2013.5,3708.5,-25.45963889,28.26430556,2012-09-18
2751,1382.0,2533.5,-29.161667,23.696389,2012-09-19
2752,1839.0,3872.0,-25.81048333,27.90955222,2012-09-19
2753,2659.5,4734.5,-23.763056,27.908611,2012-09-19
2754,1190.0,2455.5,-27.00222,28.76528,2012-09-19
2755,1784.0,3250.5,-27.273889,28.49,2012-09-19
2756,3496.5,6477.0,-34.039722,22.133333,2012-09-19
2757,2748.0,5449.5,-32.595833,19.009444,2012-09-19
2758,4407.0,6790.0,-34.005833,22.351111,2012-09-19
2759,1757.5,3162.0,-31.860278,18.6875,2012-09-20
2760,2910.5,5602.5,-29.744167,29.905833,2013-12-27
2761,1894.5,3262.5,-24.282222,28.090278,2012-09-20
2762,2081.0,3675.0,-23.838611,31.640833,2012-09-20
2763,2134.5,3520.0,-24.670833,28.560833,2012-09-21
2764,1315.5,1930.5,-32.502778,19.535833,2012-09-21
2765,1907.0,3551.5,-24.183889,30.823889,2012-09-25
2766,2038.0,3812.5,-25.127778,27.628889,2012-09-25
2767,4741.5,6942.0,-25.20639,27.558,2012-09-25
2768,3740.0,6018.0,-24.69514,27.40906,2012-09-25
2769,1593.5,3080.5,-25.73411,27.21422,2012-09-25
2770,1694.5,3378.5,-26.45,28.085833,2012-09-25
2771,2378.0,4838.0,-31.396,29.2651,2012-09-25
2772,4054.0,7312.5,-31.554722,29.245556,2012-09-25
2773,2098.0,4443.0,-33.501667,21.624167,2012-09-25
2774,2205.0,4005.0,-33.38056,19.30167,2012-09-25
2775,1416.0,2513.0,-29.161667,23.696389,2012-09-26
2776,2098.0,4022.0,-27.01011111,26.69808333,2012-09-26
2777,1330.0,2345.0,-24.39619444,27.08983333,2012-09-26
2778,2892.0,5568.0,-29.380556,30.2775,2012-09-26
2779,1871.0,3339.0,-26.648056,27.089444,2012-09-26
2780,1837.0,3429.0,-26.880278,26.965,2012-09-26
2781,936.0,2097.0,-27.802778,28.768333,2012-09-26
2782,1625.0,3155.0,-26.98472222,26.63227778,2012-09-26
2783,1377.0,2610.0,-28.141944,26.417778,2012-09-26
2784,1270.0,2498.0,-28.1175,26.719444,2012-09-26
2785,2547.0,5361.0,-30.568333,29.422778,2012-09-26
2786,1523.0,3097.0,-30.570833,29.150556,2012-09-26
2787,3161.0,6116.0,-31.104278,29.399722,2012-09-26
2788,1625.0,3396.0,-31.5653,18.3306,2012-09-26
2789,3711.0,5837.0,-29.641944,30.6875,2012-09-27
2790,1840.0,3518.0,-24.679167,30.8025,2012-09-27
2791,3719.0,6277.0,-28.747778,31.745833,2012-09-27
2792,2399.0,4065.0,-28.801278,31.955389,2012-09-27
2793,1607.0,3256.0,-28.75,30.442778,2012-09-27
2794,4380.0,7431.0,-29.758889,30.935278,2012-09-27
2795,3115.0,6137.0,-29.161667,30.629722,2012-09-27
2796,1249.0,2559.0,-27.00222,28.76528,2012-09-27
2797,1185.0,2721.0,-27.38972222,26.46388889,2012-09-27
2798,1960.0,4027.0,-27.398611,26.614722,2012-09-27
2799,1910.0,3473.0,-27.671111,27.236944,2012-09-27
2800,2286.0,4034.0,-31.031389,28.883333,2012-09-27
2801,2113.0,4526.0,-30.86013889,29.07125,2012-09-27
2802,2921.0,4924.0,-30.77586667,29.03221667,2012-09-27
2803,3589.0,6232.0,-33.13083,18.86278,2012-09-27
2804,5319.0,7659.0,-30.27402,30.69602,2012-09-28
2805,1410.0,2756.0,-27.902778,24.615556,2012-09-28
2806,3142.0,5951.0,-24.9675,31.516667,2012-09-30
2807,1416.0,2513.0,-29.161667,23.696389,2012-10-01
2808,1579.0,2942.0,-26.861111,28.884722,2012-10-01
2809,1444.0,3545.0,-26.73806,27.59194,2012-10-01
2810,1987.0,3913.0,-26.45,28.085833,2012-10-01
2811,2699.0,4599.0,-33.818056,19.694722,2012-10-01
2812,1029.0,2185.0,-28.7115,24.07288889,2012-10-02
2813,1453.0,2686.0,-23.658056,31.05,2012-10-02
2814,3455.0,6424.0,-28.735556,29.820556,2012-10-02
2815,1835.0,3427.0,-27.169444,29.233889,2012-10-02
2816,936.0,2097.0,-27.802778,28.768333,2012-10-02
2817,1960.0,4027.0,-27.398611,26.614722,2012-10-02
2818,1910.0,3473.0,-27.671111,27.236944,2012-10-02
2819,961.0,2262.0,-29.1825,23.575556,2012-10-02
2820,2495.0,4864.0,-34.075556,20.145556,2012-10-02
2821,2028.0,3791.0,-25.45963889,28.26430556,2012-10-02
2822,1467.0,3107.0,-28.338333,31.373611,2012-10-02
2823,3085.0,5401.0,-28.068333,31.55,2012-10-02
2824,2098.0,4022.0,-27.01011111,26.69808333,2012-10-03
2825,1969.0,4196.0,-25.81048333,27.90955222,2012-10-03
2826,3711.0,5837.0,-29.641944,30.6875,2012-10-03
2827,1665.0,3095.0,-22.769722,30.886944,2012-10-03
2828,1249.0,2559.0,-27.00222,28.76528,2012-10-03
2829,1800.0,3800.0,-27.02314,28.59389,2012-10-03
2830,1871.0,3339.0,-26.648056,27.089444,2012-10-03
2831,1837.0,3429.0,-26.880278,26.965,2012-10-03
2832,1848.0,3483.0,-27.273889,28.49,2012-10-03
2833,2972.0,4655.0,-27.4275,28.525833,2012-10-03
2834,1412.0,2505.0,-27.3,28.586944,2012-10-03
2835,4353.0,6306.0,-34.092222,21.295278,2012-10-03
2836,2078.0,4378.0,-25.57877778,29.12747222,2012-10-03
2837,2338.5,4829.5,-27.602222,29.942778,2012-10-04
2838,1494.0,2713.5,-27.573056,24.746389,2012-10-05
2839,3143.0,5576.5,-29.042222,24.6,2012-10-05
2840,5568.5,7534.5,-29.028629,24.638389,2012-10-05
2841,2212.5,4614.0,-29.7775,29.470833,2012-10-08
2842,2419.0,4742.5,-29.744167,29.905833,2012-10-08
2843,2197.0,4190.5,-26.45,28.085833,2012-10-08
2844,2446.0,4391.0,-33.897778,20.012778,2012-10-08
2845,2185.5,4322.5,-27.01011111,26.69808333,2012-10-09
2846,2792.5,5342.0,-34.065833,20.404167,2012-10-09
2847,2377.5,4250.0,-25.127778,27.628889,2012-10-09
2848,1336.0,2471.5,-24.39619444,27.08983333,2012-10-09
2849,3100.5,5457.0,-24.69514,27.40906,2012-10-09
2850,1727.5,3142.0,-25.73411,27.21422,2012-10-09
2851,3478.5,6426.5,-30.733889,29.828333,2012-10-09
2852,2305.5,3995.0,-26.648056,27.089444,2012-10-09
2853,3121.5,4952.0,-26.970278,27.211111,2012-10-09
2854,1824.5,3561.0,-26.880278,26.965,2012-10-09
2855,1065.0,2300.5,-27.802778,28.768333,2012-10-09
2856,1766.0,3262.5,-26.98472222,26.63227778,2012-10-09
2857,1418.0,2484.5,-29.160278,26.573333,2012-10-09
2858,3093.5,5603.0,-28.69485,28.23487,2012-10-09
2859,2611.5,4410.0,-28.883333,27.89,2012-10-09
2860,3568.0,6009.5,-28.068333,31.55,2012-10-09
2861,2469.5,4280.0,-30.830556,26.921389,2012-10-10
2862,3711.5,6135.5,-25.20639,27.558,2012-10-10
2863,4298.5,6821.0,-30.398056,30.601944,2012-10-10
2864,1687.0,3183.5,-27.00222,28.76528,2012-10-10
2865,1669.5,3534.5,-31.000833,26.353056,2012-10-10
2866,1744.0,3028.5,-28.768056,20.720556,2012-10-10
2867,2740.0,5551.5,-34.031944,22.053333,2012-10-10
2868,3496.5,6643.0,-34.039722,22.133333,2012-10-10
2869,3512.5,5765.5,-34.405833,19.600556,2012-10-10
2870,3911.5,6795.0,-34.005833,22.351111,2012-10-10
2871,2469.5,4280.0,-30.830556,26.921389,2012-10-11
2872,2352.0,4309.0,-30.679722,26.7125,2012-10-11
2873,1622.5,3159.0,-30.160091,27.40124,2012-10-11
2874,1251.0,2719.0,-30.336111,27.359444,2012-10-11
2875,2016.0,3931.0,-28.404444,30.013056,2012-10-12
2876,1511.0,2801.0,-27.902778,24.615556,2012-10-12
2877,1586.0,2822.0,-29.658056,25.973333,2012-10-12
2878,1894.0,3801.0,-31.000833,26.353056,2012-10-12
2879,5143.0,7402.0,-29.803611,30.516111,2012-10-12
2880,3101.0,5044.0,-25.99136,27.84208,2012-10-15
2881,2407.0,4468.0,-26.45,28.085833,2012-10-15
2882,3038.0,5773.0,-33.31388889,19.07472222,2012-10-15
2883,1456.0,2717.0,-29.161667,23.696389,2012-10-16
2884,2273.0,4623.0,-27.01011111,26.69808333,2012-10-16
2885,3436.0,5613.0,-25.681111,31.783333,2012-10-16
2886,3408.0,6164.0,-29.380556,30.2775,2012-10-16
2887,2740.0,4651.0,-26.648056,27.089444,2012-10-16
2888,3464.0,5167.0,-26.970278,27.211111,2012-10-16
2889,1837.0,3693.0,-26.880278,26.965,2012-10-16
2890,1907.0,3370.0,-26.98472222,26.63227778,2012-10-16
2891,1893.0,3670.0,-27.935,26.126667,2012-10-16
2892,1666.0,2637.0,-29.160278,26.573333,2012-10-16
2893,1221.0,2309.0,-29.1825,23.575556,2012-10-16
2894,2588.0,5546.0,-34.250556,20.9925,2012-10-16
2895,3150.0,4879.0,-33.7075,18.97444444,2012-10-16
2896,2559.0,4881.0,-25.45963889,28.26430556,2012-10-16
2897,1456.0,2717.0,-29.161667,23.696389,2012-10-17
2898,2618.0,5397.0,-25.81048333,27.90955222,2012-10-17
2899,3752.0,5006.0,-24.768889,31.39,2012-10-17
2900,3688.0,5951.0,-24.9675,31.516667,2012-10-17
2901,3525.0,5813.0,-27.937778,31.209444,2012-10-17
2902,2583.0,4662.0,-27.169444,29.233889,2012-10-17
2903,2125.0,3808.0,-27.00222,28.76528,2012-10-17
2904,1194.0,2504.0,-27.802778,28.768333,2012-10-17
2905,2617.0,5118.0,-32.595833,19.009444,2012-10-17
2906,2025.0,3594.0,-28.058889,30.373611,2012-10-17
2907,1631.0,2903.0,-31.860278,18.6875,2012-10-18
2908,2684.0,4139.0,-27.273889,28.49,2012-10-18
2909,3021.0,4780.0,-27.671111,27.236944,2012-10-18
2910,2742.0,6033.0,-25.14944444,31.94055556,2012-10-19
2911,1236.0,1779.0,-32.502778,19.535833,2012-10-19
2912,2551.5,4312.0,-31.031389,28.883333,2012-10-21
2913,2505.0,4484.0,-24.679167,30.8025,2012-10-22
2914,2138.5,3809.0,-26.861111,28.884722,2012-10-22
2915,2443.0,4489.0,-26.45,28.085833,2012-10-22
2916,2604.5,5055.0,-31.396,29.2651,2012-10-22
2917,4299.5,7468.5,-31.554722,29.245556,2012-10-22
2918,2554.5,4701.0,-27.01011111,26.69808333,2012-10-23
2919,2760.5,5206.5,-24.183889,30.823889,2012-10-23
2920,2381.0,4654.0,-25.127778,27.628889,2012-10-23
2921,3158.0,5500.5,-25.20639,27.558,2012-10-23
2922,2811.0,4817.0,-24.69514,27.40906,2012-10-23
2923,4213.0,7093.0,-28.747778,31.745833,2012-10-23
2924,2830.5,4702.0,-26.648056,27.089444,2012-10-23
2925,3121.5,5068.5,-26.970278,27.211111,2012-10-23
2926,2040.5,3895.0,-26.880278,26.965,2012-10-23
2927,1351.0,2769.0,-27.802778,28.768333,2012-10-23
2928,1499.0,3217.5,-27.38972222,26.46388889,2012-10-23
2929,1946.5,3437.0,-26.98472222,26.63227778,2012-10-23
2930,3488.5,5767.5,-28.69485,28.23487,2012-10-23
2931,3899.5,6984.0,-30.568333,29.422778,2012-10-23
2932,2178.0,4193.0,-30.570833,29.150556,2012-10-23
2933,3318.0,6192.0,-31.104278,29.399722,2012-10-23
2934,2352.0,4510.5,-33.501667,21.624167,2012-10-23
2935,1506.0,2688.5,-29.161667,23.696389,2012-10-24
2936,1381.5,2821.5,-24.39619444,27.08983333,2012-10-24
2937,1783.0,3738.0,-24.058889,31.237222,2012-10-24
2938,1942.5,3507.0,-28.141944,26.417778,2012-10-24
2939,2250.0,4061.5,-27.398611,26.614722,2012-10-24
2940,2916.5,4632.5,-27.671111,27.236944,2012-10-24
2941,2800.0,4803.0,-30.679722,26.7125,2012-10-24
2942,1154.0,2471.0,-30.336111,27.359444,2012-10-24
2943,2096.5,3448.0,-28.768056,20.720556,2012-10-24
2944,2692.5,4795.0,-30.86013889,29.07125,2012-10-24
2945,2998.0,5155.0,-30.77586667,29.03221667,2012-10-24
2946,2630.5,4229.0,-33.13083,18.86278,2012-10-24
2947,2323.5,4014.0,-28.75,30.442778,2012-10-25
2948,3584.5,6842.5,-29.161667,30.629722,2012-10-25
2949,1499.0,3217.5,-27.38972222,26.46388889,2012-10-25
2950,3021.0,4780.0,-27.671111,27.236944,2012-10-28
2951,4467.0,6745.0,-28.068333,31.55,2012-10-28
2952,3236.0,5044.0,-25.99136,27.84208,2012-10-29
2953,2171.0,3918.0,-27.00222,28.76528,2012-10-29
2954,2479.0,4510.0,-26.45,28.085833,2012-10-29
2955,2836.0,4779.0,-27.01011111,26.69808333,2012-10-30
2956,2921.0,4753.0,-26.648056,27.089444,2012-10-30
2957,3464.0,5167.0,-26.970278,27.211111,2012-10-30
2958,2244.0,4097.0,-26.880278,26.965,2012-10-30
2959,1986.0,3504.0,-26.98472222,26.63227778,2012-10-30
2960,1666.0,2644.0,-29.160278,26.573333,2012-10-30
2961,3617.0,5610.0,-25.45963889,28.26430556,2012-10-30
2962,2081.0,3605.0,-28.338333,31.373611,2012-10-30
2963,2885.0,4901.0,-25.57877778,29.12747222,2012-10-30
2964,1556.0,2717.0,-29.161667,23.696389,2012-10-31
2965,2884.0,5634.0,-25.81048333,27.90955222,2012-10-31
2966,2936.0,5338.0,-29.641944,30.6875,2012-10-31
2967,1998.0,3157.0,-22.769722,30.886944,2012-10-31
2968,5753.0,7722.0,-28.44555556,32.325,2013-02-21
2969,2647.0,5557.0,-26.73806,27.59194,2012-10-31
2970,2149.0,4080.0,-23.658056,31.05,2012-11-01
2971,1556.0,2717.0,-29.161667,23.696389,2012-11-02
2972,1306.0,2377.0,-28.7115,24.07288889,2012-11-02
2973,1221.0,2542.0,-29.1825,23.575556,2012-11-02
2974,3042.0,5453.5,-29.7775,29.470833,2012-11-05
2975,4459.0,6908.0,-29.987778,29.851667,2012-11-05
2976,2563.5,4991.5,-29.744167,29.905833,2012-11-05
2977,3102.0,5428.5,-26.970278,27.211111,2012-11-05
2978,2746.0,4850.0,-26.45,28.085833,2012-11-05
2979,3233.0,5286.0,-33.818056,19.694722,2012-11-05
2980,2664.0,4573.5,-33.897778,20.012778,2012-11-05
2981,2842.5,4932.0,-34.065833,20.404167,2012-11-06
2982,2789.0,4414.0,-24.670833,28.560833,2012-11-06
2983,2763.0,5262.0,-25.127778,27.628889,2012-11-06
2984,2974.5,5152.0,-25.20639,27.558,2012-11-06
2985,1699.0,3418.0,-24.39619444,27.08983333,2012-11-06
2986,2507.5,4988.5,-24.69514,27.40906,2012-11-06
2987,3664.5,6681.0,-26.03611,30.99778,2012-11-06
2988,4589.5,7445.5,-27.363611,31.783333,2012-11-06
2989,3500.0,6618.0,-30.733889,29.828333,2012-11-06
2990,1713.0,3476.0,-27.38972222,26.46388889,2012-11-06
2991,2308.5,4293.5,-27.398611,26.614722,2012-11-06
2992,2916.5,4632.5,-27.671111,27.236944,2012-11-06
2993,1788.0,2776.5,-29.160278,26.573333,2012-11-06
2994,3488.5,5787.0,-28.69485,28.23487,2012-11-06
2995,2987.0,4716.0,-28.883333,27.89,2012-11-06
2996,3988.0,5948.0,-34.092222,21.295278,2012-11-06
2997,2288.5,4203.0,-34.075556,20.145556,2012-11-06
2998,1518.5,2688.5,-29.161667,23.696389,2012-11-07
2999,2433.0,4382.0,-22.935,28.004167,2012-11-07
3000,5133.0,7609.0,-26.905,32.324722,2012-11-07
3001,4887.0,7240.0,-30.398056,30.601944,2012-11-07
3002,5382.0,7635.0,-30.27402,30.69602,2012-11-07
3003,1929.5,3176.0,-27.3,28.586944,2012-11-07
3004,2183.5,3478.5,-29.615556,27.065278,2012-11-07
3005,3044.0,5025.0,-34.405833,19.600556,2012-11-07
3006,2847.0,5100.5,-27.01011111,26.69808333,2012-11-08
3007,2500.5,4448.0,-30.830556,26.921389,2012-11-08
3008,2006.5,3950.5,-22.91028,29.61111,2012-11-08
3009,3202.5,4881.5,-26.861111,28.884722,2012-11-08
3010,2710.5,4544.5,-27.00222,28.76528,2012-11-08
3011,2453.0,4848.0,-27.02314,28.59389,2012-11-08
3012,3314.5,5235.0,-26.648056,27.089444,2012-11-08
3013,2425.5,4483.0,-26.880278,26.965,2012-11-08
3014,2009.5,3508.5,-26.98472222,26.63227778,2012-11-08
3015,4840.5,6989.0,-29.028629,24.638389,2012-11-08
3016,3171.0,5009.5,-30.679722,26.7125,2012-11-08
3017,2499.0,4465.5,-30.160091,27.40124,2012-11-08
3018,1392.5,2799.0,-30.336111,27.359444,2012-11-08
3019,2601.0,5233.5,-34.329722,18.990278,2012-11-08
3020,1782.5,2846.0,-29.658056,25.973333,2012-11-09
3021,2072.0,4469.0,-31.000833,26.353056,2012-11-09
3022,5152.0,7822.5,-29.803611,30.516111,2012-11-09
3023,3264.5,5210.5,-25.99136,27.84208,2012-11-12
3024,3202.5,4881.5,-26.861111,28.884722,2012-11-12
3025,2746.0,4850.0,-26.45,28.085833,2012-11-12
3026,2916.5,4632.5,-27.671111,27.236944,2012-11-12
3027,2470.0,3773.0,-33.38056,19.30167,2012-11-12
3028,1263.5,1764.0,-32.502778,19.535833,2012-11-12
3029,2858.0,5422.0,-27.01011111,26.69808333,2012-11-13
3030,1633.0,2449.0,-31.860278,18.6875,2012-11-13
3031,2043.0,4090.0,-25.73411,27.21422,2012-11-13
3032,1996.0,3058.0,-22.43772222,31.07805556,2012-11-13
3033,4147.0,6778.0,-29.380556,30.2775,2012-11-13
3034,3461.0,5488.0,-27.169444,29.233889,2012-11-13
3035,3250.0,5171.0,-27.00222,28.76528,2012-11-13
3036,2740.0,5167.0,-26.970278,27.211111,2012-11-13
3037,2607.0,4869.0,-26.880278,26.965,2012-11-13
3038,2033.0,3513.0,-26.98472222,26.63227778,2012-11-13
3039,2323.0,4114.0,-27.935,26.126667,2012-11-13
3040,3120.0,4836.0,-32.595833,19.009444,2012-11-13
3041,4046.0,6406.0,-25.45963889,28.26430556,2012-11-13
3042,1556.0,2660.0,-29.161667,23.696389,2012-11-14
3043,2850.0,5980.0,-25.81048333,27.90955222,2012-11-14
3044,2209.0,3619.0,-27.3,28.586944,2012-11-14
3045,2613.0,4838.0,-33.31388889,19.07472222,2012-11-14
3046,2234.0,3257.0,-33.13083,18.86278,2012-11-14
3047,3119.0,6055.0,-27.5275,30.858056,2012-11-15
3048,3130.0,4603.0,-33.7075,18.97444444,2012-11-15
3049,2588.0,5126.0,-34.250556,20.9925,2012-11-16
3050,2817.0,5314.0,-24.679167,30.8025,2012-11-19
3051,3013.0,5190.0,-26.45,28.085833,2012-11-19
3052,2591.0,4201.0,-28.116667,26.725278,2012-11-19
3053,1910.0,2909.0,-29.160278,26.573333,2012-11-19
3054,2858.0,5422.0,-27.01011111,26.69808333,2012-11-20
3055,2719.0,5405.0,-24.183889,30.823889,2012-11-20
3056,2868.0,5793.0,-25.127778,27.628889,2012-11-20
3057,2913.0,4816.0,-25.20639,27.558,2012-11-20
3058,4034.0,5676.0,-26.861111,28.884722,2012-11-20
3059,3250.0,5171.0,-27.00222,28.76528,2012-11-20
3060,3708.0,5717.0,-26.648056,27.089444,2012-11-20
3061,2740.0,5167.0,-26.970278,27.211111,2012-11-20
3062,2607.0,4869.0,-26.880278,26.965,2012-11-20
3063,2033.0,3513.0,-26.98472222,26.63227778,2012-11-20
3064,2796.0,5135.0,-31.396,29.2651,2012-11-20
3065,4505.0,7708.0,-31.554722,29.245556,2012-11-20
3066,3161.0,5569.0,-34.031944,22.053333,2012-11-20
3067,3189.0,6476.0,-34.039722,22.133333,2012-11-20
3068,1684.0,2688.5,-29.161667,23.696389,2012-11-21
3069,1348.5,2520.5,-28.7115,24.07288889,2012-11-21
3070,4642.5,7093.0,-28.747778,31.745833,2012-11-21
3071,2699.5,4782.5,-28.141944,26.417778,2012-11-21
3072,4999.5,7617.5,-30.27402,30.69602,2012-10-10
3073,2048.0,3522.5,-29.160278,26.573333,2012-11-21
3074,3159.5,5294.0,-30.570833,29.150556,2012-11-21
3075,3318.0,6205.5,-31.104278,29.399722,2012-11-21
3076,4201.0,7623.0,-34.02861,22.22222,2012-11-21
3077,3671.0,6161.5,-34.005833,22.351111,2012-11-21
3078,2979.0,4975.5,-29.140556,31.391944,2012-11-22
3079,2580.5,5024.0,-24.39619444,27.08983333,2012-11-22
3080,2864.5,4545.5,-28.75,30.442778,2012-11-22
3081,1917.5,4041.5,-27.38972222,26.46388889,2012-11-22
3082,2939.0,4621.5,-27.671111,27.236944,2012-11-22
3083,4426.5,7245.0,-30.568333,29.422778,2012-11-22
3084,2834.5,4734.0,-31.031389,28.883333,2012-11-22
3085,3231.5,5485.0,-30.86013889,29.07125,2012-11-22
3086,3041.5,5536.5,-30.77586667,29.03221667,2012-11-22
3087,3466.5,5799.0,-25.99136,27.84208,2012-11-26
3088,2714.0,5415.0,-26.73806,27.59194,2012-11-26
3089,3643.5,5679.0,-26.45,28.085833,2012-11-26
3090,3261.0,5188.5,-33.818056,19.694722,2012-11-26
3091,3007.5,4657.5,-33.897778,20.012778,2012-11-26
3092,2842.5,4932.0,-34.065833,20.404167,2012-11-27
3093,2906.5,4985.5,-28.404444,30.013056,2012-11-27
3094,3996.5,6055.5,-27.169444,29.233889,2012-11-27
3095,4262.5,6343.5,-26.861111,28.884722,2012-11-27
3096,2272.0,3619.5,-27.3,28.586944,2012-11-27
3097,3363.5,5606.5,-29.042222,24.6,2012-11-27
3098,3454.0,5625.0,-29.028629,24.638389,2012-11-27
3099,2188.0,4107.5,-33.501667,21.624167,2012-11-27
3100,2266.0,4012.5,-34.075556,20.145556,2012-11-27
3101,3831.5,6008.0,-25.45963889,28.26430556,2012-11-27
3102,3126.5,5178.0,-28.338333,31.373611,2012-11-27
3103,4709.0,6738.5,-28.068333,31.55,2012-11-27
3104,3178.0,6067.0,-25.57877778,29.12747222,2012-11-27
3105,1684.0,2688.5,-29.161667,23.696389,2012-11-28
3106,3238.5,5829.5,-27.01011111,26.69808333,2012-11-28
3107,3199.0,5807.0,-25.81048333,27.90955222,2012-11-28
3108,3773.5,6253.5,-26.648056,27.089444,2012-11-28
3109,3102.0,5305.5,-26.970278,27.211111,2012-11-28
3110,2885.0,5236.5,-26.880278,26.965,2012-11-28
3111,1984.5,4105.0,-27.802778,28.768333,2012-11-28
3112,2502.0,4543.0,-26.98472222,26.63227778,2012-11-28
3113,3044.0,4703.0,-34.405833,19.600556,2012-11-28
3114,4886.0,7407.0,-29.641944,30.6875,2012-11-29
3115,2611.0,4747.0,-25.73411,27.21422,2012-11-29
3116,2616.0,5687.0,-24.925278,29.324444,2012-11-29
3117,2824.0,5632.0,-27.398611,26.614722,2012-11-29
3118,2369.0,4921.0,-34.329722,18.990278,2012-11-29
3119,4013.0,6307.0,-29.7775,29.470833,2012-12-03
3120,5448.0,7115.0,-29.987778,29.851667,2012-12-03
3121,2826.0,5358.0,-29.744167,29.905833,2012-12-03
3122,2740.0,5444.0,-26.970278,27.211111,2012-12-03
3123,4274.0,6168.0,-26.45,28.085833,2012-12-03
3124,2591.0,4798.0,-33.31388889,19.07472222,2012-12-03
3125,2738.0,5593.0,-25.127778,27.628889,2012-12-04
3126,3280.0,5127.0,-25.20639,27.558,2012-12-04
3127,3196.0,6257.0,-24.39619444,27.08983333,2012-12-04
3128,2601.0,4780.0,-24.69514,27.40906,2012-12-04
3129,2008.0,3369.0,-22.769722,30.886944,2012-12-04
3130,4468.0,6969.0,-27.363611,31.783333,2012-12-04
3131,3977.0,7613.0,-30.733889,29.828333,2012-12-04
3132,4491.0,7011.0,-26.861111,28.884722,2012-12-04
3133,2578.0,5178.0,-27.02314,28.59389,2012-12-04
3134,2812.0,4485.0,-27.671111,27.236944,2012-12-04
3135,3136.0,5604.0,-28.69485,28.23487,2012-12-04
3136,3159.0,4927.0,-29.615556,27.065278,2012-12-04
3137,3452.0,5331.0,-34.092222,21.295278,2012-12-04
3138,2234.0,3088.0,-33.13083,18.86278,2012-12-04
3139,2993.0,4452.0,-33.7075,18.97444444,2012-12-04
3140,2234.5,3214.5,-29.161667,23.696389,2012-12-05
3141,4042.0,6402.0,-27.01011111,26.69808333,2012-12-05
3142,5070.0,7911.5,-30.398056,30.601944,2012-12-05
3143,3536.5,6135.5,-27.00222,28.76528,2012-12-05
3144,4438.5,6790.0,-26.648056,27.089444,2012-12-05
3145,3091.5,5284.5,-26.880278,26.965,2012-12-05
3146,3280.0,4960.5,-27.273889,28.49,2012-12-05
3147,3170.0,4511.5,-27.3,28.586944,2012-12-05
3148,3491.5,5613.5,-26.98472222,26.63227778,2012-12-05
3149,2309.5,4425.5,-30.336111,27.359444,2012-12-05
3150,2215.0,3823.5,-28.768056,20.720556,2012-12-05
3151,3578.5,6106.5,-34.039722,22.133333,2012-12-05
3152,3146.0,4844.0,-32.595833,19.009444,2012-12-05
3153,1575.5,2537.0,-31.860278,18.6875,2012-12-06
3154,2883.0,5069.5,-30.830556,26.921389,2012-12-06
3155,2435.0,4074.5,-23.658056,31.05,2012-12-06
3156,5213.5,7671.0,-26.905,32.324722,2012-12-06
3157,3491.5,5613.5,-26.98472222,26.63227778,2012-12-06
3158,2304.5,4908.0,-31.000833,26.353056,2012-12-06
3159,3235.0,5074.0,-30.679722,26.7125,2012-12-06
3160,2095.5,3853.5,-33.501667,21.624167,2012-12-06
3161,2470.0,3654.5,-33.38056,19.30167,2012-12-06
3162,5349.0,7953.0,-29.803611,30.516111,2012-12-06
3163,2330.0,3864.0,-29.658056,25.973333,2012-12-07
3164,813.0,1185.5,-28.96362,19.15486,2012-12-08
3165,3584.5,5708.0,-25.99136,27.84208,2012-12-10
3166,4374.0,6954.0,-29.380556,30.2775,2012-12-10
3167,2882.0,5529.0,-26.73806,27.59194,2012-12-10
3168,5164.0,6920.5,-26.45,28.085833,2012-12-10
3169,3018.0,4621.5,-27.671111,27.236944,2012-12-10
3170,2998.5,5303.0,-30.86013889,29.07125,2012-12-10
3171,3316.0,6157.5,-31.104278,29.399722,2012-12-10
3172,2648.5,4641.0,-31.396,29.2651,2012-12-10
3173,5050.0,8331.5,-31.554722,29.245556,2012-12-10
3174,3461.0,5449.0,-34.005833,22.351111,2012-12-10
3175,4042.0,6402.0,-27.01011111,26.69808333,2012-12-11
3176,5199.0,7491.0,-26.861111,28.884722,2012-12-11
3177,3536.5,6135.5,-27.00222,28.76528,2012-12-11
3178,3115.5,5444.0,-26.970278,27.211111,2012-12-11
3179,3091.5,5284.5,-26.880278,26.965,2012-12-11
3180,3491.5,5613.5,-26.98472222,26.63227778,2012-12-11
3181,3520.5,6219.0,-30.77586667,29.03221667,2012-12-11
3182,3901.5,5970.0,-25.45963889,28.26430556,2012-12-11
3183,3203.0,5752.0,-25.81048333,27.90955222,2012-12-12
3184,3336.5,6018.0,-27.5275,30.858056,2012-12-12
3185,3660.0,6101.0,-28.141944,26.417778,2012-12-12
3186,2725.5,4725.5,-28.1175,26.719444,2012-12-12
3187,4553.0,7607.0,-30.568333,29.422778,2012-12-12
3188,3153.0,5008.5,-31.031389,28.883333,2012-12-12
3189,3753.5,6188.5,-30.570833,29.150556,2012-12-12
3190,2705.5,4908.5,-34.250556,20.9925,2012-12-12
3191,4026.5,5670.5,-24.670833,28.560833,2012-12-13
3192,4465.0,6973.5,-27.937778,31.209444,2012-12-13
3193,3638.5,5941.5,-27.398611,26.614722,2012-12-13
3194,3018.0,4621.5,-27.671111,27.236944,2012-12-13
3195,2002.0,3232.0,-22.43772222,31.07805556,2012-12-14
3196,854.0,1188.0,-28.96362,19.15486,2012-12-15
3197,4343.0,6743.0,-28.735556,29.820556,2012-12-17
3198,1681.0,3260.0,-28.7115,24.07288889,2012-12-18
3199,3673.0,5593.0,-25.127778,27.628889,2012-12-18
3200,3536.0,5127.0,-25.20639,27.558,2012-12-18
3201,2743.0,5625.0,-24.69514,27.40906,2012-12-18
3202,6054.0,7673.0,-26.45,28.085833,2012-12-18
3203,1705.0,3811.0,-29.1825,23.575556,2012-12-18
3204,2189.0,3737.0,-33.501667,21.624167,2012-12-18
3205,2657.0,3769.0,-29.161667,23.696389,2012-12-19
3206,4465.0,6567.0,-27.01011111,26.69808333,2012-12-19
3207,3371.0,6690.0,-24.39619444,27.08983333,2012-12-19
3208,3082.0,5183.0,-28.404444,30.013056,2012-12-19
3209,5907.0,7971.0,-26.861111,28.884722,2012-12-19
3210,3693.0,6168.0,-27.00222,28.76528,2012-12-19
3211,5038.0,6790.0,-26.648056,27.089444,2012-12-19
3212,3491.0,5444.0,-26.970278,27.211111,2012-12-19
3213,3020.0,5604.0,-26.880278,26.965,2012-12-19
3214,4012.0,5654.0,-26.98472222,26.63227778,2012-12-19
3215,2078.0,3746.0,-28.768056,20.720556,2012-12-19
3216,2255.0,3948.0,-28.75,30.442778,2012-12-20
3217,4241.0,7225.0,-29.161667,30.629722,2012-12-20
3218,813.0,1215.0,-28.96362,19.15486,2012-12-22
3219,813.0,1215.0,-28.96362,19.15486,2012-12-29
3220,3771.0,6512.0,-25.14944444,31.94055556,2013-01-01
3221,3693.0,6283.0,-27.00222,28.76528,2013-01-01
3222,3233.0,5593.0,-25.127778,27.628889,2013-01-02
3223,3472.0,5444.0,-25.99136,27.84208,2013-01-02
3224,4739.0,6595.0,-25.20639,27.558,2013-01-02
3225,2768.0,4899.0,-30.160091,27.40124,2013-01-02
3226,854.0,1242.0,-28.96362,19.15486,2013-01-02
3227,2858.0,5479.0,-25.81048333,27.90955222,2013-01-03
3228,3217.0,6067.0,-26.73806,27.59194,2013-01-03
3229,4453.0,6251.0,-27.398611,26.614722,2013-01-03
3230,3301.0,5595.0,-27.671111,27.236944,2013-01-03
3231,3620.0,6330.0,-25.45963889,28.26430556,2013-01-03
3232,4465.0,6704.0,-27.01011111,26.69808333,2013-01-04
3233,5038.0,6790.0,-26.648056,27.089444,2013-01-04
3234,3491.0,5444.0,-26.970278,27.211111,2013-01-04
3235,3679.0,5604.0,-26.880278,26.965,2013-01-04
3236,4012.0,5654.0,-26.98472222,26.63227778,2013-01-04
3237,854.0,1242.0,-28.96362,19.15486,2013-01-05
3238,3318.5,5406.5,-25.99136,27.84208,2013-01-07
3239,4547.5,7107.0,-28.747778,31.745833,2013-01-07
3240,5270.0,7703.5,-29.7775,29.470833,2013-01-07
3241,3330.0,6253.5,-29.744167,29.905833,2013-01-07
3242,6084.0,7619.5,-26.45,28.085833,2013-01-07
3243,2705.5,4454.5,-28.768056,20.720556,2013-01-07
3244,4100.5,6635.5,-27.01011111,26.69808333,2013-01-08
3245,2496.5,3861.5,-23.658056,31.05,2013-01-08
3246,4942.5,7180.5,-27.169444,29.233889,2013-01-08
3247,5816.0,7987.0,-26.861111,28.884722,2013-01-08
3248,4709.0,6790.0,-26.648056,27.089444,2013-01-08
3249,3767.5,6081.0,-26.970278,27.211111,2013-01-08
3250,3629.0,5873.0,-26.880278,26.965,2013-01-08
3251,3773.5,5722.0,-26.98472222,26.63227778,2013-01-08
3252,3056.5,4649.0,-29.160278,26.573333,2013-01-08
3253,3619.0,6322.0,-28.883333,27.89,2013-01-08
3254,3688.5,6358.5,-25.45963889,28.26430556,2013-01-08
3255,3166.5,5501.5,-25.81048333,27.90955222,2013-01-09
3256,2006.0,3663.5,-22.769722,30.886944,2013-01-09
3257,3330.0,6253.5,-29.744167,29.905833,2013-01-09
3258,5095.0,8015.5,-30.398056,30.601944,2013-01-09
3259,4600.5,7707.0,-30.27402,30.69602,2013-01-09
3260,3698.5,6229.5,-27.00222,28.76528,2013-01-09
3261,3044.5,5140.0,-27.02314,28.59389,2013-01-09
3262,3599.0,5211.0,-27.273889,28.49,2013-01-09
3263,4350.5,5782.0,-27.4275,28.525833,2013-01-09
3264,3611.5,5276.5,-27.3,28.586944,2013-01-09
3265,4108.5,6423.5,-30.830556,26.921389,2013-01-10
3266,4166.5,7302.0,-30.733889,29.828333,2013-01-10
3267,3265.0,5483.0,-29.042222,24.6,2013-01-10
3268,3436.5,5822.0,-29.028629,24.638389,2013-01-10
3269,3740.5,5863.0,-30.679722,26.7125,2013-01-10
3270,2701.0,4895.0,-30.160091,27.40124,2013-01-10
3271,2636.5,4977.0,-30.336111,27.359444,2013-01-10
3272,3783.5,6695.5,-24.39619444,27.08983333,2013-01-11
3273,2654.5,4500.0,-29.658056,25.973333,2013-01-11
3274,2383.5,4669.0,-31.000833,26.353056,2013-01-11
3275,1794.5,3283.5,-30.534167,24.961944,2013-01-11
3276,2536.0,4786.0,-34.250556,20.9925,2013-01-11
3277,5349.0,7737.5,-29.803611,30.516111,2013-01-11
3278,3994.0,5890.5,-29.140556,31.391944,2013-01-13
3279,2851.5,5261.0,-31.396,29.2651,2013-01-14
3280,5034.5,8310.0,-31.554722,29.245556,2013-01-14
3281,2750.0,4650.0,-33.818056,19.694722,2013-01-14
3282,4100.5,6635.5,-27.01011111,26.69808333,2013-01-15
3283,2217.5,4021.5,-34.065833,20.404167,2013-01-15
3284,4832.0,7135.0,-25.20639,27.558,2013-01-15
3285,4547.5,7107.0,-28.747778,31.745833,2013-01-15
3286,4709.0,6790.0,-26.648056,27.089444,2013-01-15
3287,3767.5,6081.0,-26.970278,27.211111,2013-01-15
3288,3629.0,5873.0,-26.880278,26.965,2013-01-15
3289,3773.5,5722.0,-26.98472222,26.63227778,2013-01-15
3290,4442.5,7403.0,-30.568333,29.422778,2013-01-15
3291,4649.0,6807.5,-30.570833,29.150556,2013-01-15
3292,3184.0,6189.0,-31.104278,29.399722,2013-01-15
3293,2096.0,3787.0,-34.075556,20.145556,2013-01-15
3294,2272.0,3769.0,-29.161667,23.696389,2013-01-16
3295,4215.0,5988.0,-29.140556,31.391944,2013-01-16
3296,4196.0,6701.0,-24.39619444,27.08983333,2013-01-16
3297,6114.0,7566.0,-26.45,28.085833,2013-01-16
3298,2631.0,4985.0,-27.802778,28.768333,2013-01-16
3299,3059.0,5008.0,-28.768056,20.720556,2013-01-16
3300,3419.0,5556.0,-31.031389,28.883333,2013-01-16
3301,2915.0,5189.0,-30.86013889,29.07125,2013-01-16
3302,3761.0,6090.0,-30.77586667,29.03221667,2013-01-16
3303,2355.0,4459.0,-33.501667,21.624167,2013-01-16
3304,1865.0,3776.0,-34.405833,19.600556,2013-01-16
3305,5976.0,8054.0,-28.801278,31.955389,2013-01-17
3306,3283.0,4976.0,-28.75,30.442778,2013-01-17
3307,4241.0,6924.0,-29.161667,30.629722,2013-01-17
3308,5725.0,7971.0,-26.861111,28.884722,2013-01-17
3309,3704.0,6283.0,-27.00222,28.76528,2013-01-17
3310,4338.0,5782.0,-27.4275,28.525833,2013-01-17
3311,2655.0,5361.0,-34.329722,18.990278,2013-01-17
3312,3165.0,5369.0,-25.99136,27.84208,2013-01-21
3313,2489.0,6067.0,-26.73806,27.59194,2013-01-21
3314,6114.0,7566.0,-26.45,28.085833,2013-01-21
3315,3442.0,6323.5,-27.01011111,26.69808333,2013-01-22
3316,4835.0,7275.0,-28.747778,31.745833,2013-01-22
3317,5437.0,7803.0,-26.861111,28.884722,2013-01-22
3318,4153.0,6650.0,-26.648056,27.089444,2013-01-22
3319,3850.0,6260.0,-26.970278,27.211111,2013-01-22
3320,3299.5,5553.5,-26.880278,26.965,2013-01-22
3321,3556.5,5803.5,-26.98472222,26.63227778,2013-01-22
3322,3257.5,5627.0,-27.935,26.126667,2013-01-22
3323,2792.0,4877.5,-28.1175,26.719444,2013-01-22
3324,2580.0,4758.5,-30.160091,27.40124,2013-01-22
3325,2745.5,5333.5,-34.031944,22.053333,2013-01-22
3326,3011.0,5679.0,-34.039722,22.133333,2013-01-22
3327,3688.5,6358.5,-25.45963889,28.26430556,2013-01-22
3328,1853.5,3780.0,-28.338333,31.373611,2013-01-22
3329,4027.0,6886.5,-28.068333,31.55,2013-01-22
3330,2179.0,3746.5,-29.161667,23.696389,2013-01-23
3331,2895.0,5614.5,-25.81048333,27.90955222,2013-01-23
3332,3330.0,6199.5,-29.744167,29.905833,2013-01-23
3333,3560.5,6246.0,-27.00222,28.76528,2013-01-23
3334,2262.5,4193.0,-27.38972222,26.46388889,2013-01-23
3335,3552.0,5893.5,-28.141944,26.417778,2013-01-23
3336,3729.0,6182.0,-27.398611,26.614722,2013-01-23
3337,2200.0,4480.0,-30.336111,27.359444,2013-01-23
3338,2330.0,4449.0,-24.058889,31.237222,2013-01-24
3339,6616.0,7722.0,-28.44555556,32.325,2013-03-21
3340,2792.0,4877.5,-28.1175,26.719444,2013-01-24
3341,3110.5,5434.0,-27.671111,27.236944,2013-01-24
3342,3779.5,6374.0,-29.641944,30.6875,2013-01-28
3343,4120.0,7528.5,-29.758889,30.935278,2013-01-28
3344,5095.0,8015.5,-30.398056,30.601944,2013-01-28
3345,4808.0,7734.5,-30.27402,30.69602,2013-01-28
3346,5877.5,7478.0,-26.45,28.085833,2013-01-28
3347,3887.5,7262.5,-34.02861,22.22222,2013-01-28
3348,2169.5,4102.0,-33.31388889,19.07472222,2013-01-28
3349,3442.0,6323.5,-27.01011111,26.69808333,2013-01-29
3350,3552.5,5923.0,-25.127778,27.628889,2013-01-29
3351,5249.0,7596.5,-25.20639,27.558,2013-01-29
3352,3583.0,6356.0,-24.39619444,27.08983333,2013-01-29
3353,6104.5,8018.0,-24.69514,27.40906,2013-01-29
3354,4620.0,7555.5,-27.363611,31.783333,2013-01-29
3355,4495.5,7179.0,-28.735556,29.820556,2013-01-29
3356,5437.0,7803.0,-26.861111,28.884722,2013-01-29
3357,3556.5,5803.5,-26.98472222,26.63227778,2013-01-29
3358,3729.0,6182.0,-27.398611,26.614722,2013-01-29
3359,2468.5,4312.5,-33.7075,18.97444444,2013-01-29
3360,3158.0,5633.0,-34.005833,22.351111,2013-01-29
3361,3909.0,6390.0,-29.641944,30.6875,2013-01-30
3362,4646.0,7371.0,-29.380556,30.2775,2013-01-30
3363,3926.0,6510.0,-26.648056,27.089444,2013-01-30
3364,3338.0,5603.0,-29.042222,24.6,2013-01-30
3365,5308.0,7466.0,-29.028629,24.638389,2013-01-30
3366,2675.0,4413.0,-32.595833,19.009444,2013-01-30
3367,1962.0,3030.0,-33.13083,18.86278,2013-01-30
3368,5341.0,8215.0,-26.905,32.324722,2013-01-31
3369,3346.0,5674.0,-27.935,26.126667,2013-01-31
3370,2605.0,4775.0,-28.1175,26.719444,2013-01-31
3371,2909.0,4927.0,-27.902778,24.615556,2013-01-31
3372,2526.0,4618.0,-30.160091,27.40124,2013-01-31
3373,2269.0,3583.0,-33.38056,19.30167,2013-01-31
3374,1425.0,1919.0,-32.502778,19.535833,2013-02-01
3375,3108.0,5369.0,-25.99136,27.84208,2013-02-04
3376,2489.0,6067.0,-26.73806,27.59194,2013-02-04
3377,5641.0,7390.0,-26.45,28.085833,2013-02-04
3378,2750.0,4395.0,-23.658056,31.05,2013-02-05
3379,3289.0,6101.0,-23.281,30.54305556,2013-02-05
3380,4219.0,6678.0,-25.14944444,31.94055556,2013-02-05
3381,4525.0,6783.0,-27.169444,29.233889,2013-02-05
3382,5149.0,7635.0,-26.861111,28.884722,2013-02-05
3383,3535.0,6113.0,-27.398611,26.614722,2013-02-05
3384,2920.0,5273.0,-27.671111,27.236944,2013-02-05
3385,2763.0,4572.0,-29.160278,26.573333,2013-02-05
3386,2660.0,5364.0,-34.031944,22.053333,2013-02-05
3387,3620.0,6387.0,-25.45963889,28.26430556,2013-02-05
3388,3148.0,6080.0,-27.01011111,26.69808333,2013-02-06
3389,2932.0,5750.0,-25.81048333,27.90955222,2013-02-06
3390,2297.0,3973.0,-22.769722,30.886944,2013-02-06
3391,3334.0,6162.0,-29.744167,29.905833,2013-02-06
3392,3040.0,5102.0,-27.02314,28.59389,2013-02-06
3393,3926.0,6510.0,-26.648056,27.089444,2013-02-06
3394,4044.0,6718.0,-26.970278,27.211111,2013-02-06
3395,3084.0,5250.0,-27.273889,28.49,2013-02-06
3396,3936.0,5804.0,-27.4275,28.525833,2013-02-06
3397,2637.0,4454.0,-27.3,28.586944,2013-02-06
3398,3535.0,5953.0,-26.98472222,26.63227778,2013-02-06
3399,3488.0,6566.0,-28.69485,28.23487,2013-02-06
3400,3765.0,5861.0,-29.615556,27.065278,2013-02-06
3401,3515.0,5238.0,-28.883333,27.89,2013-02-06
3402,2969.0,4746.0,-28.75,30.442778,2013-02-07
3403,4248.5,6841.0,-29.161667,30.629722,2013-02-07
3404,3397.5,6192.5,-27.00222,28.76528,2013-02-07
3405,4598.5,6801.5,-30.679722,26.7125,2013-02-07
3406,2533.5,4758.5,-30.160091,27.40124,2013-02-07
3407,2027.0,4326.5,-30.336111,27.359444,2013-02-07
3408,3257.5,5592.5,-27.935,26.126667,2013-02-08
3409,2606.0,4758.0,-28.1175,26.719444,2013-02-08
3410,2754.0,4520.0,-29.160278,26.573333,2013-02-08
3411,2432.5,4177.0,-29.658056,25.973333,2013-02-08
3412,2278.0,4654.0,-31.000833,26.353056,2013-02-08
3413,743.5,1324.0,-28.96362,19.15486,2013-02-09
3414,3268.0,6278.0,-23.281,30.54305556,2013-02-10
3415,2330.0,4879.0,-24.058889,31.237222,2013-02-11
3416,3850.0,6333.0,-26.970278,27.211111,2013-02-11
3417,5322.5,7326.0,-26.45,28.085833,2013-02-11
3418,3477.5,5967.5,-31.031389,28.883333,2013-02-11
3419,3198.5,5506.5,-30.86013889,29.07125,2013-02-11
3420,3588.5,5946.0,-30.77586667,29.03221667,2013-02-11
3421,2698.5,5097.5,-33.818056,19.694722,2013-02-11
3422,2813.0,5824.5,-27.01011111,26.69808333,2013-02-12
3423,2235.0,4429.5,-34.065833,20.404167,2013-02-12
3424,3847.5,6826.0,-24.670833,28.560833,2013-02-12
3425,3552.5,6231.5,-25.127778,27.628889,2013-02-12
3426,5249.0,7596.5,-25.20639,27.558,2013-02-12
3427,6752.0,8111.0,-24.69514,27.40906,2013-02-12
3428,4830.0,7275.0,-28.747778,31.745833,2013-02-12
3429,4379.0,7335.5,-29.380556,30.2775,2013-02-12
3430,4536.0,7229.5,-26.861111,28.884722,2013-02-12
3431,3709.0,6427.5,-26.648056,27.089444,2013-02-12
3432,3131.5,5541.0,-26.880278,26.965,2013-02-12
3433,3462.5,5733.0,-26.98472222,26.63227778,2013-02-12
3434,3197.5,5580.5,-29.042222,24.6,2013-02-12
3435,1819.5,3654.5,-34.075556,20.145556,2013-02-12
3436,3574.5,5751.5,-28.058889,30.373611,2013-02-12
3437,1991.5,3641.0,-29.161667,23.696389,2013-02-13
3438,3252.0,6082.0,-24.282222,28.090278,2013-02-13
3439,2873.0,5573.0,-24.39619444,27.08983333,2013-02-13
3440,2234.5,4899.5,-24.925278,29.324444,2013-02-13
3441,4830.0,7275.0,-28.747778,31.745833,2013-02-13
3442,4249.5,7168.5,-27.937778,31.209444,2013-02-13
3443,3260.5,6038.5,-28.404444,30.013056,2013-02-13
3444,2654.0,4502.5,-28.768056,20.720556,2013-02-13
3445,2851.5,5261.0,-31.396,29.2651,2013-02-13
3446,4640.0,8007.0,-31.554722,29.245556,2013-02-13
3447,2828.0,5256.5,-33.897778,20.012778,2013-02-13
3448,6299.5,7991.0,-28.801278,31.955389,2013-02-14
3449,3533.0,6285.0,-27.5275,30.858056,2013-02-14
3450,2752.0,5277.5,-27.671111,27.236944,2013-02-14
3451,2619.0,4506.5,-27.573056,24.746389,2013-02-14
3452,4312.0,6836.5,-30.568333,29.422778,2013-02-14
3453,4622.5,6856.5,-30.570833,29.150556,2013-02-14
3454,3070.0,6389.5,-31.104278,29.399722,2013-02-14
3455,2378.5,5260.0,-34.329722,18.990278,2013-02-14
3456,3529.0,6162.0,-29.744167,29.905833,2013-02-16
3457,2630.0,4916.0,-25.99136,27.84208,2013-02-18
3458,4396.0,6891.0,-29.7775,29.470833,2013-02-18
3459,2684.0,4940.0,-26.880278,26.965,2013-02-18
3460,2478.0,5569.0,-27.01011111,26.69808333,2013-02-19
3461,3225.0,6445.0,-30.733889,29.828333,2013-02-19
3462,3492.0,6345.0,-26.648056,27.089444,2013-02-19
3463,3656.0,5948.0,-26.970278,27.211111,2013-02-19
3464,3535.0,5953.0,-26.98472222,26.63227778,2013-02-19
3465,3051.0,5567.0,-25.45963889,28.26430556,2013-02-19
3466,3981.0,6883.0,-28.068333,31.55,2013-02-19
3467,1897.0,3558.0,-29.161667,23.696389,2013-02-20
3468,2932.0,5750.0,-25.81048333,27.90955222,2013-02-20
3469,3529.0,6162.0,-29.744167,29.905833,2013-02-20
3470,5189.0,7953.0,-30.27402,30.69602,2013-02-20
3471,1623.0,3548.0,-27.38972222,26.46388889,2013-02-20
3472,2820.0,4959.0,-28.141944,26.417778,2013-02-20
3473,2605.0,4741.0,-28.1175,26.719444,2013-02-20
3474,2317.0,4983.0,-34.250556,20.9925,2013-02-20
3475,5979.5,7860.0,-28.44555556,32.325,2013-04-18
3476,4124.0,7011.0,-30.13573889,30.67422222,2013-02-21
3477,3043.0,5301.0,-27.398611,26.614722,2013-02-21
3478,2584.0,5273.0,-27.671111,27.236944,2013-02-21
3479,756.0,1419.0,-28.96362,19.15486,2013-02-23
3480,3675.5,6195.0,-28.735556,29.820556,2013-02-25
3481,4208.0,6788.5,-26.45,28.085833,2013-02-25
3482,2076.0,4331.0,-33.501667,21.624167,2013-02-25
3483,2003.0,3486.0,-33.38056,19.30167,2013-02-25
3484,2055.0,4448.0,-33.31388889,19.07472222,2013-02-25
3485,2531.5,5540.0,-27.01011111,26.69808333,2013-02-26
3486,2350.0,4961.0,-22.935,28.004167,2013-02-26
3487,3609.0,6653.5,-23.763056,27.908611,2013-02-26
3488,3083.5,5381.0,-22.548889,28.898056,2013-02-26
3489,2924.0,5444.5,-22.91028,29.61111,2013-02-26
3490,3552.5,6231.5,-25.127778,27.628889,2013-02-26
3491,4761.5,7497.0,-25.20639,27.558,2013-02-26
3492,2706.0,5106.0,-24.39619444,27.08983333,2013-02-26
3493,6752.0,8111.0,-24.69514,27.40906,2013-02-26
3494,2407.0,4784.0,-25.73411,27.21422,2013-02-26
3495,5268.0,7555.5,-27.363611,31.783333,2013-02-26
3496,3349.0,6061.0,-26.861111,28.884722,2013-02-26
3497,3256.5,6206.0,-26.648056,27.089444,2013-02-26
3498,3427.5,5875.0,-26.970278,27.211111,2013-02-26
3499,2855.0,5048.0,-26.880278,26.965,2013-02-26
3500,3297.5,5570.5,-26.98472222,26.63227778,2013-02-26
3501,2446.5,4488.5,-33.7075,18.97444444,2013-02-26
3502,1855.0,3392.5,-29.161667,23.696389,2013-02-27
3503,3528.0,6289.0,-29.641944,30.6875,2013-02-27
3504,2977.5,6082.0,-24.282222,28.090278,2013-02-27
3505,3647.0,6826.0,-24.670833,28.560833,2013-02-27
3506,3232.0,6130.5,-27.602222,29.942778,2013-02-27
3507,3239.5,5735.5,-27.00222,28.76528,2013-02-27
3508,2620.0,4421.0,-32.595833,19.009444,2013-02-27
3509,2368.5,4233.0,-33.08883333,19.21878333,2013-02-27
3510,1809.5,3098.0,-33.13083,18.86278,2013-02-27
3511,2605.5,4294.0,-32.94583,18.33667,2013-02-27
3512,4996.5,8070.0,-26.905,32.324722,2013-02-28
3513,3209.5,5044.5,-34.092222,21.295278,2013-02-28
3514,2913.0,5011.5,-27.902778,24.615556,2013-03-01
3515,2630.0,4896.0,-25.99136,27.84208,2013-03-04
3516,2408.0,5620.0,-26.73806,27.59194,2013-03-04
3517,3412.0,6315.0,-26.45,28.085833,2013-03-04
3518,2987.0,5601.0,-23.658056,31.05,2013-03-05
3519,3289.0,6455.0,-23.281,30.54305556,2013-03-05
3520,2624.0,4898.0,-27.169444,29.233889,2013-03-05
3521,2775.0,5298.0,-26.861111,28.884722,2013-03-05
3522,2923.0,5091.0,-27.398611,26.614722,2013-03-05
3523,2991.0,6051.0,-28.69485,28.23487,2013-03-05
3524,2890.0,4984.0,-28.883333,27.89,2013-03-05
3525,2727.0,5165.0,-25.45963889,28.26430556,2013-03-05
3526,2478.0,5511.0,-27.01011111,26.69808333,2013-03-06
3527,2431.0,5516.0,-25.81048333,27.90955222,2013-03-06
3528,3116.0,6162.0,-29.744167,29.905833,2013-03-06
3529,3021.0,6067.0,-26.648056,27.089444,2013-03-06
3530,3199.0,5802.0,-26.970278,27.211111,2013-03-06
3531,2684.0,4940.0,-26.880278,26.965,2013-03-06
3532,3060.0,5188.0,-26.98472222,26.63227778,2013-03-06
3533,2204.0,4010.0,-29.160278,26.573333,2013-03-06
3534,1866.0,3496.0,-29.615556,27.065278,2013-03-06
3535,2481.0,5444.0,-34.031944,22.053333,2013-03-06
3536,2612.0,5695.0,-34.039722,22.133333,2013-03-06
3537,4127.0,6545.0,-30.830556,26.921389,2013-03-07
3538,2411.0,4459.0,-28.75,30.442778,2013-03-07
3539,3802.0,6570.0,-29.161667,30.629722,2013-03-07
3540,2541.0,4788.0,-30.160091,27.40124,2013-03-07
3541,1782.0,3739.0,-30.336111,27.359444,2013-03-07
3542,2779.0,5128.0,-29.042222,24.6,2013-03-08
3543,2210.0,4990.0,-31.000833,26.353056,2013-03-08
3544,4389.0,6613.0,-30.679722,26.7125,2013-03-08
3545,2968.0,5640.0,-34.005833,22.351111,2013-03-08
3546,3032.0,5648.5,-28.735556,29.820556,2013-03-11
3547,2861.5,5535.5,-26.970278,27.211111,2013-03-11
3548,2824.5,5284.5,-26.45,28.085833,2013-03-11
3549,1194.0,2963.5,-29.1825,23.575556,2013-03-11
3550,2777.0,5340.5,-33.818056,19.694722,2013-03-11
3551,2471.0,5363.5,-27.01011111,26.69808333,2013-03-12
3552,2243.0,4464.0,-34.065833,20.404167,2013-03-12
3553,3152.0,5836.5,-25.127778,27.628889,2013-03-12
3554,4083.5,6819.0,-25.20639,27.558,2013-03-12
3555,4921.0,6650.5,-24.69514,27.40906,2013-03-12
3556,4308.0,6987.5,-28.747778,31.745833,2013-03-12
3557,3116.0,5889.0,-28.404444,30.013056,2013-03-12
3558,3909.0,6933.0,-29.380556,30.2775,2013-03-12
3559,2740.5,5178.5,-26.861111,28.884722,2013-03-12
3560,3017.5,5853.5,-26.648056,27.089444,2013-03-12
3561,2651.5,4806.5,-26.880278,26.965,2013-03-12
3562,2869.0,5030.5,-26.98472222,26.63227778,2013-03-12
3563,2263.0,3826.0,-28.376944,24.303056,2013-03-12
3564,1831.0,3776.5,-34.075556,20.145556,2013-03-12
3565,3628.5,6033.5,-29.140556,31.391944,2013-03-13
3566,2560.5,4959.0,-24.39619444,27.08983333,2013-03-13
3567,2770.0,5106.5,-22.769722,30.886944,2013-03-13
3568,3116.0,5889.0,-28.404444,30.013056,2013-03-13
3569,3603.0,6483.5,-29.161667,30.629722,2013-03-13
3570,2987.0,5189.5,-27.00222,28.76528,2013-03-13
3571,2630.0,4969.0,-27.02314,28.59389,2013-03-13
3572,2808.0,4799.5,-27.273889,28.49,2013-03-13
3573,2791.0,4968.0,-27.4275,28.525833,2013-03-13
3574,2125.0,3796.5,-27.3,28.586944,2013-03-13
3575,2644.0,4953.5,-28.141944,26.417778,2013-03-13
3576,2587.0,4902.0,-28.1175,26.719444,2013-03-13
3577,2166.0,3927.5,-29.160278,26.573333,2013-03-13
3578,2227.0,3924.0,-28.768056,20.720556,2013-03-13
3579,2323.5,5062.0,-34.250556,20.9925,2013-03-13
3580,3226.5,5338.0,-28.058889,30.373611,2013-03-13
3581,2894.5,5295.0,-25.57877778,29.12747222,2013-03-13
3582,6292.5,7804.5,-28.801278,31.955389,2013-03-14
3583,4071.0,6981.5,-27.937778,31.209444,2013-03-14
3584,3392.0,6031.5,-27.5275,30.858056,2013-03-14
3585,2921.5,5681.5,-27.935,26.126667,2013-03-14
3586,2587.0,4902.0,-28.1175,26.719444,2013-03-14
3587,2802.0,4949.5,-27.902778,24.615556,2013-03-14
3588,2918.0,5343.0,-29.042222,24.6,2013-03-14
3589,4615.5,6799.5,-29.028629,24.638389,2013-03-14
3590,2500.5,5357.5,-34.329722,18.990278,2013-03-14
3591,1973.5,4246.0,-24.925278,29.324444,2013-03-15
3592,2561.0,5144.5,-27.671111,27.236944,2013-03-15
3593,2132.0,3877.5,-27.573056,24.746389,2013-03-15
3594,2861.5,5535.5,-26.970278,27.211111,2013-03-16
3595,774.0,1419.0,-28.96362,19.15486,2013-03-16
3596,2299.5,4213.5,-33.08883333,19.21878333,2013-03-16
3597,2400.0,4697.0,-26.648056,27.089444,2014-04-23
3598,2206.0,4238.0,-26.648056,27.089444,2014-05-01
3599,2670.0,4906.0,-25.99136,27.84208,2013-03-18
3600,3842.0,6497.0,-29.7775,29.470833,2013-03-18
3601,3160.0,6174.5,-29.744167,29.905833,2013-03-18
3602,2861.5,5535.5,-26.970278,27.211111,2013-03-18
3603,2208.0,5424.5,-26.73806,27.59194,2013-03-18
3604,2824.5,5284.5,-26.45,28.085833,2013-03-18
3605,3829.0,6399.0,-30.570833,29.150556,2013-03-18
3606,2889.5,5197.0,-31.396,29.2651,2013-03-18
3607,4381.0,7790.0,-31.554722,29.245556,2013-03-18
3608,2464.0,5216.0,-27.01011111,26.69808333,2013-03-19
3609,3142.0,6216.0,-30.733889,29.828333,2013-03-19
3610,5152.0,7754.0,-29.987778,29.851667,2013-03-19
3611,2706.0,5059.0,-26.861111,28.884722,2013-03-19
3612,2873.0,5084.0,-27.00222,28.76528,2013-03-19
3613,3014.0,5640.0,-26.648056,27.089444,2013-03-19
3614,2619.0,4940.0,-26.880278,26.965,2013-03-19
3615,2678.0,4873.0,-26.98472222,26.63227778,2013-03-19
3616,3628.0,6545.0,-30.568333,29.422778,2013-03-19
3617,3688.0,6294.0,-30.570833,29.150556,2013-03-19
3618,3404.0,6572.0,-31.104278,29.399722,2013-03-19
3619,2170.0,5119.0,-33.31388889,19.07472222,2013-03-19
3620,2727.0,5165.0,-25.45963889,28.26430556,2013-03-19
3621,2249.0,4504.0,-28.338333,31.373611,2013-03-19
3622,3575.0,6035.0,-28.068333,31.55,2013-03-19
3623,1813.0,3227.0,-29.161667,23.696389,2013-03-20
3624,2381.0,5389.0,-25.81048333,27.90955222,2013-03-20
3625,2238.0,4810.0,-24.058889,31.237222,2013-03-20
3626,3163.0,6312.0,-30.13573889,30.67422222,2013-03-20
3627,5100.0,7894.0,-30.398056,30.601944,2013-03-20
3628,4444.0,7702.0,-30.27402,30.69602,2013-03-20
3629,1953.0,4026.0,-27.38972222,26.46388889,2013-03-20
3630,2607.0,5029.0,-28.1175,26.719444,2013-03-20
3631,3369.0,5965.0,-31.031389,28.883333,2013-03-20
3632,2900.0,5244.0,-30.86013889,29.07125,2013-03-20
3633,3855.0,6445.0,-30.77586667,29.03221667,2013-03-20
3634,2422.0,4591.0,-33.7075,18.97444444,2013-03-20
3635,3062.0,5226.0,-24.183889,30.823889,2013-03-21
3636,5614.0,7860.0,-28.44555556,32.325,2013-05-16
3637,2734.0,5852.0,-27.935,26.126667,2013-03-21
3638,2607.0,5029.0,-28.1175,26.719444,2013-03-21
3639,2911.0,5011.0,-27.398611,26.614722,2013-03-21
3640,3260.0,5599.0,-24.679167,30.8025,2013-03-22
3641,3204.0,6187.0,-29.744167,29.905833,2013-03-22
3642,2752.0,5245.0,-28.116667,26.725278,2013-03-22
3643,4178.0,6754.0,-29.803611,30.516111,2013-03-22
3644,2237.0,4254.0,-26.45,28.085833,2013-03-25
3645,1175.0,1863.0,-31.436944,20.474722,2013-03-25
3646,1131.0,2893.0,-29.1825,23.575556,2013-03-25
3647,1919.0,3495.0,-33.38056,19.30167,2013-03-25
3648,2464.0,5216.0,-27.01011111,26.69808333,2013-03-26
3649,2762.0,5590.0,-25.127778,27.628889,2013-03-26
3650,2485.0,4841.0,-24.39619444,27.08983333,2013-03-26
3651,2871.0,5238.0,-24.69514,27.40906,2013-03-26
3652,2338.0,4471.0,-25.73411,27.21422,2013-03-26
3653,5100.0,7894.0,-30.398056,30.601944,2013-03-26
3654,4444.0,7702.0,-30.27402,30.69602,2013-03-26
3655,2706.0,5059.0,-26.861111,28.884722,2013-03-26
3656,2873.0,5084.0,-27.00222,28.76528,2013-03-26
3657,3014.0,5640.0,-26.648056,27.089444,2013-03-26
3658,2524.0,5269.0,-26.970278,27.211111,2013-03-26
3659,2619.0,4940.0,-26.880278,26.965,2013-03-26
3660,2678.0,4873.0,-26.98472222,26.63227778,2013-03-26
3661,2008.0,3924.0,-29.651389,22.746389,2013-03-26
3662,1131.0,2893.0,-29.1825,23.575556,2013-03-26
3663,2516.0,4608.0,-32.595833,19.009444,2013-03-26
3664,2242.0,4158.0,-33.08883333,19.21878333,2013-03-26
3665,1874.0,3362.0,-29.161667,23.696389,2013-03-27
3666,2957.0,5662.0,-29.641944,30.6875,2013-03-27
3667,3495.5,5998.0,-25.20639,27.558,2013-03-27
3668,3138.0,5875.0,-27.602222,29.942778,2013-03-27
3669,3671.0,6663.5,-29.380556,30.2775,2013-03-27
3670,3401.0,6267.5,-29.161667,30.629722,2013-03-27
3671,2038.0,4197.5,-29.651389,22.746389,2013-03-27
3672,1837.0,3522.0,-33.13083,18.86278,2013-03-27
3673,2599.5,4575.0,-32.94583,18.33667,2013-03-27
3674,2957.0,5662.0,-29.641944,30.6875,2013-03-28
3675,3035.5,7171.5,-29.758889,30.935278,2013-03-28
3676,1136.5,1648.0,-32.502778,19.535833,2013-03-28
3677,774.0,1369.5,-28.96362,19.15486,2013-03-30
3678,2768.0,5076.5,-25.99136,27.84208,2013-04-02
3679,1946.5,5202.5,-26.73806,27.59194,2013-04-02
3680,2068.5,4068.5,-26.45,28.085833,2013-04-02
3681,2151.5,3927.5,-29.160278,26.573333,2013-04-02
3682,2765.5,5197.0,-31.396,29.2651,2013-04-02
3683,4381.0,7749.5,-31.554722,29.245556,2013-04-02
3684,2233.0,5215.0,-27.01011111,26.69808333,2013-04-03
3685,3093.5,5962.0,-29.744167,29.905833,2013-04-03
3686,2392.5,4915.0,-26.861111,28.884722,2013-04-03
3687,2551.0,4648.5,-26.98472222,26.63227778,2013-04-03
3688,2845.0,4989.5,-27.398611,26.614722,2013-04-03
3689,2480.0,4807.0,-27.671111,27.236944,2013-04-03
3690,3414.5,6260.5,-30.568333,29.422778,2013-04-03
3691,3397.0,6513.5,-31.104278,29.399722,2013-04-03
3692,2526.5,5740.0,-34.031944,22.053333,2013-04-03
3693,2804.0,5379.5,-25.45963889,28.26430556,2013-04-03
3694,2227.0,5372.0,-25.81048333,27.90955222,2013-04-04
3695,2362.0,4054.0,-28.75,30.442778,2013-04-04
3696,2592.0,4850.0,-27.00222,28.76528,2013-04-04
3697,2245.0,4802.0,-27.02314,28.59389,2013-04-04
3698,2352.0,4789.0,-26.648056,27.089444,2013-04-04
3699,2524.0,5269.0,-26.970278,27.211111,2013-04-04
3700,2361.0,4673.0,-26.880278,26.965,2013-04-04
3701,2701.0,4623.0,-27.273889,28.49,2013-04-04
3702,2653.0,4953.0,-27.4275,28.525833,2013-04-04
3703,1767.0,3478.0,-27.3,28.586944,2013-04-04
3704,3507.0,5775.0,-30.570833,29.150556,2013-04-04
3705,3086.0,5394.0,-31.031389,28.883333,2013-04-05
3706,2814.0,5306.0,-30.86013889,29.07125,2013-04-05
3707,3073.0,6058.0,-30.77586667,29.03221667,2013-04-05
3708,3357.0,7491.0,-34.02861,22.22222,2013-04-05
3709,778.0,1307.0,-28.96362,19.15486,2013-04-06
3710,1767.0,3478.0,-27.3,28.586944,2013-04-07
3711,2306.0,4471.0,-28.768056,20.720556,2013-04-08
3712,2388.0,4910.0,-33.818056,19.694722,2013-04-08
3713,3850.0,6260.0,-26.970278,27.211111,2013-01-28
3714,2374.0,5156.0,-34.065833,20.404167,2013-04-09
3715,3078.0,5796.0,-24.183889,30.823889,2013-04-09
3716,2178.0,4426.0,-25.127778,27.628889,2013-04-09
3717,3422.0,5834.0,-25.20639,27.558,2013-04-09
3718,1939.0,4021.0,-24.69514,27.40906,2013-04-09
3719,4156.0,6919.0,-28.747778,31.745833,2013-04-09
3720,5962.0,7797.0,-28.801278,31.955389,2013-04-09
3721,1767.0,3478.0,-27.3,28.586944,2013-04-09
3722,2128.0,4010.0,-29.160278,26.573333,2013-04-09
3723,2659.0,5370.0,-28.69485,28.23487,2013-04-09
3724,2043.0,3956.0,-34.075556,20.145556,2013-04-09
3725,3333.0,5686.0,-29.140556,31.391944,2013-04-10
3726,2403.0,5005.0,-24.282222,28.090278,2013-04-10
3727,2985.0,6216.0,-24.670833,28.560833,2013-04-10
3728,2485.0,4841.0,-24.39619444,27.08983333,2013-04-10
3729,2751.0,4577.0,-23.658056,31.05,2013-04-10
3730,4037.0,6712.0,-27.937778,31.209444,2013-04-10
3731,2846.0,5584.0,-28.404444,30.013056,2013-04-10
3732,3526.0,6428.0,-29.380556,30.2775,2013-04-10
3733,1308.0,2922.0,-26.970278,27.211111,2013-07-16
3734,1900.0,3883.0,-26.45,28.085833,2013-04-10
3735,2422.0,4598.0,-27.671111,27.236944,2013-04-10
3736,1724.0,3681.0,-29.615556,27.065278,2013-04-10
3737,2953.0,5223.0,-28.883333,27.89,2013-04-10
3738,3442.0,5855.0,-34.092222,21.295278,2013-04-10
3739,3389.0,5329.0,-28.058889,30.373611,2013-04-10
3740,2002.0,5214.0,-27.01011111,26.69808333,2013-04-11
3741,2670.0,5515.0,-30.830556,26.921389,2013-04-11
3742,2171.0,4163.0,-23.23572222,27.717,2013-04-11
3743,2846.0,5392.0,-22.769722,30.886944,2013-04-11
3744,5962.0,7797.0,-28.801278,31.955389,2013-04-11
3745,2079.0,4771.0,-26.861111,28.884722,2013-04-11
3746,2592.0,4850.0,-27.00222,28.76528,2013-04-11
3747,2524.0,5269.0,-26.970278,27.211111,2013-04-11
3748,2361.0,4673.0,-26.880278,26.965,2013-04-11
3749,2424.0,4424.0,-26.98472222,26.63227778,2013-04-11
3750,2213.0,4334.0,-27.902778,24.615556,2013-04-11
3751,2651.0,4529.0,-30.160091,27.40124,2013-04-11
3752,1492.0,3593.0,-30.336111,27.359444,2013-04-11
3753,2191.0,4578.0,-33.897778,20.012778,2013-04-11
3754,3224.0,5612.5,-24.679167,30.8025,2013-04-12
3755,2519.5,4624.5,-22.91028,29.61111,2013-04-12
3756,2042.5,4762.5,-31.000833,26.353056,2013-04-12
3757,2260.0,4506.0,-30.679722,26.7125,2013-04-12
3758,1547.0,2552.5,-31.436944,20.474722,2013-04-12
3759,1450.0,2431.0,-31.394444,20.947222,2013-04-12
3760,776.5,1359.5,-28.96362,19.15486,2013-04-13
3761,2208.5,5269.0,-25.81048333,27.90955222,2013-04-15
3762,2768.0,5008.0,-25.99136,27.84208,2013-04-15
3763,3361.0,5960.5,-29.7775,29.470833,2013-04-15
3764,3322.0,5747.0,-29.987778,29.851667,2013-04-15
3765,2902.5,5684.0,-29.744167,29.905833,2013-04-15
3766,1759.5,3748.5,-26.45,28.085833,2013-04-15
3767,1930.0,5111.0,-27.01011111,26.69808333,2013-04-16
3768,1993.0,4722.0,-26.861111,28.884722,2013-04-16
3769,2284.0,4634.0,-27.00222,28.76528,2013-04-16
3770,2318.5,4772.0,-26.648056,27.089444,2013-04-16
3771,2435.0,5181.5,-26.970278,27.211111,2013-04-16
3772,2290.5,4636.5,-26.880278,26.965,2013-04-16
3773,2357.0,4326.0,-26.98472222,26.63227778,2013-04-16
3774,2506.0,4830.0,-28.883333,27.89,2013-04-16
3775,4061.5,8167.0,-33.970833,22.548333,2013-04-16
3776,2731.5,5308.5,-25.45963889,28.26430556,2013-04-16
3777,1724.5,3722.5,-28.338333,31.373611,2013-04-16
3778,1895.0,3639.5,-29.161667,23.696389,2013-04-17
3779,2929.5,5585.0,-30.733889,29.828333,2013-04-17
3780,2902.5,5684.0,-29.744167,29.905833,2013-04-17
3781,5191.0,7920.5,-30.398056,30.601944,2013-04-17
3782,1440.0,2777.0,-26.970278,27.211111,2014-07-28
3783,1830.0,5021.0,-26.73806,27.59194,2013-04-17
3784,2529.0,5285.0,-28.69485,28.23487,2013-04-17
3785,2439.0,5420.0,-34.250556,20.9925,2013-04-17
3786,3739.5,6740.0,-25.49037,30.6986,2013-04-18
3787,4977.0,7326.0,-28.44555556,32.325,2013-06-13
3788,4193.5,7503.5,-30.27402,30.69602,2013-04-18
3789,3002.0,5376.0,-29.042222,24.6,2013-04-18
3790,3695.0,6130.0,-29.028629,24.638389,2013-04-18
3791,3329.5,5840.5,-29.033333,23.983333,2013-04-18
3792,3392.0,6745.5,-25.447222,30.711667,2013-04-18
3793,2754.0,5227.0,-28.116667,26.725278,2013-04-19
3794,4140.5,6789.5,-29.803611,30.516111,2013-04-19
3795,775.0,1307.0,-28.96362,19.15486,2013-04-20
3796,3270.0,5834.0,-25.20639,27.558,2013-04-22
3797,2135.0,4025.0,-23.838611,31.640833,2013-04-22
3798,2285.0,4755.0,-26.648056,27.089444,2013-04-22
3799,1619.0,3614.0,-26.45,28.085833,2013-04-22
3800,1990.0,3834.0,-33.38056,19.30167,2013-04-22
3801,1077.0,1634.0,-32.502778,19.535833,2013-04-22
3802,1640.0,3082.0,-31.860278,18.6875,2013-04-23
3803,2178.0,4426.0,-25.127778,27.628889,2013-04-23
3804,1726.0,3318.0,-24.69514,27.40906,2013-04-23
3805,2003.0,4420.0,-28.735556,29.820556,2013-04-23
3806,1976.0,4418.0,-27.00222,28.76528,2013-04-23
3807,2346.0,5269.0,-26.970278,27.211111,2013-04-23
3808,2220.0,4600.0,-26.880278,26.965,2013-04-23
3809,2290.0,4228.0,-26.98472222,26.63227778,2013-04-23
3810,2658.0,5264.0,-28.141944,26.417778,2013-04-23
3811,2023.0,4095.0,-33.501667,21.624167,2013-04-23
3812,3033.0,5449.0,-32.595833,19.009444,2013-04-23
3813,1000.0,2105.0,-28.760833,17.730278,2013-04-24
3814,1935.0,3782.0,-29.161667,23.696389,2013-04-24
3815,2795.0,5336.0,-29.641944,30.6875,2013-04-24
3816,3056.0,7206.0,-27.363611,31.783333,2013-04-24
3817,2658.0,5264.0,-28.141944,26.417778,2013-04-24
3818,2515.0,4737.0,-33.08883333,19.21878333,2013-04-24
3819,2446.0,4603.0,-33.31388889,19.07472222,2013-04-24
3820,2103.0,3878.0,-33.13083,18.86278,2013-04-24
3821,2823.0,4869.0,-32.94583,18.33667,2013-04-24
3822,5041.0,7741.0,-26.905,32.324722,2013-04-25
3823,2789.0,5225.0,-27.602222,29.942778,2013-04-25
3824,1771.0,3821.0,-27.38972222,26.46388889,2013-04-25
3825,2949.0,5392.0,-33.7075,18.97444444,2013-04-25
3826,2860.0,5118.0,-33.464444,18.740556,2013-04-25
3827,1976.0,3491.0,-33.72266667,18.61691667,2013-04-25
3828,2757.0,5639.0,-27.356667,27.286389,2013-04-25
3829,2095.0,4037.0,-27.902778,24.615556,2013-04-26
3830,2756.0,5570.0,-28.068333,31.55,2013-04-26
3831,775.0,1307.0,-28.96362,19.15486,2013-04-27
3832,1447.5,3249.5,-26.45,28.085833,2013-04-29
3833,1834.5,4570.5,-27.01011111,26.69808333,2013-04-30
3834,1597.0,3328.0,-27.169444,29.233889,2013-04-30
3835,1665.0,4180.5,-26.861111,28.884722,2013-04-30
3836,1757.5,3861.0,-27.00222,28.76528,2013-04-30
3837,2131.5,4370.0,-26.648056,27.089444,2013-04-30
3838,2175.5,4923.5,-26.970278,27.211111,2013-04-30
3839,2133.0,4136.5,-26.880278,26.965,2013-04-30
3840,2133.0,3895.5,-26.98472222,26.63227778,2013-04-30
3841,2731.5,5308.5,-25.45963889,28.26430556,2013-04-30
3842,1895.0,3639.5,-29.161667,23.696389,2013-05-01
3843,2065.5,4889.5,-25.81048333,27.90955222,2013-05-01
3844,1799.5,3725.0,-28.75,30.442778,2013-05-01
3845,3178.5,6508.0,-29.161667,30.629722,2013-05-01
3846,2546.5,4694.5,-29.033333,23.983333,2013-05-01
3847,2753.0,5601.0,-29.744167,29.905833,2013-05-02
3848,2586.0,5128.5,-32.94583,18.33667,2013-05-02
3849,2224.0,4285.0,-27.671111,27.236944,2013-05-04
3850,776.5,1359.5,-28.96362,19.15486,2013-05-04
3851,1276.0,2885.0,-26.45,28.085833,2013-05-06
3852,2248.0,4910.0,-33.818056,19.694722,2013-05-06
3853,2466.0,5156.0,-34.065833,20.404167,2013-05-07
3854,2148.0,4280.0,-25.127778,27.628889,2013-05-07
3855,2266.0,4289.0,-25.20639,27.558,2013-05-07
3856,1617.0,3318.0,-24.69514,27.40906,2013-05-07
3857,2444.0,4375.0,-23.658056,31.05,2013-05-07
3858,3572.0,6267.0,-28.747778,31.745833,2013-05-07
3859,1974.0,4326.0,-28.735556,29.820556,2013-05-07
3860,2788.0,5624.0,-29.380556,30.2775,2013-05-07
3861,1423.0,3688.0,-26.861111,28.884722,2013-05-07
3862,1976.0,3563.0,-26.98472222,26.63227778,2013-05-07
3863,1702.0,3333.0,-27.398611,26.614722,2013-05-07
3864,2026.0,3972.0,-27.671111,27.236944,2013-05-07
3865,1604.0,2925.0,-29.160278,26.573333,2013-05-07
3866,2306.0,4471.0,-28.768056,20.720556,2013-05-07
3867,3584.0,7841.0,-34.02861,22.22222,2013-05-07
3868,2109.0,4259.0,-34.075556,20.145556,2013-05-07
3869,1855.0,3497.0,-29.161667,23.696389,2013-05-08
3870,2275.0,4827.0,-24.39619444,27.08983333,2013-05-08
3871,2356.0,4602.0,-28.404444,30.013056,2013-05-08
3872,1539.0,3304.0,-27.00222,28.76528,2013-05-08
3873,1954.0,3870.0,-27.02314,28.59389,2013-05-08
3874,1978.0,3985.0,-26.648056,27.089444,2013-05-08
3875,2005.0,4578.0,-26.970278,27.211111,2013-05-08
3876,2046.0,3673.0,-26.880278,26.965,2013-05-08
3877,2121.0,3867.0,-27.273889,28.49,2013-05-08
3878,1676.0,3289.0,-27.4275,28.525833,2013-05-08
3879,2381.0,5200.0,-28.69485,28.23487,2013-05-08
3880,1990.0,3761.0,-29.615556,27.065278,2013-05-08
3881,1750.0,3447.0,-28.883333,27.89,2013-05-08
3882,2469.0,5314.0,-30.77586667,29.03221667,2013-05-08
3883,2268.0,4978.0,-31.396,29.2651,2013-05-08
3884,2864.0,6025.0,-34.039722,22.133333,2013-05-08
3885,1885.0,4048.0,-28.058889,30.373611,2013-05-08
3886,2340.0,5150.0,-33.897778,20.012778,2013-05-08
3887,2669.0,5836.0,-29.140556,31.391944,2013-05-09
3888,2026.0,3972.0,-27.671111,27.236944,2013-05-09
3889,1584.0,3085.0,-30.160091,27.40124,2013-05-09
3890,685.0,2020.0,-30.336111,27.359444,2013-05-09
3891,3071.0,5507.0,-34.005833,22.351111,2013-05-09
3892,2581.0,4854.0,-30.830556,26.921389,2013-05-10
3893,2179.0,3978.0,-28.116667,26.725278,2013-05-10
3894,1669.0,3270.0,-27.573056,24.746389,2013-05-10
3895,1812.0,4472.0,-31.000833,26.353056,2013-05-10
3896,1560.0,3524.0,-30.679722,26.7125,2013-05-10
3897,775.0,1412.0,-28.96362,19.15486,2013-05-11
3898,2388.0,4390.0,-25.99136,27.84208,2013-05-13
3899,2431.0,4506.0,-29.7775,29.470833,2013-05-13
3900,2684.0,5571.0,-29.744167,29.905833,2013-05-13
3901,1276.0,2885.0,-26.45,28.085833,2013-05-13
3902,3983.0,7374.0,-31.554722,29.245556,2013-05-13
3903,1767.5,4029.0,-27.01011111,26.69808333,2013-05-14
3904,2597.5,4932.5,-24.679167,30.8025,2013-05-14
3905,2456.5,4627.5,-30.830556,26.921389,2013-05-14
3906,1621.0,3444.5,-25.73411,27.21422,2013-05-14
3907,2742.0,5480.5,-23.281,30.54305556,2013-05-14
3908,2689.5,5358.0,-30.733889,29.828333,2013-05-14
3909,3177.0,5678.5,-29.987778,29.851667,2013-05-14
3910,1478.5,3004.0,-27.169444,29.233889,2013-05-14
3911,1404.5,3477.5,-26.861111,28.884722,2013-05-14
3912,1480.0,3187.0,-27.00222,28.76528,2013-05-14
3913,1805.0,3695.5,-26.648056,27.089444,2013-05-14
3914,2051.5,4400.0,-26.970278,27.211111,2013-05-14
3915,1861.0,3427.0,-26.880278,26.965,2013-05-14
3916,1834.5,3406.5,-26.98472222,26.63227778,2013-05-14
3917,1658.5,4259.0,-31.000833,26.353056,2013-05-14
3918,2888.5,6386.0,-31.104278,29.399722,2013-05-14
3919,2561.0,4965.5,-25.45963889,28.26430556,2013-05-14
3920,1410.5,3250.0,-28.338333,31.373611,2013-05-14
3921,2391.5,4989.5,-28.068333,31.55,2013-05-14
3922,1729.5,3302.0,-29.161667,23.696389,2013-05-15
3923,1840.5,4450.0,-25.81048333,27.90955222,2013-05-15
3924,2964.5,5394.5,-24.183889,30.823889,2013-05-15
3925,2217.5,4033.0,-22.91028,29.61111,2013-05-15
3926,2730.5,4968.5,-22.769722,30.886944,2013-05-15
3927,2607.5,5394.5,-29.744167,29.905833,2013-05-15
3928,4784.0,7873.5,-30.398056,30.601944,2013-05-15
3929,4115.5,7334.0,-30.27402,30.69602,2013-05-15
3930,2347.0,4306.5,-29.033333,23.983333,2013-05-15
3931,1482.5,2903.0,-30.160091,27.40124,2013-05-15
3932,522.0,1542.5,-30.336111,27.359444,2013-05-15
3933,2167.5,4441.5,-30.568333,29.422778,2013-05-15
3934,2333.0,4719.5,-30.86013889,29.07125,2013-05-15
3935,2428.5,4443.5,-30.570833,29.150556,2013-05-15
3936,3497.5,5913.0,-34.092222,21.295278,2013-05-15
3937,2044.5,4446.5,-23.23572222,27.717,2013-05-16
3938,2334.5,4810.0,-22.548889,28.898056,2013-05-16
3939,3190.5,5749.0,-28.44555556,32.325,2013-08-08
3940,3767.0,7237.5,-30.13573889,30.67422222,2013-05-16
3941,1493.0,2699.0,-29.160278,26.573333,2013-05-16
3942,2600.5,4881.5,-31.031389,28.883333,2013-05-16
3943,1427.0,3365.5,-22.225556,29.990556,2013-05-17
3944,2256.5,4298.0,-22.43772222,31.07805556,2013-05-17
3945,1834.5,3406.5,-26.98472222,26.63227778,2013-05-17
3946,3777.5,6540.0,-29.803611,30.516111,2013-05-17
3947,2145.5,4114.0,-33.38056,19.30167,2013-05-20
3948,1151.0,1702.0,-32.502778,19.535833,2013-05-20
3949,1767.5,4029.0,-27.01011111,26.69808333,2013-05-21
3950,1877.5,3472.5,-31.860278,18.6875,2013-05-21
3951,1577.0,3237.5,-24.69514,27.40906,2013-05-21
3952,4703.5,7492.5,-25.398889,31.610556,2013-05-21
3953,1805.0,3695.5,-26.648056,27.089444,2013-05-21
3954,2051.5,4400.0,-26.970278,27.211111,2013-05-21
3955,1861.0,3427.0,-26.880278,26.965,2013-05-21
3956,1834.5,3406.5,-26.98472222,26.63227778,2013-05-21
3957,2550.5,5803.0,-34.250556,20.9925,2013-05-21
3958,3058.5,5549.0,-32.595833,19.009444,2013-05-21
3959,1604.0,3107.0,-29.161667,23.696389,2013-05-22
3960,2041.0,3576.0,-26.880278,26.965,2014-05-13
3961,2563.0,5336.0,-29.641944,30.6875,2013-05-22
3962,2147.0,4109.0,-25.20639,27.558,2013-05-22
3963,2522.0,4896.0,-25.681111,31.783333,2013-05-22
3964,3682.0,7110.0,-25.513889,31.224444,2013-05-22
3965,1386.0,3267.0,-26.861111,28.884722,2013-05-22
3966,1233.0,4005.0,-26.73806,27.59194,2013-05-22
3967,1184.0,2576.0,-26.45,28.085833,2013-05-22
3968,2103.0,3844.0,-33.13083,18.86278,2013-05-22
3969,3384.0,6144.0,-33.7075,18.97444444,2013-05-22
3970,4208.0,7391.0,-26.905,32.324722,2013-05-23
3971,2215.0,4377.0,-27.602222,29.942778,2013-05-23
3972,1403.0,2893.0,-27.169444,29.233889,2013-05-23
3973,1421.0,3070.0,-27.00222,28.76528,2013-05-23
3974,1777.0,3464.0,-27.273889,28.49,2013-05-23
3975,2687.0,5684.0,-33.31388889,19.07472222,2013-05-23
3976,1933.0,3720.0,-28.141944,26.417778,2013-05-24
3977,1743.0,3380.0,-28.1175,26.719444,2013-05-24
3978,2012.0,3818.0,-28.116667,26.725278,2013-05-24
3979,844.0,1419.0,-28.96362,19.15486,2013-05-25
3980,2058.0,3899.0,-25.99136,27.84208,2013-05-27
3981,1184.0,2576.0,-26.45,28.085833,2013-05-27
3982,2332.0,4322.0,-29.042222,24.6,2013-05-27
3983,2332.0,4401.0,-30.830556,26.921389,2013-05-28
3984,2098.0,4481.0,-24.670833,28.560833,2013-05-28
3985,1601.0,3381.0,-25.73411,27.21422,2013-05-28
3986,1386.0,3267.0,-26.861111,28.884722,2013-05-28
3987,1421.0,3070.0,-27.00222,28.76528,2013-05-28
3988,1551.0,3435.0,-30.679722,26.7125,2013-05-28
3989,1765.0,3951.0,-33.501667,21.624167,2013-05-28
3990,2540.0,4908.0,-25.45963889,28.26430556,2013-05-28
3991,1604.0,3107.0,-29.161667,23.696389,2013-05-29
3992,1724.0,3925.0,-27.01011111,26.69808333,2013-05-29
3993,1740.0,4287.0,-25.81048333,27.90955222,2013-05-29
3994,1894.0,3973.0,-24.282222,28.090278,2013-05-29
3995,1632.0,3406.0,-26.648056,27.089444,2013-05-29
3996,2005.0,4222.0,-26.970278,27.211111,2013-05-29
3997,1676.0,3181.0,-26.880278,26.965,2013-05-29
3998,1255.0,2747.0,-27.3,28.586944,2013-05-29
3999,1693.0,3250.0,-26.98472222,26.63227778,2013-05-29
4000,2244.0,4184.0,-29.033333,23.983333,2013-05-29
4001,2127.0,4873.5,-22.935,28.004167,2013-05-30
4002,1638.0,3175.0,-27.273889,28.49,2013-05-30
4003,1174.0,2594.5,-27.38972222,26.46388889,2013-05-30
4004,1674.5,3305.5,-27.398611,26.614722,2013-05-30
4005,1418.5,2811.0,-27.671111,27.236944,2013-05-30
4006,2287.5,4290.0,-29.042222,24.6,2013-05-30
4007,2194.5,3849.0,-29.028629,24.638389,2013-05-30
4008,2219.0,4156.5,-29.033333,23.983333,2013-05-30
4009,2216.0,4626.5,-29.744167,29.905833,2013-05-31
4010,1794.0,3830.5,-28.404444,30.013056,2013-06-03
4011,1178.0,3596.0,-26.73806,27.59194,2013-06-03
4012,1159.0,2602.0,-26.45,28.085833,2013-06-03
4013,1421.0,2547.0,-29.160278,26.573333,2013-06-03
4014,2776.0,5402.5,-34.065833,20.404167,2013-06-04
4015,2052.5,4117.5,-25.20639,27.558,2013-06-04
4016,1498.0,3302.0,-24.69514,27.40906,2013-06-04
4017,3034.0,5748.5,-28.747778,31.745833,2013-06-04
4018,2372.5,4535.0,-29.380556,30.2775,2013-06-04
4019,1450.0,2756.5,-27.169444,29.233889,2013-06-04
4020,1404.5,2910.0,-26.861111,28.884722,2013-06-04
4021,1674.5,3305.5,-27.398611,26.614722,2013-06-04
4022,2800.5,6308.0,-34.031944,22.053333,2013-06-04
4023,2776.0,5839.0,-34.039722,22.133333,2013-06-04
4024,2342.5,4508.5,-34.075556,20.145556,2013-06-04
4025,1346.5,2697.5,-29.161667,23.696389,2013-06-05
4026,1604.5,3854.0,-27.01011111,26.69808333,2013-06-05
4027,2713.0,5718.0,-29.140556,31.391944,2013-06-05
4028,2045.0,4515.0,-24.39619444,27.08983333,2013-06-05
4029,2222.0,4056.0,-23.658056,31.05,2013-06-05
4030,2354.5,5126.5,-23.281,30.54305556,2013-06-05
4031,1480.0,3007.0,-27.00222,28.76528,2013-06-05
4032,1411.5,3002.0,-27.02314,28.59389,2013-06-05
4033,1561.0,3238.0,-26.648056,27.089444,2013-06-05
4034,1769.5,4028.0,-26.970278,27.211111,2013-06-05
4035,1641.5,3147.5,-26.880278,26.965,2013-06-05
4036,1638.0,3175.0,-27.273889,28.49,2013-06-05
4037,1556.5,2846.5,-27.4275,28.525833,2013-06-05
4038,1279.0,2623.0,-27.3,28.586944,2013-06-05
4039,1628.0,3084.5,-26.98472222,26.63227778,2013-06-05
4040,3081.5,5700.0,-34.405833,19.600556,2013-06-05
4041,1704.5,3561.5,-28.058889,30.373611,2013-06-05
4042,2642.5,4789.5,-22.769722,30.886944,2013-06-06
4043,4689.5,7094.0,-28.801278,31.955389,2013-06-06
4044,2235.5,5074.0,-27.937778,31.209444,2013-06-06
4045,2278.5,4757.5,-27.5275,30.858056,2013-06-06
4046,1077.5,2103.5,-31.394444,20.947222,2013-06-06
4047,2006.5,4160.0,-29.651389,22.746389,2013-06-06
4048,3029.0,5445.0,-34.005833,22.351111,2013-06-06
4049,1613.0,2987.0,-28.116667,26.725278,2013-06-07
4050,1422.0,2840.0,-27.902778,24.615556,2013-06-07
4051,1709.0,3324.0,-25.99136,27.84208,2013-06-10
4052,1877.0,3488.0,-29.7775,29.470833,2013-06-10
4053,1901.0,4035.0,-29.744167,29.905833,2013-06-10
4054,1134.0,2628.0,-26.45,28.085833,2013-06-10
4055,1310.0,2747.0,-27.671111,27.236944,2013-06-10
4056,2243.0,4258.0,-29.042222,24.6,2013-06-10
4057,2434.0,5769.0,-31.396,29.2651,2013-06-10
4058,3412.0,6679.0,-31.554722,29.245556,2013-06-10
4059,1485.0,3783.0,-27.01011111,26.69808333,2013-06-11
4060,2492.0,4385.0,-24.183889,30.823889,2013-06-11
4061,2232.0,4575.0,-30.733889,29.828333,2013-06-11
4062,1386.0,2553.0,-26.861111,28.884722,2013-06-11
4063,1421.0,2944.0,-27.00222,28.76528,2013-06-11
4064,1490.0,3070.0,-26.648056,27.089444,2013-06-11
4065,2005.0,4222.0,-26.970278,27.211111,2013-06-11
4066,1607.0,3114.0,-26.880278,26.965,2013-06-11
4067,1563.0,2919.0,-26.98472222,26.63227778,2013-06-11
4068,1802.0,4474.0,-28.69485,28.23487,2013-06-11
4069,1380.0,3934.0,-30.568333,29.422778,2013-06-11
4070,1997.0,3556.0,-30.570833,29.150556,2013-06-11
4071,2622.0,5818.0,-31.104278,29.399722,2013-06-11
4072,2026.0,3951.0,-25.45963889,28.26430556,2013-06-11
4073,1390.0,3183.0,-28.338333,31.373611,2013-06-11
4074,2102.0,4399.0,-28.068333,31.55,2013-06-11
4075,1578.0,3954.0,-25.81048333,27.90955222,2013-06-12
4076,1936.0,4327.0,-24.39619444,27.08983333,2013-06-12
4077,1468.0,3300.0,-24.058889,31.237222,2013-06-12
4078,4274.0,7280.0,-30.398056,30.601944,2013-06-12
4079,1125.0,2478.0,-27.802778,28.768333,2013-06-12
4080,2194.0,4129.0,-29.033333,23.983333,2013-06-12
4081,1369.0,2724.0,-29.615556,27.065278,2013-06-12
4082,1230.0,2594.0,-28.883333,27.89,2013-06-12
4083,1995.0,3852.0,-31.031389,28.883333,2013-06-12
4084,1733.0,3490.0,-30.86013889,29.07125,2013-06-12
4085,1987.0,4078.0,-30.77586667,29.03221667,2013-06-12
4086,3415.0,5912.0,-34.092222,21.295278,2013-06-12
4087,2970.0,5400.0,-28.44555556,32.325,2013-09-05
4088,1822.0,3760.0,-24.679167,30.8025,2013-06-14
4089,1901.0,4035.0,-29.744167,29.905833,2013-06-14
4090,1563.0,2919.0,-26.98472222,26.63227778,2013-06-14
4091,2796.0,4731.0,-29.803611,30.516111,2013-06-14
4092,854.0,1381.5,-28.96362,19.15486,2013-06-15
4093,1564.0,3167.0,-28.735556,29.820556,2013-06-17
4094,1424.0,2109.5,-32.502778,19.535833,2013-06-17
4095,2383.5,4418.5,-31.860278,18.6875,2013-06-18
4096,2052.5,4117.5,-25.20639,27.558,2013-06-18
4097,1893.5,4143.0,-24.39619444,27.08983333,2013-06-18
4098,1498.0,3525.5,-24.69514,27.40906,2013-06-18
4099,917.0,2787.5,-26.73806,27.59194,2013-06-18
4100,1141.0,2642.5,-26.45,28.085833,2013-06-18
4101,2128.5,4225.5,-33.38056,19.30167,2013-06-18
4102,3367.5,6476.0,-32.595833,19.009444,2013-06-18
4103,1190.0,2446.0,-29.161667,23.696389,2013-06-19
4104,2499.5,5733.0,-29.641944,30.6875,2013-06-19
4105,1797.0,3727.5,-25.127778,27.628889,2013-06-19
4106,1761.5,3521.0,-23.838611,31.640833,2013-06-19
4107,3038.5,6228.0,-27.363611,31.783333,2013-06-19
4108,1413.0,2550.0,-26.861111,28.884722,2013-06-19
4109,1921.5,4587.5,-31.5653,18.3306,2013-06-19
4110,2731.0,4723.5,-32.601389,18.750556,2013-06-19
4111,3456.0,6369.0,-33.7075,18.97444444,2013-06-19
4112,1190.0,2446.0,-29.161667,23.696389,2013-06-20
4113,1113.5,2445.5,-28.7115,24.07288889,2013-06-20
4114,1744.5,3414.0,-27.602222,29.942778,2013-06-20
4115,1394.0,3060.5,-29.1825,23.575556,2013-06-20
4116,2673.5,6052.0,-34.250556,20.9925,2013-06-20
4117,2758.0,5859.5,-33.31388889,19.07472222,2013-06-20
4118,3660.0,6445.0,-33.13083,18.86278,2013-06-20
4119,3318.0,5999.0,-32.94583,18.33667,2013-06-20
4120,1310.5,2604.5,-27.573056,24.746389,2013-06-21
4121,854.0,1381.5,-28.96362,19.15486,2013-06-22
4122,2580.5,4589.5,-29.803611,30.516111,2013-06-22
4123,1507.0,2959.0,-25.99136,27.84208,2013-06-24
4124,1134.0,2628.0,-26.45,28.085833,2013-06-24
4125,1765.0,4330.0,-33.501667,21.624167,2013-06-24
4126,1444.0,3045.0,-27.01011111,26.69808333,2013-06-25
4127,1440.0,2547.0,-26.861111,28.884722,2013-06-25
4128,1334.0,2747.0,-27.00222,28.76528,2013-06-25
4129,1418.0,2787.0,-26.648056,27.089444,2013-06-25
4130,1308.0,3018.0,-26.970278,27.211111,2013-06-25
4131,1530.0,2990.0,-26.880278,26.965,2013-06-25
4132,1404.0,2500.0,-26.98472222,26.63227778,2013-06-25
4133,1848.0,3568.0,-29.042222,24.6,2013-06-25
4134,1757.0,3029.0,-29.028629,24.638389,2013-06-25
4135,1728.0,3607.0,-29.033333,23.983333,2013-06-25
4136,1089.0,2288.0,-29.161667,23.696389,2013-06-26
4137,1422.0,3387.0,-25.81048333,27.90955222,2013-06-26
4138,1045.0,2572.0,-28.75,30.442778,2013-06-26
4139,2687.0,5592.0,-29.161667,30.629722,2013-06-26
4140,1529.0,2921.0,-28.141944,26.417778,2013-06-26
4141,1324.0,2590.0,-28.1175,26.719444,2013-06-26
4142,1514.0,2983.0,-28.116667,26.725278,2013-06-26
4143,1339.0,2299.0,-29.160278,26.573333,2013-06-26
4144,1728.0,3607.0,-29.033333,23.983333,2013-06-26
4145,974.0,2231.0,-27.38972222,26.46388889,2013-06-27
4146,1703.0,3230.0,-27.398611,26.614722,2013-06-27
4147,1044.0,2298.0,-27.671111,27.236944,2013-06-27
4148,537.0,1339.0,-28.760833,17.730278,2013-06-28
4149,1681.0,3634.0,-29.744167,29.905833,2013-06-28
4150,864.0,1344.0,-28.96362,19.15486,2013-06-29
4151,701.0,2370.0,-26.73806,27.59194,2013-07-01
4152,1140.5,2563.0,-26.45,28.085833,2013-07-01
4153,2745.5,5692.0,-34.065833,20.404167,2013-07-02
4154,2596.0,4927.0,-25.20639,27.558,2013-07-02
4155,2035.0,4257.0,-24.69514,27.40906,2013-07-02
4156,2732.0,5350.0,-28.747778,31.745833,2013-07-02
4157,1562.0,3786.0,-27.937778,31.209444,2013-07-02
4158,1679.5,4255.5,-29.380556,30.2775,2013-07-02
4159,1485.5,2623.0,-27.169444,29.233889,2013-07-02
4160,1453.5,2526.5,-26.861111,28.884722,2013-07-02
4161,1666.0,3133.5,-27.398611,26.614722,2013-07-02
4162,1638.5,3361.0,-28.69485,28.23487,2013-07-02
4163,2893.5,6589.0,-34.031944,22.053333,2013-07-02
4164,2600.0,4932.0,-34.075556,20.145556,2013-07-02
4165,1172.0,2285.5,-29.161667,23.696389,2013-07-03
4166,1414.5,3033.5,-27.01011111,26.69808333,2013-07-03
4167,1797.0,3603.0,-25.127778,27.628889,2013-07-03
4168,1748.0,3674.5,-24.39619444,27.08983333,2013-07-03
4169,1302.5,2682.0,-27.00222,28.76528,2013-07-03
4170,1323.0,2731.0,-27.02314,28.59389,2013-07-03
4171,1416.0,2721.0,-26.648056,27.089444,2013-07-03
4172,1318.0,2970.0,-26.970278,27.211111,2013-07-03
4173,1568.5,2936.5,-26.880278,26.965,2013-07-03
4174,1492.0,2663.5,-27.273889,28.49,2013-07-03
4175,1488.5,2542.0,-27.4275,28.525833,2013-07-03
4176,1313.0,2404.5,-27.3,28.586944,2013-07-03
4177,1346.5,2432.5,-26.98472222,26.63227778,2013-07-03
4178,2953.0,5946.5,-34.039722,22.133333,2013-07-03
4179,3390.0,6130.5,-34.405833,19.600556,2013-07-03
4180,3297.0,5720.0,-33.870833,20.003333,2013-07-03
4181,1634.0,3115.0,-25.57877778,29.12747222,2013-07-03
4182,2209.5,4356.0,-22.769722,30.886944,2013-07-04
4183,4210.0,6607.5,-28.801278,31.955389,2013-07-04
4184,1488.5,3596.0,-27.5275,30.858056,2013-07-04
4185,1346.5,2432.5,-26.98472222,26.63227778,2013-07-04
4186,892.0,1694.0,-31.394444,20.947222,2013-07-04
4187,2377.5,5752.0,-34.329722,18.990278,2013-07-04
4188,1858.5,4190.0,-23.281,30.54305556,2013-07-05
4189,1562.0,3786.0,-27.937778,31.209444,2013-07-05
4190,2756.0,5838.5,-29.161667,30.629722,2013-07-05
4191,1295.5,2693.5,-27.902778,24.615556,2013-07-05
4192,1478.5,2875.5,-25.99136,27.84208,2013-07-08
4193,1504.0,3093.0,-29.7775,29.470833,2013-07-08
4194,2100.5,4153.0,-29.987778,29.851667,2013-07-08
4195,1674.5,3634.0,-29.744167,29.905833,2013-07-08
4196,1302.5,2682.0,-27.00222,28.76528,2013-07-08
4197,1140.5,2563.0,-26.45,28.085833,2013-07-08
4198,1444.0,3022.0,-27.01011111,26.69808333,2013-07-09
4199,1674.0,3406.0,-24.670833,28.560833,2013-07-09
4200,1895.0,4437.0,-30.733889,29.828333,2013-07-09
4201,1414.0,2655.0,-26.648056,27.089444,2013-07-09
4202,1308.0,2922.0,-26.970278,27.211111,2013-07-09
4203,1530.0,2883.0,-26.880278,26.965,2013-07-09
4204,1289.0,2365.0,-26.98472222,26.63227778,2013-07-09
4205,1339.0,2272.0,-29.160278,26.573333,2013-07-09
4206,1223.0,2527.0,-28.883333,27.89,2013-07-09
4207,1516.0,4828.0,-31.396,29.2651,2013-07-09
4208,3001.0,6294.0,-31.554722,29.245556,2013-07-09
4209,1667.0,3205.0,-25.45963889,28.26430556,2013-07-09
4210,1228.0,2884.0,-28.338333,31.373611,2013-07-09
4211,1660.0,3333.0,-28.068333,31.55,2013-07-09
4212,1293.0,3106.0,-25.81048333,27.90955222,2013-07-10
4213,885.0,1923.0,-22.225556,29.990556,2013-07-10
4214,3986.0,6945.0,-30.398056,30.601944,2013-07-10
4215,2958.0,6097.0,-30.27402,30.69602,2013-07-10
4216,1479.0,2982.0,-28.69485,28.23487,2013-07-10
4217,1364.0,2394.0,-29.615556,27.065278,2013-07-10
4218,1572.0,3934.0,-30.568333,29.422778,2013-07-10
4219,1661.0,2903.0,-30.570833,29.150556,2013-07-10
4220,2397.0,5747.0,-31.104278,29.399722,2013-07-10
4221,3901.0,6582.0,-34.092222,21.295278,2013-07-10
4222,1657.0,3144.0,-24.282222,28.090278,2013-07-11
4223,3229.0,6404.0,-30.13573889,30.67422222,2013-07-11
4224,1256.0,2436.0,-30.160091,27.40124,2013-07-11
4225,505.0,1551.0,-30.336111,27.359444,2013-07-11
4226,1652.0,3217.0,-31.031389,28.883333,2013-07-11
4227,1613.0,3274.0,-30.86013889,29.07125,2013-07-11
4228,1396.0,3436.0,-30.77586667,29.03221667,2013-07-11
4229,1774.0,3184.0,-30.830556,26.921389,2013-07-12
4230,1313.0,3494.0,-31.000833,26.353056,2013-07-12
4231,1256.0,2436.0,-30.160091,27.40124,2013-07-12
4232,1133.0,2573.0,-28.75,30.442778,2013-07-13
4233,1406.0,2953.0,-28.735556,29.820556,2013-07-15
4234,691.0,2352.0,-26.73806,27.59194,2013-07-15
4235,1147.0,2628.0,-26.45,28.085833,2013-07-15
4236,2011.0,4057.0,-33.38056,19.30167,2013-07-15
4237,1444.0,3022.0,-27.01011111,26.69808333,2013-07-16
4238,1282.0,2987.0,-24.679167,30.8025,2013-07-16
4239,1702.0,3489.0,-25.127778,27.628889,2013-07-16
4240,1645.0,3390.0,-24.39619444,27.08983333,2013-07-16
4241,2691.0,5228.0,-24.69514,27.40906,2013-07-16
4242,1632.0,3369.0,-23.658056,31.05,2013-07-16
4243,1497.0,2626.0,-27.169444,29.233889,2013-07-16
4244,1467.0,2506.0,-26.861111,28.884722,2013-07-16
4245,1271.0,2617.0,-27.00222,28.76528,2013-07-16
4246,1414.0,2655.0,-26.648056,27.089444,2013-07-16
4247,1530.0,2883.0,-26.880278,26.965,2013-07-16
4248,1289.0,2365.0,-26.98472222,26.63227778,2013-07-16
4249,1529.0,2896.0,-28.141944,26.417778,2013-07-16
4250,1324.0,2486.0,-28.1175,26.719444,2013-07-16
4251,2524.5,5828.0,-29.641944,30.6875,2013-07-17
4252,1671.0,3254.0,-22.91028,29.61111,2013-07-17
4253,3706.5,6183.0,-25.20639,27.558,2013-07-17
4254,1497.0,3208.0,-24.058889,31.237222,2013-07-17
4255,2661.5,5781.0,-27.363611,31.783333,2013-07-17
4256,1159.5,2280.5,-27.38972222,26.46388889,2013-07-17
4257,1887.5,3496.0,-28.768056,20.720556,2013-07-17
4258,4213.5,7335.5,-33.13083,18.86278,2013-07-17
4259,3168.5,5955.0,-32.94583,18.33667,2013-07-17
4260,1858.5,4111.5,-22.935,28.004167,2013-07-18
4261,1655.0,3369.5,-24.183889,30.823889,2013-07-18
4262,1656.5,3249.5,-23.23572222,27.717,2013-07-18
4263,3700.0,6840.5,-26.905,32.324722,2013-07-18
4264,1542.5,3095.5,-27.602222,29.942778,2013-07-18
4265,1501.0,3332.0,-29.744167,29.905833,2013-07-18
4266,1392.0,2909.5,-27.935,26.126667,2013-07-18
4267,1553.5,2908.5,-28.141944,26.417778,2013-07-18
4268,1215.0,2507.0,-27.902778,24.615556,2013-07-19
4269,796.5,1270.0,-28.96362,19.15486,2013-07-20
4270,1406.5,2696.5,-25.99136,27.84208,2013-07-22
4271,1849.5,2825.0,-32.502778,19.535833,2013-07-22
4272,2482.5,4732.0,-31.860278,18.6875,2013-07-23
4273,1147.5,2642.5,-26.45,28.085833,2013-07-23
4274,1553.5,2908.5,-28.141944,26.417778,2013-07-23
4275,1326.0,2452.5,-28.1175,26.719444,2013-07-23
4276,3600.0,6725.0,-32.595833,19.009444,2013-07-23
4277,1649.0,3193.5,-25.45963889,28.26430556,2013-07-23
4278,1144.0,2285.5,-29.161667,23.696389,2013-07-24
4279,1304.0,3131.5,-25.81048333,27.90955222,2013-07-24
4280,1453.5,2504.0,-26.861111,28.884722,2013-07-24
4281,1257.0,2580.0,-27.00222,28.76528,2013-07-24
4282,1318.0,2970.0,-26.970278,27.211111,2013-07-24
4283,1069.0,2326.0,-27.671111,27.236944,2013-07-24
4284,1694.5,3928.0,-33.501667,21.624167,2013-07-24
4285,3473.0,6415.0,-33.7075,18.97444444,2013-07-24
4286,1318.0,2782.0,-27.01011111,26.69808333,2013-07-25
4287,1430.0,2860.0,-23.838611,31.640833,2013-07-25
4288,1334.0,3030.0,-29.744167,29.905833,2013-07-25
4289,1396.0,2655.0,-26.648056,27.089444,2013-07-25
4290,1486.0,2762.0,-26.880278,26.965,2013-07-25
4291,1287.0,2330.0,-27.38972222,26.46388889,2013-07-25
4292,1289.0,2365.0,-26.98472222,26.63227778,2013-07-25
4293,1582.0,2998.0,-27.398611,26.614722,2013-07-25
4294,3026.0,6045.0,-33.31388889,19.07472222,2013-07-25
4295,2078.0,4977.0,-29.140556,31.391944,2013-07-29
4296,2680.0,5816.0,-34.065833,20.404167,2013-07-30
4297,1927.0,3717.0,-25.127778,27.628889,2013-07-30
4298,4179.0,6638.0,-25.20639,27.558,2013-07-30
4299,4667.0,6954.0,-24.69514,27.40906,2013-07-30
4300,1480.0,3102.0,-28.404444,30.013056,2013-07-30
4301,1582.0,3605.0,-29.380556,30.2775,2013-07-30
4302,1396.0,2655.0,-26.648056,27.089444,2013-07-30
4303,1328.0,2922.0,-26.970278,27.211111,2013-07-30
4304,1486.0,2762.0,-26.880278,26.965,2013-07-30
4305,1289.0,2365.0,-26.98472222,26.63227778,2013-07-30
4306,1310.0,2122.0,-29.160278,26.573333,2013-07-30
4307,1798.0,3740.0,-28.69485,28.23487,2013-07-30
4308,1257.0,2532.0,-28.883333,27.89,2013-07-30
4309,2663.0,5207.0,-34.075556,20.145556,2013-07-30
4310,1303.0,2817.0,-28.058889,30.373611,2013-07-30
4311,1255.0,2283.0,-29.161667,23.696389,2013-07-31
4312,1471.0,3148.0,-24.39619444,27.08983333,2013-07-31
4313,2668.0,5285.0,-28.747778,31.745833,2013-07-31
4314,3687.0,5993.0,-28.801278,31.955389,2013-07-31
4315,1281.0,2338.0,-29.615556,27.065278,2013-07-31
4316,3454.0,6271.0,-34.405833,19.600556,2013-07-31
4317,1193.0,3146.0,-27.5275,30.858056,2013-08-01
4318,1186.0,2422.0,-27.902778,24.615556,2013-08-01
4319,1313.0,2430.0,-30.160091,27.40124,2013-08-01
4320,505.0,1473.0,-30.336111,27.359444,2013-08-01
4321,1543.0,3099.0,-29.651389,22.746389,2013-08-01
4322,839.0,2054.0,-29.1825,23.575556,2013-08-01
4323,2927.0,5689.0,-33.897778,20.012778,2013-08-01
4324,1336.0,2997.5,-29.744167,29.905833,2013-08-02
4325,1668.0,3355.5,-28.068333,31.55,2013-08-03
4326,1406.5,2634.5,-25.99136,27.84208,2013-08-05
4327,1458.5,2940.0,-29.7775,29.470833,2013-08-05
4328,2085.5,4067.0,-29.987778,29.851667,2013-08-05
4329,1336.0,2997.5,-29.744167,29.905833,2013-08-05
4330,1154.0,2611.5,-26.45,28.085833,2013-08-05
4331,1889.5,4805.5,-31.396,29.2651,2013-08-05
4332,2834.5,5958.0,-31.554722,29.245556,2013-08-05
4333,1505.0,2620.5,-27.169444,29.233889,2013-08-06
4334,1546.5,2866.0,-30.570833,29.150556,2013-08-06
4335,2295.5,5195.5,-31.104278,29.399722,2013-08-06
4336,1588.5,3086.0,-25.45963889,28.26430556,2013-08-06
4337,1155.0,2629.5,-28.338333,31.373611,2013-08-06
4338,1668.0,3355.5,-28.068333,31.55,2013-08-06
4339,1200.0,2178.0,-29.161667,23.696389,2013-08-07
4340,1262.5,3083.5,-25.81048333,27.90955222,2013-08-07
4341,1862.0,3252.0,-30.830556,26.921389,2013-08-07
4342,2556.0,4900.5,-30.398056,30.601944,2013-08-07
4343,1331.0,2635.0,-27.02314,28.59389,2013-08-07
4344,1405.5,2607.5,-27.273889,28.49,2013-08-07
4345,1443.5,2395.0,-27.4275,28.525833,2013-08-07
4346,1331.0,2370.5,-27.3,28.586944,2013-08-07
4347,1551.0,2959.5,-27.398611,26.614722,2013-08-07
4348,1649.0,3313.0,-29.033333,23.983333,2013-08-07
4349,1530.5,3063.0,-31.031389,28.883333,2013-08-07
4350,1518.5,3047.5,-30.86013889,29.07125,2013-08-07
4351,1430.0,3341.5,-30.77586667,29.03221667,2013-08-07
4352,1327.5,2897.5,-27.01011111,26.69808333,2013-08-08
4353,3261.0,5605.0,-28.44555556,32.325,2013-10-01
4354,1343.5,2653.0,-26.648056,27.089444,2013-08-08
4355,1377.0,2922.0,-26.970278,27.211111,2013-08-08
4356,1281.5,2288.5,-26.98472222,26.63227778,2013-08-08
4357,1209.5,2325.5,-27.573056,24.746389,2013-08-08
4358,1344.0,3214.0,-31.000833,26.353056,2013-08-08
4359,1467.0,3055.5,-30.679722,26.7125,2013-08-08
4360,1546.5,2866.0,-30.570833,29.150556,2013-08-08
4361,1523.0,2845.0,-25.57877778,29.12747222,2013-08-08
4362,2046.0,4153.0,-29.803611,30.516111,2013-08-09
4363,1492.0,3022.0,-28.735556,29.820556,2013-08-12
4364,780.0,2398.0,-26.73806,27.59194,2013-08-12
4365,1160.0,2566.0,-26.45,28.085833,2013-08-12
4366,1274.0,2212.0,-26.98472222,26.63227778,2013-08-12
4367,2387.0,4402.0,-33.38056,19.30167,2013-08-12
4368,577.0,1208.0,-28.760833,17.730278,2013-08-13
4369,885.0,1923.0,-22.225556,29.990556,2013-08-13
4370,1934.0,3793.0,-25.127778,27.628889,2013-08-13
4371,1405.0,3054.0,-24.39619444,27.08983333,2013-08-13
4372,4667.0,6954.0,-24.69514,27.40906,2013-08-13
4373,1528.0,2931.0,-23.658056,31.05,2013-08-13
4374,1541.0,3454.0,-23.281,30.54305556,2013-08-13
4375,1536.0,2615.0,-27.169444,29.233889,2013-08-13
4376,1254.0,2543.0,-27.00222,28.76528,2013-08-13
4377,1426.0,2922.0,-26.970278,27.211111,2013-08-13
4378,839.0,2054.0,-29.1825,23.575556,2013-08-13
4379,2931.0,6012.0,-34.039722,22.133333,2013-08-13
4380,4171.0,8209.0,-34.02861,22.22222,2013-08-13
4381,1834.0,4025.0,-31.5653,18.3306,2013-08-13
4382,1145.0,2073.0,-29.161667,23.696389,2013-08-14
4383,1318.0,2782.0,-27.01011111,26.69808333,2013-08-14
4384,2533.0,5556.0,-29.641944,30.6875,2013-08-14
4385,1477.0,3066.0,-24.183889,30.823889,2013-08-14
4386,4179.0,6638.0,-25.20639,27.558,2013-08-14
4387,1745.0,3569.0,-22.769722,30.886944,2013-08-14
4388,1420.0,2761.0,-23.838611,31.640833,2013-08-14
4389,1306.0,2807.0,-24.058889,31.237222,2013-08-14
4390,2817.0,5375.0,-27.363611,31.783333,2013-08-14
4391,1291.0,2655.0,-26.648056,27.089444,2013-08-14
4392,1486.0,2762.0,-26.880278,26.965,2013-08-14
4393,1287.0,2349.0,-27.38972222,26.46388889,2013-08-14
4394,1274.0,2212.0,-26.98472222,26.63227778,2013-08-14
4395,1578.0,2896.0,-28.141944,26.417778,2013-08-14
4396,1328.0,2309.0,-28.1175,26.719444,2013-08-14
4397,1634.0,3284.0,-29.033333,23.983333,2013-08-14
4398,1730.0,2963.0,-28.768056,20.720556,2013-08-14
4399,3783.0,6276.0,-34.092222,21.295278,2013-08-14
4400,4176.0,7146.0,-33.13083,18.86278,2013-08-14
4401,3761.0,6459.0,-26.905,32.324722,2013-08-15
4402,1419.0,2898.0,-27.602222,29.942778,2013-08-15
4403,1520.0,2921.0,-27.398611,26.614722,2013-08-15
4404,1094.0,2354.0,-27.671111,27.236944,2013-08-15
4405,1175.0,2312.0,-27.902778,24.615556,2013-08-15
4406,1320.0,3100.0,-24.679167,30.8025,2013-08-16
4407,1334.0,2965.0,-29.744167,29.905833,2013-08-16
4408,2087.0,4673.5,-25.447222,30.711667,2013-08-18
4409,1384.5,2599.5,-25.99136,27.84208,2013-08-19
4410,1249.5,2032.5,-29.160278,26.573333,2013-08-19
4411,1792.0,2625.0,-32.502778,19.535833,2013-08-19
4412,2310.0,4377.5,-31.860278,18.6875,2013-08-20
4413,1587.5,3027.0,-22.91028,29.61111,2013-08-20
4414,1606.5,3097.5,-25.45963889,28.26430556,2013-08-20
4415,1287.5,3029.0,-25.81048333,27.90955222,2013-08-21
4416,1720.5,3623.5,-22.935,28.004167,2013-08-21
4417,1846.5,3954.0,-26.03611,30.99778,2013-08-21
4418,1144.0,2571.0,-28.75,30.442778,2013-08-21
4419,2494.0,5438.5,-29.161667,30.629722,2013-08-21
4420,1222.0,2683.0,-26.45,28.085833,2013-08-21
4421,1186.0,2397.5,-27.671111,27.236944,2013-08-21
4422,2906.5,5289.0,-33.7075,18.97444444,2013-08-21
4423,1327.5,2897.5,-27.01011111,26.69808333,2013-08-22
4424,1570.0,2982.0,-24.282222,28.090278,2013-08-22
4425,1262.5,2580.0,-27.00222,28.76528,2013-08-22
4426,1298.5,2200.5,-26.98472222,26.63227778,2013-08-22
4427,1469.0,2563.5,-28.116667,26.725278,2013-08-22
4428,2977.5,6135.5,-33.31388889,19.07472222,2013-08-22
4429,1343.5,2675.5,-26.648056,27.089444,2013-08-23
4430,1421.0,2885.0,-26.970278,27.211111,2013-08-23
4431,1470.0,2662.0,-26.880278,26.965,2013-08-23
4432,2547.0,4692.0,-30.398056,30.601944,2013-08-24
4433,1823.0,4928.0,-24.99328,30.81444,2013-08-26
4434,1582.0,3642.0,-29.380556,30.2775,2013-08-26
4435,827.0,2565.0,-26.73806,27.59194,2013-08-26
4436,1284.0,2800.0,-26.45,28.085833,2013-08-26
4437,3731.0,6548.0,-33.818056,19.694722,2013-08-26
4438,2424.0,5184.0,-34.065833,20.404167,2013-08-27
4439,1934.0,3793.0,-25.127778,27.628889,2013-08-27
4440,4942.0,7351.0,-24.69514,27.40906,2013-08-27
4441,1718.0,3143.0,-22.43772222,31.07805556,2013-08-27
4442,1804.0,3652.0,-25.681111,31.783333,2013-08-27
4443,2231.0,4723.0,-25.67386,31.57527,2013-08-27
4444,2325.0,4449.0,-28.747778,31.745833,2013-08-27
4445,1419.0,2615.0,-27.169444,29.233889,2013-08-27
4446,1254.0,2543.0,-27.00222,28.76528,2013-08-27
4447,1455.0,2612.0,-27.273889,28.49,2013-08-27
4448,1968.0,3547.0,-29.042222,24.6,2013-08-27
4449,2920.0,4725.0,-29.028629,24.638389,2013-08-27
4450,1589.0,3284.0,-29.033333,23.983333,2013-08-27
4451,586.0,1218.0,-28.760833,17.730278,2013-08-28
4452,1117.0,2015.0,-29.161667,23.696389,2013-08-28
4453,1367.0,3082.0,-25.436111,31.982222,2013-08-28
4454,1370.0,2674.0,-23.838611,31.640833,2013-08-28
4455,3041.0,5529.0,-25.398889,31.610556,2013-08-28
4456,1331.0,2762.0,-25.14944444,31.94055556,2013-08-28
4457,2704.0,5011.0,-28.801278,31.955389,2013-08-28
4458,1541.0,3567.0,-27.937778,31.209444,2013-08-28
4459,1270.0,2502.0,-28.69485,28.23487,2013-08-28
4460,1406.0,2691.0,-28.883333,27.89,2013-08-28
4461,3454.0,6289.0,-34.405833,19.600556,2013-08-28
4462,1052.0,2284.0,-28.058889,30.373611,2013-08-28
4463,1252.0,3050.0,-27.5275,30.858056,2013-08-29
4464,1426.0,2848.0,-26.970278,27.211111,2013-08-29
4465,1868.0,3520.0,-33.501667,21.624167,2013-08-29
4466,2590.0,4591.0,-34.075556,20.145556,2013-08-29
4467,1688.0,3303.0,-33.897778,20.012778,2013-08-29
4468,1337.0,3013.0,-27.01011111,26.69808333,2013-08-30
4469,1332.0,2965.0,-29.744167,29.905833,2013-08-30
4470,1396.0,2696.0,-26.648056,27.089444,2013-08-30
4471,1454.0,2562.0,-26.880278,26.965,2013-08-30
4472,1323.0,2189.0,-26.98472222,26.63227778,2013-08-30
4473,1406.0,2601.0,-25.99136,27.84208,2013-09-02
4474,1681.0,4236.0,-30.733889,29.828333,2013-09-02
4475,1228.0,2862.0,-29.7775,29.470833,2013-09-02
4476,2078.0,4020.0,-29.987778,29.851667,2013-09-02
4477,1332.0,2965.0,-29.744167,29.905833,2013-09-02
4478,1284.0,2800.0,-26.45,28.085833,2013-09-02
4479,1278.0,2354.0,-27.671111,27.236944,2013-09-02
4480,2263.0,4783.0,-31.396,29.2651,2013-09-02
4481,2514.0,5690.0,-31.554722,29.245556,2013-09-02
4482,1407.5,2735.0,-25.73411,27.21422,2013-09-03
4483,1561.0,2831.5,-27.398611,26.614722,2013-09-03
4484,1309.0,2093.5,-29.160278,26.573333,2013-09-03
4485,1531.5,3896.0,-30.568333,29.422778,2013-09-03
4486,1546.5,2875.0,-30.570833,29.150556,2013-09-03
4487,2352.5,4908.5,-31.104278,29.399722,2013-09-03
4488,1696.0,3093.5,-25.45963889,28.26430556,2013-09-03
4489,1109.5,2426.0,-28.338333,31.373611,2013-09-03
4490,1334.0,2543.5,-27.495556,26.074722,2013-09-03
4491,1131.0,2044.0,-29.161667,23.696389,2013-09-04
4492,1475.5,3191.0,-27.01011111,26.69808333,2013-09-04
4493,1298.5,3077.0,-25.81048333,27.90955222,2013-09-04
4494,1547.5,2841.0,-23.658056,31.05,2013-09-04
4495,1740.0,3744.0,-25.49037,30.6986,2013-09-04
4496,1361.5,2652.0,-27.00222,28.76528,2013-09-04
4497,1422.5,2720.5,-26.648056,27.089444,2013-09-04
4498,1421.0,2827.0,-26.970278,27.211111,2013-09-04
4499,1470.0,2644.5,-26.880278,26.965,2013-09-04
4500,1580.0,2866.0,-27.273889,28.49,2013-09-04
4501,1407.0,2422.5,-27.3,28.586944,2013-09-04
4502,1319.0,2179.0,-26.98472222,26.63227778,2013-09-04
4503,1611.5,3313.0,-29.033333,23.983333,2013-09-04
4504,815.0,1993.5,-30.336111,27.359444,2013-09-04
4505,1292.5,2252.5,-29.615556,27.065278,2013-09-04
4506,1496.5,2896.5,-31.031389,28.883333,2013-09-04
4507,1586.0,3135.5,-30.86013889,29.07125,2013-09-04
4508,1796.0,3401.0,-30.77586667,29.03221667,2013-09-04
4509,2745.5,5719.0,-34.031944,22.053333,2013-09-04
4510,3042.5,5946.5,-34.039722,22.133333,2013-09-04
4511,1682.0,3820.0,-33.08883333,19.21878333,2013-09-04
4512,1990.5,3510.0,-30.830556,26.921389,2013-09-05
4513,3261.0,5605.0,-28.44555556,32.325,2013-10-03
4514,1335.0,3000.0,-29.744167,29.905833,2013-09-05
4515,2226.5,4954.0,-30.13573889,30.67422222,2013-09-05
4516,1309.0,2093.5,-29.160278,26.573333,2013-09-05
4517,1556.0,3147.5,-30.679722,26.7125,2013-09-05
4518,1281.5,2358.5,-30.160091,27.40124,2013-09-05
4519,4177.0,7904.5,-34.02861,22.22222,2013-09-05
4520,1342.0,2691.5,-24.058889,31.237222,2013-09-06
4521,1303.5,2424.5,-27.573056,24.746389,2013-09-06
4522,1361.5,2975.5,-31.000833,26.353056,2013-09-06
4523,1933.0,4086.5,-29.803611,30.516111,2013-09-06
4524,1630.5,3599.0,-28.735556,29.820556,2013-09-09
4525,834.0,2608.5,-26.73806,27.59194,2013-09-09
4526,1289.5,2802.5,-26.45,28.085833,2013-09-09
4527,1922.5,3718.5,-33.38056,19.30167,2013-09-09
4528,1537.5,2357.0,-32.502778,19.535833,2013-09-09
4529,3398.5,5789.5,-34.005833,22.351111,2013-09-09
4530,2231.0,3926.0,-31.860278,18.6875,2013-09-10
4531,1923.0,3852.5,-25.127778,27.628889,2013-09-10
4532,4236.0,6612.0,-24.69514,27.40906,2013-09-10
4533,1731.0,3313.0,-22.769722,30.886944,2013-09-10
4534,1537.0,3223.5,-23.281,30.54305556,2013-09-10
4535,1040.5,2153.5,-27.802778,28.768333,2013-09-10
4536,3198.5,5605.5,-32.595833,19.009444,2013-09-10
4537,1145.0,2073.0,-29.161667,23.696389,2013-09-11
4538,1614.0,3369.0,-27.01011111,26.69808333,2013-09-11
4539,2443.0,4669.0,-29.641944,30.6875,2013-09-11
4540,4627.0,6877.0,-25.20639,27.558,2013-09-11
4541,2842.0,5418.0,-27.363611,31.783333,2013-09-11
4542,1416.0,2806.0,-26.970278,27.211111,2013-09-11
4543,1454.0,2562.0,-26.880278,26.965,2013-09-11
4544,1315.0,2169.0,-26.98472222,26.63227778,2013-09-11
4545,1411.0,2672.0,-28.768056,20.720556,2013-09-11
4546,4042.0,6108.0,-34.092222,21.295278,2013-09-11
4547,4170.0,6744.0,-33.13083,18.86278,2013-09-11
4548,2717.0,4828.0,-33.7075,18.97444444,2013-09-11
4549,3020.0,5524.0,-32.94583,18.33667,2013-09-11
4550,3354.0,6022.0,-26.905,32.324722,2013-09-12
4551,1425.0,3057.0,-27.602222,29.942778,2013-09-12
4552,2929.0,5565.0,-33.31388889,19.07472222,2013-09-12
4553,1315.0,2169.0,-26.98472222,26.63227778,2013-09-13
4554,1235.0,2330.0,-27.902778,24.615556,2013-09-13
4555,1476.0,2668.0,-25.99136,27.84208,2013-09-16
4556,1849.0,3807.0,-26.03611,30.99778,2013-09-16
4557,1295.0,2805.0,-26.45,28.085833,2013-09-16
4558,2099.0,4719.0,-25.447222,30.711667,2013-09-16
4559,577.0,1340.0,-28.760833,17.730278,2013-09-17
4560,1614.0,3369.0,-27.01011111,26.69808333,2013-09-17
4561,1405.0,2710.0,-25.73411,27.21422,2013-09-17
4562,1469.0,2761.0,-27.00222,28.76528,2013-09-17
4563,1449.0,2745.0,-26.648056,27.089444,2013-09-17
4564,1416.0,2806.0,-26.970278,27.211111,2013-09-17
4565,1454.0,2562.0,-26.880278,26.965,2013-09-17
4566,1315.0,2169.0,-26.98472222,26.63227778,2013-09-17
4567,1968.0,3556.0,-29.042222,24.6,2013-09-17
4568,3568.0,5669.0,-29.028629,24.638389,2013-09-17
4569,1589.0,3342.0,-29.033333,23.983333,2013-09-17
4570,1846.0,3197.0,-25.45963889,28.26430556,2013-09-17
4571,1395.0,2813.0,-25.57877778,29.12747222,2013-09-17
4572,577.0,1340.0,-28.760833,17.730278,2013-09-18
4573,1145.0,2073.0,-29.161667,23.696389,2013-09-18
4574,1282.0,2997.0,-25.81048333,27.90955222,2013-09-18
4575,3363.0,5529.0,-25.398889,31.610556,2013-09-18
4576,1317.0,2634.0,-27.935,26.126667,2013-09-18
4577,1562.0,2817.0,-27.671111,27.236944,2013-09-18
4578,1589.0,3342.0,-29.033333,23.983333,2013-09-18
4579,1173.5,2359.5,-28.75,30.442778,2013-09-19
4580,1250.5,2369.5,-27.38972222,26.46388889,2013-09-19
4581,2886.5,5416.5,-34.250556,20.9925,2013-09-19
4582,1438.5,3169.0,-29.744167,29.905833,2013-09-20
4583,1736.0,3185.5,-27.671111,27.236944,2013-09-20
4584,1351.5,2547.5,-27.573056,24.746389,2013-09-20
4585,622.0,1629.0,-28.760833,17.730278,2013-09-23
4586,2412.5,4814.0,-29.380556,30.2775,2013-09-23
4587,2939.5,5234.5,-33.818056,19.694722,2013-09-23
4588,2653.0,5284.0,-34.065833,20.404167,2013-09-24
4589,1686.0,3124.0,-24.670833,28.560833,2013-09-24
4590,1841.5,3580.0,-25.681111,31.783333,2013-09-24
4591,2429.0,5055.5,-25.67386,31.57527,2013-09-24
4592,2232.0,4416.0,-28.747778,31.745833,2013-09-24
4593,2240.5,4852.0,-29.140556,31.391944,2013-09-25
4594,1923.0,3852.5,-25.127778,27.628889,2013-09-25
4595,3372.0,5671.5,-24.69514,27.40906,2013-09-25
4596,1687.5,3735.0,-27.937778,31.209444,2013-09-25
4597,1445.0,3121.5,-28.404444,30.013056,2013-09-25
4598,1126.0,3198.0,-26.73806,27.59194,2013-09-25
4599,1301.5,2837.5,-26.45,28.085833,2013-09-25
4600,1946.0,3793.0,-33.501667,21.624167,2013-09-25
4601,1711.0,3414.5,-27.01011111,26.69808333,2013-09-26
4602,1329.5,2429.0,-22.225556,29.990556,2013-09-26
4603,1461.5,3192.0,-25.436111,31.982222,2013-09-26
4604,4385.5,6726.5,-25.20639,27.558,2013-09-26
4605,2639.0,4731.0,-28.801278,31.955389,2013-09-26
4606,1549.5,2707.5,-27.169444,29.233889,2013-09-26
4607,1443.0,2804.0,-27.00222,28.76528,2013-09-26
4608,1544.0,2842.0,-26.648056,27.089444,2013-09-26
4609,1421.0,2827.0,-26.970278,27.211111,2013-09-26
4610,1516.0,2644.5,-26.880278,26.965,2013-09-26
4611,1515.5,2585.5,-28.141944,26.417778,2013-09-26
4612,1364.0,2831.0,-28.058889,30.373611,2013-09-26
4613,1583.0,2655.0,-26.861111,28.884722,2013-09-27
4614,1257.0,2461.0,-27.902778,24.615556,2013-09-27
4615,1739.0,3140.0,-25.99136,27.84208,2013-09-30
4616,1580.0,3079.0,-29.7775,29.470833,2013-09-30
4617,2462.0,4466.0,-29.987778,29.851667,2013-09-30
4618,1539.0,3303.0,-29.744167,29.905833,2013-09-30
4619,1308.0,2870.0,-26.45,28.085833,2013-09-30
4620,1832.0,4219.0,-31.396,29.2651,2013-09-30
4621,2334.0,5448.0,-31.554722,29.245556,2013-09-30
4622,1526.0,2895.0,-24.183889,30.823889,2013-10-01
4623,1465.0,2760.0,-25.73411,27.21422,2013-10-01
4624,3769.0,6277.0,-28.44555556,32.325,2013-10-31
4625,1910.0,3554.0,-27.671111,27.236944,2013-10-01
4626,2265.0,4782.0,-30.568333,29.422778,2013-10-01
4627,1843.0,3164.0,-30.570833,29.150556,2013-10-01
4628,2401.0,4743.0,-31.104278,29.399722,2013-10-01
4629,3010.0,5569.0,-34.031944,22.053333,2013-10-01
4630,3637.0,5695.0,-34.005833,22.351111,2013-10-01
4631,1859.0,3407.0,-25.45963889,28.26430556,2013-10-01
4632,1574.0,3436.0,-28.068333,31.55,2013-10-01
4633,1117.0,2015.0,-29.161667,23.696389,2013-10-02
4634,1808.0,3460.0,-27.01011111,26.69808333,2013-10-02
4635,1475.0,3311.0,-25.81048333,27.90955222,2013-10-02
4636,1378.0,2605.0,-24.058889,31.237222,2013-10-02
4637,2012.0,4236.0,-30.733889,29.828333,2013-10-02
4638,2719.0,4824.0,-30.398056,30.601944,2013-10-02
4639,1469.0,2847.0,-27.00222,28.76528,2013-10-02
4640,1574.0,2735.0,-27.02314,28.59389,2013-10-02
4641,1861.0,3341.0,-27.273889,28.49,2013-10-02
4642,1492.0,2490.0,-27.3,28.586944,2013-10-02
4643,1176.0,2286.0,-27.802778,28.768333,2013-10-02
4644,1323.0,2189.0,-26.98472222,26.63227778,2013-10-02
4645,1633.0,2896.0,-27.398611,26.614722,2013-10-02
4646,1910.0,3554.0,-27.671111,27.236944,2013-10-02
4647,1335.0,2120.0,-29.160278,26.573333,2013-10-02
4648,1328.0,2252.0,-29.615556,27.065278,2013-10-02
4649,2006.0,3260.0,-28.883333,27.89,2013-10-02
4650,1467.0,2912.0,-31.031389,28.883333,2013-10-02
4651,1748.0,3450.0,-30.86013889,29.07125,2013-10-02
4652,1969.0,3665.0,-30.77586667,29.03221667,2013-10-02
4653,3154.0,5921.0,-34.039722,22.133333,2013-10-02
4654,4183.0,7600.0,-34.02861,22.22222,2013-10-02
4655,1378.0,2506.0,-27.495556,26.074722,2013-10-02
4656,5501.5,7598.5,-28.44555556,32.325,2014-01-16
4657,1539.0,3303.0,-29.744167,29.905833,2013-10-03
4658,1639.0,2939.0,-26.648056,27.089444,2013-10-03
4659,1416.0,2848.0,-26.970278,27.211111,2013-10-03
4660,1578.0,2727.0,-26.880278,26.965,2013-10-03
4661,1492.0,2490.0,-27.3,28.586944,2013-10-03
4662,1443.0,2606.0,-30.160091,27.40124,2013-10-03
4663,926.0,2142.0,-30.336111,27.359444,2013-10-03
4664,1328.0,2252.0,-29.615556,27.065278,2013-10-03
4665,2094.0,3919.0,-30.830556,26.921389,2013-10-04
4666,2129.0,3756.0,-30.679722,26.7125,2013-10-04
4667,2486.0,4352.0,-29.803611,30.516111,2013-10-04
4668,1679.0,4181.5,-26.73806,27.59194,2013-10-07
4669,1441.0,2922.5,-26.45,28.085833,2013-10-07
4670,1096.0,1761.5,-31.436944,20.474722,2013-10-07
4671,991.0,1974.0,-29.1825,23.575556,2013-10-07
4672,1925.0,3613.0,-33.38056,19.30167,2013-10-07
4673,1403.0,2077.0,-32.502778,19.535833,2013-10-07
4674,1999.0,3364.5,-31.860278,18.6875,2013-10-08
4675,2131.0,4087.5,-25.127778,27.628889,2013-10-08
4676,2786.0,4848.5,-24.69514,27.40906,2013-10-08
4677,1899.5,3664.5,-22.769722,30.886944,2013-10-08
4678,2062.0,4300.0,-28.735556,29.820556,2013-10-08
4679,1637.5,2872.5,-27.169444,29.233889,2013-10-08
4680,1612.5,2733.5,-26.861111,28.884722,2013-10-08
4681,1509.5,2875.5,-27.00222,28.76528,2013-10-08
4682,3917.0,5957.0,-34.092222,21.295278,2013-10-08
4683,2907.0,4735.5,-33.13083,18.86278,2013-10-08
4684,2910.5,4755.5,-32.94583,18.33667,2013-10-08
4685,1157.0,2083.5,-29.161667,23.696389,2013-10-09
4686,2678.0,4798.0,-29.641944,30.6875,2013-10-09
4687,4153.0,6528.0,-25.20639,27.558,2013-10-09
4688,3432.0,6527.5,-26.905,32.324722,2013-10-09
4689,1511.0,3086.0,-27.602222,29.942778,2013-10-09
4690,2949.0,4846.0,-33.7075,18.97444444,2013-10-09
4691,1603.5,2855.5,-23.658056,31.05,2013-10-10
4692,3828.5,6800.5,-27.363611,31.783333,2013-10-10
4693,1514.0,3108.5,-26.970278,27.211111,2013-10-10
4694,2855.5,5467.0,-33.31388889,19.07472222,2013-10-10
4695,1849.5,3747.5,-27.01011111,26.69808333,2013-10-11
4696,1954.5,3470.0,-26.648056,27.089444,2013-10-11
4697,2006.5,3189.5,-26.880278,26.965,2013-10-11
4698,1454.5,2382.5,-26.98472222,26.63227778,2013-10-11
4699,1385.0,2536.0,-27.902778,24.615556,2013-10-11
4700,1642.0,2812.0,-26.861111,28.884722,2013-10-13
4701,1976.0,3689.0,-25.99136,27.84208,2013-10-14
4702,1574.0,2975.0,-26.45,28.085833,2013-10-14
4703,1891.0,4035.0,-27.01011111,26.69808333,2013-10-15
4704,1898.0,3256.0,-25.73411,27.21422,2013-10-15
4705,3746.0,6630.0,-24.99328,30.81444,2013-10-15
4706,1843.0,3822.0,-27.5275,30.858056,2013-10-15
4707,1642.0,2812.0,-26.861111,28.884722,2013-10-15
4708,1469.0,2904.0,-27.00222,28.76528,2013-10-15
4709,2270.0,4001.0,-26.648056,27.089444,2013-10-15
4710,1612.0,3369.0,-26.970278,27.211111,2013-10-15
4711,2435.0,3652.0,-26.880278,26.965,2013-10-15
4712,1586.0,2576.0,-26.98472222,26.63227778,2013-10-15
4713,1994.0,3631.0,-25.45963889,28.26430556,2013-10-15
4714,1197.0,2152.0,-29.161667,23.696389,2013-10-16
4715,2004.0,4072.0,-25.81048333,27.90955222,2013-10-16
4716,2057.0,3779.0,-24.670833,28.560833,2013-10-16
4717,1257.0,2320.0,-28.75,30.442778,2013-10-16
4718,2875.0,5142.0,-29.161667,30.629722,2013-10-16
4719,1551.0,2525.0,-29.160278,26.573333,2013-10-16
4720,4380.0,6099.0,-29.033333,23.983333,2013-10-16
4721,2232.0,3708.0,-28.768056,20.720556,2013-10-16
4722,1197.0,2152.0,-29.161667,23.696389,2013-10-17
4723,1709.0,3417.0,-29.744167,29.905833,2013-10-17
4724,2096.0,4164.0,-27.671111,27.236944,2013-10-17
4725,2953.0,5446.0,-34.250556,20.9925,2013-10-17
4726,3736.5,6590.0,-29.380556,30.2775,2013-10-21
4727,2696.5,5138.0,-33.818056,19.694722,2013-10-21
4728,2281.5,4483.5,-27.01011111,26.69808333,2013-10-22
4729,2660.5,5146.5,-34.065833,20.404167,2013-10-22
4730,2516.0,4493.0,-25.127778,27.628889,2013-10-22
4731,3296.5,5432.0,-25.20639,27.558,2013-10-22
4732,1754.5,3486.0,-24.69514,27.40906,2013-10-22
4733,2557.0,4394.5,-26.648056,27.089444,2013-10-22
4734,1891.5,3543.5,-26.970278,27.211111,2013-10-22
4735,2352.5,3612.5,-26.880278,26.965,2013-10-22
4736,1956.0,4661.5,-26.73806,27.59194,2013-10-22
4737,1610.5,3054.5,-26.45,28.085833,2013-10-22
4738,1626.5,2596.0,-26.98472222,26.63227778,2013-10-22
4739,1881.0,3183.0,-28.141944,26.417778,2013-10-22
4740,3639.0,5273.0,-29.042222,24.6,2013-10-22
4741,5194.0,6841.5,-29.028629,24.638389,2013-10-22
4742,2381.0,4347.5,-33.501667,21.624167,2013-10-22
4743,2162.0,4287.0,-34.075556,20.145556,2013-10-22
4744,803.0,1647.5,-28.760833,17.730278,2013-10-23
4745,1173.5,2089.5,-29.161667,23.696389,2013-10-23
4746,3006.0,5228.0,-29.140556,31.391944,2013-10-23
4747,3150.0,4977.0,-28.801278,31.955389,2013-10-23
4748,2024.5,3441.0,-27.169444,29.233889,2013-10-23
4749,1870.0,3120.5,-26.861111,28.884722,2013-10-23
4750,1916.0,3415.5,-27.00222,28.76528,2013-10-23
4751,1891.5,3543.5,-26.970278,27.211111,2013-10-23
4752,1394.0,2519.5,-27.38972222,26.46388889,2013-10-23
4753,1626.5,2596.0,-26.98472222,26.63227778,2013-10-23
4754,2178.0,3693.0,-27.398611,26.614722,2013-10-23
4755,2077.0,4146.0,-27.671111,27.236944,2013-10-23
4756,3460.0,5995.0,-34.405833,19.600556,2013-10-23
4757,1866.5,3425.0,-28.058889,30.373611,2013-10-23
4758,2913.5,5162.0,-33.897778,20.012778,2013-10-23
4759,3216.0,5379.0,-28.747778,31.745833,2013-10-24
4760,2175.0,4361.5,-27.5275,30.858056,2013-10-24
4761,2123.0,3476.5,-28.116667,26.725278,2013-10-24
4762,2722.5,5218.5,-34.329722,18.990278,2013-10-24
4763,1772.0,2969.5,-27.573056,24.746389,2013-10-25
4764,2013.0,3792.5,-25.99136,27.84208,2013-10-28
4765,2033.0,4091.0,-29.7775,29.470833,2013-10-28
4766,2640.0,4730.5,-29.987778,29.851667,2013-10-28
4767,1774.0,3567.0,-29.744167,29.905833,2013-10-28
4768,1610.5,3054.5,-26.45,28.085833,2013-10-28
4769,2672.0,4932.0,-27.01011111,26.69808333,2013-10-29
4770,1907.0,3573.0,-25.73411,27.21422,2013-10-29
4771,3174.0,5824.0,-30.733889,29.828333,2013-10-29
4772,2363.0,3927.0,-27.00222,28.76528,2013-10-29
4773,2844.0,4788.0,-26.648056,27.089444,2013-10-29
4774,2171.0,3718.0,-26.970278,27.211111,2013-10-29
4775,2435.0,3652.0,-26.880278,26.965,2013-10-29
4776,1414.0,2865.0,-27.802778,28.768333,2013-10-29
4777,1667.0,2616.0,-26.98472222,26.63227778,2013-10-29
4778,2953.0,4821.0,-25.45963889,28.26430556,2013-10-29
4779,1774.0,3564.0,-28.338333,31.373611,2013-10-29
4780,2364.0,4510.0,-28.068333,31.55,2013-10-29
4781,2308.0,4925.0,-25.81048333,27.90955222,2013-10-30
4782,2094.0,3919.0,-30.830556,26.921389,2013-10-30
4783,3341.0,6022.0,-30.398056,30.601944,2013-10-30
4784,1898.0,3220.0,-30.160091,27.40124,2013-10-30
4785,1087.0,2360.0,-30.336111,27.359444,2013-10-30
4786,2750.0,4193.0,-28.883333,27.89,2013-10-30
4787,2232.0,3708.0,-28.768056,20.720556,2013-10-30
4788,2722.0,5565.0,-31.104278,29.399722,2013-10-30
4789,2536.0,4865.0,-31.396,29.2651,2013-10-30
4790,4298.0,7379.0,-31.554722,29.245556,2013-10-30
4791,6330.5,7957.5,-28.44555556,32.325,2014-02-13
4792,2637.0,5187.0,-30.13573889,30.67422222,2013-10-31
4793,3478.0,5526.0,-28.69485,28.23487,2013-10-31
4794,2750.0,4193.0,-28.883333,27.89,2013-10-31
4795,1177.0,1884.0,-31.436944,20.474722,2013-10-31
4796,2227.0,3979.0,-30.570833,29.150556,2013-10-31
4797,1839.0,3717.0,-29.744167,29.905833,2013-11-01
4798,2595.0,5203.0,-30.568333,29.422778,2013-11-01
4799,1769.0,3448.0,-31.031389,28.883333,2013-11-01
4800,2554.0,5333.0,-30.77586667,29.03221667,2013-11-01
4801,4135.0,6924.0,-29.803611,30.516111,2013-11-01
4802,1979.0,4791.0,-26.73806,27.59194,2013-11-04
4803,1647.0,3134.0,-26.45,28.085833,2013-11-04
4804,1945.0,3327.0,-27.3,28.586944,2013-11-04
4805,1667.0,2616.0,-26.98472222,26.63227778,2013-11-04
4806,2047.0,3627.0,-33.38056,19.30167,2013-11-04
4807,1443.0,2159.0,-32.502778,19.535833,2013-11-04
4808,2672.0,4932.0,-27.01011111,26.69808333,2013-11-05
4809,1807.0,2977.0,-31.860278,18.6875,2013-11-05
4810,2400.0,4633.0,-24.679167,30.8025,2013-11-05
4811,3360.0,5712.0,-33.980556,21.653333,2013-11-05
4812,2682.0,4723.0,-25.127778,27.628889,2013-11-05
4813,1666.0,3058.0,-24.39619444,27.08983333,2013-11-05
4814,1151.0,2745.0,-24.69514,27.40906,2013-11-05
4815,2334.0,3891.0,-27.169444,29.233889,2013-11-05
4816,2098.0,3429.0,-26.861111,28.884722,2013-11-05
4817,1667.0,2616.0,-26.98472222,26.63227778,2013-11-05
4818,2215.0,3843.0,-27.398611,26.614722,2013-11-05
4819,2096.0,4164.0,-27.671111,27.236944,2013-11-05
4820,2832.0,4882.0,-32.595833,19.009444,2013-11-05
4821,3874.5,6412.5,-29.641944,30.6875,2013-11-06
4822,2701.0,4312.0,-25.20639,27.558,2013-11-06
4823,2354.0,4329.5,-27.00222,28.76528,2013-11-06
4824,2556.0,4466.5,-27.02314,28.59389,2013-11-06
4825,2154.0,3890.5,-26.970278,27.211111,2013-11-06
4826,2459.5,3873.0,-26.880278,26.965,2013-11-06
4827,3361.0,5346.0,-27.273889,28.49,2013-11-06
4828,2296.0,3663.5,-27.4275,28.525833,2013-11-06
4829,2315.5,3489.0,-33.13083,18.86278,2013-11-06
4830,2949.0,4844.5,-33.7075,18.97444444,2013-11-06
4831,2831.5,4451.0,-32.94583,18.33667,2013-11-06
4832,1863.0,3340.0,-24.058889,31.237222,2013-11-07
4833,1892.5,3796.5,-27.602222,29.942778,2013-11-07
4834,2177.5,3462.5,-27.3,28.586944,2013-11-07
4835,1522.0,2760.0,-27.902778,24.615556,2013-11-07
4836,3364.0,5714.5,-28.69485,28.23487,2013-11-07
4837,2597.5,4973.0,-33.31388889,19.07472222,2013-11-07
4838,1864.5,3216.0,-27.573056,24.746389,2013-11-08
4839,1864.5,3216.0,-27.573056,24.746389,2013-11-10
4840,803.0,1647.5,-28.760833,17.730278,2013-11-11
4841,1231.5,2070.5,-29.161667,23.696389,2013-11-11
4842,2237.0,4410.0,-25.99136,27.84208,2013-11-11
4843,2488.5,4149.5,-26.861111,28.884722,2013-11-11
4844,2502.0,4286.5,-30.86013889,29.07125,2013-11-11
4845,2656.5,5044.0,-27.01011111,26.69808333,2013-11-12
4846,2169.5,3753.5,-25.73411,27.21422,2013-11-12
4847,2557.5,4537.0,-22.769722,30.886944,2013-11-12
4848,2354.0,4329.5,-27.00222,28.76528,2013-11-12
4849,3195.0,4978.5,-26.648056,27.089444,2013-11-12
4850,2154.0,3890.5,-26.970278,27.211111,2013-11-12
4851,2459.5,3873.0,-26.880278,26.965,2013-11-12
4852,1701.0,2621.0,-26.98472222,26.63227778,2013-11-12
4853,2316.0,4125.5,-33.08883333,19.21878333,2013-11-12
4854,3034.5,4909.5,-25.45963889,28.26430556,2013-11-12
4855,1231.5,2070.5,-29.161667,23.696389,2013-11-13
4856,2589.5,5113.5,-25.81048333,27.90955222,2013-11-13
4857,1919.0,3557.0,-22.43772222,31.07805556,2013-11-13
4858,1266.5,2378.5,-28.75,30.442778,2013-11-13
4859,3330.0,6709.0,-29.161667,30.629722,2013-11-13
4860,2329.0,3665.0,-28.141944,26.417778,2013-11-13
4861,1985.0,3279.0,-28.1175,26.719444,2013-11-13
4862,1834.5,2959.0,-29.160278,26.573333,2013-11-13
4863,5584.0,6917.5,-29.033333,23.983333,2013-11-13
4864,4402.0,7802.5,-34.02861,22.22222,2013-11-13
4865,4479.0,6436.0,-34.005833,22.351111,2013-11-13
4866,2455.0,4022.0,-23.658056,31.05,2013-11-14
4867,2190.0,4321.0,-29.744167,29.905833,2013-11-14
4868,3853.0,6001.0,-27.273889,28.49,2013-11-14
4869,2327.0,3613.0,-27.4275,28.525833,2013-11-14
4870,2410.0,3598.0,-27.3,28.586944,2013-11-14
4871,2285.0,4048.0,-27.398611,26.614722,2013-11-14
4872,2096.0,4262.0,-27.671111,27.236944,2013-11-14
4873,3021.0,5818.0,-34.031944,22.053333,2013-11-15
4874,2928.0,6010.0,-34.039722,22.133333,2013-11-15
4875,2450.0,4630.0,-24.925278,29.324444,2013-11-18
4876,4634.0,7469.0,-29.380556,30.2775,2013-11-18
4877,1933.0,4532.0,-26.73806,27.59194,2013-11-18
4878,2332.0,4195.0,-26.45,28.085833,2013-11-18
4879,4273.0,6375.0,-33.870833,20.003333,2013-11-18
4880,2718.0,5077.0,-33.818056,19.694722,2013-11-18
4881,2672.0,5156.0,-27.01011111,26.69808333,2013-11-19
4882,2655.0,4894.0,-34.065833,20.404167,2013-11-19
4883,2488.0,3939.0,-25.20639,27.558,2013-11-19
4884,1151.0,2745.0,-24.69514,27.40906,2013-11-19
4885,4578.0,7078.0,-28.747778,31.745833,2013-11-19
4886,2354.0,3935.0,-27.169444,29.233889,2013-11-19
4887,2879.0,4870.0,-26.861111,28.884722,2013-11-19
4888,2363.0,4732.0,-27.00222,28.76528,2013-11-19
4889,3546.0,5169.0,-26.648056,27.089444,2013-11-19
4890,2171.0,4063.0,-26.970278,27.211111,2013-11-19
4891,2435.0,3652.0,-26.880278,26.965,2013-11-19
4892,2410.0,3598.0,-27.3,28.586944,2013-11-19
4893,1735.0,2626.0,-26.98472222,26.63227778,2013-11-19
4894,2096.0,4262.0,-27.671111,27.236944,2013-11-19
4895,2763.0,4865.0,-31.396,29.2651,2013-11-19
4896,5181.0,7686.0,-31.554722,29.245556,2013-11-19
4897,2120.0,4121.0,-34.075556,20.145556,2013-11-19
4898,1313.0,2114.0,-29.161667,23.696389,2013-11-20
4899,2745.0,5252.0,-25.127778,27.628889,2013-11-20
4900,3965.0,6371.0,-28.801278,31.955389,2013-11-20
4901,2829.0,5243.0,-27.937778,31.209444,2013-11-20
4902,2228.0,4659.0,-28.404444,30.013056,2013-11-20
4903,3853.0,6001.0,-27.273889,28.49,2013-11-20
4904,3326.0,4799.0,-28.883333,27.89,2013-11-20
4905,3528.0,6089.0,-30.568333,29.422778,2013-11-20
4906,3290.0,5873.0,-31.104278,29.399722,2013-11-20
4907,2953.0,5511.0,-34.250556,20.9925,2013-11-20
4908,2467.0,5053.0,-34.329722,18.990278,2013-11-20
4909,3143.0,5331.0,-25.57877778,29.12747222,2013-11-20
4910,3124.0,5974.0,-27.5275,30.858056,2013-11-21
4911,3061.0,4575.0,-28.116667,26.725278,2013-11-21
4912,3250.0,5903.0,-28.69485,28.23487,2013-11-21
4913,3091.0,4923.0,-30.86013889,29.07125,2013-11-21
4914,3086.0,4860.0,-30.570833,29.150556,2013-11-21
4915,4397.0,6445.0,-30.77586667,29.03221667,2013-11-21
4916,3116.0,5346.0,-34.405833,19.600556,2013-11-21
4917,2984.0,5086.0,-33.897778,20.012778,2013-11-21
4918,1558.5,2977.5,-27.902778,24.615556,2013-11-22
4919,2622.0,4183.0,-31.031389,28.883333,2013-11-22
4920,2573.5,4678.5,-28.058889,30.373611,2013-11-22
4921,2909.0,5372.5,-25.99136,27.84208,2013-11-25
4922,2717.0,4887.0,-29.7775,29.470833,2013-11-25
4923,2267.5,4908.0,-29.744167,29.905833,2013-11-25
4924,2656.0,4765.5,-26.45,28.085833,2013-11-25
4925,3917.0,6046.0,-29.042222,24.6,2013-11-25
4926,1981.0,3460.0,-33.38056,19.30167,2013-11-25
4927,1410.5,2015.0,-32.502778,19.535833,2013-11-25
4928,2475.0,4338.0,-28.338333,31.373611,2013-11-25
4929,2785.5,4983.5,-28.068333,31.55,2013-11-25
4930,1161.0,2511.0,-28.1175,26.719444,2011-07-26
4931,1351.5,2699.0,-28.1175,26.719444,2011-08-23
4932,1443.0,2887.0,-28.1175,26.719444,2011-08-30
4933,1809.0,3277.0,-28.1175,26.719444,2011-09-21
4934,1957.0,3534.0,-28.1175,26.719444,2011-09-29
4935,2082.0,3649.0,-28.1175,26.719444,2011-11-17
4936,2837.5,5190.0,-27.01011111,26.69808333,2013-11-26
4937,1776.5,2836.5,-31.860278,18.6875,2013-11-26
4938,2498.0,4089.0,-25.73411,27.21422,2013-11-26
4939,3999.0,6376.0,-30.733889,29.828333,2013-11-26
4940,4068.0,6753.0,-29.987778,29.851667,2013-11-26
4941,2526.0,4743.0,-27.00222,28.76528,2013-11-26
4942,1338.0,2906.0,-28.1175,26.719444,2012-06-07
4943,2322.0,4130.0,-26.970278,27.211111,2013-11-26
4944,2621.0,4323.5,-26.880278,26.965,2013-11-26
4945,2151.5,3519.0,-26.98472222,26.63227778,2013-11-26
4946,1943.0,3298.0,-29.160278,26.573333,2013-11-26
4947,4092.0,5714.0,-29.028629,24.638389,2013-11-26
4948,3559.0,5915.0,-28.69485,28.23487,2013-11-26
4949,1048.5,2355.0,-28.1175,26.719444,2012-07-17
4950,2900.5,4803.5,-33.501667,21.624167,2013-11-26
4951,2708.5,4641.0,-32.595833,19.009444,2013-11-26
4952,1264.0,2430.0,-28.1175,26.719444,2012-09-17
4953,3271.0,5632.5,-25.45963889,28.26430556,2013-11-26
4954,1371.5,2273.0,-29.161667,23.696389,2013-11-27
4955,2977.5,5507.0,-25.81048333,27.90955222,2013-11-27
4956,4080.0,6346.5,-24.670833,28.560833,2013-11-27
4957,4690.5,7353.0,-30.398056,30.601944,2013-11-27
4958,3476.5,5457.0,-26.861111,28.884722,2013-11-27
4959,4023.0,5920.5,-29.033333,23.983333,2013-11-27
4960,3559.0,5915.0,-28.69485,28.23487,2013-11-27
4961,3160.5,4820.5,-29.615556,27.065278,2013-11-27
4962,3317.0,4734.5,-28.883333,27.89,2013-11-27
4963,3087.5,4720.5,-33.7075,18.97444444,2013-11-27
4964,2715.5,4217.5,-32.94583,18.33667,2013-11-27
4965,3142.0,5224.5,-24.282222,28.090278,2013-11-28
4966,4152.5,6880.5,-30.13573889,30.67422222,2013-11-28
4967,1326.0,2452.5,-28.1175,26.719444,2013-07-18
4968,2255.0,4640.5,-33.31388889,19.07472222,2013-11-28
4969,2315.5,3445.0,-33.13083,18.86278,2013-11-28
4970,2267.5,4908.0,-29.744167,29.905833,2013-11-29
4971,4384.5,7366.5,-29.803611,30.516111,2013-11-29
4972,2293.0,4841.0,-26.73806,27.59194,2013-12-01
4973,3519.0,5642.0,-28.735556,29.820556,2013-12-02
4974,2980.0,5336.0,-26.45,28.085833,2013-12-02
4975,3088.0,5540.0,-25.127778,27.628889,2013-12-03
4976,1747.0,3485.0,-24.69514,27.40906,2013-12-03
4977,4401.0,6035.0,-27.273889,28.49,2013-12-03
4978,3193.0,4794.0,-27.4275,28.525833,2013-12-03
4979,2533.0,3982.0,-27.3,28.586944,2013-12-03
4980,2901.0,4951.0,-27.398611,26.614722,2013-12-03
4981,2366.0,4287.0,-30.160091,27.40124,2013-12-03
4982,1160.0,2710.0,-30.336111,27.359444,2013-12-03
4983,2637.0,4524.0,-33.08883333,19.21878333,2013-12-03
4984,2694.0,4827.0,-27.4,26.624722,2013-12-03
4985,1313.0,2114.0,-29.161667,23.696389,2013-12-04
4986,3003.0,5224.0,-27.01011111,26.69808333,2013-12-04
4987,4872.0,6700.0,-29.641944,30.6875,2013-12-04
4988,1438.5,2800.0,-28.1175,26.719444,2014-05-19
4989,1278.5,2463.5,-28.1175,26.719444,2014-06-03
4990,2488.0,3939.0,-25.20639,27.558,2013-12-04
4991,5145.0,7729.0,-27.363611,31.783333,2013-12-04
4992,3588.0,6245.0,-26.648056,27.089444,2013-12-04
4993,2473.0,4197.0,-26.970278,27.211111,2013-12-04
4994,2807.0,4995.0,-26.880278,26.965,2013-12-04
4995,2568.0,4412.0,-26.98472222,26.63227778,2013-12-04
4996,1844.0,3913.0,-31.000833,26.353056,2013-12-04
4997,2565.0,4473.0,-30.679722,26.7125,2013-12-04
4998,1073.5,2021.0,-28.1175,26.719444,2014-08-06
4999,2928.0,6010.0,-34.039722,22.133333,2013-12-04
5000,657.0,1372.5,-28.760833,17.730278,2013-12-05
5001,5658.5,7982.0,-26.905,32.324722,2013-12-05
5002,3083.0,5216.0,-28.116667,26.725278,2013-12-05
5003,2899.0,5479.0,-34.250556,20.9925,2013-12-05
5004,3972.0,5753.5,-34.092222,21.295278,2013-12-05
5005,2738.0,4445.5,-23.658056,31.05,2013-12-06
5006,3192.5,5227.0,-23.281,30.54305556,2013-12-06
5007,3453.5,5647.5,-27.02314,28.59389,2013-12-07
5008,3737.0,5863.0,-25.99136,27.84208,2013-12-09
5009,3319.5,5550.0,-27.935,26.126667,2013-12-09
5010,3660.0,5440.0,-28.141944,26.417778,2013-12-09
5011,2603.5,4870.0,-28.1175,26.719444,2013-12-09
5012,3083.0,5216.0,-28.116667,26.725278,2013-12-09
5013,2512.0,4417.0,-25.73411,27.21422,2013-12-10
5014,3993.5,6379.5,-25.45963889,28.26430556,2013-12-10
5015,3307.5,5391.5,-27.01011111,26.69808333,2013-12-11
5016,3369.0,5927.5,-25.81048333,27.90955222,2013-12-11
5017,3778.0,6420.0,-28.116667,26.725278,2011-02-22
5018,3546.5,5721.5,-24.183889,30.823889,2013-12-11
5019,1940.5,3340.0,-24.058889,31.237222,2013-12-11
5020,1467.0,2783.0,-28.116667,26.725278,2011-07-26
5021,1572.5,3120.5,-28.116667,26.725278,2011-08-23
5022,2061.0,3760.0,-28.116667,26.725278,2011-09-21
5023,2303.0,3922.0,-28.116667,26.725278,2011-10-18
5024,3304.5,5241.5,-28.116667,26.725278,2011-12-14
5025,3763.0,6212.0,-28.116667,26.725278,2012-01-18
5026,2799.0,5673.0,-28.116667,26.725278,2012-02-15
5027,2743.0,5054.5,-28.116667,26.725278,2012-03-14
5028,4108.0,7159.5,-26.03611,30.99778,2013-12-11
5029,3432.5,6092.5,-27.5275,30.858056,2013-12-11
5030,2353.0,3789.5,-28.75,30.442778,2013-12-11
5031,1802.0,3729.0,-28.116667,26.725278,2012-05-09
5032,1644.5,3232.0,-28.116667,26.725278,2012-05-29
5033,1565.0,3025.0,-28.116667,26.725278,2012-06-06
5034,1436.5,2884.0,-28.116667,26.725278,2012-06-14
5035,1436.5,2884.0,-28.116667,26.725278,2012-06-21
5036,1242.0,2704.0,-28.116667,26.725278,2012-07-04
5037,1162.0,2601.5,-28.116667,26.725278,2012-08-01
5038,1404.0,2620.0,-28.116667,26.725278,2012-08-29
5039,1415.0,2808.0,-28.116667,26.725278,2012-09-17
5040,2143.5,3886.5,-28.116667,26.725278,2012-10-24
5041,2591.0,4201.0,-28.116667,26.725278,2012-11-15
5042,2746.0,5386.5,-28.404444,30.013056,2013-12-11
5043,2676.5,4508.5,-28.116667,26.725278,2012-11-21
5044,2912.0,4767.0,-28.116667,26.725278,2013-01-31
5045,2831.5,4655.0,-28.116667,26.725278,2013-02-08
5046,2751.0,4543.0,-28.116667,26.725278,2013-02-20
5047,2751.5,4894.0,-28.116667,26.725278,2013-03-14
5048,2752.0,5245.0,-28.116667,26.725278,2013-03-21
5049,4171.5,7036.5,-29.161667,30.629722,2013-12-11
5050,3590.5,6438.0,-26.648056,27.089444,2013-12-11
5051,2752.0,5209.0,-28.116667,26.725278,2013-04-24
5052,3306.5,5134.0,-26.970278,27.211111,2013-12-11
5053,3008.5,4995.0,-26.880278,26.965,2013-12-11
5054,2390.5,4326.5,-27.38972222,26.46388889,2013-12-11
5055,3028.5,4651.0,-26.98472222,26.63227778,2013-12-11
5056,1507.0,2753.0,-28.116667,26.725278,2013-07-16
5057,1478.0,2545.0,-28.116667,26.725278,2013-08-14
5058,3660.0,5440.0,-28.141944,26.417778,2013-12-11
5059,1577.0,2771.0,-28.116667,26.725278,2013-09-26
5060,2123.0,3476.5,-28.116667,26.725278,2013-10-22
5061,2603.5,4870.0,-28.1175,26.719444,2013-12-11
5062,2760.0,4770.0,-27.671111,27.236944,2013-12-11
5063,2272.5,3620.0,-28.768056,20.720556,2013-12-11
5064,3842.0,6640.5,-27.356667,27.286389,2013-12-11
5065,3949.0,5768.0,-24.679167,30.8025,2013-12-12
5066,3650.0,6180.5,-27.937778,31.209444,2013-12-12
5067,2692.5,5602.5,-29.744167,29.905833,2013-12-12
5068,3028.5,4651.0,-26.98472222,26.63227778,2013-12-12
5069,3061.0,5290.0,-27.398611,26.614722,2013-12-12
5070,2752.0,5933.0,-34.031944,22.053333,2013-12-13
5071,3519.0,6243.0,-28.735556,29.820556,2013-12-17
5072,3417.0,5666.0,-27.935,26.126667,2013-12-17
5073,4059.0,5689.0,-28.141944,26.417778,2013-12-17
5074,2883.0,5290.0,-28.1175,26.719444,2013-12-17
5075,3105.0,5309.0,-28.116667,26.725278,2013-12-17
5076,3097.0,5541.5,-28.116667,26.725278,2014-04-02
5077,1990.0,3335.0,-29.160278,26.573333,2013-12-17
5078,4546.0,6105.0,-29.042222,24.6,2013-12-17
5079,2295.0,4158.0,-29.028629,24.638389,2013-12-17
5080,6874.0,7956.0,-29.033333,23.983333,2013-12-17
5081,2924.0,5000.0,-33.501667,21.624167,2013-12-17
5082,3612.0,5559.0,-27.01011111,26.69808333,2013-12-18
5083,2113.0,3301.0,-22.225556,29.990556,2013-12-18
5084,4589.0,6412.0,-25.127778,27.628889,2013-12-18
5085,1624.0,2968.0,-28.116667,26.725278,2014-05-20
5086,4482.0,7279.0,-25.20639,27.558,2013-12-18
5087,2459.0,4280.0,-24.39619444,27.08983333,2013-12-18
5088,1314.0,2389.5,-28.116667,26.725278,2014-07-02
5089,2875.0,4618.0,-24.69514,27.40906,2013-12-18
5090,1288.0,2328.0,-28.116667,26.725278,2014-07-15
5091,2940.0,5835.0,-27.602222,29.942778,2013-12-18
5092,5192.0,7317.0,-29.380556,30.2775,2013-12-18
5093,1271.0,2157.0,-28.116667,26.725278,2014-07-29
5094,1299.0,2247.5,-28.116667,26.725278,2014-08-18
5095,1299.0,2247.5,-28.116667,26.725278,2014-08-20
5096,3593.0,6631.0,-26.648056,27.089444,2013-12-18
5097,1327.0,2338.0,-28.116667,26.725278,2014-08-26
5098,4140.0,6071.0,-26.970278,27.211111,2013-12-18
5099,1332.5,2423.5,-28.116667,26.725278,2014-09-09
5100,3210.0,4995.0,-26.880278,26.965,2013-12-18
5101,2949.0,5100.0,-27.671111,27.236944,2013-12-18
5102,1850.0,2970.0,-28.116667,26.725278,2014-10-15
5103,2021.0,3358.0,-24.058889,31.237222,2013-12-19
5104,3110.5,5443.0,-28.116667,26.725278,2014-11-10
5105,4058.0,6412.5,-28.116667,26.725278,2014-11-24
5106,4058.0,6412.5,-28.116667,26.725278,2014-11-25
5107,2217.5,3881.0,-22.43772222,31.07805556,2013-12-22
5108,4282.0,6644.0,-28.116667,26.725278,2015-01-05
5109,3737.0,5863.0,-25.99136,27.84208,2013-12-23
5110,3575.5,5740.5,-26.970278,27.211111,2013-12-23
5111,3008.5,4995.0,-26.880278,26.965,2013-12-23
5112,3993.5,6379.5,-25.45963889,28.26430556,2013-12-23
5113,3336.5,5357.5,-27.01011111,26.69808333,2013-12-24
5114,3398.0,6076.0,-25.81048333,27.90955222,2013-12-24
5115,2842.0,5398.0,-28.116667,26.725278,2015-03-10
5116,2583.5,4669.5,-25.73411,27.21422,2013-12-24
5117,3745.5,6438.0,-26.648056,27.089444,2013-12-24
5118,3115.5,4651.0,-26.98472222,26.63227778,2013-12-24
5119,2528.0,4914.0,-28.116667,26.725278,2015-04-14
5120,2528.0,4914.0,-28.116667,26.725278,2015-04-15
5121,1417.0,3021.0,-28.116667,26.725278,2015-06-09
5122,1218.0,2578.0,-28.116667,26.725278,2015-06-24
5123,1149.5,2438.0,-28.116667,26.725278,2015-07-22
5124,1101.0,2351.0,-28.116667,26.725278,2015-08-12
5125,1229.5,2429.5,-28.116667,26.725278,2015-08-20
5126,1360.5,2575.0,-28.116667,26.725278,2015-09-08
5127,1757.0,3175.0,-28.116667,26.725278,2015-10-15
5128,1968.0,3620.0,-28.116667,26.725278,2015-11-03
5129,2053.5,3670.0,-28.116667,26.725278,2015-11-10
5130,1513.5,2538.5,-29.161667,23.696389,2013-12-25
5131,702.5,1080.5,-28.96362,19.15486,2013-12-28
5132,2685.5,4870.0,-28.1175,26.719444,2013-12-30
5133,1533.0,2554.0,-29.161667,23.696389,2014-01-01
5134,2645.0,4731.0,-29.140556,31.391944,2014-01-01
5135,5198.0,6896.0,-28.747778,31.745833,2014-01-01
5136,3465.0,5687.0,-25.99136,27.84208,2014-01-06
5137,5393.0,7373.0,-26.45,28.085833,2014-01-06
5138,3058.0,5188.5,-27.935,26.126667,2014-01-06
5139,3526.0,5146.5,-28.141944,26.417778,2014-01-06
5140,2685.5,4747.0,-28.1175,26.719444,2014-01-06
5141,3386.0,5507.5,-28.116667,26.725278,2014-01-06
5142,4040.5,6428.5,-27.169444,29.233889,2014-01-07
5143,4635.0,6837.0,-26.861111,28.884722,2014-01-07
5144,4016.0,6126.0,-27.273889,28.49,2014-01-07
5145,4173.5,6034.0,-25.45963889,28.26430556,2014-01-07
5146,1585.5,2602.0,-29.161667,23.696389,2014-01-08
5147,3612.0,5559.0,-27.01011111,26.69808333,2014-01-08
5148,3541.5,6076.0,-25.81048333,27.90955222,2014-01-08
5149,2939.0,4897.5,-29.140556,31.391944,2014-01-08
5150,4673.5,7334.0,-28.801278,31.955389,2014-01-08
5151,2477.0,4097.0,-28.75,30.442778,2014-01-08
5152,2995.5,5594.5,-28.404444,30.013056,2014-01-08
5153,3064.0,5778.0,-29.744167,29.905833,2014-01-08
5154,4147.0,6744.5,-29.161667,30.629722,2014-01-08
5155,4031.0,6431.5,-27.00222,28.76528,2014-01-08
5156,3330.5,5778.0,-27.02314,28.59389,2014-01-08
5157,3745.5,6134.0,-26.648056,27.089444,2014-01-08
5158,3988.0,6071.0,-26.970278,27.211111,2014-01-08
5159,3161.0,4995.0,-26.880278,26.965,2014-01-08
5160,4016.0,6126.0,-27.273889,28.49,2014-01-08
5161,3903.0,6141.0,-27.4275,28.525833,2014-01-08
5162,4475.0,6097.0,-27.3,28.586944,2014-01-08
5163,3530.0,5281.0,-26.98472222,26.63227778,2014-01-08
5164,4269.0,6528.0,-27.044444,27.005,2014-01-08
5165,3988.0,6338.0,-28.69485,28.23487,2014-01-08
5166,4465.0,6239.5,-29.615556,27.065278,2014-01-08
5167,2272.5,3642.0,-28.768056,20.720556,2014-01-08
5168,3014.0,5396.5,-28.058889,30.373611,2014-01-08
5169,4097.0,6743.0,-27.937778,31.209444,2014-01-09
5170,3423.0,6092.5,-27.5275,30.858056,2014-01-09
5171,3560.0,5824.5,-30.679722,26.7125,2014-01-09
5172,2700.0,4637.5,-30.160091,27.40124,2014-01-09
5173,2432.5,4394.0,-30.336111,27.359444,2014-01-09
5174,2671.0,4475.0,-27.671111,27.236944,2014-01-10
5175,1669.0,3178.5,-30.534167,24.961944,2014-01-10
5176,4226.5,7244.5,-29.380556,30.2775,2014-01-13
5177,2778.5,5150.5,-26.73806,27.59194,2014-01-13
5178,5393.0,7373.0,-26.45,28.085833,2014-01-13
5179,3530.0,5281.0,-26.98472222,26.63227778,2014-01-13
5180,3612.0,5559.0,-27.01011111,26.69808333,2014-01-14
5181,4182.0,6590.0,-29.641944,30.6875,2014-01-14
5182,4589.0,6412.0,-25.127778,27.628889,2014-01-14
5183,5236.0,7298.5,-25.20639,27.558,2014-01-14
5184,4661.5,7009.0,-24.69514,27.40906,2014-01-14
5185,2868.5,4752.5,-25.73411,27.21422,2014-01-14
5186,2109.0,4313.0,-24.058889,31.237222,2014-01-14
5187,4635.0,6837.0,-26.861111,28.884722,2014-01-14
5188,3745.5,6134.0,-26.648056,27.089444,2014-01-14
5189,3988.0,6071.0,-26.970278,27.211111,2014-01-14
5190,3161.0,4995.0,-26.880278,26.965,2014-01-14
5191,3530.0,5281.0,-26.98472222,26.63227778,2014-01-14
5192,2685.5,4747.0,-28.1175,26.719444,2014-01-14
5193,4269.0,6528.0,-27.044444,27.005,2014-01-14
5194,2545.0,4733.0,-31.396,29.2651,2014-01-14
5195,5153.0,8091.0,-31.554722,29.245556,2014-01-14
5196,2297.5,4231.0,-34.075556,20.145556,2014-01-14
5197,1594.0,3131.5,-28.338333,31.373611,2014-01-14
5198,3488.0,6038.0,-28.068333,31.55,2014-01-14
5199,1585.5,2602.0,-29.161667,23.696389,2014-01-15
5200,3067.5,5395.5,-24.39619444,27.08983333,2014-01-15
5201,4431.5,7500.0,-30.568333,29.422778,2014-01-15
5202,4424.5,6614.0,-30.570833,29.150556,2014-01-15
5203,3204.0,6290.5,-31.104278,29.399722,2014-01-15
5204,3718.5,5305.0,-22.769722,30.886944,2014-01-16
5205,6574.0,7991.5,-28.44555556,32.325,2014-03-12
5206,3058.0,5188.5,-27.935,26.126667,2014-01-16
5207,3526.0,5146.5,-28.141944,26.417778,2014-01-16
5208,3070.0,5647.5,-30.86013889,29.07125,2014-01-16
5209,3493.5,6144.5,-30.77586667,29.03221667,2014-01-16
5210,1420.0,3258.0,-23.838611,31.640833,2014-01-17
5211,2740.0,5138.0,-27.902778,24.615556,2014-01-17
5212,3058.0,5231.0,-31.031389,28.883333,2014-01-17
5213,4119.0,5782.0,-29.042222,24.6,2014-01-20
5214,5705.0,7431.0,-29.033333,23.983333,2014-01-20
5215,604.0,1406.0,-28.760833,17.730278,2014-01-21
5216,4030.0,6360.0,-24.670833,28.560833,2014-01-21
5217,2993.0,4604.0,-28.141944,26.417778,2014-01-21
5218,2488.0,4450.0,-28.1175,26.719444,2014-01-21
5219,4157.0,6604.0,-29.028629,24.638389,2014-01-21
5220,961.0,2497.0,-29.1825,23.575556,2014-01-21
5221,2718.0,6390.0,-34.031944,22.053333,2014-01-21
5222,3704.0,6407.0,-34.039722,22.133333,2014-01-21
5223,3481.0,6457.0,-25.57877778,29.12747222,2014-01-21
5224,1585.5,2766.5,-29.161667,23.696389,2014-01-22
5225,3796.0,5979.0,-24.282222,28.090278,2014-01-22
5226,2958.5,5356.0,-25.99136,27.84208,2014-01-22
5227,2741.0,5307.5,-24.925278,29.324444,2014-01-22
5228,4704.0,7287.5,-27.363611,31.783333,2014-01-22
5229,3207.0,6041.0,-27.602222,29.942778,2014-01-22
5230,2947.5,5640.5,-29.744167,29.905833,2014-01-22
5231,5164.0,7198.0,-26.45,28.085833,2014-01-22
5232,2458.5,4475.0,-27.671111,27.236944,2014-01-22
5233,4608.5,8205.5,-34.02861,22.22222,2014-01-22
5234,2569.5,4514.5,-34.405833,19.600556,2014-01-22
5235,3634.5,5800.5,-27.01011111,26.69808333,2014-01-23
5236,5512.5,8424.0,-26.905,32.324722,2014-01-23
5237,4168.0,6709.0,-27.169444,29.233889,2014-01-23
5238,3472.5,5817.0,-27.00222,28.76528,2014-01-23
5239,3745.5,5920.5,-26.648056,27.089444,2014-01-23
5240,3877.5,6146.0,-26.970278,27.211111,2014-01-23
5241,3161.0,5377.5,-26.880278,26.965,2014-01-23
5242,2272.5,3941.5,-27.38972222,26.46388889,2014-01-23
5243,3571.5,5097.0,-26.98472222,26.63227778,2014-01-23
5244,3117.5,5488.0,-27.398611,26.614722,2014-01-23
5245,3504.5,5372.5,-25.45963889,28.26430556,2014-01-23
5246,3178.5,5588.0,-33.897778,20.012778,2014-01-23
5247,3346.0,5992.0,-25.81048333,27.90955222,2014-01-24
5248,4307.5,6687.0,-29.803611,30.516111,2014-01-26
5249,3753.0,6301.0,-30.733889,29.828333,2014-01-27
5250,5164.0,7198.0,-26.45,28.085833,2014-01-27
5251,2498.5,3727.0,-29.160278,26.573333,2014-01-27
5252,2503.0,3917.0,-33.38056,19.30167,2014-01-27
5253,1277.5,1819.0,-32.502778,19.535833,2014-01-27
5254,3634.5,5800.5,-27.01011111,26.69808333,2014-01-28
5255,4136.5,6233.0,-25.127778,27.628889,2014-01-28
5256,5170.5,7447.5,-24.69514,27.40906,2014-01-28
5257,3036.0,4944.5,-25.73411,27.21422,2014-01-28
5258,3735.0,6189.0,-28.735556,29.820556,2014-01-28
5259,3472.5,5817.0,-27.00222,28.76528,2014-01-28
5260,3745.5,5920.5,-26.648056,27.089444,2014-01-28
5261,3877.5,6146.0,-26.970278,27.211111,2014-01-28
5262,3161.0,5377.5,-26.880278,26.965,2014-01-28
5263,3571.5,5097.0,-26.98472222,26.63227778,2014-01-28
5264,3117.5,5488.0,-27.398611,26.614722,2014-01-28
5265,2509.5,4835.0,-33.501667,21.624167,2014-01-28
5266,3304.0,5170.0,-32.595833,19.009444,2014-01-28
5267,5033.0,7169.0,-25.20639,27.558,2014-01-29
5268,2656.0,3975.0,-28.768056,20.720556,2014-01-29
5269,1963.0,3349.0,-33.13083,18.86278,2014-01-29
5270,3000.5,4996.5,-33.7075,18.97444444,2014-01-29
5271,2464.5,4088.0,-32.94583,18.33667,2014-01-29
5272,3295.0,6341.0,-30.13573889,30.67422222,2014-01-30
5273,2271.0,3805.0,-27.38972222,26.46388889,2014-01-30
5274,2244.0,4332.0,-33.31388889,19.07472222,2014-01-30
5275,4087.0,7172.0,-29.380556,30.2775,2014-01-31
5276,4646.0,5840.0,-22.769722,30.886944,2014-02-03
5277,2332.0,4801.0,-26.73806,27.59194,2014-02-03
5278,4810.0,6830.0,-26.45,28.085833,2014-02-03
5279,2932.0,4569.0,-33.08883333,19.21878333,2014-02-03
5280,4159.0,6209.0,-28.747778,31.745833,2014-02-04
5281,3014.0,5417.0,-27.398611,26.614722,2014-02-04
5282,3223.0,5169.0,-25.45963889,28.26430556,2014-02-04
5283,3150.0,5380.0,-27.495556,26.074722,2014-02-04
5284,3446.0,5581.0,-27.4,26.624722,2014-02-04
5285,682.0,1577.0,-28.760833,17.730278,2014-02-05
5286,1533.0,2883.0,-29.161667,23.696389,2014-02-05
5287,3657.0,6042.0,-27.01011111,26.69808333,2014-02-05
5288,3263.0,5975.0,-25.81048333,27.90955222,2014-02-05
5289,2766.0,4839.0,-29.140556,31.391944,2014-02-05
5290,5332.0,7338.0,-28.801278,31.955389,2014-02-05
5291,3090.0,5641.0,-28.404444,30.013056,2014-02-05
5292,2855.0,5571.0,-29.744167,29.905833,2014-02-05
5293,3836.0,6221.0,-26.970278,27.211111,2014-02-05
5294,3112.0,5760.0,-26.880278,26.965,2014-02-05
5295,3654.0,5304.0,-26.98472222,26.63227778,2014-02-05
5296,3643.0,5892.0,-28.116667,26.725278,2014-02-05
5297,3994.0,6497.0,-27.044444,27.005,2014-02-05
5298,2911.0,5424.0,-29.033333,23.983333,2014-02-05
5299,3809.0,6035.0,-28.69485,28.23487,2014-02-05
5300,3974.0,6714.0,-27.937778,31.209444,2014-02-06
5301,3367.0,5322.0,-30.160091,27.40124,2014-02-06
5302,1916.0,4218.0,-30.336111,27.359444,2014-02-06
5303,4159.0,6524.0,-30.830556,26.921389,2014-02-07
5304,2271.5,4392.0,-27.671111,27.236944,2014-02-07
5305,2675.0,4175.5,-29.658056,25.973333,2014-02-07
5306,2774.0,5416.5,-30.679722,26.7125,2014-02-07
5307,3462.0,5911.5,-29.641944,30.6875,2014-02-08
5308,3905.5,5920.5,-26.648056,27.089444,2014-02-10
5309,3663.5,5536.0,-26.98472222,26.63227778,2014-02-10
5310,2815.0,5197.0,-31.396,29.2651,2014-02-10
5311,5070.0,7981.0,-31.554722,29.245556,2014-02-10
5312,3773.5,6179.5,-27.01011111,26.69808333,2014-02-11
5313,3397.5,6086.0,-25.127778,27.628889,2014-02-11
5314,5033.0,6932.5,-25.20639,27.558,2014-02-11
5315,5170.5,7447.5,-24.69514,27.40906,2014-02-11
5316,3423.5,5815.5,-26.970278,27.211111,2014-02-11
5317,2935.5,5772.5,-26.880278,26.965,2014-02-11
5318,2527.0,4962.5,-27.802778,28.768333,2014-02-11
5319,3663.5,5536.0,-26.98472222,26.63227778,2014-02-11
5320,2862.0,5312.0,-27.935,26.126667,2014-02-11
5321,3660.0,6216.0,-28.116667,26.725278,2014-02-11
5322,4169.0,6671.0,-27.044444,27.005,2014-02-11
5323,2746.5,4433.0,-29.160278,26.573333,2014-02-11
5324,3289.5,5219.0,-28.883333,27.89,2014-02-11
5325,4558.0,7541.0,-30.568333,29.422778,2014-02-11
5326,4426.0,6846.0,-30.570833,29.150556,2014-02-11
5327,2955.5,6228.0,-31.104278,29.399722,2014-02-11
5328,1478.5,3228.0,-28.338333,31.373611,2014-02-11
5329,3507.5,6038.0,-28.068333,31.55,2014-02-11
5330,1585.5,2913.0,-29.161667,23.696389,2014-02-12
5331,3239.5,5709.0,-24.39619444,27.08983333,2014-02-12
5332,3587.5,5531.5,-23.658056,31.05,2014-02-12
5333,3568.0,6396.5,-23.281,30.54305556,2014-02-12
5334,2647.5,5093.5,-24.058889,31.237222,2014-02-12
5335,2100.5,3675.5,-28.75,30.442778,2014-02-12
5336,4027.5,6787.5,-29.161667,30.629722,2014-02-12
5337,4435.5,7080.5,-26.45,28.085833,2014-02-12
5338,4169.0,6671.0,-27.044444,27.005,2014-02-12
5339,4910.0,6949.5,-29.615556,27.065278,2014-02-12
5340,2776.5,4639.5,-31.031389,28.883333,2014-02-12
5341,3398.0,6005.0,-30.86013889,29.07125,2014-02-12
5342,4426.0,6846.0,-30.570833,29.150556,2014-02-12
5343,3981.0,6864.5,-30.77586667,29.03221667,2014-02-12
5344,2224.0,3842.0,-32.94583,18.33667,2014-02-12
5345,6120.0,7935.0,-28.44555556,32.325,2014-04-09
5346,3431.0,5571.5,-27.4275,28.525833,2014-02-13
5347,3213.5,6556.0,-34.031944,22.053333,2014-02-13
5348,2446.0,5304.5,-34.329722,18.990278,2014-02-13
5349,1830.5,3179.0,-33.13083,18.86278,2014-02-13
5350,3224.0,5588.0,-33.897778,20.012778,2014-02-13
5351,3699.0,6092.0,-24.679167,30.8025,2014-02-14
5352,2862.0,5312.0,-27.935,26.126667,2014-02-14
5353,3846.5,6531.0,-34.039722,22.133333,2014-02-14
5354,4356.0,8276.0,-34.02861,22.22222,2014-02-14
5355,2891.0,5469.0,-25.99136,27.84208,2014-02-17
5356,3987.0,6429.0,-28.735556,29.820556,2014-02-17
5357,3913.0,6204.0,-26.648056,27.089444,2014-02-17
5358,3025.0,5913.0,-27.935,26.126667,2014-02-17
5359,3555.0,6255.0,-28.1175,26.719444,2014-02-17
5360,3677.0,6540.0,-28.116667,26.725278,2014-02-17
5361,3988.0,6000.0,-29.042222,24.6,2014-02-17
5362,4126.0,6741.0,-29.033333,23.983333,2014-02-17
5363,3661.0,6048.0,-33.818056,19.694722,2014-02-17
5364,2808.0,4487.0,-33.08883333,19.21878333,2014-02-17
5365,3890.0,6317.0,-27.01011111,26.69808333,2014-02-18
5366,3373.0,6247.0,-27.602222,29.942778,2014-02-18
5367,3836.0,6221.0,-26.970278,27.211111,2014-02-18
5368,3112.0,5785.0,-26.880278,26.965,2014-02-18
5369,3673.0,5768.0,-26.98472222,26.63227778,2014-02-18
5370,2801.0,4675.0,-29.160278,26.573333,2014-02-18
5371,5932.0,7421.0,-29.028629,24.638389,2014-02-18
5372,2252.0,4390.0,-34.075556,20.145556,2014-02-18
5373,3533.0,5430.0,-32.595833,19.009444,2014-02-18
5374,3419.0,5576.0,-25.45963889,28.26430556,2014-02-18
5375,3407.0,6011.0,-27.495556,26.074722,2014-02-18
5376,1638.0,2943.0,-29.161667,23.696389,2014-02-19
5377,3263.0,5773.0,-25.81048333,27.90955222,2014-02-19
5378,5436.0,8494.0,-26.905,32.324722,2014-02-19
5379,2939.0,5777.0,-29.744167,29.905833,2014-02-19
5380,4273.0,7031.0,-27.169444,29.233889,2014-02-19
5381,2688.0,5327.0,-27.00222,28.76528,2014-02-19
5382,1514.0,3731.0,-26.73806,27.59194,2014-02-19
5383,4061.0,6830.0,-26.45,28.085833,2014-02-19
5384,4126.0,6741.0,-29.033333,23.983333,2014-02-19
5385,3472.0,5854.0,-28.69485,28.23487,2014-02-19
5386,3325.0,5798.0,-28.883333,27.89,2014-02-19
5387,3091.0,4916.0,-33.7075,18.97444444,2014-02-19
5388,3143.0,6009.0,-25.57877778,29.12747222,2014-02-19
5389,3764.0,6329.0,-30.830556,26.921389,2014-02-20
5390,3555.0,6255.0,-28.1175,26.719444,2014-02-20
5391,2837.0,4411.0,-29.658056,25.973333,2014-02-20
5392,2754.0,5241.0,-30.679722,26.7125,2014-02-20
5393,3367.0,5415.0,-30.160091,27.40124,2014-02-20
5394,2111.0,4726.0,-30.336111,27.359444,2014-02-20
5395,2244.0,4150.0,-33.31388889,19.07472222,2014-02-20
5396,2814.0,5176.0,-24.925278,29.324444,2014-02-21
5397,2045.0,3875.0,-30.534167,24.961944,2014-02-21
5398,4480.0,6909.0,-29.7775,29.470833,2014-02-24
5399,2915.5,5849.0,-29.744167,29.905833,2014-02-24
5400,3815.5,6378.5,-26.45,28.085833,2014-02-24
5401,3000.0,5977.0,-27.935,26.126667,2014-02-24
5402,3252.0,5649.5,-28.1175,26.719444,2014-02-24
5403,3660.0,6216.0,-28.116667,26.725278,2014-02-24
5404,2746.5,4518.5,-29.160278,26.573333,2014-02-24
5405,3773.5,6179.5,-27.01011111,26.69808333,2014-02-25
5406,3982.0,6486.0,-25.127778,27.628889,2014-02-25
5407,3031.5,5964.0,-24.39619444,27.08983333,2014-02-25
5408,3397.5,5999.5,-24.69514,27.40906,2014-02-25
5409,3294.5,5907.5,-27.5275,30.858056,2014-02-25
5410,3384.0,6409.0,-30.733889,29.828333,2014-02-25
5411,5066.0,7603.0,-29.987778,29.851667,2014-02-25
5412,3716.5,6588.0,-29.380556,30.2775,2014-02-25
5413,3749.5,6374.5,-26.861111,28.884722,2014-02-25
5414,3429.0,5736.5,-26.970278,27.211111,2014-02-25
5415,3033.5,5852.5,-26.880278,26.965,2014-02-25
5416,3663.5,5563.0,-26.98472222,26.63227778,2014-02-25
5417,4169.0,6866.0,-27.044444,27.005,2014-02-25
5418,2518.0,4668.5,-33.501667,21.624167,2014-02-25
5419,2662.5,5057.5,-28.058889,30.373611,2014-02-25
5420,1685.0,3136.5,-29.161667,23.696389,2014-02-26
5421,4537.5,6801.0,-25.20639,27.558,2014-02-26
5422,2820.0,5093.5,-25.73411,27.21422,2014-02-26
5423,3759.0,6379.0,-26.648056,27.089444,2014-02-26
5424,3660.0,6216.0,-28.116667,26.725278,2014-02-26
5425,2216.5,4231.5,-27.671111,27.236944,2014-02-26
5426,2782.0,4758.5,-28.768056,20.720556,2014-02-26
5427,3859.0,6706.5,-27.356667,27.286389,2014-02-26
5428,3210.0,6340.0,-30.13573889,30.67422222,2014-02-27
5429,5450.5,8023.0,-30.398056,30.601944,2014-02-27
5430,3657.0,6290.0,-27.902778,24.615556,2014-02-28
5431,4483.0,7082.5,-29.803611,30.516111,2014-02-28
5432,1518.0,4001.0,-26.73806,27.59194,2014-03-03
5433,4061.0,6830.0,-26.45,28.085833,2014-03-03
5434,3025.0,6041.0,-27.935,26.126667,2014-03-03
5435,3677.0,6540.0,-28.116667,26.725278,2014-03-03
5436,1366.0,1946.0,-32.502778,19.535833,2014-03-03
5437,3328.0,6506.0,-27.356667,27.286389,2014-03-03
5438,3263.0,5975.0,-25.81048333,27.90955222,2014-03-04
5439,2660.0,5325.0,-26.861111,28.884722,2014-03-04
5440,2975.0,5715.0,-27.02314,28.59389,2014-03-04
5441,3433.0,6162.0,-27.398611,26.614722,2014-03-04
5442,2087.0,3953.0,-27.671111,27.236944,2014-03-04
5443,3944.0,6746.0,-34.039722,22.133333,2014-03-04
5444,3407.0,6048.0,-27.495556,26.074722,2014-03-04
5445,3446.0,6354.0,-27.4,26.624722,2014-03-04
5446,1732.0,3330.0,-29.161667,23.696389,2014-03-05
5447,3890.0,6042.0,-27.01011111,26.69808333,2014-03-05
5448,2766.0,4839.0,-29.140556,31.391944,2014-03-05
5449,2892.0,5777.0,-29.744167,29.905833,2014-03-05
5450,2955.0,5920.0,-26.880278,26.965,2014-03-05
5451,3654.0,5358.0,-26.98472222,26.63227778,2014-03-05
5452,2087.0,3953.0,-27.671111,27.236944,2014-03-05
5453,3868.0,6393.0,-29.033333,23.983333,2014-03-05
5454,4346.0,8331.0,-34.02861,22.22222,2014-03-05
5455,1708.0,2793.0,-33.13083,18.86278,2014-03-05
5456,3223.0,5274.0,-25.45963889,28.26430556,2014-03-05
5457,4497.0,6647.0,-22.769722,30.886944,2014-03-06
5458,3818.0,6850.0,-27.937778,31.209444,2014-03-06
5459,3913.0,6554.0,-26.648056,27.089444,2014-03-06
5460,3022.0,5252.0,-26.970278,27.211111,2014-03-06
5461,3433.0,6162.0,-27.398611,26.614722,2014-03-06
5462,4344.0,6887.0,-27.044444,27.005,2014-03-06
5463,1850.0,3550.0,-29.651389,22.746389,2014-03-06
5464,913.0,2130.0,-29.1825,23.575556,2014-03-06
5465,3744.0,6698.0,-34.031944,22.053333,2014-03-06
5466,2802.0,4857.0,-33.7075,18.97444444,2014-03-06
5467,2410.0,4150.0,-32.94583,18.33667,2014-03-06
5468,2237.0,4852.0,-28.058889,30.373611,2014-03-06
5469,3018.0,5793.0,-28.404444,30.013056,2014-03-07
5470,3677.0,6540.0,-28.116667,26.725278,2014-03-07
5471,1850.0,3550.0,-29.651389,22.746389,2014-03-07
5472,4160.0,6718.0,-34.005833,22.351111,2014-03-07
5473,3475.0,6264.0,-29.380556,30.2775,2014-03-08
5474,4061.0,6830.0,-26.45,28.085833,2014-03-10
5475,3654.0,5358.0,-26.98472222,26.63227778,2014-03-10
5476,3555.0,6255.0,-28.1175,26.719444,2014-03-10
5477,2051.0,4150.0,-31.396,29.2651,2014-03-10
5478,4777.0,8026.0,-31.554722,29.245556,2014-03-10
5479,3371.0,5723.5,-27.01011111,26.69808333,2014-03-11
5480,2890.5,5148.5,-24.183889,30.823889,2014-03-11
5481,2530.5,5031.5,-26.861111,28.884722,2014-03-11
5482,3759.0,6379.0,-26.648056,27.089444,2014-03-11
5483,2697.0,5229.0,-26.970278,27.211111,2014-03-11
5484,2857.0,5852.5,-26.880278,26.965,2014-03-11
5485,3269.0,5331.0,-26.98472222,26.63227778,2014-03-11
5486,1189.0,2577.0,-27.902778,24.615556,2012-08-02
5487,4061.0,6692.0,-27.044444,27.005,2014-03-11
5488,4343.0,7039.0,-30.568333,29.422778,2014-03-11
5489,3887.0,6583.5,-30.570833,29.150556,2014-03-11
5490,2887.5,6363.5,-31.104278,29.399722,2014-03-11
5491,4114.5,6516.0,-34.092222,21.295278,2014-03-11
5492,1702.5,3136.5,-29.161667,23.696389,2014-03-12
5493,1999.5,3992.5,-28.7115,24.07288889,2014-03-12
5494,3173.5,5827.0,-29.641944,30.6875,2014-03-12
5495,1413.5,2817.5,-27.902778,24.615556,2013-06-20
5496,3767.5,6614.5,-24.034167,31.123611,2014-03-12
5497,5533.0,7659.0,-28.44555556,32.325,2014-05-07
5498,2409.5,4391.0,-28.75,30.442778,2014-03-12
5499,4001.0,7051.5,-29.161667,30.629722,2014-03-12
5500,2791.5,5592.5,-27.02314,28.59389,2014-03-12
5501,3117.5,5455.5,-27.273889,28.49,2014-03-12
5502,2679.5,5230.0,-27.4275,28.525833,2014-03-12
5503,3019.5,5603.0,-27.3,28.586944,2014-03-12
5504,2497.0,4354.0,-27.902778,24.615556,2014-01-02
5505,3000.0,5977.0,-27.935,26.126667,2014-03-12
5506,3376.5,5790.0,-28.141944,26.417778,2014-03-12
5507,1909.5,3726.5,-29.651389,22.746389,2014-03-12
5508,2455.5,4503.0,-31.031389,28.883333,2014-03-12
5509,3342.5,5809.0,-30.86013889,29.07125,2014-03-12
5510,3954.5,6921.5,-30.77586667,29.03221667,2014-03-12
5511,1383.0,2881.0,-27.902778,24.615556,2014-05-23
5512,2079.0,4146.0,-28.338333,31.373611,2014-03-12
5513,3963.0,6815.0,-28.068333,31.55,2014-03-12
5514,3488.5,6191.0,-24.679167,30.8025,2014-03-13
5515,3558.5,6271.5,-25.20639,27.558,2014-03-13
5516,2927.5,5101.5,-27.573056,24.746389,2014-03-13
5517,1113.0,2018.0,-31.394444,20.947222,2014-03-13
5518,2392.5,4428.0,-33.08883333,19.21878333,2014-03-13
5519,3127.5,5586.5,-33.897778,20.012778,2014-03-13
5520,3657.0,6290.0,-27.902778,24.615556,2014-03-14
5521,2927.5,5101.5,-27.573056,24.746389,2014-03-15
5522,701.5,1193.5,-28.96362,19.15486,2014-03-15
5523,2501.0,4634.0,-27.902778,24.615556,2014-11-21
5524,2979.0,5498.0,-25.99136,27.84208,2014-03-17
5525,3282.5,5799.5,-28.735556,29.820556,2014-03-17
5526,1479.5,3956.0,-26.73806,27.59194,2014-03-17
5527,3000.0,5977.0,-27.935,26.126667,2014-03-17
5528,3080.0,5571.0,-28.1175,26.719444,2014-03-17
5529,3603.0,6193.0,-28.116667,26.725278,2014-03-17
5530,3647.0,6364.5,-29.042222,24.6,2014-03-17
5531,3997.0,6567.0,-29.033333,23.983333,2014-03-17
5532,3477.5,5798.5,-23.658056,31.05,2014-03-18
5533,3315.0,6054.5,-23.281,30.54305556,2014-03-18
5534,2300.5,4652.5,-27.169444,29.233889,2014-03-18
5535,2530.5,5031.5,-26.861111,28.884722,2014-03-18
5536,3269.0,5331.0,-26.98472222,26.63227778,2014-03-18
5537,5195.5,7357.0,-29.028629,24.638389,2014-03-18
5538,2384.5,4066.5,-33.38056,19.30167,2014-03-18
5539,2296.5,4554.5,-33.31388889,19.07472222,2014-03-18
5540,3321.0,5548.0,-25.45963889,28.26430556,2014-03-18
5541,3326.0,6029.5,-27.495556,26.074722,2014-03-18
5542,3937.0,7224.0,-25.447222,30.711667,2014-03-18
5543,1732.0,3330.0,-29.161667,23.696389,2014-03-19
5544,2852.0,5405.0,-27.01011111,26.69808333,2014-03-19
5545,3217.0,5756.0,-25.81048333,27.90955222,2014-03-19
5546,4674.0,7289.0,-27.363611,31.783333,2014-03-19
5547,3605.0,6554.0,-26.648056,27.089444,2014-03-19
5548,2372.0,5206.0,-26.970278,27.211111,2014-03-19
5549,2759.0,5920.0,-26.880278,26.965,2014-03-19
5550,3778.0,6887.0,-27.044444,27.005,2014-03-19
5551,2600.0,4606.0,-27.573056,24.746389,2014-03-19
5552,4126.0,6741.0,-29.033333,23.983333,2014-03-19
5553,1964.0,3421.0,-28.376944,24.303056,2011-09-29
5554,2092.0,3300.0,-28.376944,24.303056,2011-11-20
5555,2283.5,3730.0,-28.376944,24.303056,2011-12-08
5556,3069.0,5228.0,-32.595833,19.009444,2014-03-19
5557,2500.0,4033.0,-28.376944,24.303056,2012-01-19
5558,3557.0,6706.0,-26.03611,30.99778,2014-03-20
5559,3129.0,5647.0,-27.602222,29.942778,2014-03-20
5560,2892.0,5777.0,-29.744167,29.905833,2014-03-20
5561,1361.5,2806.5,-28.376944,24.303056,2012-07-05
5562,1256.0,2690.0,-28.376944,24.303056,2012-07-11
5563,3393.0,6057.0,-29.7775,29.470833,2014-03-24
5564,1167.0,2418.0,-28.376944,24.303056,2012-08-16
5565,1246.0,2366.0,-28.376944,24.303056,2012-08-30
5566,1552.0,2768.0,-28.376944,24.303056,2012-09-27
5567,1977.0,3430.0,-28.376944,24.303056,2013-01-17
5568,2151.5,3713.5,-28.376944,24.303056,2013-02-28
5569,4875.0,7526.0,-29.987778,29.851667,2014-03-24
5570,2263.0,3826.0,-28.376944,24.303056,2013-03-14
5571,2332.0,3923.0,-28.376944,24.303056,2013-04-11
5572,2198.0,3722.0,-28.376944,24.303056,2013-04-25
5573,1787.0,3219.0,-28.376944,24.303056,2013-05-09
5574,1508.5,2741.5,-28.376944,24.303056,2013-06-20
5575,1431.5,2628.0,-28.376944,24.303056,2013-07-04
5576,1373.0,2496.5,-28.376944,24.303056,2013-07-18
5577,1340.0,2454.0,-28.376944,24.303056,2013-08-01
5578,1340.0,2352.0,-28.376944,24.303056,2013-08-15
5579,1340.0,2214.0,-28.376944,24.303056,2013-08-29
5580,1328.0,2190.0,-28.376944,24.303056,2013-09-12
5581,1350.5,2202.0,-28.376944,24.303056,2013-09-26
5582,1422.0,2253.0,-28.376944,24.303056,2013-10-10
5583,1479.0,2328.5,-28.376944,24.303056,2013-10-24
5584,1548.5,2566.5,-28.376944,24.303056,2013-11-07
5585,1610.0,2792.0,-28.376944,24.303056,2013-11-21
5586,2442.0,3735.0,-28.376944,24.303056,2014-01-02
5587,2443.5,3756.0,-28.376944,24.303056,2014-01-16
5588,2815.0,4607.0,-28.376944,24.303056,2014-01-30
5589,2807.5,4566.0,-28.376944,24.303056,2014-02-27
5590,2892.0,5777.0,-29.744167,29.905833,2014-03-24
5591,2426.0,4807.0,-26.45,28.085833,2014-03-24
5592,2975.0,5913.0,-27.935,26.126667,2014-03-24
5593,3289.0,5594.0,-28.141944,26.417778,2014-03-24
5594,1507.0,2705.5,-28.376944,24.303056,2014-06-05
5595,2605.0,4887.0,-28.1175,26.719444,2014-03-24
5596,645.0,1413.0,-22.225556,29.990556,2014-03-25
5597,2885.0,6118.0,-25.127778,27.628889,2014-03-25
5598,2750.0,6160.0,-24.39619444,27.08983333,2014-03-25
5599,1954.0,4483.0,-24.69514,27.40906,2014-03-25
5600,1780.0,2823.0,-28.376944,24.303056,2014-10-23
5601,3269.0,6356.0,-30.733889,29.828333,2014-03-25
5602,2401.0,4738.0,-26.861111,28.884722,2014-03-25
5603,3529.0,5846.0,-28.116667,26.725278,2014-03-25
5604,2591.0,4362.0,-29.160278,26.573333,2014-03-25
5605,2965.0,5585.0,-28.69485,28.23487,2014-03-25
5606,3527.0,5695.0,-29.615556,27.065278,2014-03-25
5607,3325.0,5798.0,-28.883333,27.89,2014-03-25
5608,2535.0,4667.0,-33.501667,21.624167,2014-03-25
5609,1732.0,3330.0,-29.161667,23.696389,2014-03-26
5610,2852.0,5405.0,-27.01011111,26.69808333,2014-03-26
5611,1043.0,2530.0,-22.935,28.004167,2014-03-26
5612,3244.0,5786.0,-25.20639,27.558,2014-03-26
5613,1377.0,2519.0,-28.376944,24.303056,2015-07-16
5614,1422.0,2494.0,-28.376944,24.303056,2015-07-30
5615,1421.0,2288.0,-28.376944,24.303056,2015-08-13
5616,1581.0,2467.5,-28.376944,24.303056,2015-09-24
5617,1655.0,2467.5,-28.376944,24.303056,2015-10-08
5618,1689.0,2521.5,-28.376944,24.303056,2015-10-22
5619,1637.0,2441.0,-28.376944,24.303056,2015-11-05
5620,1637.0,2383.0,-28.376944,24.303056,2015-11-19
5621,1737.0,2383.0,-28.376944,24.303056,2015-12-03
5622,1762.0,2594.5,-28.376944,24.303056,2015-12-31
5623,5332.0,8100.0,-30.398056,30.601944,2014-03-26
5624,3605.0,6554.0,-26.648056,27.089444,2014-03-26
5625,2372.0,5206.0,-26.970278,27.211111,2014-03-26
5626,2759.0,5920.0,-26.880278,26.965,2014-03-26
5627,2884.0,5358.0,-26.98472222,26.63227778,2014-03-26
5628,2087.0,3953.0,-27.671111,27.236944,2014-03-26
5629,3778.0,6887.0,-27.044444,27.005,2014-03-26
5630,3200.0,5415.0,-30.160091,27.40124,2014-03-26
5631,2012.0,4324.0,-30.336111,27.359444,2014-03-26
5632,1234.0,3050.5,-22.935,28.004167,2014-03-27
5633,3212.5,5589.0,-30.830556,26.921389,2014-03-27
5634,2917.0,5787.5,-22.548889,28.898056,2014-03-27
5635,3244.5,5862.5,-22.91028,29.61111,2014-03-27
5636,3238.0,6579.5,-30.13573889,30.67422222,2014-03-27
5637,2408.0,4534.0,-27.38972222,26.46388889,2014-03-27
5638,3008.0,5490.0,-27.398611,26.614722,2014-03-27
5639,3240.0,5344.0,-27.902778,24.615556,2014-03-27
5640,2570.0,4111.0,-29.658056,25.973333,2014-03-27
5641,1836.5,4391.5,-31.000833,26.353056,2014-03-27
5642,2348.5,4720.5,-30.679722,26.7125,2014-03-27
5643,1614.0,3236.5,-30.534167,24.961944,2014-03-27
5644,2829.5,5759.0,-27.356667,27.286389,2014-03-27
5645,2917.0,5787.5,-22.548889,28.898056,2014-03-28
5646,2262.5,3915.5,-29.160278,26.573333,2014-03-28
5647,4450.5,7022.5,-29.803611,30.516111,2014-03-28
5648,2693.0,5393.5,-25.99136,27.84208,2014-03-31
5649,4361.0,7505.5,-25.513889,31.224444,2014-03-31
5650,3260.0,6016.5,-33.818056,19.694722,2014-03-31
5651,1433.5,2022.5,-32.502778,19.535833,2014-03-31
5652,2753.5,5234.5,-25.681111,31.783333,2014-04-01
5653,2777.5,5272.0,-27.935,26.126667,2014-04-01
5654,2551.0,4875.5,-28.1175,26.719444,2014-04-01
5655,3097.0,5541.5,-28.116667,26.725278,2014-04-01
5656,1925.5,3723.0,-27.671111,27.236944,2014-04-01
5657,2384.0,4465.0,-34.075556,20.145556,2014-04-01
5658,1702.5,3119.5,-29.161667,23.696389,2014-04-02
5659,2887.5,5656.0,-25.81048333,27.90955222,2014-04-02
5660,1234.0,3050.5,-22.935,28.004167,2014-04-02
5661,2805.5,4381.0,-24.768889,31.39,2014-04-02
5662,3817.0,6756.5,-24.9675,31.516667,2014-04-02
5663,5381.5,7583.0,-28.801278,31.955389,2014-04-02
5664,2858.0,5750.5,-29.744167,29.905833,2014-04-02
5665,2365.5,4860.0,-27.4275,28.525833,2014-04-02
5666,3008.0,5490.0,-27.398611,26.614722,2014-04-02
5667,1925.5,3723.0,-27.671111,27.236944,2014-04-02
5668,4669.0,6877.5,-29.033333,23.983333,2014-04-02
5669,2782.0,4758.5,-28.768056,20.720556,2014-04-02
5670,3742.0,6943.0,-34.031944,22.053333,2014-04-02
5671,3634.5,6681.5,-34.039722,22.133333,2014-04-02
5672,3281.5,5437.0,-33.7075,18.97444444,2014-04-02
5673,2209.5,4624.0,-28.058889,30.373611,2014-04-02
5674,2975.5,5579.0,-27.495556,26.074722,2014-04-02
5675,3122.0,5738.5,-27.4,26.624722,2014-04-02
5676,2614.0,5280.0,-27.01011111,26.69808333,2014-04-03
5677,3244.5,5862.5,-22.91028,29.61111,2014-04-03
5678,3105.0,5754.0,-23.658056,31.05,2014-04-03
5679,3047.5,5908.0,-23.281,30.54305556,2014-04-03
5680,3788.0,7256.5,-24.99328,30.81444,2014-04-03
5681,3965.5,6919.0,-27.937778,31.209444,2014-04-03
5682,3008.5,5802.5,-27.5275,30.858056,2014-04-03
5683,3306.0,6257.5,-26.648056,27.089444,2014-04-03
5684,2697.0,5229.0,-26.970278,27.211111,2014-04-03
5685,2627.5,5346.5,-26.880278,26.965,2014-04-03
5686,2649.5,4861.0,-26.98472222,26.63227778,2014-04-03
5687,3439.0,6327.5,-27.044444,27.005,2014-04-03
5688,1942.0,3241.0,-33.13083,18.86278,2014-04-03
5689,2772.0,5497.0,-28.404444,30.013056,2014-04-04
5690,2665.0,5237.0,-28.116667,26.725278,2014-04-04
5691,2090.0,4498.0,-28.735556,29.820556,2014-04-07
5692,1518.0,4001.0,-26.73806,27.59194,2014-04-07
5693,2163.0,3875.0,-26.45,28.085833,2014-04-07
5694,2415.0,4364.0,-26.98472222,26.63227778,2014-04-07
5695,2580.0,4631.0,-27.935,26.126667,2014-04-07
5696,2450.0,4697.0,-28.141944,26.417778,2014-04-07
5697,2497.0,4864.0,-28.1175,26.719444,2014-04-07
5698,2665.0,5237.0,-28.116667,26.725278,2014-04-07
5699,3834.0,6422.0,-29.042222,24.6,2014-04-07
5700,4167.0,6265.0,-29.028629,24.638389,2014-04-07
5701,5212.0,7014.0,-29.033333,23.983333,2014-04-07
5702,4519.0,7864.0,-31.554722,29.245556,2014-04-07
5703,2376.0,5155.0,-27.01011111,26.69808333,2014-04-08
5704,2642.0,5609.0,-34.065833,20.404167,2014-04-08
5705,2815.0,5726.0,-25.127778,27.628889,2014-04-08
5706,2550.0,4672.0,-25.20639,27.558,2014-04-08
5707,1954.0,4483.0,-24.69514,27.40906,2014-04-08
5708,3363.0,6358.0,-22.769722,30.886944,2014-04-08
5709,1864.0,3825.0,-27.169444,29.233889,2014-04-08
5710,2311.0,4290.0,-26.861111,28.884722,2014-04-08
5711,3007.0,5961.0,-26.648056,27.089444,2014-04-08
5712,3022.0,5252.0,-26.970278,27.211111,2014-04-08
5713,2496.0,4773.0,-26.880278,26.965,2014-04-08
5714,2415.0,4364.0,-26.98472222,26.63227778,2014-04-08
5715,3206.0,6010.0,-30.570833,29.150556,2014-04-08
5716,2414.0,5087.0,-33.31388889,19.07472222,2014-04-08
5717,2051.0,4283.0,-28.338333,31.373611,2014-04-08
5718,1443.0,2363.0,-29.658056,25.973333,2011-09-27
5719,4233.0,7072.0,-28.068333,31.55,2014-04-08
5720,2811.0,5080.0,-28.308889,31.9025,2014-04-08
5721,2838.0,5530.0,-25.57877778,29.12747222,2014-04-08
5722,2952.0,5691.0,-29.641944,30.6875,2014-04-09
5723,2488.0,5051.0,-25.73411,27.21422,2014-04-09
5724,5033.5,7247.0,-28.44555556,32.325,2014-06-04
5725,2406.0,4328.0,-28.75,30.442778,2014-04-09
5726,3736.0,7018.0,-29.161667,30.629722,2014-04-09
5727,2398.0,5039.0,-27.00222,28.76528,2014-04-09
5728,2588.0,4991.0,-27.02314,28.59389,2014-04-09
5729,2469.0,4683.0,-27.273889,28.49,2014-04-09
5730,2114.0,4389.0,-27.4275,28.525833,2014-04-09
5731,2376.0,4474.0,-27.3,28.586944,2014-04-09
5732,4014.0,6972.0,-30.568333,29.422778,2014-04-09
5733,2280.0,4298.0,-31.031389,28.883333,2014-04-09
5734,2692.0,5348.0,-30.86013889,29.07125,2014-04-09
5735,3065.0,6129.0,-30.77586667,29.03221667,2014-04-09
5736,2858.0,5228.0,-32.595833,19.009444,2014-04-09
5737,2192.0,3778.0,-28.376944,24.303056,2014-04-10
5738,4727.0,7051.0,-34.092222,21.295278,2014-04-10
5739,2443.0,5641.0,-34.329722,18.990278,2014-04-10
5740,2323.0,5368.0,-33.897778,20.012778,2014-04-10
5741,2817.0,4791.0,-27.902778,24.615556,2014-04-11
5742,2860.0,5566.5,-24.679167,30.8025,2014-04-14
5743,2359.5,4620.0,-25.99136,27.84208,2014-04-14
5744,1479.5,3956.0,-26.73806,27.59194,2014-04-14
5745,2137.0,4159.0,-28.1175,26.719444,2014-04-14
5746,2333.5,4447.0,-28.116667,26.725278,2014-04-14
5747,2372.5,4510.5,-33.08883333,19.21878333,2014-04-14
5748,2926.0,5209.5,-24.183889,30.823889,2014-04-15
5749,1918.0,3787.5,-27.169444,29.233889,2014-04-15
5750,2064.5,3910.5,-26.861111,28.884722,2014-04-15
5751,2335.0,4786.0,-27.00222,28.76528,2014-04-15
5752,2108.5,4177.0,-27.4275,28.525833,2014-04-15
5753,2287.0,4239.0,-26.98472222,26.63227778,2014-04-15
5754,2259.5,4293.0,-27.935,26.126667,2014-04-15
5755,1896.0,3446.5,-29.160278,26.573333,2014-04-15
5756,4547.5,6703.5,-29.033333,23.983333,2014-04-15
5757,2876.0,5288.5,-25.45963889,28.26430556,2014-04-15
5758,1561.5,2807.0,-29.161667,23.696389,2014-04-16
5759,1889.5,3729.5,-28.7115,24.07288889,2014-04-16
5760,2316.0,4921.5,-27.01011111,26.69808333,2014-04-16
5761,2799.0,5285.5,-25.81048333,27.90955222,2014-04-16
5762,4508.0,7682.0,-26.905,32.324722,2014-04-16
5763,2546.5,4928.0,-27.602222,29.942778,2014-04-16
5764,2708.5,5528.5,-29.744167,29.905833,2014-04-16
5765,2703.5,5329.0,-26.648056,27.089444,2014-04-16
5766,2686.0,5229.0,-26.970278,27.211111,2014-04-16
5767,2393.5,4653.5,-26.880278,26.965,2014-04-16
5768,4547.5,6703.5,-29.033333,23.983333,2014-04-16
5769,1474.5,3335.0,-29.1825,23.575556,2014-04-16
5770,2555.5,4547.5,-28.768056,20.720556,2014-04-16
5771,4408.5,7410.0,-27.363611,31.783333,2014-04-17
5772,3806.5,6265.0,-29.042222,24.6,2014-04-17
5773,3765.5,5955.0,-29.028629,24.638389,2014-04-17
5774,4242.0,6557.0,-29.987778,29.851667,2014-04-21
5775,2593.0,5333.0,-29.744167,29.905833,2014-04-21
5776,3053.0,5975.0,-30.733889,29.828333,2014-04-22
5777,3713.0,6155.0,-29.380556,30.2775,2014-04-22
5778,1939.0,3955.0,-27.935,26.126667,2014-04-22
5779,2096.0,4033.0,-28.141944,26.417778,2014-04-22
5780,1777.0,3454.0,-28.1175,26.719444,2014-04-22
5781,2002.0,3657.0,-28.116667,26.725278,2014-04-22
5782,1858.0,3424.0,-29.160278,26.573333,2014-04-22
5783,2535.0,5012.0,-33.501667,21.624167,2014-04-22
5784,2256.0,4688.0,-27.01011111,26.69808333,2014-04-23
5785,2373.0,4628.0,-25.127778,27.628889,2014-04-23
5786,2129.0,4603.0,-25.20639,27.558,2014-04-23
5787,2807.0,5910.0,-24.39619444,27.08983333,2014-04-23
5788,1716.0,3868.0,-24.69514,27.40906,2014-04-23
5789,2350.0,5206.0,-26.970278,27.211111,2014-04-23
5790,2291.0,4534.0,-26.880278,26.965,2014-04-23
5791,2159.0,4114.0,-26.98472222,26.63227778,2014-04-23
5792,1777.0,3454.0,-28.1175,26.719444,2014-04-23
5793,2002.0,3657.0,-28.116667,26.725278,2014-04-23
5794,1764.0,3493.0,-27.671111,27.236944,2014-04-23
5795,2300.0,4843.0,-28.69485,28.23487,2014-04-23
5796,1938.0,3267.0,-29.615556,27.065278,2014-04-23
5797,2233.0,4051.0,-28.883333,27.89,2014-04-23
5798,504.0,1209.0,-28.760833,17.730278,2014-04-24
5799,3091.0,6635.0,-30.13573889,30.67422222,2014-04-24
5800,1667.0,3509.0,-27.38972222,26.46388889,2014-04-24
5801,2096.0,4033.0,-28.141944,26.417778,2014-04-24
5802,1777.0,3454.0,-28.1175,26.719444,2014-04-24
5803,2002.0,3657.0,-28.116667,26.725278,2014-04-24
5804,2229.0,4224.0,-27.398611,26.614722,2014-04-24
5805,2078.0,3759.0,-28.376944,24.303056,2014-04-24
5806,1808.0,3390.0,-30.160091,27.40124,2014-04-24
5807,148.0,506.0,-30.336111,27.359444,2014-04-24
5808,1949.0,4016.0,-27.356667,27.286389,2014-04-24
5809,2347.0,4342.0,-30.830556,26.921389,2014-04-25
5810,2300.0,4240.0,-27.902778,24.615556,2014-04-25
5811,1750.0,4334.0,-31.000833,26.353056,2014-04-25
5812,1595.0,3473.0,-30.679722,26.7125,2014-04-25
5813,1325.0,2659.0,-30.534167,24.961944,2014-04-25
5814,2853.5,5419.0,-29.140556,31.391944,2014-04-29
5815,2064.0,4026.5,-25.99136,27.84208,2014-04-29
5816,3525.0,6221.5,-28.747778,31.745833,2014-04-29
5817,5581.0,7786.5,-28.801278,31.955389,2014-04-29
5818,1409.5,3904.5,-26.73806,27.59194,2014-04-29
5819,1579.0,3411.0,-26.45,28.085833,2014-04-29
5820,1777.5,3746.5,-27.935,26.126667,2014-04-29
5821,1646.0,3202.0,-28.1175,26.719444,2014-04-29
5822,1618.0,3322.0,-27.671111,27.236944,2014-04-29
5823,2510.5,4866.5,-28.404444,30.013056,2014-04-30
5824,1782.0,3616.0,-27.169444,29.233889,2014-04-30
5825,1771.5,3468.0,-26.861111,28.884722,2014-04-30
5826,1964.5,3639.5,-26.98472222,26.63227778,2014-04-30
5827,2558.0,4935.0,-25.45963889,28.26430556,2014-04-30
5828,2074.5,4119.5,-28.058889,30.373611,2014-04-30
5829,1921.0,3837.0,-27.495556,26.074722,2014-04-30
5830,2435.5,4077.0,-29.033333,23.983333,2011-10-05
5831,2498.5,4130.5,-29.033333,23.983333,2011-10-25
5832,2502.0,4184.0,-29.033333,23.983333,2011-11-02
5833,2925.0,4672.0,-29.033333,23.983333,2011-11-16
5834,3208.5,4993.0,-29.033333,23.983333,2011-12-14
5835,3668.5,5166.0,-29.033333,23.983333,2012-01-11
5836,3668.5,5538.5,-29.033333,23.983333,2012-01-25
5837,3703.0,6180.0,-29.033333,23.983333,2012-02-22
5838,2088.0,4707.0,-25.81048333,27.90955222,2014-05-01
5839,3474.5,6195.5,-27.937778,31.209444,2014-05-01
5840,2518.5,4720.0,-27.5275,30.858056,2014-05-01
5841,2730.0,5348.0,-29.033333,23.983333,2012-06-06
5842,2730.0,5348.0,-29.033333,23.983333,2012-06-13
5843,2712.0,5121.0,-29.033333,23.983333,2012-06-26
5844,2712.0,5121.0,-29.033333,23.983333,2012-06-27
5845,2712.0,5068.0,-29.033333,23.983333,2012-07-11
5846,2662.5,4877.0,-29.033333,23.983333,2012-07-18
5847,2613.0,4686.0,-29.033333,23.983333,2012-07-25
5848,1865.0,4037.5,-27.02314,28.59389,2014-05-01
5849,2612.5,4540.5,-29.033333,23.983333,2012-08-22
5850,2530.0,4376.0,-29.033333,23.983333,2012-09-05
5851,2577.0,4357.0,-29.033333,23.983333,2012-09-19
5852,2519.0,4319.0,-29.033333,23.983333,2012-10-17
5853,2519.0,4161.0,-29.033333,23.983333,2012-10-31
5854,2459.0,4161.0,-29.033333,23.983333,2012-11-14
5855,2489.0,4366.5,-29.033333,23.983333,2012-11-28
5856,5287.0,7141.0,-29.033333,23.983333,2013-02-27
5857,2187.5,4843.5,-26.970278,27.211111,2014-05-01
5858,2166.0,4055.0,-26.880278,26.965,2014-05-01
5859,2575.0,5240.0,-29.744167,29.905833,2014-05-02
5860,3545.0,7203.5,-34.031944,22.053333,2014-05-03
5861,3601.5,6798.5,-34.039722,22.133333,2014-05-03
5862,2187.5,4843.5,-26.970278,27.211111,2014-05-05
5863,1579.0,3411.0,-26.45,28.085833,2014-05-05
5864,1777.5,3746.5,-27.935,26.126667,2014-05-05
5865,1683.5,3413.5,-29.033333,23.983333,2013-07-24
5866,1848.5,3558.5,-28.141944,26.417778,2014-05-05
5867,1859.0,3373.0,-28.116667,26.725278,2014-05-05
5868,1618.0,3322.0,-27.671111,27.236944,2014-05-05
5869,1487.5,2105.5,-32.502778,19.535833,2014-05-05
5870,1800.0,4383.0,-27.01011111,26.69808333,2014-05-06
5871,1785.0,4371.0,-29.641944,30.6875,2014-05-06
5872,2180.0,4522.0,-25.127778,27.628889,2014-05-06
5873,2056.0,4441.0,-25.20639,27.558,2014-05-06
5874,1355.0,3685.0,-24.69514,27.40906,2014-05-06
5875,1431.0,3584.0,-26.006389,29.253889,2014-05-06
5876,1515.0,2950.0,-28.1175,26.719444,2014-05-06
5877,2131.0,4129.0,-27.398611,26.614722,2014-05-06
5878,1804.0,3958.0,-28.338333,31.373611,2014-05-06
5879,3103.0,5348.0,-28.068333,31.55,2014-05-06
5880,1701.0,3499.0,-27.495556,26.074722,2014-05-06
5881,1918.0,3854.0,-27.4,26.624722,2014-05-06
5882,4369.5,6556.0,-28.44555556,32.325,2014-07-03
5883,2012.0,3779.0,-26.648056,27.089444,2014-05-07
5884,1479.0,3688.0,-29.651389,22.746389,2014-05-07
5885,2423.0,5436.0,-24.39619444,27.08983333,2014-05-08
5886,3354.0,6667.0,-29.161667,30.629722,2014-05-08
5887,4709.0,6968.5,-29.033333,23.983333,2014-08-06
5888,4709.0,6968.5,-29.033333,23.983333,2014-08-20
5889,4841.5,6795.0,-29.033333,23.983333,2014-09-03
5890,2022.0,3492.0,-28.376944,24.303056,2014-05-08
5891,3513.0,7418.0,-34.031944,22.053333,2014-05-08
5892,3740.0,6835.0,-34.039722,22.133333,2014-05-08
5893,3856.0,6386.0,-34.005833,22.351111,2014-05-08
5894,2204.0,4624.0,-23.838611,31.640833,2014-05-09
5895,1589.0,3018.0,-27.902778,24.615556,2014-05-09
5896,1904.0,3847.0,-25.99136,27.84208,2014-05-12
5897,1884.0,3709.0,-28.735556,29.820556,2014-05-12
5898,2186.0,4889.0,-31.396,29.2651,2014-05-12
5899,3928.0,7387.0,-31.554722,29.245556,2014-05-12
5900,3806.5,6026.0,-29.033333,23.983333,2015-09-23
5901,2405.0,4955.0,-33.818056,19.694722,2014-05-12
5902,2282.0,4224.0,-33.13083,18.86278,2014-05-12
5903,1800.0,4383.0,-27.01011111,26.69808333,2014-05-13
5904,2520.0,4953.0,-25.681111,31.783333,2014-05-13
5905,3404.0,6083.0,-25.67386,31.57527,2014-05-13
5906,2012.0,3779.0,-26.648056,27.089444,2014-05-13
5907,2025.0,4481.0,-26.970278,27.211111,2014-05-13
5908,1707.0,3399.0,-27.273889,28.49,2014-05-13
5909,1770.0,3165.0,-26.98472222,26.63227778,2014-05-13
5910,1328.0,2594.0,-29.160278,26.573333,2014-05-13
5911,3157.0,5593.0,-30.568333,29.422778,2014-05-13
5912,2658.0,6223.0,-31.104278,29.399722,2014-05-13
5913,4389.0,6784.0,-34.092222,21.295278,2014-05-13
5914,2585.0,4993.0,-34.075556,20.145556,2014-05-13
5915,2411.0,4567.0,-25.45963889,28.26430556,2014-05-13
5916,1774.0,4360.0,-25.81048333,27.90955222,2014-05-14
5917,2665.5,4815.5,-24.183889,30.823889,2014-05-14
5918,1868.5,4061.0,-24.058889,31.237222,2014-05-14
5919,3470.5,6267.0,-25.67386,31.57527,2014-05-14
5920,4338.5,7651.5,-26.905,32.324722,2014-05-14
5921,2278.5,4648.5,-29.744167,29.905833,2014-05-14
5922,1719.5,3316.5,-27.169444,29.233889,2014-05-14
5923,1654.5,3107.5,-26.861111,28.884722,2014-05-14
5924,1237.0,3651.0,-26.73806,27.59194,2014-05-14
5925,1476.0,3108.5,-26.45,28.085833,2014-05-14
5926,1547.0,3037.5,-27.3,28.586944,2014-05-14
5927,1634.0,3044.0,-26.98472222,26.63227778,2014-05-14
5928,1639.5,3117.0,-27.573056,24.746389,2014-05-14
5929,2496.0,4574.0,-30.570833,29.150556,2014-05-14
5930,3062.5,5964.0,-33.7075,18.97444444,2014-05-14
5931,3129.5,5574.5,-32.94583,18.33667,2014-05-14
5932,3610.0,6465.5,-27.363611,31.783333,2014-05-15
5933,2232.0,3964.0,-31.031389,28.883333,2014-05-15
5934,2378.5,4585.0,-30.86013889,29.07125,2014-05-15
5935,2404.0,5045.0,-30.77586667,29.03221667,2014-05-15
5936,2006.0,4160.5,-33.38056,19.30167,2014-05-15
5937,2259.0,4794.5,-33.08883333,19.21878333,2014-05-15
5938,2261.5,4528.5,-24.679167,30.8025,2014-05-16
5939,2055.5,3862.5,-27.602222,29.942778,2014-05-16
5940,1624.0,2968.0,-28.116667,26.725278,2014-05-16
5941,2199.0,4182.0,-29.7775,29.470833,2014-05-19
5942,3764.5,6054.5,-29.987778,29.851667,2014-05-19
5943,2278.5,4648.5,-29.744167,29.905833,2014-05-19
5944,1237.0,3651.0,-26.73806,27.59194,2014-05-19
5945,1476.0,3108.5,-26.45,28.085833,2014-05-19
5946,1432.5,3276.0,-27.935,26.126667,2014-05-19
5947,1417.0,2986.5,-27.671111,27.236944,2014-05-19
5948,1231.5,2390.0,-29.160278,26.573333,2014-05-19
5949,2678.0,5212.0,-33.31388889,19.07472222,2014-05-19
5950,1697.0,3887.0,-27.01011111,26.69808333,2014-05-20
5951,3246.0,6172.0,-34.065833,20.404167,2014-05-20
5952,2022.0,4296.0,-25.127778,27.628889,2014-05-20
5953,2284.0,5138.5,-24.39619444,27.08983333,2014-05-20
5954,1317.0,3454.5,-24.69514,27.40906,2014-05-20
5955,2785.0,5541.5,-26.03611,30.99778,2014-05-20
5956,2843.0,5549.0,-30.733889,29.828333,2014-05-20
5957,2738.5,5349.0,-29.380556,30.2775,2014-05-20
5958,1719.5,3316.5,-27.169444,29.233889,2014-05-20
5959,1654.5,3107.5,-26.861111,28.884722,2014-05-20
5960,1955.0,3703.0,-27.00222,28.76528,2014-05-20
5961,1609.0,3174.5,-27.273889,28.49,2014-05-20
5962,1547.0,3037.5,-27.3,28.586944,2014-05-20
5963,1634.0,3044.0,-26.98472222,26.63227778,2014-05-20
5964,1487.0,2847.5,-28.141944,26.417778,2014-05-20
5965,1438.5,2800.0,-28.1175,26.719444,2014-05-20
5966,3155.0,5492.5,-29.042222,24.6,2014-05-20
5967,5041.5,7175.0,-29.033333,23.983333,2014-05-20
5968,1725.0,4171.5,-28.69485,28.23487,2014-05-20
5969,1722.0,3174.0,-28.883333,27.89,2014-05-20
5970,1571.0,3263.0,-27.495556,26.074722,2014-05-20
5971,1787.0,3895.0,-25.20639,27.558,2014-05-21
5972,2385.0,4293.5,-23.658056,31.05,2014-05-21
5973,2371.0,4776.0,-23.281,30.54305556,2014-05-21
5974,4222.5,6977.0,-30.398056,30.601944,2014-05-21
5975,1825.5,3548.5,-26.648056,27.089444,2014-05-21
5976,1870.0,4100.5,-26.970278,27.211111,2014-05-21
5977,1779.5,3307.0,-26.880278,26.965,2014-05-21
5978,1417.0,2986.5,-27.671111,27.236944,2014-05-21
5979,2467.5,4535.5,-29.028629,24.638389,2014-05-21
5980,1686.0,3060.0,-30.160091,27.40124,2014-05-21
5981,227.5,748.5,-30.336111,27.359444,2014-05-21
5982,2787.0,5143.5,-34.405833,19.600556,2014-05-21
5983,1617.0,3039.5,-27.356667,27.286389,2014-05-21
5984,1787.0,3212.0,-30.830556,26.921389,2014-05-22
5985,2729.0,5357.0,-22.769722,30.886944,2014-05-22
5986,2361.0,5088.0,-30.13573889,30.67422222,2014-05-22
5987,1907.0,3577.0,-27.398611,26.614722,2014-05-22
5988,1737.0,3073.0,-28.376944,24.303056,2014-05-22
5989,1316.0,2566.0,-29.658056,25.973333,2014-05-22
5990,1399.0,3466.0,-31.000833,26.353056,2014-05-22
5991,1449.0,2957.0,-30.679722,26.7125,2014-05-22
5992,2942.0,5786.0,-34.329722,18.990278,2014-05-22
5993,2294.0,4779.0,-33.897778,20.012778,2014-05-22
5994,1393.0,2259.0,-29.615556,27.065278,2014-05-23
5995,2001.0,4584.0,-29.803611,30.516111,2014-05-23
5996,1868.0,3570.0,-25.99136,27.84208,2014-05-26
5997,1996.0,3999.0,-23.838611,31.640833,2014-05-26
5998,1594.0,3391.0,-27.01011111,26.69808333,2014-05-27
5999,2545.0,4805.0,-29.140556,31.391944,2014-05-27
6000,5297.0,7747.0,-28.801278,31.955389,2014-05-27
6001,1715.0,3720.0,-26.970278,27.211111,2014-05-27
6002,1498.0,2923.0,-26.98472222,26.63227778,2014-05-27
6003,2202.0,4713.0,-33.501667,21.624167,2014-05-27
6004,2003.0,3867.0,-25.45963889,28.26430556,2014-05-27
6005,1753.0,4321.0,-25.81048333,27.90955222,2014-05-28
6006,1750.0,4565.0,-22.935,28.004167,2014-05-28
6007,2333.0,4381.0,-24.282222,28.090278,2014-05-28
6008,2601.0,5947.0,-23.763056,27.908611,2014-05-28
6009,3033.0,5913.0,-28.747778,31.745833,2014-05-28
6010,2567.0,5206.0,-27.937778,31.209444,2014-05-28
6011,1902.0,3950.0,-28.404444,30.013056,2014-05-28
6012,2000.0,4150.0,-29.744167,29.905833,2014-05-28
6013,1778.0,3394.0,-27.00222,28.76528,2014-05-28
6014,1140.0,2042.0,-31.436944,20.474722,2014-05-28
6015,810.0,1988.0,-29.1825,23.575556,2014-05-28
6016,1860.0,3532.0,-28.768056,20.720556,2014-05-28
6017,1905.0,3679.0,-28.058889,30.373611,2014-05-28
6018,1151.0,2545.0,-22.225556,29.990556,2014-05-29
6019,2284.0,4276.0,-22.91028,29.61111,2014-05-29
6020,2074.0,4132.0,-27.5275,30.858056,2014-05-29
6021,1907.0,3577.0,-27.398611,26.614722,2014-05-29
6022,1588.0,3113.0,-27.573056,24.746389,2014-05-29
6023,2151.0,4146.0,-25.57877778,29.12747222,2014-05-29
6024,1771.5,3367.0,-27.398611,26.614722,2014-05-30
6025,1147.0,2128.5,-29.160278,26.573333,2014-06-02
6026,1961.5,4116.5,-24.670833,28.560833,2014-06-03
6027,1819.0,3906.0,-25.127778,27.628889,2014-06-03
6028,1360.0,3019.0,-25.20639,27.558,2014-06-03
6029,1313.5,3232.0,-24.69514,27.40906,2014-06-03
6030,1227.5,2932.0,-27.935,26.126667,2014-06-03
6031,1350.5,2526.5,-28.141944,26.417778,2014-06-03
6032,1762.0,3635.5,-28.338333,31.373611,2014-06-03
6033,2443.0,4734.0,-28.068333,31.55,2014-06-03
6034,1671.0,4266.5,-29.641944,30.6875,2014-06-04
6035,1898.5,4190.5,-24.39619444,27.08983333,2014-06-04
6036,3536.0,6039.0,-28.44555556,32.325,2014-07-30
6037,1493.5,3044.5,-28.75,30.442778,2014-06-04
6038,2890.0,5901.5,-29.161667,30.629722,2014-06-04
6039,3999.0,6407.0,-34.005833,22.351111,2014-06-04
6040,1433.0,2726.5,-26.98472222,26.63227778,2014-06-05
6041,1352.5,2708.0,-27.902778,24.615556,2014-06-05
6042,4229.5,8407.0,-33.970833,22.548333,2014-06-05
6043,1769.5,3597.5,-28.308889,31.9025,2014-06-05
6044,1482.0,2922.0,-25.99136,27.84208,2014-06-09
6045,1033.0,2984.0,-26.73806,27.59194,2014-06-09
6046,1151.0,2482.0,-26.45,28.085833,2014-06-09
6047,920.0,2059.0,-27.671111,27.236944,2014-06-09
6048,1345.0,3803.0,-31.396,29.2651,2014-06-09
6049,2881.0,6302.0,-31.554722,29.245556,2014-06-09
6050,2951.0,5715.0,-33.818056,19.694722,2014-06-09
6051,1867.0,3534.0,-23.658056,31.05,2014-06-10
6052,2053.0,4547.0,-23.281,30.54305556,2014-06-10
6053,2321.0,4681.0,-25.681111,31.783333,2014-06-10
6054,1795.0,3620.0,-25.362222,31.956667,2014-06-10
6055,1551.0,3109.0,-28.735556,29.820556,2014-06-10
6056,1394.0,2246.0,-29.615556,27.065278,2014-06-10
6057,1824.0,3496.0,-30.570833,29.150556,2014-06-10
6058,3923.0,6147.0,-34.092222,21.295278,2014-06-10
6059,3027.0,5428.0,-34.075556,20.145556,2014-06-10
6060,2113.0,4853.0,-31.5653,18.3306,2014-06-10
6061,3316.0,6091.0,-32.94583,18.33667,2014-06-10
6062,1620.0,3131.0,-25.45963889,28.26430556,2014-06-10
6063,1402.0,3359.0,-25.81048333,27.90955222,2014-06-11
6064,1875.0,3299.0,-24.768889,31.39,2014-06-11
6065,3695.0,6597.0,-26.905,32.324722,2014-06-11
6066,1755.0,3404.0,-27.602222,29.942778,2014-06-11
6067,1613.0,3086.0,-27.00222,28.76528,2014-06-11
6068,1449.0,2810.0,-27.02314,28.59389,2014-06-11
6069,1461.0,2877.0,-27.273889,28.49,2014-06-11
6070,1406.0,2509.0,-27.3,28.586944,2014-06-11
6071,1206.0,2850.0,-27.935,26.126667,2014-06-11
6072,1441.0,3196.0,-28.69485,28.23487,2014-06-11
6073,1259.0,2652.0,-28.883333,27.89,2014-06-11
6074,1647.0,3424.0,-28.768056,20.720556,2014-06-11
6075,1900.0,3902.0,-30.568333,29.422778,2014-06-11
6076,1288.0,2874.0,-30.86013889,29.07125,2014-06-11
6077,1573.0,3446.0,-30.77586667,29.03221667,2014-06-11
6078,2282.0,4793.0,-33.13083,18.86278,2014-06-11
6079,2607.0,6313.0,-33.7075,18.97444444,2014-06-11
6080,1959.0,3665.0,-25.57877778,29.12747222,2014-06-11
6081,2482.0,5060.0,-22.769722,30.886944,2014-06-12
6082,989.0,2791.0,-26.006389,29.253889,2014-06-12
6083,3527.0,6502.0,-25.513889,31.224444,2014-06-12
6084,3518.0,6462.0,-27.363611,31.783333,2014-06-12
6085,1328.0,2442.0,-28.141944,26.417778,2014-06-12
6086,1195.0,2277.0,-28.1175,26.719444,2014-06-12
6087,1140.0,2042.0,-31.436944,20.474722,2014-06-12
6088,1900.0,3902.0,-30.568333,29.422778,2014-06-12
6089,2232.0,5046.0,-24.99328,30.81444,2014-06-13
6090,1691.0,3525.0,-29.744167,29.905833,2014-06-13
6091,1267.0,2535.0,-27.573056,24.746389,2014-06-13
6092,1140.0,2042.0,-31.436944,20.474722,2014-06-13
6093,2165.0,3908.0,-29.987778,29.851667,2014-06-16
6094,1604.0,3365.5,-29.744167,29.905833,2014-06-16
6095,1703.5,3457.0,-25.127778,27.628889,2014-06-17
6096,1598.5,3491.0,-24.39619444,27.08983333,2014-06-17
6097,1313.5,3232.0,-24.69514,27.40906,2014-06-17
6098,2156.0,4255.0,-30.733889,29.828333,2014-06-17
6099,1429.5,3380.0,-29.380556,30.2775,2014-06-17
6100,1167.0,2215.5,-28.1175,26.719444,2014-06-17
6101,1351.5,2508.0,-28.116667,26.725278,2014-06-17
6102,2006.0,4160.0,-33.38056,19.30167,2014-06-17
6103,1377.0,2981.5,-27.01011111,26.69808333,2014-06-18
6104,2012.0,3793.0,-24.183889,30.823889,2014-06-18
6105,1188.5,2673.0,-25.20639,27.558,2014-06-18
6106,1828.0,3908.5,-24.058889,31.237222,2014-06-18
6107,2058.0,3998.0,-24.034167,31.123611,2014-06-18
6108,3234.0,5768.5,-30.398056,30.601944,2014-06-18
6109,1334.0,2461.5,-26.98472222,26.63227778,2014-06-18
6110,1200.5,2655.0,-27.935,26.126667,2014-06-18
6111,2840.5,5738.5,-33.31388889,19.07472222,2014-06-18
6112,1766.5,4095.5,-30.13573889,30.67422222,2014-06-19
6113,1494.5,3136.0,-26.970278,27.211111,2014-06-19
6114,1589.5,2963.5,-27.398611,26.614722,2014-06-19
6115,969.5,2138.5,-27.671111,27.236944,2014-06-19
6116,1307.5,2297.0,-28.376944,24.303056,2014-06-19
6117,1389.5,2637.0,-27.4,26.624722,2014-06-19
6118,1281.5,3118.0,-24.679167,30.8025,2014-06-20
6119,1472.0,2703.5,-26.880278,26.965,2014-06-20
6120,1887.5,4017.0,-29.803611,30.516111,2014-06-20
6121,1954.0,3957.0,-23.838611,31.640833,2014-06-21
6122,1481.0,2875.0,-25.99136,27.84208,2014-06-23
6123,895.0,2624.0,-26.73806,27.59194,2014-06-23
6124,1151.0,2482.0,-26.45,28.085833,2014-06-23
6125,1159.0,2071.0,-29.160278,26.573333,2014-06-23
6126,2018.0,3933.0,-29.042222,24.6,2014-06-23
6127,4585.0,6673.0,-29.033333,23.983333,2014-06-23
6128,1364.0,2891.0,-27.01011111,26.69808333,2014-06-24
6129,2355.0,4805.0,-29.140556,31.391944,2014-06-24
6130,2612.0,5655.0,-34.065833,20.404167,2014-06-24
6131,2104.0,3802.0,-31.860278,18.6875,2014-06-24
6132,1677.0,3150.0,-24.282222,28.090278,2014-06-24
6133,2000.0,4291.0,-26.03611,30.99778,2014-06-24
6134,1795.0,3513.0,-25.362222,31.956667,2014-06-24
6135,1644.0,3170.0,-25.14944444,31.94055556,2014-06-24
6136,1455.0,2600.0,-27.169444,29.233889,2014-06-24
6137,1428.0,2733.0,-26.648056,27.089444,2014-06-24
6138,1465.0,3125.0,-26.970278,27.211111,2014-06-24
6139,1426.0,2698.0,-26.880278,26.965,2014-06-24
6140,1300.0,2393.0,-26.98472222,26.63227778,2014-06-24
6141,1313.0,2442.0,-28.141944,26.417778,2014-06-24
6142,1139.0,2154.0,-28.1175,26.719444,2014-06-24
6143,1340.0,2451.0,-28.116667,26.725278,2014-06-24
6144,1383.0,2690.0,-29.028629,24.638389,2014-06-24
6145,1441.0,3066.0,-28.69485,28.23487,2014-06-24
6146,1394.0,2246.0,-29.615556,27.065278,2014-06-24
6147,1966.0,4256.0,-33.501667,21.624167,2014-06-24
6148,1504.0,2994.0,-25.45963889,28.26430556,2014-06-24
6149,1373.0,3216.0,-25.81048333,27.90955222,2014-06-25
6150,2500.0,5134.0,-23.763056,27.908611,2014-06-25
6151,1155.0,2795.0,-23.23572222,27.717,2014-06-25
6152,779.0,2426.0,-28.404444,30.013056,2014-06-25
6153,1517.0,3206.0,-29.744167,29.905833,2014-06-25
6154,1406.0,2445.0,-27.3,28.586944,2014-06-25
6155,1188.0,2381.0,-27.802778,28.768333,2014-06-25
6156,920.0,2059.0,-27.671111,27.236944,2014-06-25
6157,1299.0,2346.0,-30.160091,27.40124,2014-06-25
6158,799.0,1969.0,-30.336111,27.359444,2014-06-25
6159,3055.0,5631.0,-34.405833,19.600556,2014-06-25
6160,1510.0,2857.0,-28.058889,30.373611,2014-06-25
6161,1072.0,2052.0,-29.161667,23.696389,2014-06-26
6162,1570.0,2840.0,-30.830556,26.921389,2014-06-26
6163,2031.0,3705.0,-22.91028,29.61111,2014-06-26
6164,589.0,2241.0,-26.006389,29.253889,2014-06-26
6165,2107.0,4312.0,-25.49037,30.6986,2014-06-26
6166,1612.0,3381.0,-27.5275,30.858056,2014-06-26
6167,1646.0,2717.0,-27.4275,28.525833,2014-06-26
6168,1129.0,2138.0,-27.38972222,26.46388889,2014-06-26
6169,1543.0,2770.0,-27.398611,26.614722,2014-06-26
6170,1150.0,2230.0,-27.573056,24.746389,2014-06-26
6171,1212.0,2961.0,-31.000833,26.353056,2014-06-26
6172,1200.0,2770.0,-30.679722,26.7125,2014-06-26
6173,2597.0,5333.0,-33.897778,20.012778,2014-06-26
6174,1131.0,2532.0,-28.7115,24.07288889,2014-06-27
6175,1155.0,2795.0,-23.23572222,27.717,2014-06-27
6176,1971.0,3987.0,-24.058889,31.237222,2014-06-27
6177,1159.0,2189.0,-27.902778,24.615556,2014-06-27
6178,1036.0,2069.0,-29.658056,25.973333,2014-06-27
6179,804.0,2026.0,-30.534167,24.961944,2014-06-27
6180,1151.0,2482.0,-26.45,28.085833,2014-06-30
6181,920.0,2059.0,-27.671111,27.236944,2014-06-30
6182,1585.0,3131.0,-25.57877778,29.12747222,2014-06-30
6183,1653.5,3201.5,-25.127778,27.628889,2014-07-01
6184,1188.5,2655.0,-25.20639,27.558,2014-07-01
6185,2211.5,4457.5,-24.69514,27.40906,2014-07-01
6186,1380.0,2490.0,-26.861111,28.884722,2014-07-01
6187,1271.5,2291.5,-26.98472222,26.63227778,2014-07-01
6188,1131.5,2147.5,-28.1175,26.719444,2014-07-01
6189,898.0,2048.5,-27.671111,27.236944,2014-07-01
6190,3141.0,6977.0,-34.031944,22.053333,2014-07-01
6191,3359.0,5941.5,-34.039722,22.133333,2014-07-01
6192,1820.5,3719.5,-28.068333,31.55,2014-07-01
6193,1139.0,2304.0,-27.495556,26.074722,2014-07-01
6194,932.5,2111.0,-29.161667,23.696389,2014-07-02
6195,1353.0,2878.5,-27.01011111,26.69808333,2014-07-02
6196,1454.0,3447.5,-29.641944,30.6875,2014-07-02
6197,1511.5,3349.5,-24.39619444,27.08983333,2014-07-02
6198,1535.5,2800.5,-27.00222,28.76528,2014-07-02
6199,1383.5,2739.5,-27.02314,28.59389,2014-07-02
6200,1397.5,2672.5,-26.648056,27.089444,2014-07-02
6201,1425.0,2678.5,-26.880278,26.965,2014-07-02
6202,1379.0,2576.5,-27.273889,28.49,2014-07-02
6203,1644.0,2704.5,-27.4275,28.525833,2014-07-02
6204,1435.5,2437.0,-27.3,28.586944,2014-07-02
6205,2768.0,5420.0,-28.44555556,32.325,2014-08-27
6206,898.0,2048.5,-27.671111,27.236944,2014-07-03
6207,3852.0,6329.5,-34.005833,22.351111,2014-07-03
6208,1630.5,3297.0,-28.308889,31.9025,2014-07-03
6209,1481.5,2865.5,-25.99136,27.84208,2014-07-07
6210,1381.0,2803.5,-28.735556,29.820556,2014-07-07
6211,890.0,2612.5,-26.73806,27.59194,2014-07-07
6212,1122.5,2432.0,-26.45,28.085833,2014-07-07
6213,1271.5,2291.5,-26.98472222,26.63227778,2014-07-07
6214,1131.5,2147.5,-28.1175,26.719444,2014-07-07
6215,1314.0,2389.5,-28.116667,26.725278,2014-07-07
6216,1425.0,2495.0,-27.169444,29.233889,2014-07-08
6217,1380.0,2490.0,-26.861111,28.884722,2014-07-08
6218,1154.5,2116.5,-31.436944,20.474722,2014-07-08
6219,837.5,1616.5,-31.394444,20.947222,2014-07-08
6220,3694.5,6004.0,-34.092222,21.295278,2014-07-08
6221,1520.0,2901.5,-25.45963889,28.26430556,2014-07-08
6222,1072.0,2170.0,-29.161667,23.696389,2014-07-09
6223,1276.0,3038.0,-25.81048333,27.90955222,2014-07-09
6224,1875.0,3620.0,-25.362222,31.956667,2014-07-09
6225,3391.0,6085.0,-26.905,32.324722,2014-07-09
6226,1454.0,3008.0,-27.602222,29.942778,2014-07-09
6227,1243.0,2190.0,-26.98472222,26.63227778,2014-07-09
6228,1163.0,2454.0,-27.935,26.126667,2014-07-09
6229,1285.0,2409.0,-28.141944,26.417778,2014-07-09
6230,4606.0,6885.0,-29.033333,23.983333,2014-07-09
6231,1312.0,2985.0,-30.568333,29.422778,2014-07-09
6232,1792.0,3001.0,-30.570833,29.150556,2014-07-09
6233,1687.0,4083.0,-31.104278,29.399722,2014-07-09
6234,1286.0,2468.0,-27.4,26.624722,2014-07-09
6235,1342.0,2866.0,-27.01011111,26.69808333,2014-07-10
6236,1276.0,2727.0,-25.436111,31.982222,2014-07-10
6237,3811.0,6556.0,-27.363611,31.783333,2014-07-10
6238,1367.0,2612.0,-26.648056,27.089444,2014-07-10
6239,1440.0,2777.0,-26.970278,27.211111,2014-07-10
6240,1426.0,2659.0,-26.880278,26.965,2014-07-10
6241,1619.0,2895.0,-31.031389,28.883333,2014-07-10
6242,1429.0,2637.0,-30.86013889,29.07125,2014-07-10
6243,1534.0,3027.0,-30.77586667,29.03221667,2014-07-10
6244,1309.0,3640.0,-31.396,29.2651,2014-07-11
6245,1588.0,3044.0,-29.7775,29.470833,2014-07-14
6246,1470.0,3048.0,-29.744167,29.905833,2014-07-14
6247,1094.0,2382.0,-26.45,28.085833,2014-07-14
6248,876.0,2059.0,-27.671111,27.236944,2014-07-14
6249,1266.0,2071.0,-29.160278,26.573333,2014-07-14
6250,2951.0,5872.0,-33.818056,19.694722,2014-07-14
6251,1164.0,1813.0,-32.502778,19.535833,2014-07-14
6252,1570.0,3052.0,-25.57877778,29.12747222,2014-07-14
6253,1633.0,3172.0,-25.127778,27.628889,2014-07-15
6254,1478.0,3257.0,-24.39619444,27.08983333,2014-07-15
6255,3075.0,5675.0,-24.69514,27.40906,2014-07-15
6256,488.0,1978.0,-26.006389,29.253889,2014-07-15
6257,1833.0,3523.0,-30.733889,29.828333,2014-07-15
6258,1881.0,3489.0,-29.987778,29.851667,2014-07-15
6259,928.0,2685.0,-29.380556,30.2775,2014-07-15
6260,1367.0,2479.0,-26.861111,28.884722,2014-07-15
6261,1243.0,2190.0,-26.98472222,26.63227778,2014-07-15
6262,1517.0,2986.0,-28.768056,20.720556,2014-07-15
6263,2668.0,5177.0,-34.075556,20.145556,2014-07-15
6264,1908.0,4497.0,-31.5653,18.3306,2014-07-15
6265,3616.0,6379.0,-32.94583,18.33667,2014-07-15
6266,1113.0,2258.0,-27.495556,26.074722,2014-07-15
6267,1072.0,2170.0,-29.161667,23.696389,2014-07-16
6268,1342.0,2866.0,-27.01011111,26.69808333,2014-07-16
6269,1175.0,2653.0,-25.20639,27.558,2014-07-16
6270,1889.0,4089.0,-26.03611,30.99778,2014-07-16
6271,2601.0,4885.0,-30.398056,30.601944,2014-07-16
6272,1367.0,2612.0,-26.648056,27.089444,2014-07-16
6273,1440.0,2777.0,-26.970278,27.211111,2014-07-16
6274,1426.0,2659.0,-26.880278,26.965,2014-07-16
6275,1429.0,2598.0,-27.044444,27.005,2014-07-16
6276,3651.0,6759.0,-33.13083,18.86278,2014-07-16
6277,1120.5,2105.0,-28.1175,26.719444,2014-07-17
6278,1279.5,2242.5,-28.116667,26.725278,2014-07-17
6279,1227.0,2186.5,-28.376944,24.303056,2014-07-17
6280,1418.5,3012.0,-24.95861111,29.39527778,2014-07-18
6281,1450.5,3022.0,-29.744167,29.905833,2014-07-18
6282,1089.5,2185.0,-27.902778,24.615556,2014-07-18
6283,1367.5,3399.5,-29.803611,30.516111,2014-07-18
6284,2074.5,4679.5,-29.140556,31.391944,2014-07-21
6285,1481.5,2865.5,-25.99136,27.84208,2014-07-21
6286,2424.0,5134.0,-25.513889,31.224444,2014-07-21
6287,1212.5,2057.5,-29.160278,26.573333,2014-07-21
6288,1773.5,3578.0,-29.042222,24.6,2014-07-21
6289,4709.0,6964.0,-29.033333,23.983333,2014-07-21
6290,3868.5,6302.5,-25.398889,31.610556,2014-07-22
6291,4315.0,6551.0,-28.801278,31.955389,2014-07-22
6292,1133.0,2404.5,-27.935,26.126667,2014-07-22
6293,1120.5,2105.0,-28.1175,26.719444,2014-07-22
6294,1279.5,2242.5,-28.116667,26.725278,2014-07-22
6295,1375.0,2664.0,-29.028629,24.638389,2014-07-22
6296,1468.0,3055.0,-28.69485,28.23487,2014-07-22
6297,1313.0,2115.0,-29.615556,27.065278,2014-07-22
6298,1227.0,2360.5,-28.883333,27.89,2014-07-22
6299,1505.5,2819.0,-25.45963889,28.26430556,2014-07-22
6300,1247.5,2974.5,-25.81048333,27.90955222,2014-07-23
6301,1612.5,2971.0,-24.282222,28.090278,2014-07-23
6302,2050.0,4261.5,-28.747778,31.745833,2014-07-23
6303,955.0,2399.5,-28.404444,30.013056,2014-07-23
6304,1348.5,2360.0,-30.160091,27.40124,2014-07-23
6305,733.5,1771.5,-30.336111,27.359444,2014-07-23
6306,1857.0,3899.5,-33.501667,21.624167,2014-07-23
6307,1352.0,2630.5,-28.058889,30.373611,2014-07-23
6308,1458.5,3627.5,-22.935,28.004167,2014-07-24
6309,1548.5,2872.0,-30.830556,26.921389,2014-07-24
6310,1582.0,4278.0,-24.99328,30.81444,2014-07-24
6311,1422.5,3172.5,-27.937778,31.209444,2014-07-24
6312,1376.5,3101.5,-27.5275,30.858056,2014-07-24
6313,1226.5,2929.5,-31.000833,26.353056,2014-07-24
6314,1197.5,2595.5,-30.679722,26.7125,2014-07-24
6315,913.0,1981.0,-30.534167,24.961944,2014-07-24
6316,1431.0,2996.0,-29.744167,29.905833,2014-07-25
6317,976.0,1889.0,-29.658056,25.973333,2014-07-25
6318,1840.0,3904.0,-33.38056,19.30167,2014-07-28
6319,1012.0,2283.0,-30.534167,24.961944,2011-08-16
6320,1320.0,2475.0,-27.01011111,26.69808333,2014-07-29
6321,1183.5,2327.0,-30.534167,24.961944,2011-09-08
6322,1265.0,2371.0,-30.534167,24.961944,2011-09-28
6323,1287.0,2374.5,-30.534167,24.961944,2011-10-07
6324,1347.0,2573.0,-30.534167,24.961944,2011-11-04
6325,1343.0,2528.0,-30.534167,24.961944,2011-12-02
6326,1373.0,2544.5,-30.534167,24.961944,2011-12-23
6327,2085.0,3949.0,-30.534167,24.961944,2012-02-03
6328,1805.0,3859.0,-30.534167,24.961944,2012-03-02
6329,1791.5,4014.0,-30.534167,24.961944,2012-03-30
6330,1395.0,3249.0,-30.534167,24.961944,2012-05-25
6331,2564.0,5572.0,-34.065833,20.404167,2014-07-29
6332,1641.0,3107.0,-22.91028,29.61111,2014-07-29
6333,942.0,2379.0,-30.534167,24.961944,2012-07-20
6334,1037.0,2226.0,-30.534167,24.961944,2012-09-14
6335,1292.0,2751.0,-30.534167,24.961944,2012-10-12
6336,1371.5,2802.0,-30.534167,24.961944,2012-11-09
6337,1617.5,3181.0,-30.534167,24.961944,2012-12-06
6338,1633.0,3172.0,-25.127778,27.628889,2014-07-29
6339,1711.0,3218.0,-30.534167,24.961944,2013-02-08
6340,1206.0,2653.0,-25.20639,27.558,2014-07-29
6341,4767.0,7126.0,-24.69514,27.40906,2014-07-29
6342,1075.0,2077.0,-28.75,30.442778,2014-07-29
6343,1424.0,2465.0,-26.880278,26.965,2014-07-29
6344,914.0,2122.0,-30.534167,24.961944,2014-05-22
6345,1231.0,2190.0,-26.98472222,26.63227778,2014-07-29
6346,1167.0,2139.0,-28.141944,26.417778,2014-07-29
6347,1117.0,2069.0,-28.1175,26.719444,2014-07-29
6348,1279.0,2828.0,-29.651389,22.746389,2014-07-29
6349,1036.0,2035.0,-30.534167,24.961944,2014-10-16
6350,1414.0,2615.5,-30.534167,24.961944,2014-11-06
6351,1487.0,2753.0,-30.534167,24.961944,2014-12-04
6352,1455.0,2519.0,-30.534167,24.961944,2015-01-08
6353,2973.0,6322.0,-33.31388889,19.07472222,2014-07-29
6354,1154.0,2467.0,-28.338333,31.373611,2014-07-29
6355,1589.0,3389.0,-28.068333,31.55,2014-07-29
6356,1130.0,2258.0,-27.495556,26.074722,2014-07-29
6357,1166.0,2375.0,-29.161667,23.696389,2014-07-30
6358,991.0,2743.0,-22.225556,29.990556,2014-07-30
6359,1296.0,2327.5,-30.534167,24.961944,2015-10-22
6360,2104.0,4305.0,-31.860278,18.6875,2014-07-30
6361,1458.0,3169.0,-24.39619444,27.08983333,2014-07-30
6362,1717.0,3570.0,-23.281,30.54305556,2014-07-30
6363,3844.0,6013.0,-28.44555556,32.325,2014-10-22
6364,2279.0,5129.0,-29.161667,30.629722,2014-07-30
6365,1423.0,2337.0,-31.436944,20.474722,2014-04-24
6366,1393.0,2479.0,-26.861111,28.884722,2014-07-30
6367,855.0,2504.0,-26.73806,27.59194,2014-07-30
6368,1172.0,2501.0,-26.45,28.085833,2014-07-30
6369,1130.0,2109.0,-27.38972222,26.46388889,2014-07-30
6370,1455.0,2524.0,-27.398611,26.614722,2014-07-30
6371,876.0,1911.0,-27.671111,27.236944,2014-07-30
6372,1517.0,2986.0,-28.768056,20.720556,2014-07-30
6373,1905.0,4136.0,-33.08883333,19.21878333,2014-07-30
6374,1361.0,3394.0,-29.641944,30.6875,2014-07-31
6375,2022.0,3983.0,-22.769722,30.886944,2014-07-31
6376,1395.0,2390.0,-27.169444,29.233889,2014-07-31
6377,1340.0,2583.0,-27.00222,28.76528,2014-07-31
6378,1247.0,2148.0,-28.376944,24.303056,2014-07-31
6379,3105.0,5870.0,-34.405833,19.600556,2014-07-31
6380,2433.0,5606.0,-34.329722,18.990278,2014-07-31
6381,1355.0,2540.0,-27.356667,27.286389,2014-07-31
6382,1511.0,3106.0,-28.308889,31.9025,2014-07-31
6383,1839.0,3905.0,-33.897778,20.012778,2014-07-31
6384,1431.0,2996.0,-29.744167,29.905833,2014-08-01
6385,1354.0,2612.0,-26.648056,27.089444,2014-08-01
6386,876.0,1911.0,-27.671111,27.236944,2014-08-01
6387,1082.0,2181.0,-27.902778,24.615556,2014-08-01
6388,1491.5,2739.5,-25.99136,27.84208,2014-08-04
6389,1166.5,2468.0,-28.735556,29.820556,2014-08-04
6390,1133.0,2398.5,-26.45,28.085833,2014-08-04
6391,1174.5,2043.0,-29.160278,26.573333,2014-08-04
6392,1524.5,2958.0,-24.058889,31.237222,2014-08-05
6393,1372.0,2518.5,-26.861111,28.884722,2014-08-05
6394,2941.5,6445.0,-34.031944,22.053333,2014-08-05
6395,2909.5,5941.5,-34.039722,22.133333,2014-08-05
6396,1505.5,2819.0,-25.45963889,28.26430556,2014-08-05
6397,979.5,2272.5,-29.161667,23.696389,2014-08-06
6398,1236.5,2906.5,-25.81048333,27.90955222,2014-08-06
6399,1195.5,2648.0,-25.73411,27.21422,2014-08-06
6400,3452.5,6301.5,-27.363611,31.783333,2014-08-06
6401,3383.5,6370.0,-26.905,32.324722,2014-08-06
6402,1415.0,2678.5,-27.602222,29.942778,2014-08-06
6403,1568.0,2592.0,-27.4275,28.525833,2014-08-06
6404,1410.5,2301.0,-27.3,28.586944,2014-08-06
6405,1143.0,2358.0,-27.935,26.126667,2014-08-06
6406,3633.5,6200.5,-34.005833,22.351111,2014-08-06
6407,1395.5,2608.0,-27.00222,28.76528,2014-08-07
6408,1337.5,2597.0,-27.02314,28.59389,2014-08-07
6409,775.5,1456.0,-31.394444,20.947222,2014-08-07
6410,1595.5,3134.5,-23.658056,31.05,2014-08-08
6411,773.5,1303.0,-28.96362,19.15486,2014-08-09
6412,1087.0,2946.0,-24.679167,30.8025,2014-08-11
6413,1431.0,2797.0,-29.7775,29.470833,2014-08-11
6414,1822.0,3489.0,-29.987778,29.851667,2014-08-11
6415,1236.0,2832.0,-29.744167,29.905833,2014-08-11
6416,1165.0,3548.0,-29.380556,30.2775,2014-08-11
6417,1418.0,2762.0,-26.970278,27.211111,2014-08-11
6418,1094.0,2296.0,-26.45,28.085833,2014-08-11
6419,1243.0,2231.0,-26.98472222,26.63227778,2014-08-11
6420,876.0,1911.0,-27.671111,27.236944,2014-08-11
6421,1521.0,3684.0,-31.396,29.2651,2014-08-11
6422,1925.0,4542.0,-31.554722,29.245556,2014-08-11
6423,1532.0,2814.0,-24.183889,30.823889,2014-08-12
6424,1674.0,3231.0,-25.127778,27.628889,2014-08-12
6425,1458.0,2995.0,-24.39619444,27.08983333,2014-08-12
6426,4906.0,7126.0,-24.69514,27.40906,2014-08-12
6427,1024.0,2546.0,-25.73411,27.21422,2014-08-12
6428,1750.0,3573.0,-26.03611,30.99778,2014-08-12
6429,1610.0,3400.0,-30.733889,29.828333,2014-08-12
6430,1351.0,2558.0,-26.861111,28.884722,2014-08-12
6431,1451.0,2633.0,-27.00222,28.76528,2014-08-12
6432,1243.0,2231.0,-26.98472222,26.63227778,2014-08-12
6433,1455.0,2524.0,-27.398611,26.614722,2014-08-12
6434,1684.0,2928.0,-30.570833,29.150556,2014-08-12
6435,1475.0,3529.0,-31.104278,29.399722,2014-08-12
6436,1130.0,2213.0,-27.495556,26.074722,2014-08-12
6437,1234.0,2365.0,-27.4,26.624722,2014-08-12
6438,793.0,2375.0,-29.161667,23.696389,2014-08-13
6439,1158.0,2475.0,-27.01011111,26.69808333,2014-08-13
6440,1315.0,3220.0,-22.935,28.004167,2014-08-13
6441,1685.0,3148.0,-24.670833,28.560833,2014-08-13
6442,1211.0,2653.0,-25.20639,27.558,2014-08-13
6443,1403.0,2785.0,-24.058889,31.237222,2014-08-13
6444,1987.0,3919.0,-30.398056,30.601944,2014-08-13
6445,1311.0,2531.0,-26.648056,27.089444,2014-08-13
6446,1424.0,2465.0,-26.880278,26.965,2014-08-13
6447,1321.0,2771.0,-31.031389,28.883333,2014-08-13
6448,1439.0,2634.0,-30.86013889,29.07125,2014-08-13
6449,1493.0,3027.0,-30.77586667,29.03221667,2014-08-13
6450,1558.0,2933.0,-24.282222,28.090278,2014-08-14
6451,1641.0,3040.0,-22.91028,29.61111,2014-08-14
6452,1375.0,3229.0,-25.49037,30.6986,2014-08-14
6453,1721.0,3920.0,-30.13573889,30.67422222,2014-08-14
6454,1181.0,2148.0,-28.376944,24.303056,2014-08-14
6455,1940.0,4225.0,-25.447222,30.711667,2014-08-14
6456,1236.0,2832.0,-29.744167,29.905833,2014-08-15
6457,1028.0,2023.0,-27.902778,24.615556,2014-08-15
6458,1377.0,3188.0,-29.803611,30.516111,2014-08-15
6459,775.0,1349.0,-28.96362,19.15486,2014-08-16
6460,1510.0,2739.5,-25.99136,27.84208,2014-08-18
6461,884.5,2487.0,-26.73806,27.59194,2014-08-18
6462,1133.0,2398.5,-26.45,28.085833,2014-08-18
6463,1055.0,2002.0,-28.1175,26.719444,2014-08-18
6464,984.5,2086.0,-27.671111,27.236944,2014-08-18
6465,1094.5,2014.0,-29.160278,26.573333,2014-08-18
6466,1780.0,3898.0,-29.140556,31.391944,2014-08-19
6467,679.5,2257.0,-26.006389,29.253889,2014-08-19
6468,2489.5,4525.0,-28.801278,31.955389,2014-08-19
6469,1461.0,2612.0,-27.169444,29.233889,2014-08-19
6470,1372.0,2590.0,-26.861111,28.884722,2014-08-19
6471,1497.5,2640.5,-27.00222,28.76528,2014-08-19
6472,1251.5,2258.5,-26.98472222,26.63227778,2014-08-19
6473,1141.0,2329.0,-27.935,26.126667,2014-08-19
6474,1489.5,2581.0,-27.398611,26.614722,2014-08-19
6475,1549.5,3321.0,-28.69485,28.23487,2014-08-19
6476,1257.5,2319.5,-28.883333,27.89,2014-08-19
6477,1505.5,2819.0,-25.45963889,28.26430556,2014-08-19
6478,1132.0,2204.5,-27.495556,26.074722,2014-08-19
6479,1301.0,2459.0,-27.4,26.624722,2014-08-19
6480,987.5,2329.0,-29.161667,23.696389,2014-08-20
6481,1239.0,2515.0,-27.01011111,26.69808333,2014-08-20
6482,1236.5,2906.5,-25.81048333,27.90955222,2014-08-20
6483,2021.5,4207.5,-28.747778,31.745833,2014-08-20
6484,1047.0,2388.0,-28.404444,30.013056,2014-08-20
6485,1339.0,2605.0,-26.648056,27.089444,2014-08-20
6486,1274.0,2567.5,-26.970278,27.211111,2014-08-20
6487,1566.0,2805.0,-26.880278,26.965,2014-08-20
6488,1055.0,2002.0,-28.1175,26.719444,2014-08-20
6489,1218.5,2307.0,-30.160091,27.40124,2014-08-20
6490,490.5,1317.0,-30.336111,27.359444,2014-08-20
6491,1113.0,2009.0,-29.615556,27.065278,2014-08-20
6492,1288.0,2562.5,-28.058889,30.373611,2014-08-20
6493,1737.0,3213.5,-30.830556,26.921389,2014-08-21
6494,1318.5,2895.0,-27.937778,31.209444,2014-08-21
6495,1319.5,2905.0,-27.5275,30.858056,2014-08-21
6496,1299.0,2247.5,-28.116667,26.725278,2014-08-21
6497,1244.0,2874.0,-31.000833,26.353056,2014-08-21
6498,1609.0,3373.0,-30.679722,26.7125,2014-08-21
6499,1257.5,2319.5,-28.883333,27.89,2014-08-21
6500,913.5,1967.0,-30.534167,24.961944,2014-08-21
6501,775.5,1456.0,-31.394444,20.947222,2014-08-21
6502,1343.5,2830.5,-24.925278,29.324444,2014-08-22
6503,981.0,1880.0,-29.658056,25.973333,2014-08-22
6504,1133.0,2398.5,-26.45,28.085833,2014-08-25
6505,1510.0,3561.5,-29.042222,24.6,2014-08-25
6506,2229.5,4290.5,-29.028629,24.638389,2014-08-25
6507,2303.5,4929.0,-33.818056,19.694722,2014-08-25
6508,1177.0,1846.0,-32.502778,19.535833,2014-08-25
6509,1158.0,2555.0,-27.01011111,26.69808333,2014-08-26
6510,1862.0,3615.0,-25.127778,27.628889,2014-08-26
6511,1606.0,3291.0,-25.20639,27.558,2014-08-26
6512,4906.0,6902.0,-24.69514,27.40906,2014-08-26
6513,1717.0,3394.0,-23.281,30.54305556,2014-08-26
6514,1393.0,2622.0,-26.861111,28.884722,2014-08-26
6515,1311.0,2679.0,-26.648056,27.089444,2014-08-26
6516,1130.0,2373.0,-26.970278,27.211111,2014-08-26
6517,1708.0,3145.0,-26.880278,26.965,2014-08-26
6518,1260.0,2286.0,-26.98472222,26.63227778,2014-08-26
6519,1206.0,2227.0,-28.141944,26.417778,2014-08-26
6520,1030.0,2031.0,-28.1175,26.719444,2014-08-26
6521,1606.0,3500.0,-33.501667,21.624167,2014-08-26
6522,2436.0,4650.0,-34.075556,20.145556,2014-08-26
6523,1905.0,3887.0,-31.5653,18.3306,2014-08-26
6524,3253.0,5641.0,-32.94583,18.33667,2014-08-26
6525,1063.0,2330.0,-28.338333,31.373611,2014-08-26
6526,1505.0,3090.0,-28.068333,31.55,2014-08-26
6527,1555.0,3007.0,-24.39619444,27.08983333,2014-08-27
6528,1943.0,3695.0,-22.769722,30.886944,2014-08-27
6529,3867.0,6292.0,-28.44555556,32.325,2014-11-19
6530,2076.0,4564.0,-29.161667,30.629722,2014-08-27
6531,1451.0,2633.0,-27.00222,28.76528,2014-08-27
6532,1441.0,2484.0,-27.02314,28.59389,2014-08-27
6533,1865.0,3127.0,-27.4275,28.525833,2014-08-27
6534,1356.0,2307.0,-27.3,28.586944,2014-08-27
6535,1524.0,2638.0,-27.398611,26.614722,2014-08-27
6536,4904.0,7357.0,-33.13083,18.86278,2014-08-27
6537,3247.0,5525.0,-33.7075,18.97444444,2014-08-27
6538,1381.0,2870.0,-28.308889,31.9025,2014-08-27
6539,1135.0,2518.0,-26.619444,27.980833,2014-08-28
6540,1076.0,2325.0,-26.510278,28.351389,2014-08-28
6541,1093.0,2261.0,-27.671111,27.236944,2014-08-28
6542,1303.0,2456.0,-27.573056,24.746389,2014-08-28
6543,1181.0,2149.0,-28.376944,24.303056,2014-08-28
6544,944.0,1962.0,-28.75,30.442778,2014-08-29
6545,1156.0,2737.0,-29.744167,29.905833,2014-08-29
6546,1028.0,2288.0,-27.902778,24.615556,2014-08-29
6547,1502.0,2623.0,-25.99136,27.84208,2014-09-01
6548,884.0,2504.0,-26.73806,27.59194,2014-09-01
6549,1172.0,2501.0,-26.45,28.085833,2014-09-01
6550,1206.0,2227.0,-28.141944,26.417778,2014-09-01
6551,1327.0,2338.0,-28.116667,26.725278,2014-09-01
6552,1926.0,3749.0,-33.38056,19.30167,2014-09-01
6553,2780.0,5579.0,-34.065833,20.404167,2014-09-02
6554,1767.0,3685.0,-31.860278,18.6875,2014-09-02
6555,1493.0,2642.0,-27.169444,29.233889,2014-09-02
6556,1393.0,2622.0,-26.861111,28.884722,2014-09-02
6557,1451.0,2633.0,-27.00222,28.76528,2014-09-02
6558,1708.0,3145.0,-26.880278,26.965,2014-09-02
6559,1179.0,2303.0,-27.935,26.126667,2014-09-02
6560,1093.0,2261.0,-27.671111,27.236944,2014-09-02
6561,2940.0,6204.0,-34.031944,22.053333,2014-09-02
6562,2698.0,5303.0,-34.039722,22.133333,2014-09-02
6563,1475.0,2829.0,-25.45963889,28.26430556,2014-09-02
6564,950.0,2409.0,-25.57877778,29.12747222,2014-09-02
6565,1184.0,2180.0,-29.161667,23.696389,2014-09-03
6566,1343.5,2932.0,-25.81048333,27.90955222,2014-09-03
6567,1595.5,2975.5,-23.658056,31.05,2014-09-03
6568,915.5,2794.0,-26.006389,29.253889,2014-09-03
6569,1427.0,2743.5,-27.602222,29.942778,2014-09-03
6570,1103.0,2088.5,-27.802778,28.768333,2014-09-03
6571,1094.5,1991.5,-29.160278,26.573333,2014-09-03
6572,808.5,1398.0,-31.436944,20.474722,2014-09-03
6573,3901.0,6068.0,-34.405833,19.600556,2014-09-03
6574,2768.0,5964.0,-27.363611,31.783333,2014-09-04
6575,1249.0,2483.0,-26.970278,27.211111,2014-09-04
6576,1253.5,2562.0,-27.671111,27.236944,2014-09-04
6577,2582.5,5614.5,-34.329722,18.990278,2014-09-04
6578,2090.0,4255.0,-33.897778,20.012778,2014-09-04
6579,1309.0,2566.5,-27.01011111,26.69808333,2014-09-05
6580,3641.0,6583.0,-26.905,32.324722,2014-09-05
6581,1362.5,2827.0,-28.735556,29.820556,2014-09-05
6582,1109.5,2704.5,-29.744167,29.905833,2014-09-05
6583,1273.5,2297.5,-26.98472222,26.63227778,2014-09-05
6584,3868.0,6152.5,-34.005833,22.351111,2014-09-05
6585,1157.0,2204.5,-27.495556,26.074722,2014-09-05
6586,773.5,1277.0,-28.96362,19.15486,2014-09-06
6587,1061.0,2319.0,-28.338333,31.373611,2014-09-06
6588,1558.5,2952.5,-29.7775,29.470833,2014-09-08
6589,1883.5,3938.0,-29.987778,29.851667,2014-09-08
6590,1109.5,2704.5,-29.744167,29.905833,2014-09-08
6591,1273.5,2297.5,-26.98472222,26.63227778,2014-09-08
6592,1253.5,2562.0,-27.671111,27.236944,2014-09-08
6593,1094.5,1991.5,-29.160278,26.573333,2014-09-08
6594,2704.0,5623.5,-33.31388889,19.07472222,2014-09-08
6595,1966.5,3808.0,-25.127778,27.628889,2014-09-09
6596,2541.0,4418.0,-25.20639,27.558,2014-09-09
6597,1614.0,3088.0,-24.39619444,27.08983333,2014-09-09
6598,4785.0,6912.5,-24.69514,27.40906,2014-09-09
6599,1541.5,3554.0,-30.733889,29.828333,2014-09-09
6600,1516.5,3583.5,-29.380556,30.2775,2014-09-09
6601,1206.5,2262.5,-28.141944,26.417778,2014-09-09
6602,1055.0,2050.0,-28.1175,26.719444,2014-09-09
6603,1671.0,2890.0,-27.398611,26.614722,2014-09-09
6604,1666.0,3364.5,-28.69485,28.23487,2014-09-09
6605,1113.0,2009.0,-29.615556,27.065278,2014-09-09
6606,1398.5,2631.5,-28.883333,27.89,2014-09-09
6607,2848.5,5708.0,-31.554722,29.245556,2014-09-09
6608,1378.0,2573.5,-27.4,26.624722,2014-09-09
6609,1184.0,2180.0,-29.161667,23.696389,2014-09-10
6610,1309.0,2566.5,-27.01011111,26.69808333,2014-09-10
6611,1401.0,2731.5,-26.648056,27.089444,2014-09-10
6612,1249.0,2483.0,-26.970278,27.211111,2014-09-10
6613,1734.5,3146.5,-26.880278,26.965,2014-09-10
6614,1273.5,2297.5,-26.98472222,26.63227778,2014-09-10
6615,1253.5,2562.0,-27.671111,27.236944,2014-09-10
6616,1218.5,2307.0,-30.160091,27.40124,2014-09-10
6617,490.5,1317.0,-30.336111,27.359444,2014-09-10
6618,1540.0,3385.5,-28.460833,21.248889,2014-09-10
6619,1606.0,3193.5,-30.568333,29.422778,2014-09-10
6620,1649.5,2843.5,-30.570833,29.150556,2014-09-10
6621,2203.0,3900.0,-30.830556,26.921389,2014-09-11
6622,1919.0,4345.0,-30.13573889,30.67422222,2014-09-11
6623,1166.0,2181.0,-27.38972222,26.46388889,2014-09-11
6624,1818.0,3142.0,-27.398611,26.614722,2014-09-11
6625,1182.0,2326.0,-28.376944,24.303056,2014-09-11
6626,1207.0,2797.0,-31.000833,26.353056,2014-09-11
6627,2368.0,4263.0,-30.679722,26.7125,2014-09-11
6628,889.0,1927.0,-30.534167,24.961944,2014-09-11
6629,1191.0,2636.0,-30.77586667,29.03221667,2014-09-11
6630,1236.0,2330.0,-27.902778,24.615556,2014-09-12
6631,1564.0,3104.0,-29.803611,30.516111,2014-09-12
6632,1370.0,2857.0,-24.679167,30.8025,2014-09-15
6633,1718.0,2915.0,-25.99136,27.84208,2014-09-15
6634,1996.0,4476.0,-25.513889,31.224444,2014-09-15
6635,1066.0,2729.0,-26.73806,27.59194,2014-09-15
6636,1257.0,2642.0,-26.45,28.085833,2014-09-15
6637,1711.0,3344.0,-29.042222,24.6,2014-09-15
6638,4870.0,7125.0,-29.028629,24.638389,2014-09-15
6639,1403.0,2714.0,-22.225556,29.990556,2014-09-16
6640,1280.0,2605.0,-25.436111,31.982222,2014-09-16
6641,1784.0,3625.0,-29.140556,31.391944,2014-09-16
6642,1579.0,2857.0,-24.183889,30.823889,2014-09-16
6643,1024.0,2546.0,-25.73411,27.21422,2014-09-16
6644,1606.0,2979.0,-23.838611,31.640833,2014-09-16
6645,1779.0,3144.0,-24.058889,31.237222,2014-09-16
6646,1573.0,3496.0,-26.03611,30.99778,2014-09-16
6647,1757.0,3774.0,-25.681111,31.783333,2014-09-16
6648,1345.0,2532.0,-25.362222,31.956667,2014-09-16
6649,1528.0,2642.0,-27.169444,29.233889,2014-09-16
6650,1614.0,2771.0,-26.861111,28.884722,2014-09-16
6651,1168.0,2116.0,-27.802778,28.768333,2014-09-16
6652,1927.0,4027.0,-33.501667,21.624167,2014-09-16
6653,1571.0,2831.0,-25.45963889,28.26430556,2014-09-16
6654,1433.0,2953.0,-25.81048333,27.90955222,2014-09-17
6655,1824.0,3043.0,-24.282222,28.090278,2014-09-17
6656,1347.0,2477.0,-23.23572222,27.717,2014-09-17
6657,1668.0,3041.0,-24.670833,28.560833,2014-09-17
6658,1835.0,3040.0,-22.91028,29.61111,2014-09-17
6659,1773.0,2798.0,-24.768889,31.39,2014-09-17
6660,2362.0,4389.0,-28.801278,31.955389,2014-09-17
6661,1181.0,2599.0,-28.404444,30.013056,2014-09-17
6662,1544.0,2648.0,-27.00222,28.76528,2014-09-17
6663,1619.0,2708.0,-27.02314,28.59389,2014-09-17
6664,1576.0,2727.0,-27.273889,28.49,2014-09-17
6665,2101.0,3535.0,-27.4275,28.525833,2014-09-17
6666,1439.0,2425.0,-27.3,28.586944,2014-09-17
6667,1183.0,2361.0,-27.935,26.126667,2014-09-17
6668,2438.0,4271.0,-28.768056,20.720556,2014-09-17
6669,1310.0,2564.0,-28.058889,30.373611,2014-09-17
6670,1921.0,3507.0,-23.763056,27.908611,2014-09-18
6671,2108.0,4683.0,-24.99328,30.81444,2014-09-18
6672,1979.0,4231.0,-28.747778,31.745833,2014-09-18
6673,1337.0,2945.0,-27.937778,31.209444,2014-09-18
6674,1293.0,2926.0,-27.5275,30.858056,2014-09-18
6675,1248.0,2518.0,-26.619444,27.980833,2014-09-18
6676,1149.5,2704.5,-29.744167,29.905833,2014-09-19
6677,804.0,1461.0,-31.394444,20.947222,2014-09-22
6678,2383.5,4874.0,-33.818056,19.694722,2014-09-22
6679,1228.5,1929.0,-32.502778,19.535833,2014-09-22
6680,1614.5,2919.0,-27.01011111,26.69808333,2014-09-23
6681,1716.0,3135.5,-31.860278,18.6875,2014-09-23
6682,2183.0,3961.5,-25.127778,27.628889,2014-09-23
6683,3745.0,5683.5,-25.20639,27.558,2014-09-23
6684,4365.0,6605.0,-24.69514,27.40906,2014-09-23
6685,1347.5,2996.0,-25.73411,27.21422,2014-09-23
6686,1249.0,2483.0,-26.970278,27.211111,2014-09-23
6687,2040.5,3557.5,-26.880278,26.965,2014-09-23
6688,1288.0,2297.5,-26.98472222,26.63227778,2014-09-23
6689,2002.0,3231.0,-27.398611,26.614722,2014-09-23
6690,1628.0,3353.5,-27.671111,27.236944,2014-09-23
6691,2198.5,4234.5,-34.075556,20.145556,2014-09-23
6692,2100.0,3999.5,-31.5653,18.3306,2014-09-23
6693,1061.0,2319.0,-28.338333,31.373611,2014-09-23
6694,1249.0,2266.0,-27.495556,26.074722,2014-09-23
6695,1469.5,2680.0,-27.4,26.624722,2014-09-23
6696,1417.5,3279.5,-29.641944,30.6875,2014-09-24
6697,2499.5,5134.5,-29.161667,30.629722,2014-09-24
6698,1747.0,3000.0,-27.00222,28.76528,2014-09-24
6699,1645.5,3320.5,-26.619444,27.980833,2014-09-24
6700,1265.5,2572.5,-26.45,28.085833,2014-09-24
6701,2313.5,4051.5,-33.38056,19.30167,2014-09-24
6702,1718.5,3234.0,-23.281,30.54305556,2014-09-25
6703,1632.5,2978.0,-26.861111,28.884722,2014-09-25
6704,1356.0,2354.0,-28.376944,24.303056,2014-09-25
6705,2932.0,4959.5,-32.94583,18.33667,2014-09-25
6706,1666.0,2991.5,-26.648056,27.089444,2014-09-26
6707,1425.5,2635.5,-27.573056,24.746389,2014-09-26
6708,1281.0,2408.5,-27.902778,24.615556,2014-09-26
6709,767.5,1254.5,-28.96362,19.15486,2014-09-26
6710,1764.0,3092.0,-25.99136,27.84208,2014-09-29
6711,1769.0,3260.0,-27.01011111,26.69808333,2014-09-30
6712,3257.0,5661.0,-34.065833,20.404167,2014-09-30
6713,2281.0,4094.0,-30.398056,30.601944,2014-09-30
6714,1841.0,3199.0,-26.648056,27.089444,2014-09-30
6715,1368.0,2593.0,-26.970278,27.211111,2014-09-30
6716,2320.0,3967.0,-26.880278,26.965,2014-09-30
6717,1624.0,3319.0,-26.73806,27.59194,2014-09-30
6718,1274.0,2642.0,-26.45,28.085833,2014-09-30
6719,1289.0,2286.0,-26.98472222,26.63227778,2014-09-30
6720,1517.0,2853.0,-27.935,26.126667,2014-09-30
6721,1589.0,2682.0,-28.141944,26.417778,2014-09-30
6722,2653.0,5554.0,-33.31388889,19.07472222,2014-09-30
6723,3481.0,5351.0,-33.7075,18.97444444,2014-09-30
6724,1663.0,2904.0,-25.45963889,28.26430556,2014-09-30
6725,1733.0,3442.0,-25.81048333,27.90955222,2014-10-01
6726,2013.0,3356.0,-27.169444,29.233889,2014-10-01
6727,1651.0,3185.0,-26.861111,28.884722,2014-10-01
6728,3232.0,5973.0,-34.405833,19.600556,2014-10-01
6729,3638.0,6548.0,-33.13083,18.86278,2014-10-01
6730,1671.0,3446.0,-25.73411,27.21422,2014-10-02
6731,1950.0,3352.0,-27.00222,28.76528,2014-10-02
6732,2043.0,4123.0,-26.619444,27.980833,2014-10-02
6733,1289.0,2286.0,-26.98472222,26.63227778,2014-10-02
6734,2778.0,5496.0,-34.329722,18.990278,2014-10-02
6735,2365.0,4441.0,-33.897778,20.012778,2014-10-02
6736,1063.0,2672.0,-29.744167,29.905833,2014-10-03
6737,1400.0,2536.0,-31.031389,28.883333,2014-10-03
6738,1326.0,2642.0,-30.86013889,29.07125,2014-10-03
6739,1191.0,2636.0,-30.77586667,29.03221667,2014-10-03
6740,2230.5,4264.0,-25.49037,30.6986,2014-10-06
6741,1311.5,2049.5,-29.160278,26.573333,2014-10-06
6742,2124.5,4163.5,-30.568333,29.422778,2014-10-06
6743,2025.0,3501.0,-30.570833,29.150556,2014-10-06
6744,2631.0,5283.5,-25.447222,30.711667,2014-10-06
6745,1099.5,2197.5,-28.7115,24.07288889,2014-10-07
6746,2399.0,4310.5,-25.127778,27.628889,2014-10-07
6747,3689.0,5638.0,-24.69514,27.40906,2014-10-07
6748,1908.5,3411.0,-22.769722,30.886944,2014-10-07
6749,1839.0,4048.0,-31.396,29.2651,2014-10-07
6750,3182.5,5923.5,-34.031944,22.053333,2014-10-07
6751,2718.0,5194.0,-34.039722,22.133333,2014-10-07
6752,3880.5,5690.5,-25.20639,27.558,2014-10-08
6753,1698.0,3279.0,-25.73411,27.21422,2014-10-08
6754,1798.0,3341.5,-23.281,30.54305556,2014-10-08
6755,3603.5,6286.0,-26.905,32.324722,2014-10-08
6756,2313.0,5173.0,-29.380556,30.2775,2014-10-08
6757,1469.0,2926.0,-26.970278,27.211111,2014-10-08
6758,1708.0,2772.0,-28.116667,26.725278,2014-10-08
6759,2255.0,4984.5,-31.104278,29.399722,2014-10-08
6760,3897.5,7607.0,-34.02861,22.22222,2014-10-08
6761,1823.5,3305.5,-27.01011111,26.69808333,2014-10-09
6762,2399.0,4310.5,-25.127778,27.628889,2014-10-09
6763,1648.0,2891.0,-23.658056,31.05,2014-10-09
6764,1729.0,3218.5,-26.861111,28.884722,2014-10-09
6765,1389.5,2846.0,-26.45,28.085833,2014-10-09
6766,1345.0,2363.5,-26.98472222,26.63227778,2014-10-09
6767,1800.0,3781.0,-27.671111,27.236944,2014-10-09
6768,1586.0,2439.0,-28.376944,24.303056,2014-10-09
6769,3744.0,6289.5,-31.554722,29.245556,2014-10-09
6770,3694.5,5876.0,-34.005833,22.351111,2014-10-09
6771,1338.0,2344.0,-27.495556,26.074722,2014-10-09
6772,2026.5,3533.0,-26.648056,27.089444,2014-10-10
6773,2141.0,3946.5,-26.880278,26.965,2014-10-10
6774,1618.5,2771.5,-27.573056,24.746389,2014-10-10
6775,1445.0,2576.0,-27.902778,24.615556,2014-10-10
6776,3093.0,5323.0,-31.031389,28.883333,2011-02-16
6777,1809.0,3092.0,-25.99136,27.84208,2014-10-13
6778,1792.0,3459.0,-26.510278,28.351389,2014-10-13
6779,1753.0,4317.0,-26.73806,27.59194,2014-10-13
6780,1505.0,3050.0,-26.45,28.085833,2014-10-13
6781,1842.0,3844.0,-27.671111,27.236944,2014-10-13
6782,1320.0,2102.0,-29.160278,26.573333,2014-10-13
6783,4688.0,6342.0,-29.042222,24.6,2014-10-13
6784,5416.0,7211.0,-29.028629,24.638389,2014-10-13
6785,1878.0,3351.0,-27.01011111,26.69808333,2014-10-14
6786,2185.0,3625.0,-29.140556,31.391944,2014-10-14
6787,1725.0,3446.0,-25.73411,27.21422,2014-10-14
6788,2698.0,4640.0,-27.169444,29.233889,2014-10-14
6789,1807.0,3252.0,-26.861111,28.884722,2014-10-14
6790,1168.0,2377.0,-27.802778,28.768333,2014-10-14
6791,1401.0,2441.0,-26.98472222,26.63227778,2014-10-14
6792,1429.0,2427.0,-28.1175,26.719444,2014-10-14
6793,1850.0,2970.0,-28.116667,26.725278,2014-10-14
6794,2287.0,3726.0,-27.398611,26.614722,2014-10-14
6795,2618.0,4768.0,-28.69485,28.23487,2014-10-14
6796,1845.0,2997.0,-29.615556,27.065278,2014-10-14
6797,1954.0,3353.0,-28.883333,27.89,2014-10-14
6798,2190.0,3436.0,-27.4,26.624722,2014-10-14
6799,1923.0,3873.0,-25.81048333,27.90955222,2014-10-15
6800,1984.0,4421.0,-28.747778,31.745833,2014-10-15
6801,1685.0,3335.0,-28.404444,30.013056,2014-10-15
6802,2055.0,3719.0,-27.00222,28.76528,2014-10-15
6803,2002.0,3600.0,-27.02314,28.59389,2014-10-15
6804,2212.0,3867.0,-26.648056,27.089444,2014-10-15
6805,1570.0,3259.0,-26.970278,27.211111,2014-10-15
6806,2320.0,3967.0,-26.880278,26.965,2014-10-15
6807,2474.0,4042.0,-27.273889,28.49,2014-10-15
6808,2329.0,3880.0,-27.4275,28.525833,2014-10-15
6809,1734.0,3042.0,-27.3,28.586944,2014-10-15
6810,1721.0,3202.0,-27.935,26.126667,2014-10-15
6811,1736.0,2833.0,-28.141944,26.417778,2014-10-15
6812,1842.0,3844.0,-27.671111,27.236944,2014-10-15
6813,1924.0,3237.0,-30.160091,27.40124,2014-10-15
6814,921.0,2239.0,-30.336111,27.359444,2014-10-15
6815,3085.0,4850.0,-28.768056,20.720556,2014-10-15
6816,4413.0,6547.0,-34.092222,21.295278,2014-10-15
6817,1794.0,3854.0,-28.058889,30.373611,2014-10-15
6818,2815.0,4469.0,-30.830556,26.921389,2014-10-16
6819,2400.0,4323.0,-25.49037,30.6986,2014-10-16
6820,1970.0,4307.0,-27.937778,31.209444,2014-10-16
6821,1587.0,3977.0,-27.5275,30.858056,2014-10-16
6822,1750.0,3342.0,-29.744167,29.905833,2014-10-16
6823,2527.0,4764.0,-26.619444,27.980833,2014-10-16
6824,1561.0,2655.0,-27.38972222,26.46388889,2014-10-16
6825,2287.0,3726.0,-27.398611,26.614722,2014-10-16
6826,1019.0,2307.0,-31.000833,26.353056,2014-10-16
6827,2368.0,4263.0,-30.679722,26.7125,2014-10-16
6828,2190.0,3436.0,-27.4,26.624722,2014-10-16
6829,3386.0,6938.0,-24.99328,30.81444,2014-10-20
6830,2552.0,5148.0,-33.818056,19.694722,2014-10-20
6831,1294.0,1729.0,-32.502778,19.535833,2014-10-20
6832,2512.5,4558.5,-25.127778,27.628889,2014-10-21
6833,3611.5,5564.5,-25.20639,27.558,2014-10-21
6834,2472.5,4082.0,-24.69514,27.40906,2014-10-21
6835,1724.0,4145.5,-26.006389,29.253889,2014-10-21
6836,1993.5,4300.0,-25.513889,31.224444,2014-10-21
6837,3506.5,5751.5,-25.398889,31.610556,2014-10-21
6838,1847.0,3612.0,-26.970278,27.211111,2014-10-21
6839,2253.5,4085.0,-26.45,28.085833,2014-10-21
6840,2026.0,4133.0,-34.075556,20.145556,2014-10-21
6841,2911.5,5386.0,-32.595833,19.009444,2014-10-21
6842,2011.5,3816.0,-28.338333,31.373611,2014-10-21
6843,2068.0,3860.5,-28.068333,31.55,2014-10-21
6844,1886.0,3812.5,-27.01011111,26.69808333,2014-10-22
6845,2392.5,4654.0,-29.641944,30.6875,2014-10-22
6846,1976.0,3481.0,-24.39619444,27.08983333,2014-10-22
6847,3513.0,6080.0,-28.44555556,32.325,2014-12-16
6848,2325.0,3838.0,-26.861111,28.884722,2014-10-22
6849,2290.5,3962.5,-26.648056,27.089444,2014-10-22
6850,2426.0,3984.0,-26.880278,26.965,2014-10-22
6851,1436.5,2622.5,-26.98472222,26.63227778,2014-10-22
6852,2517.0,4686.5,-34.250556,20.9925,2014-10-22
6853,2082.5,4039.0,-25.57877778,29.12747222,2014-10-22
6854,2173.5,4446.0,-25.436111,31.982222,2014-10-23
6855,2483.5,4621.5,-25.681111,31.783333,2014-10-23
6856,1629.0,3058.0,-25.362222,31.956667,2014-10-23
6857,1282.0,2471.5,-28.75,30.442778,2014-10-23
6858,3138.0,6527.5,-29.161667,30.629722,2014-10-23
6859,2392.0,3977.0,-27.00222,28.76528,2014-10-23
6860,2920.0,5420.0,-26.619444,27.980833,2014-10-23
6861,1970.5,3486.0,-27.573056,24.746389,2014-10-23
6862,2817.5,4737.0,-32.94583,18.33667,2014-10-23
6863,2273.0,4045.0,-28.308889,31.9025,2014-10-23
6864,1704.0,2991.5,-23.838611,31.640833,2014-10-24
6865,1816.0,3432.5,-24.95861111,29.39527778,2014-10-24
6866,1921.0,3649.5,-27.902778,24.615556,2014-10-24
6867,1332.0,2311.0,-29.161667,23.696389,2014-10-27
6868,1897.5,3664.5,-25.99136,27.84208,2014-10-27
6869,3894.0,6649.5,-31.554722,29.245556,2014-10-27
6870,1145.0,2293.5,-28.7115,24.07288889,2014-10-28
6871,3056.5,5348.5,-34.065833,20.404167,2014-10-28
6872,1632.5,2858.0,-22.91028,29.61111,2014-10-28
6873,1847.0,3612.0,-26.970278,27.211111,2014-10-28
6874,2426.0,3984.0,-26.880278,26.965,2014-10-28
6875,1363.5,2916.0,-27.802778,28.768333,2014-10-28
6876,2043.0,3965.5,-27.671111,27.236944,2014-10-28
6877,934.0,1866.0,-29.1825,23.575556,2014-10-28
6878,2615.0,5343.5,-30.568333,29.422778,2014-10-28
6879,2433.0,4373.5,-30.570833,29.150556,2014-10-28
6880,2843.5,5734.0,-31.104278,29.399722,2014-10-28
6881,2193.0,3997.5,-33.501667,21.624167,2014-10-28
6882,1894.0,4274.0,-27.01011111,26.69808333,2014-10-29
6883,2064.0,4026.0,-25.81048333,27.90955222,2014-10-29
6884,1885.0,3477.0,-22.935,28.004167,2014-10-29
6885,2970.0,5202.0,-24.282222,28.090278,2014-10-29
6886,2195.0,3847.0,-24.670833,28.560833,2014-10-29
6887,1901.0,3903.0,-25.73411,27.21422,2014-10-29
6888,3896.0,6687.0,-26.905,32.324722,2014-10-29
6889,2004.0,4008.0,-28.735556,29.820556,2014-10-29
6890,2843.0,4424.0,-26.861111,28.884722,2014-10-29
6891,2369.0,4058.0,-26.648056,27.089444,2014-10-29
6892,2475.0,4045.0,-27.273889,28.49,2014-10-29
6893,1734.0,3212.0,-27.3,28.586944,2014-10-29
6894,1401.0,2804.0,-26.98472222,26.63227778,2014-10-29
6895,3343.0,5318.0,-28.768056,20.720556,2014-10-29
6896,1578.0,3239.0,-31.031389,28.883333,2014-10-29
6897,1518.0,3430.0,-30.86013889,29.07125,2014-10-29
6898,2437.0,5225.0,-30.77586667,29.03221667,2014-10-29
6899,2837.0,5179.0,-34.405833,19.600556,2014-10-29
6900,2232.0,3775.0,-33.13083,18.86278,2014-10-29
6901,3706.0,5351.0,-33.7075,18.97444444,2014-10-29
6902,3388.0,6684.0,-27.363611,31.783333,2014-10-30
6903,3114.0,5375.0,-27.602222,29.942778,2014-10-30
6904,2729.0,4235.0,-27.00222,28.76528,2014-10-30
6905,3313.0,6076.0,-26.619444,27.980833,2014-10-30
6906,2114.0,4338.0,-26.73806,27.59194,2014-10-30
6907,2342.0,5167.0,-34.329722,18.990278,2014-10-30
6908,2516.0,4651.0,-33.31388889,19.07472222,2014-10-30
6909,2871.0,5180.0,-33.897778,20.012778,2014-10-30
6910,2042.0,4605.0,-29.744167,29.905833,2014-10-31
6911,2086.0,3868.0,-28.404444,30.013056,2014-11-02
6912,2042.0,4605.0,-29.744167,29.905833,2014-11-03
6913,2114.0,4338.0,-26.73806,27.59194,2014-11-03
6914,3002.0,5120.0,-26.45,28.085833,2014-11-03
6915,2244.0,4087.0,-27.671111,27.236944,2014-11-03
6916,3645.0,6362.0,-30.733889,29.828333,2014-11-04
6917,3785.0,7254.0,-29.380556,30.2775,2014-11-04
6918,2831.0,4879.0,-27.169444,29.233889,2014-11-04
6919,2843.0,4424.0,-26.861111,28.884722,2014-11-04
6920,1401.0,2804.0,-26.98472222,26.63227778,2014-11-04
6921,2748.0,4384.0,-28.141944,26.417778,2014-11-04
6922,2501.0,4145.0,-27.398611,26.614722,2014-11-04
6923,1507.0,2550.0,-29.160278,26.573333,2014-11-04
6924,2618.0,4768.0,-28.69485,28.23487,2014-11-04
6925,2172.0,3553.0,-28.883333,27.89,2014-11-04
6926,2928.0,5262.0,-34.039722,22.133333,2014-11-04
6927,2272.0,4261.0,-27.4,26.624722,2014-11-04
6928,1894.0,4274.0,-27.01011111,26.69808333,2014-11-05
6929,1901.0,3903.0,-25.73411,27.21422,2014-11-05
6930,4038.0,6750.0,-30.398056,30.601944,2014-11-05
6931,2729.0,4235.0,-27.00222,28.76528,2014-11-05
6932,2745.0,4340.0,-27.02314,28.59389,2014-11-05
6933,2369.0,4058.0,-26.648056,27.089444,2014-11-05
6934,2124.0,3965.0,-26.970278,27.211111,2014-11-05
6935,2320.0,4001.0,-26.880278,26.965,2014-11-05
6936,2475.0,4045.0,-27.273889,28.49,2014-11-05
6937,2923.0,5416.0,-27.4275,28.525833,2014-11-05
6938,1734.0,3212.0,-27.3,28.586944,2014-11-05
6939,2387.0,4791.0,-28.116667,26.725278,2014-11-05
6940,2391.0,4135.0,-30.160091,27.40124,2014-11-05
6941,921.0,2239.0,-30.336111,27.359444,2014-11-05
6942,3757.0,5572.0,-29.615556,27.065278,2014-11-05
6943,3988.0,7654.0,-34.02861,22.22222,2014-11-05
6944,3585.5,5567.0,-30.830556,26.921389,2014-11-06
6945,3536.5,5922.5,-26.619444,27.980833,2014-11-06
6946,2165.5,3356.5,-28.376944,24.303056,2014-11-06
6947,1321.5,3022.0,-31.000833,26.353056,2014-11-06
6948,3934.5,6390.0,-30.679722,26.7125,2014-11-06
6949,1704.0,3092.5,-23.838611,31.640833,2014-11-07
6950,2389.5,4542.0,-27.902778,24.615556,2014-11-07
6951,1655.5,2636.5,-29.658056,25.973333,2014-11-07
6952,2602.5,4562.0,-25.99136,27.84208,2014-11-10
6953,2477.5,4798.5,-28.1175,26.719444,2014-11-10
6954,2177.0,4280.5,-27.671111,27.236944,2014-11-10
6955,2335.0,3845.5,-29.140556,31.391944,2014-11-11
6956,1536.0,2705.5,-24.183889,30.823889,2014-11-11
6957,2036.0,3967.5,-25.73411,27.21422,2014-11-11
6958,4210.5,5781.5,-28.801278,31.955389,2014-11-11
6959,2394.5,4739.0,-26.73806,27.59194,2014-11-11
6960,2740.0,4577.0,-26.45,28.085833,2014-11-11
6961,1833.0,3272.0,-26.98472222,26.63227778,2014-11-11
6962,2510.0,4145.0,-27.935,26.126667,2014-11-11
6963,3204.0,5132.0,-28.141944,26.417778,2014-11-11
6964,2737.0,4418.0,-27.398611,26.614722,2014-11-11
6965,3603.5,5562.0,-34.092222,21.295278,2014-11-11
6966,2940.0,4942.5,-25.45963889,28.26430556,2014-11-11
6967,2584.5,4677.5,-27.4,26.624722,2014-11-11
6968,2171.5,4436.0,-27.01011111,26.69808333,2014-11-12
6969,2283.5,4606.5,-25.81048333,27.90955222,2014-11-12
6970,2445.0,4066.0,-24.670833,28.560833,2014-11-12
6971,1978.0,3557.0,-22.769722,30.886944,2014-11-12
6972,1550.5,3052.0,-24.058889,31.237222,2014-11-12
6973,2317.5,4759.0,-28.747778,31.745833,2014-11-12
6974,2667.0,5047.0,-27.937778,31.209444,2014-11-12
6975,2218.0,4647.0,-29.744167,29.905833,2014-11-12
6976,3423.5,5639.5,-27.169444,29.233889,2014-11-12
6977,3115.0,5119.5,-26.861111,28.884722,2014-11-12
6978,2903.0,4579.0,-26.648056,27.089444,2014-11-12
6979,2302.0,4351.5,-26.970278,27.211111,2014-11-12
6980,2516.0,4083.5,-26.880278,26.965,2014-11-12
6981,1583.5,3640.5,-27.802778,28.768333,2014-11-12
6982,2841.0,5155.0,-25.127778,27.628889,2014-11-13
6983,3204.0,5564.5,-25.20639,27.558,2014-11-13
6984,1667.5,2869.0,-23.658056,31.05,2014-11-13
6985,2246.5,3853.0,-23.281,30.54305556,2014-11-13
6986,3180.5,5209.0,-27.5275,30.858056,2014-11-13
6987,2798.5,4410.5,-27.00222,28.76528,2014-11-13
6988,2884.5,4761.5,-27.273889,28.49,2014-11-13
6989,2626.0,4648.0,-27.4275,28.525833,2014-11-13
6990,1813.5,3450.5,-27.3,28.586944,2014-11-13
6991,1636.0,3308.0,-24.679167,30.8025,2014-11-14
6992,2265.0,3740.0,-26.98472222,26.63227778,2014-11-14
6993,3479.0,6352.0,-25.49037,30.6986,2014-11-17
6994,2110.0,4474.0,-27.671111,27.236944,2014-11-17
6995,4688.0,6714.0,-29.042222,24.6,2014-11-17
6996,3099.0,4807.0,-29.033333,23.983333,2014-11-17
6997,3276.0,5918.0,-25.447222,30.711667,2014-11-17
6998,2952.0,5194.0,-25.127778,27.628889,2014-11-18
6999,2661.0,5559.0,-25.20639,27.558,2014-11-18
7000,1633.0,3196.0,-24.69514,27.40906,2014-11-18
7001,1811.0,4421.0,-26.006389,29.253889,2014-11-18
7002,3446.0,6453.0,-25.513889,31.224444,2014-11-18
7003,4540.0,6487.0,-25.398889,31.610556,2014-11-18
7004,3660.0,5880.0,-28.141944,26.417778,2014-11-18
7005,3003.0,5413.0,-28.1175,26.719444,2014-11-18
7006,3193.0,5704.0,-29.028629,24.638389,2014-11-18
7007,2185.0,3644.0,-28.338333,31.373611,2014-11-18
7008,2251.0,3888.0,-28.068333,31.55,2014-11-18
7009,2559.0,4734.0,-29.641944,30.6875,2014-11-19
7010,2146.0,3547.0,-24.39619444,27.08983333,2014-11-19
7011,3210.0,5388.0,-25.681111,31.783333,2014-11-19
7012,4388.0,6625.0,-28.44555556,32.325,2015-01-14
7013,3498.0,7032.0,-29.161667,30.629722,2014-11-19
7014,3002.0,5120.0,-26.45,28.085833,2014-11-19
7015,2207.0,4264.0,-27.38972222,26.46388889,2014-11-19
7016,2973.0,4691.0,-27.398611,26.614722,2014-11-19
7017,3189.0,6101.0,-25.57877778,29.12747222,2014-11-19
7018,2652.0,5181.0,-26.03611,30.99778,2014-11-20
7019,1648.0,3221.0,-28.75,30.442778,2014-11-20
7020,3387.0,5815.0,-26.861111,28.884722,2014-11-20
7021,2110.0,4474.0,-27.671111,27.236944,2014-11-20
7022,2413.0,3449.0,-28.376944,24.303056,2014-11-20
7023,2276.0,3726.0,-29.160278,26.573333,2014-11-20
7024,2179.0,4067.0,-28.308889,31.9025,2014-11-20
7025,2322.0,4344.0,-24.9675,31.516667,2014-11-21
7026,2528.5,4479.5,-28.058889,30.373611,2014-11-22
7027,2267.5,3957.0,-23.23572222,27.717,2014-11-24
7028,3414.5,5202.0,-25.99136,27.84208,2014-11-24
7029,2167.5,4096.0,-27.671111,27.236944,2014-11-24
7030,4551.5,7499.0,-31.554722,29.245556,2014-11-24
7031,3068.0,4920.0,-33.818056,19.694722,2014-11-24
7032,1311.5,1757.0,-32.502778,19.535833,2014-11-24
7033,2870.5,5327.5,-27.01011111,26.69808333,2014-11-25
7034,1433.0,2428.5,-31.860278,18.6875,2014-11-25
7035,2525.0,4556.0,-22.91028,29.61111,2014-11-25
7036,2904.0,4906.5,-26.970278,27.211111,2014-11-25
7037,3051.0,4887.0,-26.880278,26.965,2014-11-25
7038,3463.5,5947.5,-28.1175,26.719444,2014-11-25
7039,4163.5,6529.0,-30.568333,29.422778,2014-11-25
7040,2794.0,4902.5,-30.570833,29.150556,2014-11-25
7041,3315.0,5944.5,-31.104278,29.399722,2014-11-25
7042,2001.5,3824.5,-33.501667,21.624167,2014-11-25
7043,1827.5,3831.0,-34.075556,20.145556,2014-11-25
7044,3115.5,5029.0,-32.595833,19.009444,2014-11-25
7045,3770.5,6060.0,-25.45963889,28.26430556,2014-11-25
7046,2513.5,4876.0,-25.81048333,27.90955222,2014-11-26
7047,3541.5,5313.5,-24.282222,28.090278,2014-11-26
7048,3676.5,5722.5,-23.763056,27.908611,2014-11-26
7049,4702.0,7737.5,-26.905,32.324722,2014-11-26
7050,3275.5,6264.5,-27.602222,29.942778,2014-11-26
7051,2922.0,4664.5,-27.00222,28.76528,2014-11-26
7052,2762.5,5298.5,-26.73806,27.59194,2014-11-26
7053,3407.5,5643.0,-26.45,28.085833,2014-11-26
7054,4068.5,6429.0,-29.042222,24.6,2014-11-26
7055,4081.0,5826.5,-29.033333,23.983333,2014-11-26
7056,2293.5,3610.0,-31.031389,28.883333,2014-11-26
7057,2448.0,4258.0,-30.86013889,29.07125,2014-11-26
7058,2907.5,5468.0,-30.77586667,29.03221667,2014-11-26
7059,2509.0,4686.5,-34.250556,20.9925,2014-11-26
7060,2166.0,3606.5,-33.38056,19.30167,2014-11-26
7061,4197.0,6556.5,-27.169444,29.233889,2014-11-27
7062,3770.5,5850.5,-26.861111,28.884722,2014-11-27
7063,3054.0,5414.0,-29.028629,24.638389,2014-11-27
7064,2251.0,3707.5,-32.94583,18.33667,2014-11-27
7065,1802.5,3190.5,-23.838611,31.640833,2014-11-28
7066,2447.5,4900.5,-29.744167,29.905833,2014-11-28
7067,3448.5,5495.0,-26.648056,27.089444,2014-11-28
7068,4058.0,6412.5,-28.116667,26.725278,2014-11-28
7069,2613.5,4754.5,-27.573056,24.746389,2014-11-28
7070,2501.0,5112.0,-29.744167,29.905833,2014-12-01
7071,4982.0,7337.0,-29.380556,30.2775,2014-12-01
7072,3328.0,5075.0,-26.970278,27.211111,2014-12-01
7073,2411.0,3994.0,-29.160278,26.573333,2014-12-01
7074,3292.0,6057.0,-27.01011111,26.69808333,2014-12-02
7075,2416.0,4963.0,-34.065833,20.404167,2014-12-02
7076,3367.0,5558.0,-25.127778,27.628889,2014-12-02
7077,1977.0,4067.0,-24.69514,27.40906,2014-12-02
7078,3885.0,7307.0,-25.49037,30.6986,2014-12-02
7079,4154.0,5886.0,-26.861111,28.884722,2014-12-02
7080,3460.0,5890.0,-26.648056,27.089444,2014-12-02
7081,3390.0,5608.0,-26.880278,26.965,2014-12-02
7082,2673.0,4642.0,-26.98472222,26.63227778,2014-12-02
7083,2225.0,4474.0,-27.671111,27.236944,2014-12-02
7084,2969.0,4869.0,-28.69485,28.23487,2014-12-02
7085,3954.0,5624.0,-29.615556,27.065278,2014-12-02
7086,3227.0,5004.0,-28.883333,27.89,2014-12-02
7087,3747.0,5225.0,-34.092222,21.295278,2014-12-02
7088,2507.0,4384.0,-33.31388889,19.07472222,2014-12-02
7089,2260.0,3422.0,-33.7075,18.97444444,2014-12-02
7090,2661.0,5570.0,-25.20639,27.558,2014-12-03
7091,2292.0,4198.0,-25.73411,27.21422,2014-12-03
7092,3813.0,6166.0,-26.45,28.085833,2014-12-03
7093,3643.0,5734.0,-27.273889,28.49,2014-12-03
7094,2923.0,5416.0,-27.4275,28.525833,2014-12-03
7095,2420.0,3795.0,-27.3,28.586944,2014-12-03
7096,3347.0,5097.0,-30.160091,27.40124,2014-12-03
7097,1734.0,3361.0,-30.336111,27.359444,2014-12-03
7098,2928.0,5449.0,-34.039722,22.133333,2014-12-03
7099,3968.0,7445.0,-34.02861,22.22222,2014-12-03
7100,2396.0,4148.0,-34.405833,19.600556,2014-12-03
7101,1993.0,3091.0,-33.13083,18.86278,2014-12-03
7102,2707.0,4524.0,-33.464444,18.740556,2014-12-03
7103,3948.0,5969.0,-30.830556,26.921389,2014-12-04
7104,1666.0,3309.0,-25.362222,31.956667,2014-12-04
7105,2501.0,4538.0,-27.902778,24.615556,2014-12-04
7106,2413.0,3507.0,-28.376944,24.303056,2014-12-04
7107,2411.0,3994.0,-29.160278,26.573333,2014-12-04
7108,4153.0,6933.0,-30.679722,26.7125,2014-12-04
7109,2459.0,4834.0,-34.329722,18.990278,2014-12-04
7110,4515.0,6744.0,-29.803611,30.516111,2014-12-04
7111,3023.0,4878.0,-33.897778,20.012778,2014-12-04
7112,2921.0,4737.5,-26.98472222,26.63227778,2014-12-05
7113,3886.0,5931.5,-25.99136,27.84208,2014-12-08
7114,4021.5,6303.0,-26.45,28.085833,2014-12-08
7115,4250.0,6555.5,-28.141944,26.417778,2014-12-08
7116,3870.5,6224.5,-29.042222,24.6,2014-12-08
7117,3200.5,5256.5,-29.028629,24.638389,2014-12-08
7118,5512.5,7095.0,-29.033333,23.983333,2014-12-08
7119,2526.5,4826.5,-28.460833,21.248889,2014-12-08
7120,2817.0,5021.5,-30.86013889,29.07125,2014-12-08
7121,3166.0,6015.0,-30.77586667,29.03221667,2014-12-08
7122,2818.5,4273.5,-29.140556,31.391944,2014-12-09
7123,2492.0,4006.5,-24.183889,30.823889,2014-12-09
7124,2195.5,4236.5,-24.69514,27.40906,2014-12-09
7125,2316.5,4050.5,-25.73411,27.21422,2014-12-09
7126,2828.0,4882.0,-28.747778,31.745833,2014-12-09
7127,5263.5,6897.0,-28.801278,31.955389,2014-12-09
7128,4399.5,6619.5,-26.861111,28.884722,2014-12-09
7129,4064.5,6376.5,-28.1175,26.719444,2014-12-09
7130,3075.0,5280.0,-27.398611,26.614722,2014-12-09
7131,4385.0,7256.0,-30.568333,29.422778,2014-12-09
7132,3186.5,5178.5,-30.570833,29.150556,2014-12-09
7133,4551.5,7878.5,-31.554722,29.245556,2014-12-09
7134,4603.5,6551.0,-25.45963889,28.26430556,2014-12-09
7135,2866.5,5465.0,-27.4,26.624722,2014-12-09
7136,3606.5,6329.0,-27.01011111,26.69808333,2014-12-10
7137,2726.0,5295.0,-25.81048333,27.90955222,2014-12-10
7138,4177.0,6577.0,-29.641944,30.6875,2014-12-10
7139,2784.0,5170.5,-24.670833,28.560833,2014-12-10
7140,2891.0,4928.5,-28.404444,30.013056,2014-12-10
7141,3682.5,6232.0,-26.648056,27.089444,2014-12-10
7142,3257.5,5480.5,-26.970278,27.211111,2014-12-10
7143,3573.0,6072.5,-26.880278,26.965,2014-12-10
7144,2921.0,4737.5,-26.98472222,26.63227778,2014-12-10
7145,2666.0,4912.5,-27.671111,27.236944,2014-12-10
7146,2962.0,5100.5,-28.058889,30.373611,2014-12-10
7147,1943.0,3580.0,-23.658056,31.05,2014-12-11
7148,2636.0,4791.0,-23.281,30.54305556,2014-12-11
7149,4058.0,6185.0,-27.5275,30.858056,2014-12-11
7150,2757.0,5109.0,-27.38972222,26.46388889,2014-12-11
7151,3075.0,5280.0,-27.398611,26.614722,2014-12-11
7152,2866.5,5465.0,-27.4,26.624722,2014-12-11
7153,2391.0,4535.5,-24.679167,30.8025,2014-12-12
7154,2753.0,5273.5,-29.744167,29.905833,2014-12-12
7155,2867.0,5473.0,-26.73806,27.59194,2014-12-15
7156,2666.0,4912.5,-27.671111,27.236944,2014-12-15
7157,3433.0,6329.0,-25.127778,27.628889,2014-12-16
7158,5890.0,7703.0,-28.44555556,32.325,2015-02-18
7159,3328.0,5886.0,-26.970278,27.211111,2014-12-16
7160,3921.0,6601.0,-27.01011111,26.69808333,2014-12-17
7161,3389.0,6454.0,-27.602222,29.942778,2014-12-17
7162,2363.0,4109.0,-28.75,30.442778,2014-12-17
7163,3596.0,7266.0,-29.161667,30.629722,2014-12-17
7164,3905.0,6574.0,-26.648056,27.089444,2014-12-17
7165,3756.0,6537.0,-26.880278,26.965,2014-12-17
7166,4230.0,6166.0,-26.45,28.085833,2014-12-17
7167,3169.0,4833.0,-26.98472222,26.63227778,2014-12-17
7168,1915.0,3702.0,-33.501667,21.624167,2014-12-17
7169,4302.0,6577.0,-29.641944,30.6875,2014-12-18
7170,5277.0,7966.0,-26.905,32.324722,2014-12-18
7171,5546.0,7996.0,-27.169444,29.233889,2014-12-18
7172,4645.0,7353.0,-26.861111,28.884722,2014-12-18
7173,3335.0,5633.0,-27.00222,28.76528,2014-12-18
7174,2308.0,3449.0,-28.376944,24.303056,2014-12-18
7175,2287.0,4257.0,-34.250556,20.9925,2014-12-18
7176,2532.0,4538.0,-27.902778,24.615556,2014-12-19
7177,2114.0,4574.5,-22.43772222,31.07805556,2014-12-21
7178,3839.0,6275.0,-24.282222,28.090278,2014-12-22
7179,3776.0,7010.5,-30.733889,29.828333,2014-12-22
7180,3257.5,6114.0,-26.970278,27.211111,2014-12-22
7181,3503.5,6185.5,-26.880278,26.965,2014-12-22
7182,4365.0,6674.0,-26.45,28.085833,2014-12-22
7183,3606.5,6329.0,-27.01011111,26.69808333,2014-12-23
7184,2947.5,5499.0,-25.81048333,27.90955222,2014-12-23
7185,1273.5,2401.0,-22.225556,29.990556,2014-12-23
7186,3483.5,5892.5,-22.91028,29.61111,2014-12-23
7187,5367.0,7669.0,-26.861111,28.884722,2014-12-23
7188,3331.0,5559.0,-27.00222,28.76528,2014-12-23
7189,2921.0,4855.0,-26.98472222,26.63227778,2014-12-23
7190,3082.0,5495.5,-29.744167,29.905833,2014-12-24
7191,1424.5,2586.5,-29.161667,23.696389,2014-12-31
7192,2308.0,3417.0,-28.376944,24.303056,2015-01-01
7193,3124.0,5540.0,-27.902778,24.615556,2015-01-02
7194,4162.0,6131.0,-25.99136,27.84208,2015-01-05
7195,5352.0,8222.0,-29.987778,29.851667,2015-01-05
7196,3159.0,5556.0,-29.744167,29.905833,2015-01-05
7197,3187.0,6342.0,-26.970278,27.211111,2015-01-05
7198,3924.0,6271.0,-28.1175,26.719444,2015-01-05
7199,3133.0,4768.0,-27.671111,27.236944,2015-01-05
7200,3082.5,4789.0,-29.140556,31.391944,2015-01-06
7201,2642.5,4842.0,-25.73411,27.21422,2015-01-06
7202,3670.0,6663.0,-30.733889,29.828333,2015-01-06
7203,3528.0,5857.5,-27.935,26.126667,2015-01-06
7204,3817.5,6136.5,-28.141944,26.417778,2015-01-06
7205,3075.0,4928.5,-27.398611,26.614722,2015-01-06
7206,2360.5,3952.5,-29.160278,26.573333,2015-01-06
7207,3289.0,5855.5,-28.69485,28.23487,2015-01-06
7208,3652.5,5287.0,-28.883333,27.89,2015-01-06
7209,3476.0,6406.5,-27.01011111,26.69808333,2015-01-07
7210,2920.5,5934.5,-25.81048333,27.90955222,2015-01-07
7211,2920.5,5094.5,-28.747778,31.745833,2015-01-07
7212,6187.0,7861.0,-28.801278,31.955389,2015-01-07
7213,2959.0,5287.0,-28.404444,30.013056,2015-01-07
7214,3907.5,6905.5,-26.648056,27.089444,2015-01-07
7215,3808.5,6579.0,-26.880278,26.965,2015-01-07
7216,3061.5,4923.0,-26.98472222,26.63227778,2015-01-07
7217,3814.5,6098.0,-28.116667,26.725278,2015-01-07
7218,3065.5,5236.0,-30.160091,27.40124,2015-01-07
7219,1979.5,4080.0,-30.336111,27.359444,2015-01-07
7220,3518.0,4959.5,-29.615556,27.065278,2015-01-07
7221,4290.5,6496.5,-30.830556,26.921389,2015-01-08
7222,2029.5,4258.0,-31.000833,26.353056,2015-01-08
7223,4223.0,6623.5,-30.679722,26.7125,2015-01-08
7224,1965.0,3807.5,-23.838611,31.640833,2015-01-09
7225,3597.5,6298.0,-27.5275,30.858056,2015-01-09
7226,3194.5,5625.5,-29.744167,29.905833,2015-01-09
7227,4571.0,7781.0,-30.398056,30.601944,2015-01-09
7228,3061.5,4923.0,-26.98472222,26.63227778,2015-01-09
7229,2956.5,4746.5,-27.573056,24.746389,2015-01-09
7230,2721.0,4057.0,-29.658056,25.973333,2015-01-09
7231,4714.5,7200.0,-29.803611,30.516111,2015-01-09
7232,4611.5,7174.0,-28.735556,29.820556,2015-01-12
7233,3121.5,6114.0,-26.970278,27.211111,2015-01-12
7234,2871.0,5739.5,-26.73806,27.59194,2015-01-12
7235,3129.0,6117.5,-25.127778,27.628889,2015-01-13
7236,5245.0,7181.0,-25.20639,27.558,2015-01-13
7237,3084.5,5846.5,-24.69514,27.40906,2015-01-13
7238,3817.5,6136.5,-28.141944,26.417778,2015-01-13
7239,3731.0,5837.0,-28.1175,26.719444,2015-01-13
7240,3814.5,6098.0,-28.116667,26.725278,2015-01-13
7241,4459.0,7480.5,-30.568333,29.422778,2015-01-13
7242,3725.0,6415.5,-30.570833,29.150556,2015-01-13
7243,2335.0,4338.0,-28.338333,31.373611,2015-01-13
7244,3473.0,5738.0,-28.068333,31.55,2015-01-13
7245,3476.0,6406.5,-27.01011111,26.69808333,2015-01-14
7246,3940.0,6152.0,-29.641944,30.6875,2015-01-14
7247,2680.5,5152.0,-24.39619444,27.08983333,2015-01-14
7248,2642.5,4842.0,-25.73411,27.21422,2015-01-14
7249,6522.0,7891.0,-28.44555556,32.325,2015-04-09
7250,3471.0,6166.0,-27.602222,29.942778,2015-01-14
7251,2427.5,4054.5,-28.75,30.442778,2015-01-14
7252,3887.5,7266.0,-29.161667,30.629722,2015-01-14
7253,3907.5,6905.5,-26.648056,27.089444,2015-01-14
7254,4365.0,7027.5,-26.45,28.085833,2015-01-14
7255,2757.0,4852.0,-27.38972222,26.46388889,2015-01-14
7256,3061.5,4923.0,-26.98472222,26.63227778,2015-01-14
7257,3075.0,4928.5,-27.398611,26.614722,2015-01-14
7258,3207.0,5683.5,-31.104278,29.399722,2015-01-14
7259,2579.0,4444.0,-31.396,29.2651,2015-01-14
7260,4996.0,7573.5,-31.554722,29.245556,2015-01-14
7261,5326.0,7910.0,-27.169444,29.233889,2015-01-15
7262,3145.0,4989.0,-27.02314,28.59389,2015-01-15
7263,3075.0,4928.5,-27.398611,26.614722,2015-01-15
7264,2956.5,4746.5,-27.573056,24.746389,2015-01-15
7265,2334.5,3462.0,-28.376944,24.303056,2015-01-15
7266,2940.5,5125.0,-31.031389,28.883333,2015-01-15
7267,3700.0,5779.5,-30.86013889,29.07125,2015-01-15
7268,4052.5,6730.0,-30.77586667,29.03221667,2015-01-15
7269,4474.5,7063.5,-26.619444,27.980833,2015-01-16
7270,2870.5,4464.5,-27.671111,27.236944,2015-01-16
7271,3014.5,5202.5,-27.902778,24.615556,2015-01-16
7272,2836.0,4562.0,-28.747778,31.745833,2015-01-17
7273,4162.0,6131.0,-25.99136,27.84208,2015-01-19
7274,3056.0,5886.0,-26.970278,27.211111,2015-01-19
7275,3090.0,5016.0,-29.028629,24.638389,2015-01-19
7276,6894.0,7344.0,-29.033333,23.983333,2015-01-19
7277,3020.0,5082.0,-33.818056,19.694722,2015-01-19
7278,3031.0,6212.0,-27.01011111,26.69808333,2015-01-20
7279,852.0,1766.0,-22.225556,29.990556,2015-01-20
7280,2954.0,4969.0,-26.98472222,26.63227778,2015-01-20
7281,3384.0,5761.0,-27.935,26.126667,2015-01-20
7282,3538.0,5403.0,-28.1175,26.719444,2015-01-20
7283,1701.0,3290.0,-34.075556,20.145556,2015-01-20
7284,1369.0,1972.0,-32.502778,19.535833,2015-01-20
7285,1687.0,2832.0,-29.161667,23.696389,2015-01-21
7286,2967.0,6058.0,-25.81048333,27.90955222,2015-01-21
7287,3578.0,5727.0,-29.641944,30.6875,2015-01-21
7288,2341.0,4570.0,-25.73411,27.21422,2015-01-21
7289,3905.0,7031.0,-26.648056,27.089444,2015-01-21
7290,2310.0,3911.0,-29.160278,26.573333,2015-01-21
7291,6894.0,7344.0,-29.033333,23.983333,2015-01-21
7292,3863.0,6730.5,-26.03611,30.99778,2015-01-22
7293,3482.5,6570.5,-27.363611,31.783333,2015-01-22
7294,5245.0,8147.5,-26.905,32.324722,2015-01-22
7295,3092.5,5165.0,-28.116667,26.725278,2015-01-22
7296,2021.0,3807.5,-23.838611,31.640833,2015-01-23
7297,3272.0,5627.5,-29.744167,29.905833,2015-01-23
7298,910.0,1622.0,-28.96362,19.15486,2015-01-24
7299,2505.0,5739.5,-26.73806,27.59194,2015-01-26
7300,4113.5,7027.5,-26.45,28.085833,2015-01-26
7301,1921.5,3941.0,-34.065833,20.404167,2015-01-27
7302,2781.5,5942.0,-25.127778,27.628889,2015-01-27
7303,5608.5,7751.5,-25.20639,27.558,2015-01-27
7304,2688.0,5205.5,-24.39619444,27.08983333,2015-01-27
7305,4881.0,7280.0,-24.69514,27.40906,2015-01-27
7306,5046.0,7814.5,-27.169444,29.233889,2015-01-27
7307,5429.0,8034.0,-26.861111,28.884722,2015-01-27
7308,3121.5,5942.0,-26.970278,27.211111,2015-01-27
7309,3503.5,6185.5,-26.880278,26.965,2015-01-27
7310,1844.0,3637.0,-33.501667,21.624167,2015-01-27
7311,3099.5,5069.0,-32.595833,19.009444,2015-01-27
7312,1685.0,2778.5,-29.161667,23.696389,2015-01-28
7313,1320.5,2416.0,-28.7115,24.07288889,2015-01-28
7314,2869.0,5929.5,-27.01011111,26.69808333,2015-01-28
7315,3582.5,6275.0,-24.282222,28.090278,2015-01-28
7316,4095.5,6908.0,-23.763056,27.908611,2015-01-28
7317,2496.0,4419.5,-23.658056,31.05,2015-01-28
7318,3282.0,5973.0,-23.281,30.54305556,2015-01-28
7319,3953.0,6502.5,-27.937778,31.209444,2015-01-28
7320,2984.0,5287.0,-28.404444,30.013056,2015-01-28
7321,3836.0,6905.5,-26.648056,27.089444,2015-01-28
7322,3860.5,5900.5,-27.273889,28.49,2015-01-28
7323,3326.5,5396.0,-27.4275,28.525833,2015-01-28
7324,3158.0,5115.5,-27.3,28.586944,2015-01-28
7325,2956.0,4969.5,-26.98472222,26.63227778,2015-01-28
7326,2299.0,3958.0,-34.405833,19.600556,2015-01-28
7327,3245.0,5316.0,-28.068333,31.55,2015-01-28
7328,3198.0,5504.0,-28.058889,30.373611,2015-01-28
7329,2654.5,5161.5,-22.935,28.004167,2015-01-29
7330,962.0,1890.0,-22.225556,29.990556,2015-01-29
7331,3583.5,6695.0,-24.670833,28.560833,2015-01-29
7332,3597.5,6263.0,-27.5275,30.858056,2015-01-29
7333,2334.5,3413.0,-28.376944,24.303056,2015-01-29
7334,2448.5,4731.0,-34.329722,18.990278,2015-01-29
7335,2221.0,3754.0,-33.38056,19.30167,2015-01-29
7336,2558.0,4228.0,-27.573056,24.746389,2015-01-30
7337,2905.0,4865.0,-27.902778,24.615556,2015-01-30
7338,3452.0,6083.0,-25.99136,27.84208,2015-02-02
7339,4428.0,6500.0,-29.7775,29.470833,2015-02-02
7340,3314.0,5695.0,-29.744167,29.905833,2015-02-02
7341,3056.0,5998.0,-26.970278,27.211111,2015-02-02
7342,2838.0,4778.0,-28.116667,26.725278,2015-02-02
7343,2608.0,4161.0,-27.671111,27.236944,2015-02-02
7344,3403.0,5323.0,-33.818056,19.694722,2015-02-02
7345,3276.0,5366.0,-29.140556,31.391944,2015-02-03
7346,2428.0,4811.0,-25.73411,27.21422,2015-02-03
7347,6342.0,8161.0,-28.801278,31.955389,2015-02-03
7348,6253.0,8163.0,-29.987778,29.851667,2015-02-03
7349,2954.0,4970.0,-26.98472222,26.63227778,2015-02-03
7350,2616.0,4576.0,-27.398611,26.614722,2015-02-03
7351,2276.0,4079.0,-33.31388889,19.07472222,2015-02-03
7352,3755.0,6492.0,-25.45963889,28.26430556,2015-02-03
7353,2537.0,4570.0,-27.4,26.624722,2015-02-03
7354,2707.0,5647.0,-27.01011111,26.69808333,2015-02-04
7355,2874.0,5811.0,-25.81048333,27.90955222,2015-02-04
7356,3578.0,5727.0,-29.641944,30.6875,2015-02-04
7357,2836.0,5428.0,-28.747778,31.745833,2015-02-04
7358,3767.0,7031.0,-26.648056,27.089444,2015-02-04
7359,2608.0,4161.0,-27.671111,27.236944,2015-02-04
7360,3246.0,4957.0,-28.768056,20.720556,2015-02-04
7361,1840.0,3238.0,-32.94583,18.33667,2015-02-04
7362,4019.0,6764.0,-30.13573889,30.67422222,2015-02-05
7363,2172.0,3792.0,-29.160278,26.573333,2015-02-05
7364,1785.0,2956.0,-33.13083,18.86278,2015-02-05
7365,3314.0,5695.0,-29.744167,29.905833,2015-02-06
7366,4907.0,7634.0,-29.380556,30.2775,2015-02-06
7367,4305.0,7546.0,-29.803611,30.516111,2015-02-06
7368,2076.5,4297.5,-23.838611,31.640833,2015-02-09
7369,4908.5,7525.5,-25.49037,30.6986,2015-02-09
7370,3895.0,6953.0,-25.513889,31.224444,2015-02-09
7371,3967.5,6074.0,-28.735556,29.820556,2015-02-09
7372,3159.5,5940.0,-26.970278,27.211111,2015-02-09
7373,3452.0,6250.5,-26.45,28.085833,2015-02-09
7374,4683.0,7567.5,-25.447222,30.711667,2015-02-09
7375,637.0,1596.0,-28.760833,17.730278,2015-02-10
7376,2869.0,5835.5,-27.01011111,26.69808333,2015-02-10
7377,3637.5,5657.0,-25.436111,31.982222,2015-02-10
7378,5608.5,7751.5,-25.20639,27.558,2015-02-10
7379,5671.5,7623.0,-24.69514,27.40906,2015-02-10
7380,2957.5,5617.0,-23.281,30.54305556,2015-02-10
7381,2991.5,5457.5,-25.681111,31.783333,2015-02-10
7382,4085.5,6344.0,-25.398889,31.610556,2015-02-10
7383,4723.5,7763.5,-24.99328,30.81444,2015-02-10
7384,3344.0,5721.0,-27.602222,29.942778,2015-02-10
7385,5429.0,7432.5,-26.861111,28.884722,2015-02-10
7386,3454.5,6598.0,-26.648056,27.089444,2015-02-10
7387,2780.5,4969.5,-26.98472222,26.63227778,2015-02-10
7388,2886.5,4893.5,-28.141944,26.417778,2015-02-10
7389,2668.0,5115.0,-28.1175,26.719444,2015-02-10
7390,2840.0,5088.0,-28.116667,26.725278,2015-02-10
7391,1175.0,2801.5,-29.1825,23.575556,2015-02-10
7392,2419.5,4271.0,-31.396,29.2651,2015-02-10
7393,4646.0,7352.5,-31.554722,29.245556,2015-02-10
7394,2651.0,5880.5,-34.039722,22.133333,2015-02-10
7395,1546.0,2681.5,-29.161667,23.696389,2015-02-11
7396,3381.0,6643.0,-24.670833,28.560833,2015-02-11
7397,2838.0,5195.5,-24.39619444,27.08983333,2015-02-11
7398,1906.0,4043.5,-24.058889,31.237222,2015-02-11
7399,3061.0,5330.0,-25.362222,31.956667,2015-02-11
7400,2479.0,4594.5,-25.14944444,31.94055556,2015-02-11
7401,2362.5,3970.0,-28.75,30.442778,2015-02-11
7402,4219.5,7226.0,-29.161667,30.629722,2015-02-11
7403,2223.0,4281.5,-27.38972222,26.46388889,2015-02-11
7404,2511.5,4576.5,-27.398611,26.614722,2015-02-11
7405,3219.0,6291.5,-31.104278,29.399722,2015-02-11
7406,3795.0,6625.5,-30.77586667,29.03221667,2015-02-11
7407,2995.5,5707.5,-34.005833,22.351111,2015-02-11
7408,2496.0,4419.5,-23.658056,31.05,2015-02-12
7409,2590.0,4367.0,-27.671111,27.236944,2015-02-12
7410,2312.0,3412.5,-28.376944,24.303056,2015-02-12
7411,4708.5,7045.0,-30.568333,29.422778,2015-02-12
7412,2987.5,5070.5,-31.031389,28.883333,2015-02-12
7413,3836.5,5984.5,-30.86013889,29.07125,2015-02-12
7414,4265.0,6651.5,-30.570833,29.150556,2015-02-12
7415,1916.5,3729.5,-28.338333,31.373611,2015-02-12
7416,3697.0,6301.5,-24.679167,30.8025,2015-02-13
7417,3596.0,5916.0,-22.769722,30.886944,2015-02-13
7418,2968.0,4668.0,-24.768889,31.39,2015-02-13
7419,3826.0,6273.5,-24.9675,31.516667,2015-02-13
7420,2470.0,4319.5,-27.573056,24.746389,2015-02-13
7421,2803.5,4771.5,-27.902778,24.615556,2015-02-13
7422,910.0,1622.0,-28.96362,19.15486,2015-02-14
7423,2792.0,5176.0,-25.99136,27.84208,2015-02-16
7424,3263.0,5882.0,-26.970278,27.211111,2015-02-16
7425,2152.0,5069.0,-26.73806,27.59194,2015-02-16
7426,3177.0,5628.0,-26.45,28.085833,2015-02-16
7427,2572.0,4161.0,-27.671111,27.236944,2015-02-16
7428,1355.0,1917.0,-32.502778,19.535833,2015-02-16
7429,3031.0,6024.0,-27.01011111,26.69808333,2015-02-17
7430,4622.0,7342.0,-27.169444,29.233889,2015-02-17
7431,5050.0,6880.0,-26.861111,28.884722,2015-02-17
7432,2014.0,3849.0,-27.02314,28.59389,2015-02-17
7433,2954.0,4969.0,-26.98472222,26.63227778,2015-02-17
7434,2005.0,3243.0,-29.160278,26.573333,2015-02-17
7435,3376.0,6213.0,-28.69485,28.23487,2015-02-17
7436,3148.0,5200.0,-28.883333,27.89,2015-02-17
7437,1122.0,1795.0,-31.436944,20.474722,2015-02-17
7438,1708.0,3436.0,-34.075556,20.145556,2015-02-17
7439,2773.0,4467.0,-32.595833,19.009444,2015-02-17
7440,3274.0,5754.0,-25.45963889,28.26430556,2015-02-17
7441,3091.0,5082.0,-28.068333,31.55,2015-02-17
7442,1683.0,2725.0,-29.161667,23.696389,2015-02-18
7443,2454.0,5331.0,-25.81048333,27.90955222,2015-02-18
7444,1615.0,3302.0,-22.225556,29.990556,2015-02-18
7445,4182.0,6645.0,-29.641944,30.6875,2015-02-18
7446,2428.0,4811.0,-25.73411,27.21422,2015-02-18
7447,5276.0,7611.0,-28.44555556,32.325,2015-05-07
7448,3142.0,6165.0,-26.648056,27.089444,2015-02-18
7449,3743.0,6288.0,-26.880278,26.965,2015-02-18
7450,2838.0,4778.0,-28.116667,26.725278,2015-02-18
7451,5174.0,7146.0,-29.033333,23.983333,2015-02-18
7452,2963.0,4929.0,-30.160091,27.40124,2015-02-18
7453,1551.0,3496.0,-30.336111,27.359444,2015-02-18
7454,2349.0,3951.0,-29.615556,27.065278,2015-02-18
7455,3260.0,6316.0,-25.57877778,29.12747222,2015-02-18
7456,4458.0,6504.0,-30.830556,26.921389,2015-02-19
7457,2617.0,4549.0,-28.141944,26.417778,2015-02-19
7458,2117.0,4578.0,-31.000833,26.353056,2015-02-19
7459,4888.0,7012.0,-30.679722,26.7125,2015-02-19
7460,2238.0,4849.0,-34.250556,20.9925,2015-02-19
7461,2276.0,4079.0,-33.31388889,19.07472222,2015-02-19
7462,2759.0,5055.0,-28.308889,31.9025,2015-02-19
7463,2706.0,5334.0,-22.43772222,31.07805556,2015-02-20
7464,3230.0,5824.0,-29.744167,29.905833,2015-02-20
7465,2456.0,3617.0,-29.658056,25.973333,2015-02-20
7466,4405.5,6910.0,-29.7775,29.470833,2015-02-23
7467,5551.5,8210.0,-29.987778,29.851667,2015-02-23
7468,3147.5,5894.5,-29.744167,29.905833,2015-02-23
7469,2871.0,5048.0,-26.45,28.085833,2015-02-23
7470,3798.0,6276.5,-29.042222,24.6,2015-02-23
7471,4414.5,6900.0,-29.033333,23.983333,2015-02-23
7472,3070.5,6302.0,-34.031944,22.053333,2015-02-23
7473,2115.0,3626.5,-33.38056,19.30167,2015-02-23
7474,3349.0,6222.0,-30.733889,29.828333,2015-02-24
7475,4697.0,6821.0,-26.861111,28.884722,2015-02-24
7476,2848.0,5319.5,-27.00222,28.76528,2015-02-24
7477,3159.5,5940.0,-26.970278,27.211111,2015-02-24
7478,3518.5,6361.0,-26.619444,27.980833,2015-02-24
7479,3075.5,5120.0,-29.028629,24.638389,2015-02-24
7480,1809.5,3038.0,-33.13083,18.86278,2015-02-24
7481,1470.0,2640.0,-29.161667,23.696389,2015-02-25
7482,3327.0,6118.0,-27.01011111,26.69808333,2015-02-25
7483,2479.0,4592.5,-23.23572222,27.717,2015-02-25
7484,2588.5,4762.0,-22.548889,28.898056,2015-02-25
7485,2607.0,4846.0,-22.91028,29.61111,2015-02-25
7486,3637.0,6203.0,-27.937778,31.209444,2015-02-25
7487,4860.5,7767.5,-26.905,32.324722,2015-02-25
7488,3209.5,5626.5,-28.404444,30.013056,2015-02-25
7489,4786.0,7425.0,-30.398056,30.601944,2015-02-25
7490,3157.5,6160.0,-26.648056,27.089444,2015-02-25
7491,2927.0,4874.5,-26.98472222,26.63227778,2015-02-25
7492,2292.0,4137.0,-34.405833,19.600556,2015-02-25
7493,1973.5,3304.5,-32.94583,18.33667,2015-02-25
7494,2983.0,5754.5,-24.282222,28.090278,2015-02-26
7495,3591.5,6906.0,-23.763056,27.908611,2015-02-26
7496,2399.0,4979.0,-25.127778,27.628889,2015-02-26
7497,5337.5,7446.5,-25.20639,27.558,2015-02-26
7498,2686.0,4892.5,-25.73411,27.21422,2015-02-26
7499,3378.0,6049.5,-27.5275,30.858056,2015-02-26
7500,3867.0,6518.5,-27.363611,31.783333,2015-02-26
7501,4127.0,6919.0,-30.13573889,30.67422222,2015-02-26
7502,2294.5,3498.5,-28.376944,24.303056,2015-02-26
7503,2480.0,4902.5,-34.329722,18.990278,2015-02-26
7504,5671.5,7623.0,-24.69514,27.40906,2015-02-27
7505,2470.0,4465.0,-27.573056,24.746389,2015-02-27
7506,2655.5,4771.5,-27.902778,24.615556,2015-02-27
7507,3198.0,5231.5,-28.058889,30.373611,2015-02-27
7508,4317.5,7439.0,-29.803611,30.516111,2015-02-27
7509,3524.0,5561.0,-29.140556,31.391944,2015-03-03
7510,3751.0,6677.0,-26.03611,30.99778,2015-03-03
7511,5691.0,7872.0,-28.801278,31.955389,2015-03-03
7512,3263.0,5998.0,-26.970278,27.211111,2015-03-03
7513,2210.0,4445.0,-27.671111,27.236944,2015-03-03
7514,2954.0,6331.0,-34.031944,22.053333,2015-03-03
7515,2790.0,6344.0,-34.039722,22.133333,2015-03-03
7516,2427.0,5070.0,-25.45963889,28.26430556,2015-03-03
7517,3623.0,6024.0,-27.01011111,26.69808333,2015-03-04
7518,2454.0,5331.0,-25.81048333,27.90955222,2015-03-04
7519,4182.0,6645.0,-29.641944,30.6875,2015-03-04
7520,3815.0,6143.0,-28.747778,31.745833,2015-03-04
7521,3142.0,6155.0,-26.648056,27.089444,2015-03-04
7522,3743.0,5730.0,-26.880278,26.965,2015-03-04
7523,2900.0,4780.0,-26.98472222,26.63227778,2015-03-04
7524,2407.0,4818.0,-27.398611,26.614722,2015-03-04
7525,2210.0,4445.0,-27.671111,27.236944,2015-03-04
7526,3479.0,7725.0,-34.02861,22.22222,2015-03-04
7527,2537.0,5011.0,-27.4,26.624722,2015-03-04
7528,3829.0,7108.0,-29.380556,30.2775,2015-03-05
7529,2472.0,5069.0,-26.73806,27.59194,2015-03-05
7530,2565.0,4468.0,-26.45,28.085833,2015-03-05
7531,3200.0,5679.0,-34.005833,22.351111,2015-03-05
7532,3065.0,5824.0,-29.744167,29.905833,2015-03-06
7533,2817.0,5266.0,-27.00222,28.76528,2015-03-06
7534,2181.0,4223.0,-27.02314,28.59389,2015-03-06
7535,2022.0,4265.0,-34.250556,20.9925,2011-02-17
7536,2659.0,4295.0,-22.43772222,31.07805556,2015-03-09
7537,4704.0,7583.0,-24.99328,30.81444,2015-03-09
7538,3146.0,5691.0,-28.735556,29.820556,2015-03-09
7539,3263.0,5998.0,-26.970278,27.211111,2015-03-09
7540,3743.0,5730.0,-26.880278,26.965,2015-03-09
7541,2423.0,4523.0,-26.510278,28.351389,2015-03-09
7542,2472.0,5069.0,-26.73806,27.59194,2015-03-09
7543,2565.0,4468.0,-26.45,28.085833,2015-03-09
7544,2900.0,4780.0,-26.98472222,26.63227778,2015-03-09
7545,1980.0,3243.0,-29.160278,26.573333,2015-03-09
7546,3623.0,6024.0,-27.01011111,26.69808333,2015-03-10
7547,4874.0,6883.0,-25.20639,27.558,2015-03-10
7548,4344.0,6762.0,-26.861111,28.884722,2015-03-10
7549,3142.0,6155.0,-26.648056,27.089444,2015-03-10
7550,1909.0,4166.0,-27.802778,28.768333,2015-03-10
7551,2900.0,4780.0,-26.98472222,26.63227778,2015-03-10
7552,3265.0,5238.0,-28.141944,26.417778,2015-03-10
7553,2645.0,5523.5,-34.250556,20.9925,2013-08-21
7554,2791.0,5365.0,-28.1175,26.719444,2015-03-10
7555,3365.0,6213.0,-28.69485,28.23487,2015-03-10
7556,3095.0,4837.0,-29.615556,27.065278,2015-03-10
7557,3148.0,5073.0,-28.883333,27.89,2015-03-10
7558,2931.0,6083.5,-34.250556,20.9925,2014-04-15
7559,2753.5,6116.0,-34.250556,20.9925,2014-05-20
7560,2696.0,6149.0,-34.250556,20.9925,2014-06-19
7561,2773.0,6137.0,-34.250556,20.9925,2014-07-15
7562,2416.0,4977.5,-34.250556,20.9925,2014-09-25
7563,2252.0,4107.0,-31.396,29.2651,2015-03-10
7564,4023.0,7472.0,-31.554722,29.245556,2015-03-10
7565,1781.0,3719.0,-28.338333,31.373611,2015-03-10
7566,3103.0,5082.0,-28.068333,31.55,2015-03-10
7567,1464.5,2640.0,-29.161667,23.696389,2015-03-11
7568,2848.5,5428.0,-24.282222,28.090278,2015-03-11
7569,3498.0,5751.5,-22.769722,30.886944,2015-03-11
7570,6335.0,7757.5,-28.44555556,32.325,2015-03-11
7571,2711.5,5112.0,-27.00222,28.76528,2015-03-11
7572,2345.5,4584.0,-27.02314,28.59389,2015-03-11
7573,3430.0,5596.5,-27.273889,28.49,2015-03-11
7574,3576.0,6003.5,-27.4275,28.525833,2015-03-11
7575,2426.0,4580.5,-27.3,28.586944,2015-03-11
7576,3302.5,5694.0,-28.141944,26.417778,2015-03-11
7577,2668.0,5372.5,-28.1175,26.719444,2015-03-11
7578,3004.0,5726.0,-28.116667,26.725278,2015-03-11
7579,2324.5,4509.0,-27.671111,27.236944,2015-03-11
7580,3864.0,5670.5,-34.092222,21.295278,2011-11-29
7581,4720.0,7085.5,-34.092222,21.295278,2012-04-18
7582,2701.5,4826.0,-30.160091,27.40124,2015-03-11
7583,4138.0,6605.0,-34.092222,21.295278,2012-06-12
7584,1808.0,3770.5,-30.336111,27.359444,2015-03-11
7585,4319.5,7041.5,-30.568333,29.422778,2015-03-11
7586,3573.0,6171.0,-30.570833,29.150556,2015-03-11
7587,3164.0,6188.0,-31.104278,29.399722,2015-03-11
7588,4438.5,6731.0,-30.830556,26.921389,2015-03-12
7589,3164.0,6137.5,-24.670833,28.560833,2015-03-12
7590,1745.0,3322.0,-28.75,30.442778,2015-03-12
7591,3832.0,6930.5,-29.161667,30.629722,2015-03-12
7592,3403.5,6185.0,-26.619444,27.980833,2015-03-12
7593,3776.0,5522.0,-34.092222,21.295278,2013-11-05
7594,1950.5,3968.0,-27.38972222,26.46388889,2015-03-12
7595,4263.5,6100.5,-34.092222,21.295278,2014-01-07
7596,2668.0,5372.5,-28.1175,26.719444,2015-03-12
7597,2395.0,4842.0,-27.398611,26.614722,2015-03-12
7598,1992.5,3510.0,-29.160278,26.573333,2015-03-12
7599,2093.0,4718.5,-31.000833,26.353056,2015-03-12
7600,4201.0,6459.5,-30.679722,26.7125,2015-03-12
7601,2793.0,5171.0,-31.031389,28.883333,2015-03-12
7602,2999.5,5508.0,-30.86013889,29.07125,2015-03-12
7603,3254.5,6137.0,-30.77586667,29.03221667,2015-03-12
7604,2243.5,4965.5,-34.250556,20.9925,2015-03-12
7605,3143.5,5003.5,-28.308889,31.9025,2015-03-12
7606,2530.0,4854.0,-27.4,26.624722,2015-03-12
7607,3004.0,5726.0,-28.116667,26.725278,2015-03-13
7608,2543.5,4810.0,-27.573056,24.746389,2015-03-13
7609,2622.0,4781.0,-27.902778,24.615556,2015-03-13
7610,5226.5,7736.5,-29.987778,29.851667,2015-03-14
7611,2739.0,5312.5,-25.99136,27.84208,2015-03-16
7612,2437.5,4459.5,-26.45,28.085833,2015-03-16
7613,1158.0,1657.5,-32.502778,19.535833,2015-03-16
7614,1897.0,3744.0,-22.225556,29.990556,2015-03-17
7615,2906.5,5079.0,-24.183889,30.823889,2015-03-17
7616,3739.5,6457.0,-26.861111,28.884722,2015-03-17
7617,1825.5,4302.0,-27.802778,28.768333,2015-03-17
7618,1755.5,3561.0,-34.075556,20.145556,2015-03-17
7619,2672.5,4547.0,-32.595833,19.009444,2015-03-17
7620,2453.5,4939.0,-25.45963889,28.26430556,2015-03-17
7621,2362.5,5274.0,-25.81048333,27.90955222,2015-03-18
7622,3442.5,6006.5,-29.641944,30.6875,2015-03-18
7623,5008.5,7618.5,-26.905,32.324722,2015-03-18
7624,3496.5,7075.0,-29.758889,30.935278,2015-03-18
7625,2711.5,5112.0,-27.00222,28.76528,2015-03-18
7626,3403.5,6185.0,-26.619444,27.980833,2015-03-18
7627,1786.0,2958.0,-33.13083,18.86278,2015-03-18
7628,3623.0,6177.0,-27.01011111,26.69808333,2015-03-19
7629,2473.0,4110.0,-23.658056,31.05,2015-03-19
7630,1920.0,3883.0,-24.058889,31.237222,2015-03-19
7631,4489.0,7173.0,-27.363611,31.783333,2015-03-19
7632,3173.0,5996.0,-26.648056,27.089444,2015-03-19
7633,2786.0,5968.0,-26.970278,27.211111,2015-03-19
7634,3743.0,5730.0,-26.880278,26.965,2015-03-19
7635,3315.0,5766.0,-27.4275,28.525833,2015-03-19
7636,2607.0,4629.0,-26.98472222,26.63227778,2015-03-19
7637,3246.0,5818.0,-24.679167,30.8025,2015-03-20
7638,3038.0,5965.0,-29.744167,29.905833,2015-03-20
7639,765.0,1388.0,-28.96362,19.15486,2015-03-21
7640,4577.0,7175.0,-25.49037,30.6986,2015-03-23
7641,3038.0,5965.0,-29.744167,29.905833,2015-03-23
7642,2786.0,5968.0,-26.970278,27.211111,2015-03-23
7643,3854.0,6249.0,-29.042222,24.6,2015-03-23
7644,3655.0,6654.0,-29.033333,23.983333,2015-03-23
7645,1778.0,4090.0,-33.501667,21.624167,2015-03-23
7646,1984.0,3393.0,-33.38056,19.30167,2015-03-23
7647,3623.0,6177.0,-27.01011111,26.69808333,2015-03-24
7648,1722.0,3468.0,-22.935,28.004167,2015-03-24
7649,3553.0,6569.0,-34.065833,20.404167,2015-03-24
7650,3453.0,6876.0,-23.763056,27.908611,2015-03-24
7651,2079.0,4475.0,-23.23572222,27.717,2015-03-24
7652,1896.0,4017.0,-25.127778,27.628889,2015-03-24
7653,3067.0,5169.0,-25.20639,27.558,2015-03-24
7654,2702.0,4715.0,-24.69514,27.40906,2015-03-24
7655,3283.0,6062.0,-25.681111,31.783333,2015-03-24
7656,5058.0,7712.0,-25.67386,31.57527,2015-03-24
7657,3177.0,6282.0,-30.733889,29.828333,2015-03-24
7658,4587.0,7216.0,-29.987778,29.851667,2015-03-24
7659,3173.0,5996.0,-26.648056,27.089444,2015-03-24
7660,3743.0,5730.0,-26.880278,26.965,2015-03-24
7661,2472.0,5211.0,-26.73806,27.59194,2015-03-24
7662,2310.0,4451.0,-26.45,28.085833,2015-03-24
7663,3268.0,5529.0,-27.273889,28.49,2015-03-24
7664,2372.0,4506.0,-27.3,28.586944,2015-03-24
7665,2607.0,4629.0,-26.98472222,26.63227778,2015-03-24
7666,3327.0,5828.0,-29.028629,24.638389,2015-03-24
7667,1992.0,4171.0,-33.31388889,19.07472222,2015-03-24
7668,1615.0,3494.0,-22.225556,29.990556,2015-03-25
7669,2304.0,4213.0,-25.436111,31.982222,2015-03-25
7670,2614.0,4690.0,-22.548889,28.898056,2015-03-25
7671,2381.0,4770.0,-22.91028,29.61111,2015-03-25
7672,2360.0,5147.0,-25.362222,31.956667,2015-03-25
7673,1830.0,3547.0,-25.14944444,31.94055556,2015-03-25
7674,3317.0,5663.0,-28.404444,30.013056,2015-03-25
7675,4475.0,7174.0,-30.398056,30.601944,2015-03-25
7676,2858.0,5440.0,-27.169444,29.233889,2015-03-25
7677,3135.0,6152.0,-26.861111,28.884722,2015-03-25
7678,2606.0,4958.0,-27.00222,28.76528,2015-03-25
7679,3315.0,5766.0,-27.4275,28.525833,2015-03-25
7680,2654.0,4662.0,-34.405833,19.600556,2015-03-25
7681,2006.0,3492.0,-32.94583,18.33667,2015-03-25
7682,2946.0,5424.0,-25.57877778,29.12747222,2015-03-25
7683,3473.0,6620.0,-26.03611,30.99778,2015-03-26
7684,3270.0,5962.0,-27.937778,31.209444,2015-03-26
7685,3873.0,6979.0,-30.13573889,30.67422222,2015-03-26
7686,3350.0,6184.0,-26.619444,27.980833,2015-03-26
7687,2326.0,4124.0,-28.376944,24.303056,2015-03-26
7688,2423.0,5132.0,-34.329722,18.990278,2015-03-26
7689,2847.0,4972.0,-33.897778,20.012778,2015-03-26
7690,2543.5,4810.0,-27.573056,24.746389,2015-03-27
7691,2498.5,4781.0,-27.902778,24.615556,2015-03-27
7692,4151.0,7086.5,-29.803611,30.516111,2015-03-27
7693,2739.0,5092.0,-25.99136,27.84208,2015-03-30
7694,3821.5,7051.5,-29.380556,30.2775,2015-03-30
7695,2767.5,5342.0,-29.140556,31.391944,2015-03-31
7696,5968.0,7918.0,-28.801278,31.955389,2015-03-31
7697,2129.5,4396.0,-26.45,28.085833,2015-03-31
7698,2428.0,4818.5,-25.45963889,28.26430556,2015-03-31
7699,3345.0,6057.0,-34.031944,22.053333,2014-12-04
7700,1318.0,2597.5,-29.161667,23.696389,2015-04-01
7701,2125.5,5128.5,-25.81048333,27.90955222,2015-04-01
7702,3476.5,5984.0,-28.747778,31.745833,2015-04-01
7703,3037.0,5590.0,-26.861111,28.884722,2015-04-01
7704,2560.5,4751.5,-27.00222,28.76528,2015-04-01
7705,3478.5,6079.5,-29.033333,23.983333,2015-04-01
7706,3007.5,5894.5,-29.744167,29.905833,2015-04-02
7707,765.0,1388.0,-28.96362,19.15486,2015-04-04
7708,2749.0,5685.0,-34.039722,22.133333,2011-01-19
7709,1896.0,4017.0,-25.127778,27.628889,2015-04-07
7710,2256.0,4636.0,-25.20639,27.558,2015-04-07
7711,1889.0,3691.0,-24.69514,27.40906,2015-04-07
7712,3999.0,7535.0,-24.99328,30.81444,2015-04-07
7713,2612.0,4759.0,-28.735556,29.820556,2015-04-07
7714,2098.0,5316.0,-26.73806,27.59194,2015-04-07
7715,2426.0,4866.0,-27.398611,26.614722,2015-04-07
7716,2344.0,4877.0,-27.671111,27.236944,2015-04-07
7717,1621.0,3797.0,-31.396,29.2651,2015-04-07
7718,4120.0,7550.0,-31.554722,29.245556,2015-04-07
7719,1643.0,3606.0,-28.338333,31.373611,2015-04-07
7720,2945.0,4931.0,-28.068333,31.55,2015-04-07
7721,2638.0,4974.0,-25.73411,27.21422,2015-04-08
7722,2647.0,5348.0,-27.169444,29.233889,2015-04-08
7723,2939.0,5028.0,-26.861111,28.884722,2015-04-08
7724,2508.0,4614.0,-26.98472222,26.63227778,2015-04-08
7725,2426.0,4866.0,-27.398611,26.614722,2015-04-08
7726,3785.0,6927.0,-30.568333,29.422778,2015-04-08
7727,3243.0,6016.0,-30.570833,29.150556,2015-04-08
7728,3038.0,5856.0,-31.104278,29.399722,2015-04-08
7729,3508.0,7172.0,-34.031944,22.053333,2015-04-08
7730,2216.0,4512.0,-27.4,26.624722,2015-04-08
7731,2662.0,6177.0,-27.01011111,26.69808333,2015-04-09
7732,2207.0,3641.0,-24.768889,31.39,2015-04-09
7733,5240.0,7564.0,-28.44555556,32.325,2015-06-04
7734,3422.0,6107.0,-27.602222,29.942778,2015-04-09
7735,1173.0,2427.0,-28.75,30.442778,2015-04-09
7736,3554.0,6499.0,-29.161667,30.629722,2015-04-09
7737,3173.0,5996.0,-26.648056,27.089444,2015-04-09
7738,2786.0,5968.0,-26.970278,27.211111,2015-04-09
7739,2901.0,5570.0,-26.880278,26.965,2015-04-09
7740,2326.0,4124.0,-28.376944,24.303056,2015-04-09
7741,1121.0,2858.0,-29.1825,23.575556,2015-04-09
7742,2563.0,5077.0,-31.031389,28.883333,2015-04-09
7743,2838.0,5266.0,-30.86013889,29.07125,2015-04-09
7744,2918.0,5740.0,-30.77586667,29.03221667,2015-04-09
7745,3124.0,5026.0,-28.308889,31.9025,2015-04-09
7746,2344.0,4877.0,-27.671111,27.236944,2015-04-10
7747,2705.0,4918.0,-27.573056,24.746389,2015-04-10
7748,3769.0,6624.0,-34.039722,22.133333,2015-04-08
7749,2609.0,4884.0,-27.902778,24.615556,2015-04-10
7750,4209.0,8352.0,-34.02861,22.22222,2015-04-10
7751,3113.0,5690.0,-24.679167,30.8025,2015-04-13
7752,2544.5,5048.5,-25.99136,27.84208,2015-04-13
7753,4118.0,7178.0,-34.02861,22.22222,2011-01-20
7754,3440.5,7198.0,-34.02861,22.22222,2011-03-17
7755,3319.5,7235.0,-34.02861,22.22222,2011-04-19
7756,3697.5,7574.5,-34.02861,22.22222,2011-05-19
7757,3831.0,8097.0,-34.02861,22.22222,2011-06-14
7758,2752.0,5857.0,-26.970278,27.211111,2015-04-13
7759,1909.0,4217.5,-26.45,28.085833,2015-04-13
7760,4719.5,7662.0,-34.02861,22.22222,2011-10-12
7761,2059.0,4435.5,-28.1175,26.719444,2015-04-13
7762,2528.0,4914.0,-28.116667,26.725278,2015-04-13
7763,2391.0,4928.5,-33.818056,19.694722,2015-04-13
7764,2471.5,5684.5,-27.01011111,26.69808333,2015-04-14
7765,4056.0,8153.0,-34.02861,22.22222,2012-04-24
7766,3940.0,8256.0,-34.02861,22.22222,2012-06-26
7767,1982.5,4002.5,-24.058889,31.237222,2015-04-14
7768,3344.5,6144.5,-25.681111,31.783333,2015-04-14
7769,4193.5,7582.5,-34.02861,22.22222,2012-10-11
7770,2291.5,4642.0,-25.362222,31.956667,2015-04-14
7771,4078.5,7501.5,-34.02861,22.22222,2012-12-06
7772,3896.5,7323.0,-34.02861,22.22222,2013-01-07
7773,4171.5,6973.5,-25.398889,31.610556,2015-04-14
7774,3887.0,7508.0,-34.02861,22.22222,2013-02-06
7775,3847.0,7450.0,-34.02861,22.22222,2013-03-07
7776,2349.0,4433.0,-26.861111,28.884722,2015-04-14
7777,2924.5,5540.5,-26.648056,27.089444,2015-04-14
7778,3532.5,7882.0,-34.02861,22.22222,2013-06-05
7779,3641.5,7909.0,-34.02861,22.22222,2013-07-03
7780,2346.5,4367.5,-26.98472222,26.63227778,2015-04-14
7781,2911.5,5563.5,-27.935,26.126667,2015-04-14
7782,2694.0,5111.5,-28.141944,26.417778,2015-04-14
7783,2059.0,4435.5,-28.1175,26.719444,2015-04-14
7784,4439.5,7819.5,-34.02861,22.22222,2013-12-13
7785,1815.0,3349.0,-29.160278,26.573333,2015-04-14
7786,2578.5,5349.0,-28.69485,28.23487,2015-04-14
7787,2499.5,4252.0,-28.883333,27.89,2015-04-14
7788,4165.0,8383.5,-34.02861,22.22222,2014-04-03
7789,4517.0,8048.0,-34.02861,22.22222,2014-05-08
7790,4522.0,8221.5,-34.02861,22.22222,2014-06-04
7791,1791.0,3724.0,-34.075556,20.145556,2015-04-14
7792,2911.5,5319.0,-32.595833,19.009444,2015-04-14
7793,2428.0,4818.5,-25.45963889,28.26430556,2015-04-14
7794,3852.0,7742.0,-34.02861,22.22222,2015-01-12
7795,3720.0,7742.0,-34.02861,22.22222,2015-01-29
7796,1965.0,5013.5,-25.81048333,27.90955222,2015-04-15
7797,1767.0,3743.5,-22.935,28.004167,2015-04-15
7798,2547.0,5187.5,-29.641944,30.6875,2015-04-15
7799,2016.5,4278.5,-23.23572222,27.717,2015-04-15
7800,2703.0,5353.5,-22.548889,28.898056,2015-04-15
7801,2606.5,4980.5,-22.91028,29.61111,2015-04-15
7802,3709.5,6367.5,-22.769722,30.886944,2015-04-15
7803,4176.0,8192.0,-34.02861,22.22222,2015-11-04
7804,3941.0,6772.0,-25.49037,30.6986,2015-04-15
7805,3154.5,6167.0,-25.513889,31.224444,2015-04-15
7806,2383.0,4269.5,-27.00222,28.76528,2015-04-15
7807,1747.5,3574.0,-27.38972222,26.46388889,2015-04-15
7808,2404.5,4690.5,-27.398611,26.614722,2015-04-15
7809,2192.0,4035.0,-30.160091,27.40124,2015-04-15
7810,1597.0,3399.5,-30.336111,27.359444,2015-04-15
7811,2281.0,3710.0,-29.615556,27.065278,2015-04-15
7812,3815.0,6427.0,-34.092222,21.295278,2015-04-15
7813,3003.5,5782.0,-25.447222,30.711667,2015-04-15
7814,2547.0,5187.5,-29.641944,30.6875,2015-04-16
7815,3769.5,6114.5,-30.830556,26.921389,2015-04-16
7816,2601.5,5033.0,-24.282222,28.090278,2015-04-16
7817,3174.0,6395.0,-23.763056,27.908611,2015-04-16
7818,2277.0,4661.0,-27.671111,27.236944,2015-04-16
7819,2000.5,4511.5,-31.000833,26.353056,2015-04-16
7820,2728.0,5037.5,-30.679722,26.7125,2015-04-16
7821,1933.0,3744.0,-34.405833,19.600556,2013-02-13
7822,2403.0,4527.0,-34.405833,19.600556,2013-03-13
7823,3089.0,5078.0,-34.405833,19.600556,2013-04-10
7824,2987.0,5078.0,-34.405833,19.600556,2013-05-08
7825,2804.5,5533.0,-34.250556,20.9925,2015-04-16
7826,1746.0,3152.5,-33.13083,18.86278,2015-04-16
7827,2891.0,5717.5,-29.744167,29.905833,2015-04-17
7828,2331.0,3790.0,-29.658056,25.973333,2015-04-17
7829,3699.5,6345.0,-34.405833,19.600556,2013-09-25
7830,2906.0,5390.0,-29.7775,29.470833,2015-04-20
7831,3193.0,5616.0,-29.987778,29.851667,2015-04-20
7832,2744.0,5470.0,-29.744167,29.905833,2015-04-20
7833,2751.0,4732.5,-34.405833,19.600556,2014-02-12
7834,2746.0,4683.0,-34.405833,19.600556,2014-03-12
7835,1898.0,3529.0,-33.38056,19.30167,2015-04-20
7836,537.0,1591.0,-28.760833,17.730278,2015-04-21
7837,3871.0,6845.0,-34.065833,20.404167,2015-04-21
7838,1697.0,3983.0,-25.127778,27.628889,2015-04-21
7839,2256.0,4636.0,-25.20639,27.558,2015-04-21
7840,2480.0,4927.0,-24.39619444,27.08983333,2015-04-21
7841,1544.0,3362.0,-24.69514,27.40906,2015-04-21
7842,2696.0,5581.0,-26.03611,30.99778,2015-04-21
7843,2700.0,5506.0,-27.937778,31.209444,2015-04-21
7844,3177.0,6083.0,-30.733889,29.828333,2015-04-21
7845,2185.0,4121.0,-26.98472222,26.63227778,2015-04-21
7846,2029.0,4171.0,-33.31388889,19.07472222,2015-04-21
7847,2281.0,5192.0,-27.01011111,26.69808333,2015-04-22
7848,2242.0,4403.0,-28.404444,30.013056,2015-04-22
7849,4320.0,7174.0,-30.398056,30.601944,2015-04-22
7850,1605.0,4037.0,-34.329722,18.990278,2011-07-06
7851,2676.0,5085.0,-26.648056,27.089444,2015-04-22
7852,2072.0,4283.0,-34.329722,18.990278,2011-09-28
7853,2090.5,3904.5,-34.329722,18.990278,2011-10-25
7854,2369.5,4092.0,-34.329722,18.990278,2011-11-24
7855,2099.0,4360.5,-34.329722,18.990278,2011-12-22
7856,2786.0,5746.0,-26.970278,27.211111,2015-04-22
7857,2880.0,5194.0,-26.880278,26.965,2015-04-22
7858,2542.0,4785.0,-34.329722,18.990278,2012-04-04
7859,2493.0,5026.5,-34.329722,18.990278,2012-05-03
7860,2444.0,5515.0,-34.329722,18.990278,2012-05-24
7861,2432.0,5640.5,-34.329722,18.990278,2012-07-19
7862,2436.0,5601.0,-34.329722,18.990278,2012-08-16
7863,2553.0,4749.0,-34.405833,19.600556,2015-04-22
7864,2653.0,5636.5,-34.329722,18.990278,2012-10-11
7865,2027.0,3605.0,-33.7075,18.97444444,2015-04-22
7866,2199.0,3785.0,-28.058889,30.373611,2015-04-22
7867,2400.0,4596.0,-25.57877778,29.12747222,2015-04-22
7868,2889.0,5677.0,-27.5275,30.858056,2015-04-23
7869,2839.0,6233.0,-30.13573889,30.67422222,2015-04-23
7870,2503.0,5418.0,-34.329722,18.990278,2013-04-11
7871,2458.0,5225.0,-34.329722,18.990278,2013-05-09
7872,2490.5,5699.0,-34.329722,18.990278,2013-06-06
7873,2198.0,3598.0,-28.376944,24.303056,2015-04-23
7874,2452.0,5821.0,-34.329722,18.990278,2013-08-01
7875,2442.0,5604.0,-34.329722,18.990278,2013-08-29
7876,2343.0,5525.5,-34.329722,18.990278,2013-09-26
7877,2971.0,5717.0,-34.329722,18.990278,2015-04-23
7878,2429.0,5203.0,-34.329722,18.990278,2014-01-23
7879,1934.0,3555.0,-32.94583,18.33667,2015-04-23
7880,2474.0,4936.0,-33.897778,20.012778,2015-04-23
7881,2036.0,3438.0,-27.573056,24.746389,2015-04-24
7882,2388.0,4038.0,-27.902778,24.615556,2015-04-24
7883,2799.0,5407.0,-33.870833,20.003333,2015-04-27
7884,2664.5,5229.0,-29.140556,31.391944,2015-04-28
7885,2225.0,4332.0,-25.99136,27.84208,2015-04-28
7886,5398.5,7425.5,-28.801278,31.955389,2015-04-28
7887,2249.0,4935.0,-26.970278,27.211111,2015-04-28
7888,1584.0,4736.0,-26.73806,27.59194,2015-04-28
7889,1670.0,3679.0,-26.45,28.085833,2015-04-28
7890,1831.0,3920.0,-33.501667,21.624167,2015-04-28
7891,533.5,1557.5,-28.760833,17.730278,2015-04-29
7892,2074.0,5313.0,-34.329722,18.990278,2015-06-25
7893,2095.0,5227.0,-34.329722,18.990278,2015-07-23
7894,2378.0,5395.0,-34.329722,18.990278,2015-08-27
7895,2520.0,5585.0,-34.329722,18.990278,2015-10-01
7896,1649.5,3237.5,-28.7115,24.07288889,2015-04-29
7897,2213.5,4878.5,-27.01011111,26.69808333,2015-04-29
7898,2080.0,3887.0,-25.73411,27.21422,2015-04-29
7899,3113.0,5778.5,-28.747778,31.745833,2015-04-29
7900,1734.0,3612.5,-26.861111,28.884722,2015-04-29
7901,2196.5,3921.0,-27.00222,28.76528,2015-04-29
7902,2372.0,4442.5,-26.648056,27.089444,2015-04-29
7903,2703.5,4884.0,-26.880278,26.965,2015-04-29
7904,2105.0,3829.5,-26.98472222,26.63227778,2015-04-29
7905,2406.5,4481.5,-27.935,26.126667,2015-04-29
7906,2021.0,3922.0,-28.141944,26.417778,2015-04-29
7907,1600.0,3396.0,-28.1175,26.719444,2015-04-29
7908,1211.0,2910.0,-29.1825,23.575556,2015-04-29
7909,2262.5,4600.0,-25.45963889,28.26430556,2015-04-29
7910,1936.0,4786.0,-25.81048333,27.90955222,2015-04-30
7911,2488.5,5069.0,-29.744167,29.905833,2015-04-30
7912,2858.5,5698.0,-29.380556,30.2775,2015-04-30
7913,2675.5,5262.0,-27.602222,29.942778,2015-05-01
7914,1953.0,3932.5,-28.735556,29.820556,2015-05-04
7915,1636.5,3272.0,-26.510278,28.351389,2015-05-04
7916,1584.0,4736.0,-26.73806,27.59194,2015-05-04
7917,2210.5,4467.0,-27.671111,27.236944,2015-05-04
7918,1829.0,4238.5,-25.127778,27.628889,2015-05-05
7919,2267.0,4672.5,-25.20639,27.558,2015-05-05
7920,1344.5,3117.5,-24.69514,27.40906,2015-05-05
7921,1934.0,4268.5,-27.169444,29.233889,2015-05-05
7922,1416.0,3185.0,-27.802778,28.768333,2015-05-05
7923,2365.0,4420.5,-27.398611,26.614722,2015-05-05
7924,3128.0,7359.5,-34.031944,22.053333,2015-05-05
7925,3576.5,6539.5,-34.039722,22.133333,2015-05-05
7926,1396.5,3042.5,-28.338333,31.373611,2015-05-05
7927,2344.5,4432.5,-28.068333,31.55,2015-05-05
7928,2086.0,4318.5,-27.4,26.624722,2015-05-05
7929,2146.0,4565.0,-27.01011111,26.69808333,2015-05-06
7930,2100.0,4162.0,-29.641944,30.6875,2015-05-06
7931,2340.0,4927.0,-24.39619444,27.08983333,2015-05-06
7932,947.0,2052.0,-28.75,30.442778,2015-05-06
7933,1772.0,3700.0,-27.02314,28.59389,2015-05-06
7934,2068.0,3800.0,-26.648056,27.089444,2015-05-06
7935,1712.0,4124.0,-26.970278,27.211111,2015-05-06
7936,2527.0,4574.0,-26.880278,26.965,2015-05-06
7937,2082.0,3640.0,-27.4275,28.525833,2015-05-06
7938,1485.0,3001.0,-27.3,28.586944,2015-05-06
7939,2025.0,3538.0,-26.98472222,26.63227778,2015-05-06
7940,3656.0,6180.5,-33.870833,20.003333,2011-03-31
7941,3521.5,5633.0,-33.870833,20.003333,2011-08-23
7942,3698.5,5600.0,-33.870833,20.003333,2011-09-20
7943,3638.0,5638.5,-33.870833,20.003333,2011-10-26
7944,3583.0,5702.0,-33.870833,20.003333,2011-11-16
7945,3720.0,6154.5,-33.870833,20.003333,2012-04-02
7946,4132.0,6914.0,-33.870833,20.003333,2012-05-01
7947,4255.0,6962.0,-33.870833,20.003333,2012-05-22
7948,4307.5,6858.5,-33.870833,20.003333,2012-06-19
7949,4010.0,6448.0,-34.005833,22.351111,2015-05-06
7950,3361.0,5597.0,-33.870833,20.003333,2012-09-10
7951,3623.0,5630.0,-33.870833,20.003333,2012-10-08
7952,3699.0,5474.5,-33.870833,20.003333,2012-11-05
7953,4640.0,6081.0,-33.870833,20.003333,2013-02-06
7954,4270.5,6188.0,-33.870833,20.003333,2013-02-12
7955,3728.5,6185.5,-33.870833,20.003333,2013-03-11
7956,3612.0,6116.0,-33.870833,20.003333,2013-04-08
7957,3191.0,5666.0,-33.870833,20.003333,2013-06-03
7958,3492.0,6098.0,-33.870833,20.003333,2013-07-29
7959,3724.0,6137.0,-33.870833,20.003333,2013-08-29
7960,3847.5,6078.0,-33.870833,20.003333,2013-09-23
7961,4095.0,6094.5,-33.870833,20.003333,2013-10-21
7962,5204.0,7517.0,-28.44555556,32.325,2015-06-30
7963,4759.0,6723.0,-33.870833,20.003333,2014-01-20
7964,5074.0,6942.5,-33.870833,20.003333,2014-02-10
7965,4838.0,6845.0,-33.870833,20.003333,2014-03-10
7966,3805.0,6426.0,-33.870833,20.003333,2014-04-07
7967,3327.0,6120.5,-33.870833,20.003333,2014-05-19
7968,2694.0,5129.0,-33.870833,20.003333,2014-06-26
7969,2694.0,5129.0,-33.870833,20.003333,2014-07-31
7970,2607.0,4719.5,-33.870833,20.003333,2014-09-04
7971,2543.0,4356.0,-33.870833,20.003333,2014-10-02
7972,3738.0,5847.5,-33.870833,20.003333,2015-02-26
7973,3335.0,6365.0,-29.161667,30.629722,2015-05-07
7974,2819.0,5470.0,-33.870833,20.003333,2015-06-25
7975,3799.5,5922.0,-33.870833,20.003333,2015-07-23
7976,3837.0,5711.0,-33.870833,20.003333,2015-08-27
7977,4084.0,5890.0,-33.870833,20.003333,2015-10-29
7978,4074.0,5890.0,-33.870833,20.003333,2015-12-03
7979,2048.0,4495.0,-26.619444,27.980833,2015-05-07
7980,1651.0,3210.0,-27.573056,24.746389,2015-05-07
7981,2189.0,3589.0,-28.376944,24.303056,2015-05-07
7982,4416.0,8398.0,-34.02861,22.22222,2015-05-07
7983,2726.0,5026.0,-28.308889,31.9025,2015-05-07
7984,1730.0,3333.0,-27.902778,24.615556,2015-05-08
7985,1900.0,3544.0,-28.058889,30.373611,2015-05-10
7986,1260.0,2409.0,-29.161667,23.696389,2015-05-11
7987,2069.0,4042.0,-24.058889,31.237222,2015-05-11
7988,3290.0,5988.0,-25.49037,30.6986,2015-05-11
7989,3640.0,6704.0,-24.99328,30.81444,2015-05-11
7990,2068.0,3800.0,-26.648056,27.089444,2015-05-11
7991,1712.0,4124.0,-26.970278,27.211111,2015-05-11
7992,2527.0,4574.0,-26.880278,26.965,2015-05-11
7993,1538.0,2800.0,-29.160278,26.573333,2015-05-11
7994,1372.0,3797.0,-31.396,29.2651,2015-05-11
7995,3596.0,6810.0,-31.554722,29.245556,2015-05-11
7996,2019.0,4277.0,-33.818056,19.694722,2015-05-11
7997,924.0,1408.0,-32.502778,19.535833,2015-05-11
7998,2757.0,5608.0,-25.447222,30.711667,2015-05-11
7999,2470.5,5066.5,-33.818056,19.694722,2013-06-03
8000,2924.0,6080.0,-33.818056,19.694722,2013-07-29
8001,1620.0,3220.0,-28.7115,24.07288889,2015-05-12
8002,2146.0,4565.0,-27.01011111,26.69808333,2015-05-12
8003,1922.0,4762.0,-25.81048333,27.90955222,2015-05-12
8004,2047.0,4016.0,-25.99136,27.84208,2015-05-12
8005,2792.0,5161.0,-25.681111,31.783333,2015-05-12
8006,3998.0,6747.0,-25.67386,31.57527,2015-05-12
8007,3037.0,6102.0,-25.513889,31.224444,2015-05-12
8008,2339.0,3722.0,-24.768889,31.39,2015-05-12
8009,2154.0,4703.0,-24.9675,31.516667,2015-05-12
8010,3432.0,6768.0,-27.363611,31.783333,2015-05-12
8011,1513.0,4261.0,-26.73806,27.59194,2015-05-12
8012,1471.0,3264.0,-26.45,28.085833,2015-05-12
8013,2025.0,3538.0,-26.98472222,26.63227778,2015-05-12
8014,2415.0,5214.0,-28.69485,28.23487,2015-05-12
8015,1554.0,2741.0,-29.615556,27.065278,2015-05-12
8016,1931.0,3616.0,-28.883333,27.89,2015-05-12
8017,1251.0,2998.0,-29.1825,23.575556,2015-05-12
8018,2874.0,5100.0,-30.570833,29.150556,2015-05-12
8019,2725.0,5669.0,-31.104278,29.399722,2015-05-12
8020,1929.0,3793.0,-34.075556,20.145556,2015-05-12
8021,3088.0,5739.0,-32.595833,19.009444,2015-05-12
8022,1536.0,3001.5,-34.075556,20.145556,2011-01-26
8023,1611.0,3146.0,-34.075556,20.145556,2011-02-23
8024,2347.0,4913.0,-25.436111,31.982222,2015-05-13
8025,2122.0,4471.0,-25.362222,31.956667,2015-05-13
8026,2841.0,5320.0,-34.075556,20.145556,2011-06-28
8027,4294.0,6714.0,-25.398889,31.610556,2015-05-13
8028,2020.0,4049.0,-25.14944444,31.94055556,2015-05-13
8029,1709.0,3387.0,-26.861111,28.884722,2015-05-13
8030,2116.0,3926.0,-27.273889,28.49,2015-05-13
8031,1316.0,2972.0,-27.802778,28.768333,2015-05-13
8032,2134.0,4176.0,-27.935,26.126667,2015-05-13
8033,1659.0,3047.0,-30.160091,27.40124,2015-05-13
8034,590.0,1534.0,-30.336111,27.359444,2015-05-13
8035,2652.0,5065.0,-30.568333,29.422778,2015-05-13
8036,2169.0,3701.0,-31.031389,28.883333,2015-05-13
8037,2267.0,4310.0,-30.86013889,29.07125,2015-05-13
8038,2631.0,5132.0,-30.77586667,29.03221667,2015-05-13
8039,1905.0,3944.0,-33.38056,19.30167,2015-05-13
8040,2019.0,4339.0,-33.08883333,19.21878333,2015-05-13
8041,2096.0,4392.0,-25.45963889,28.26430556,2015-05-13
8042,1970.5,4114.5,-29.641944,30.6875,2015-05-14
8043,3170.0,5215.5,-30.830556,26.921389,2015-05-14
8044,2141.5,4738.5,-24.282222,28.090278,2015-05-14
8045,2164.0,4124.5,-23.658056,31.05,2015-05-14
8046,2234.5,3945.5,-27.273889,28.49,2015-05-14
8047,1671.5,3958.0,-31.000833,26.353056,2015-05-14
8048,1455.0,3022.0,-30.534167,24.961944,2015-05-14
8049,2235.0,4455.5,-33.7075,18.97444444,2015-05-14
8050,2098.5,4467.0,-29.744167,29.905833,2015-05-15
8051,2062.0,4282.0,-29.7775,29.470833,2015-05-18
8052,2098.5,4467.0,-29.744167,29.905833,2015-05-18
8053,3378.5,6341.5,-34.065833,20.404167,2015-05-19
8054,2360.0,4377.0,-34.075556,20.145556,2013-09-23
8055,2711.0,5169.0,-24.679167,30.8025,2015-05-19
8056,1829.0,4138.0,-25.127778,27.628889,2015-05-19
8057,2056.0,4204.5,-25.20639,27.558,2015-05-19
8058,2410.0,4791.0,-24.39619444,27.08983333,2015-05-19
8059,1164.5,2818.0,-24.69514,27.40906,2015-05-19
8060,2479.5,4992.5,-30.733889,29.828333,2015-05-19
8061,2967.5,5263.0,-29.987778,29.851667,2015-05-19
8062,1681.5,3429.5,-27.02314,28.59389,2015-05-19
8063,1809.5,3564.5,-28.141944,26.417778,2015-05-19
8064,1459.0,3246.5,-28.1175,26.719444,2015-05-19
8065,3891.0,6284.5,-34.092222,21.295278,2015-05-19
8066,2132.0,4144.0,-33.31388889,19.07472222,2015-05-19
8067,1236.5,2413.0,-29.161667,23.696389,2015-05-20
8068,692.0,1686.5,-22.225556,29.990556,2015-05-20
8069,2372.5,4429.5,-24.183889,30.823889,2015-05-20
8070,1977.0,3996.0,-24.058889,31.237222,2015-05-20
8071,2381.5,5028.5,-26.03611,30.99778,2015-05-20
8072,1972.0,4378.0,-34.075556,20.145556,2015-06-09
8073,2064.0,4425.0,-27.937778,31.209444,2015-05-20
8074,2036.0,4173.0,-28.404444,30.013056,2015-05-20
8075,2670.0,4743.5,-32.595833,19.009444,2011-03-17
8076,2676.5,4993.0,-32.595833,19.009444,2011-04-13
8077,2235.0,4083.5,-26.880278,26.965,2015-05-20
8078,3216.0,6295.0,-32.595833,19.009444,2011-06-14
8079,3125.0,6073.0,-32.595833,19.009444,2011-07-15
8080,3059.0,5792.0,-32.595833,19.009444,2011-08-11
8081,2780.5,4896.5,-32.595833,19.009444,2011-10-05
8082,812.0,1457.0,-28.96362,19.15486,2015-05-20
8083,2520.5,4866.5,-34.405833,19.600556,2015-05-20
8084,1746.0,3215.0,-33.13083,18.86278,2015-05-20
8085,2475.5,4960.0,-27.5275,30.858056,2015-05-21
8086,2503.0,5178.0,-30.13573889,30.67422222,2015-05-21
8087,2630.0,4679.0,-32.595833,19.009444,2012-04-10
8088,3341.0,5853.0,-32.595833,19.009444,2012-05-08
8089,1428.5,2945.5,-27.38972222,26.46388889,2015-05-21
8090,3035.0,6379.0,-32.595833,19.009444,2012-07-24
8091,3015.0,5905.5,-32.595833,19.009444,2012-08-22
8092,2250.5,4243.5,-27.398611,26.614722,2015-05-21
8093,1989.0,3340.5,-28.376944,24.303056,2015-05-21
8094,2754.0,5725.5,-34.250556,20.9925,2015-05-21
8095,2617.5,5715.0,-34.329722,18.990278,2015-05-21
8096,1933.5,3790.5,-32.94583,18.33667,2015-05-21
8097,2006.5,4111.5,-27.4,26.624722,2015-05-21
8098,1617.0,3035.0,-27.902778,24.615556,2015-05-22
8099,2399.0,4679.0,-29.803611,30.516111,2015-05-22
8100,1816.0,3818.0,-33.501667,21.624167,2015-05-23
8101,1682.0,3400.0,-25.99136,27.84208,2015-05-25
8102,1712.0,4078.0,-26.970278,27.211111,2015-05-25
8103,3390.5,6324.0,-32.595833,19.009444,2013-08-20
8104,1943.0,3593.0,-26.880278,26.965,2015-05-25
8105,3095.5,5037.0,-32.595833,19.009444,2013-10-08
8106,1459.0,4112.0,-26.73806,27.59194,2015-05-25
8107,1459.0,3247.0,-26.45,28.085833,2015-05-25
8108,1804.0,4540.0,-27.01011111,26.69808333,2015-05-26
8109,2114.0,4840.0,-29.380556,30.2775,2015-05-26
8110,1689.0,2826.0,-26.861111,28.884722,2015-05-26
8111,1655.0,3488.0,-26.648056,27.089444,2015-05-26
8112,2837.0,6339.0,-32.595833,19.009444,2014-06-24
8113,2918.0,5469.0,-32.595833,19.009444,2014-09-23
8114,1824.0,3372.0,-26.98472222,26.63227778,2015-05-26
8115,1625.0,3358.0,-28.141944,26.417778,2015-05-26
8116,1800.0,3761.0,-25.45963889,28.26430556,2015-05-26
8117,1624.0,4139.0,-25.81048333,27.90955222,2015-05-27
8118,2720.0,5720.0,-32.595833,19.009444,2015-06-09
8119,3273.0,6065.0,-32.595833,19.009444,2015-07-21
8120,2971.5,5725.5,-32.595833,19.009444,2015-08-18
8121,646.0,1604.0,-22.225556,29.990556,2015-05-27
8122,2044.0,4533.0,-24.282222,28.090278,2015-05-27
8123,3339.0,5758.0,-28.747778,31.745833,2015-05-27
8124,1899.0,3437.0,-27.00222,28.76528,2015-05-27
8125,2116.0,3926.0,-27.273889,28.49,2015-05-27
8126,3986.0,6143.0,-29.033333,23.983333,2015-05-27
8127,1969.0,3711.0,-33.08883333,19.21878333,2013-10-15
8128,2020.0,3585.0,-25.57877778,29.12747222,2015-05-28
8129,1964.0,4266.0,-29.744167,29.905833,2015-05-29
8130,1946.0,3612.0,-28.768056,20.720556,2015-05-29
8131,692.0,1686.5,-22.225556,29.990556,2015-06-01
8132,2125.0,4507.0,-33.08883333,19.21878333,2014-06-23
8133,1233.5,2642.0,-26.510278,28.351389,2015-06-01
8134,1892.0,4041.0,-33.08883333,19.21878333,2014-08-12
8135,1974.5,4037.0,-33.08883333,19.21878333,2014-09-10
8136,2820.0,4505.0,-33.08883333,19.21878333,2014-10-22
8137,2351.0,4153.0,-33.08883333,19.21878333,2014-11-20
8138,2777.5,4329.0,-33.08883333,19.21878333,2015-01-14
8139,2669.0,4266.0,-33.08883333,19.21878333,2015-02-18
8140,2885.0,4626.0,-33.08883333,19.21878333,2015-03-19
8141,2331.0,4461.5,-33.08883333,19.21878333,2015-04-15
8142,1738.0,3415.0,-27.671111,27.236944,2015-06-01
8143,1932.0,4005.5,-33.08883333,19.21878333,2015-08-19
8144,2072.0,3971.0,-33.08883333,19.21878333,2015-09-16
8145,2182.0,4411.0,-30.568333,29.422778,2015-06-01
8146,2702.0,4218.0,-33.08883333,19.21878333,2015-11-25
8147,1274.0,3560.0,-31.396,29.2651,2015-06-01
8148,1544.0,3455.5,-25.127778,27.628889,2015-06-02
8149,1960.5,4123.5,-25.20639,27.558,2015-06-02
8150,2076.0,3127.0,-32.502778,19.535833,2011-06-13
8151,1164.5,2783.5,-24.69514,27.40906,2015-06-02
8152,1559.0,3550.0,-27.935,26.126667,2015-06-02
8153,1294.5,2997.0,-28.1175,26.719444,2015-06-02
8154,2135.0,4119.5,-27.398611,26.614722,2015-06-02
8155,1441.5,2845.5,-30.160091,27.40124,2015-06-02
8156,591.0,1427.0,-30.336111,27.359444,2015-06-02
8157,2148.5,4765.0,-31.104278,29.399722,2015-06-02
8158,1254.0,1890.0,-32.502778,19.535833,2012-07-27
8159,2833.0,7432.0,-34.031944,22.053333,2015-06-02
8160,3349.0,6392.5,-34.039722,22.133333,2015-06-02
8161,4117.5,8521.0,-34.02861,22.22222,2015-06-02
8162,1343.0,2878.0,-28.338333,31.373611,2015-06-02
8163,1927.5,3602.0,-28.068333,31.55,2015-06-02
8164,1797.5,3822.0,-27.4,26.624722,2015-06-02
8165,2915.0,4933.5,-30.830556,26.921389,2015-06-03
8166,882.5,3210.5,-24.670833,28.560833,2015-06-03
8167,2260.5,4452.5,-24.39619444,27.08983333,2015-06-03
8168,899.0,2024.5,-28.75,30.442778,2015-06-03
8169,3198.5,6039.0,-29.161667,30.629722,2015-06-03
8170,1167.5,2607.0,-27.802778,28.768333,2015-06-03
8171,1583.0,3695.5,-31.000833,26.353056,2015-06-03
8172,1968.5,3916.5,-30.679722,26.7125,2015-06-03
8173,2102.5,4003.5,-30.570833,29.150556,2015-06-03
8174,1724.0,3335.5,-28.058889,30.373611,2015-06-03
8175,550.0,1538.0,-28.760833,17.730278,2015-06-04
8176,1238.0,1813.0,-32.502778,19.535833,2014-06-09
8177,4166.0,6321.0,-28.44555556,32.325,2015-07-28
8178,2006.5,3823.0,-27.273889,28.49,2015-06-04
8179,1490.0,2805.0,-27.573056,24.746389,2015-06-04
8180,1672.0,2980.5,-28.376944,24.303056,2015-06-04
8181,1788.0,3498.5,-31.031389,28.883333,2015-06-04
8182,1883.0,3938.5,-30.86013889,29.07125,2015-06-04
8183,984.0,1464.0,-32.502778,19.535833,2015-04-13
8184,2087.5,4523.0,-30.77586667,29.03221667,2015-06-04
8185,1295.0,1903.0,-32.502778,19.535833,2015-06-08
8186,1549.0,3012.5,-27.902778,24.615556,2015-06-05
8187,1471.0,2128.0,-32.502778,19.535833,2015-08-17
8188,2753.0,6183.0,-31.554722,29.245556,2015-06-05
8189,1538.0,2098.0,-32.502778,19.535833,2015-10-19
8190,1494.0,2914.0,-25.99136,27.84208,2015-06-08
8191,3703.0,5817.0,-31.5653,18.3306,2011-01-05
8192,3314.0,5579.0,-31.5653,18.3306,2011-02-09
8193,2732.0,5536.0,-31.5653,18.3306,2011-03-16
8194,2252.0,4791.0,-31.5653,18.3306,2011-04-12
8195,1655.0,3758.0,-26.970278,27.211111,2015-06-08
8196,1805.0,3188.0,-26.880278,26.965,2015-06-08
8197,1171.0,3473.0,-26.73806,27.59194,2015-06-08
8198,1230.0,2754.0,-26.45,28.085833,2015-06-08
8199,1780.0,4386.0,-33.818056,19.694722,2015-06-08
8200,3355.0,5762.0,-31.5653,18.3306,2011-11-09
8201,4023.5,6362.5,-31.5653,18.3306,2011-12-21
8202,4242.0,6374.0,-31.5653,18.3306,2012-01-17
8203,3236.0,5814.0,-31.5653,18.3306,2012-02-15
8204,3179.5,5560.5,-31.5653,18.3306,2012-03-13
8205,2428.0,5088.5,-31.5653,18.3306,2012-04-17
8206,2002.5,4561.0,-31.5653,18.3306,2012-05-17
8207,1784.5,4457.5,-31.5653,18.3306,2012-05-29
8208,1732.0,3927.0,-27.01011111,26.69808333,2015-06-09
8209,1724.0,3296.0,-25.73411,27.21422,2015-06-09
8210,3200.0,6081.0,-27.363611,31.783333,2015-06-09
8211,1620.0,2588.0,-26.861111,28.884722,2015-06-09
8212,3333.5,5355.5,-31.5653,18.3306,2012-10-23
8213,3924.0,6133.0,-31.5653,18.3306,2012-11-13
8214,4163.0,6550.0,-31.5653,18.3306,2012-12-04
8215,2572.0,5327.0,-31.5653,18.3306,2013-03-26
8216,2280.0,4536.0,-31.5653,18.3306,2013-04-23
8217,1994.5,4364.0,-31.5653,18.3306,2013-05-21
8218,1685.0,3144.0,-27.00222,28.76528,2015-06-09
8219,1396.0,2774.0,-27.02314,28.59389,2015-06-09
8220,3934.0,6138.5,-31.5653,18.3306,2014-01-28
8221,3552.0,5764.5,-31.5653,18.3306,2014-02-12
8222,3457.0,5727.0,-31.5653,18.3306,2014-03-04
8223,2845.5,5604.5,-31.5653,18.3306,2014-04-01
8224,2659.0,5175.0,-31.5653,18.3306,2014-05-13
8225,1572.0,2984.0,-26.648056,27.089444,2015-06-09
8226,1537.0,2878.0,-26.98472222,26.63227778,2015-06-09
8227,1443.0,3474.0,-27.935,26.126667,2015-06-09
8228,1420.0,2745.0,-28.141944,26.417778,2015-06-09
8229,3293.0,5703.5,-31.5653,18.3306,2014-10-21
8230,4100.0,6589.5,-31.5653,18.3306,2014-11-25
8231,3874.0,6007.5,-31.5653,18.3306,2015-01-27
8232,2954.0,5592.0,-31.5653,18.3306,2015-02-17
8233,2877.5,5434.0,-31.5653,18.3306,2015-03-17
8234,2860.0,5635.5,-31.5653,18.3306,2015-04-14
8235,2840.0,5829.0,-31.5653,18.3306,2015-05-12
8236,2744.0,5514.0,-31.5653,18.3306,2015-06-09
8237,1243.0,2802.0,-28.1175,26.719444,2015-06-09
8238,1150.0,2315.0,-29.160278,26.573333,2015-06-09
8239,2087.0,4450.0,-31.5653,18.3306,2015-09-15
8240,2993.0,5402.0,-31.5653,18.3306,2015-10-20
8241,3796.5,6058.5,-31.5653,18.3306,2015-11-24
8242,1441.0,2429.0,-32.601389,18.750556,2011-05-10
8243,2707.0,5261.0,-32.601389,18.750556,2011-06-13
8244,3412.0,6228.0,-32.601389,18.750556,2011-07-12
8245,3413.0,6232.0,-32.601389,18.750556,2011-08-10
8246,3389.0,5763.5,-32.601389,18.750556,2011-09-06
8247,2323.0,3682.0,-32.601389,18.750556,2011-11-03
8248,3053.0,5448.0,-32.601389,18.750556,2012-05-29
8249,3780.0,6444.0,-32.601389,18.750556,2012-07-03
8250,3801.0,6388.0,-32.601389,18.750556,2012-07-31
8251,3200.0,5742.0,-32.601389,18.750556,2012-08-28
8252,2726.0,4856.0,-32.601389,18.750556,2012-09-26
8253,2627.0,4015.0,-32.601389,18.750556,2012-10-23
8254,1986.0,4330.0,-28.69485,28.23487,2015-06-09
8255,3341.0,5591.0,-32.601389,18.750556,2013-07-16
8256,3515.0,6151.0,-32.601389,18.750556,2013-08-13
8257,3371.0,5984.5,-32.601389,18.750556,2013-09-10
8258,2920.0,4734.0,-32.601389,18.750556,2013-10-09
8259,2464.0,3780.0,-32.601389,18.750556,2013-11-05
8260,2407.5,3746.0,-32.601389,18.750556,2013-11-26
8261,2503.0,4826.0,-32.601389,18.750556,2014-06-12
8262,3532.0,5936.0,-32.601389,18.750556,2014-07-17
8263,3101.0,6037.0,-32.601389,18.750556,2014-08-28
8264,2696.5,4679.0,-32.601389,18.750556,2014-09-25
8265,2098.0,3733.5,-32.601389,18.750556,2014-10-23
8266,1908.5,3200.0,-32.601389,18.750556,2014-11-27
8267,1854.0,2984.0,-32.601389,18.750556,2015-02-25
8268,1489.5,2871.5,-32.601389,18.750556,2015-05-21
8269,2346.0,4599.0,-32.601389,18.750556,2015-06-26
8270,3077.0,5804.0,-32.601389,18.750556,2015-07-30
8271,3467.0,6097.0,-32.601389,18.750556,2015-08-27
8272,2339.0,3621.0,-32.601389,18.750556,2015-10-29
8273,1526.0,3091.0,-28.883333,27.89,2015-06-09
8274,1495.0,3226.0,-25.45963889,28.26430556,2015-06-09
8275,1535.0,3767.0,-25.81048333,27.90955222,2015-06-10
8276,1559.0,3383.0,-29.641944,30.6875,2015-06-10
8277,1755.0,3691.0,-24.282222,28.090278,2015-06-10
8278,2401.0,4886.0,-23.763056,27.908611,2015-06-10
8279,1572.0,3445.0,-23.23572222,27.717,2015-06-10
8280,1792.0,3486.0,-24.058889,31.237222,2015-06-10
8281,1135.0,2587.0,-27.802778,28.768333,2015-06-10
8282,1572.0,2924.0,-27.671111,27.236944,2015-06-10
8283,1354.0,2753.0,-30.160091,27.40124,2015-06-10
8284,592.0,1320.0,-30.336111,27.359444,2015-06-10
8285,1275.0,2364.0,-29.615556,27.065278,2015-06-10
8286,1905.0,3944.0,-33.38056,19.30167,2015-06-10
8287,2039.0,4438.0,-33.08883333,19.21878333,2015-06-10
8288,1863.0,3569.0,-25.57877778,29.12747222,2015-06-10
8289,738.0,1769.0,-22.225556,29.990556,2015-06-11
8290,2786.0,4672.0,-30.830556,26.921389,2015-06-11
8291,1358.0,2987.0,-24.95861111,29.39527778,2015-06-11
8292,1396.0,2774.0,-27.02314,28.59389,2015-06-11
8293,1627.0,2991.0,-27.4275,28.525833,2015-06-11
8294,1251.0,2306.0,-27.3,28.586944,2015-06-11
8295,1209.0,2552.0,-27.38972222,26.46388889,2015-06-11
8296,2116.0,4078.0,-27.398611,26.614722,2015-06-11
8297,1518.0,3637.0,-31.000833,26.353056,2015-06-11
8298,1753.0,3542.0,-30.679722,26.7125,2015-06-11
8299,1434.0,2976.0,-30.534167,24.961944,2015-06-11
8300,2443.0,5306.0,-33.7075,18.97444444,2015-06-11
8301,3462.0,5801.0,-33.72266667,18.61691667,2015-06-11
8302,1822.0,3657.0,-27.356667,27.286389,2015-06-11
8303,1559.0,3383.0,-29.641944,30.6875,2015-06-12
8304,1812.0,3886.0,-29.744167,29.905833,2015-06-12
8305,1458.0,3391.0,-26.619444,27.980833,2015-06-12
8306,1435.0,2765.0,-27.573056,24.746389,2015-06-12
8307,1832.0,3273.0,-29.658056,25.973333,2015-06-12
8308,1861.5,3499.0,-23.658056,31.05,2015-06-15
8309,1857.0,3702.5,-29.7775,29.470833,2015-06-15
8310,2068.5,4242.0,-29.987778,29.851667,2015-06-15
8311,1727.5,3653.5,-29.744167,29.905833,2015-06-15
8312,1518.5,3344.0,-24.679167,30.8025,2015-06-16
8313,1402.0,3222.0,-25.127778,27.628889,2015-06-16
8314,1575.0,3442.0,-25.20639,27.558,2015-06-16
8315,2018.5,4087.0,-24.39619444,27.08983333,2015-06-16
8316,1207.0,2783.5,-24.69514,27.40906,2015-06-16
8317,2241.0,4096.0,-22.769722,30.886944,2015-06-17
8318,1730.5,3449.0,-24.058889,31.237222,2015-06-17
8319,1536.5,3262.5,-28.404444,30.013056,2015-06-17
8320,1622.5,3969.0,-30.733889,29.828333,2015-06-17
8321,2764.5,5159.0,-30.398056,30.601944,2015-06-17
8322,1798.0,3394.0,-27.273889,28.49,2015-06-17
8323,4294.0,6906.5,-34.092222,21.295278,2015-06-17
8324,1554.5,3031.5,-28.058889,30.373611,2015-06-17
8325,1935.0,4009.5,-27.5275,30.858056,2015-06-18
8326,2075.5,4519.5,-30.13573889,30.67422222,2015-06-18
8327,1788.5,3122.5,-26.880278,26.965,2015-06-18
8328,1159.0,2662.5,-28.1175,26.719444,2015-06-18
8329,1488.5,2701.0,-28.376944,24.303056,2015-06-18
8330,772.5,1488.5,-31.394444,20.947222,2015-06-18
8331,1300.5,2862.5,-29.651389,22.746389,2015-06-18
8332,2619.5,5738.5,-34.250556,20.9925,2015-06-18
8333,2871.0,5684.0,-33.13083,18.86278,2012-07-04
8334,1881.0,3536.5,-24.183889,30.823889,2015-06-19
8335,1376.5,2754.0,-27.902778,24.615556,2015-06-19
8336,2107.5,4137.0,-29.803611,30.516111,2015-06-19
8337,1460.0,2879.0,-25.99136,27.84208,2015-06-22
8338,2245.0,4658.0,-25.49037,30.6986,2015-06-22
8339,2148.5,5161.5,-24.99328,30.81444,2015-06-22
8340,1620.5,3432.0,-26.970278,27.211111,2015-06-22
8341,1788.5,3122.5,-26.880278,26.965,2015-06-22
8342,1070.0,3204.5,-26.73806,27.59194,2015-06-22
8343,1226.0,2732.0,-26.45,28.085833,2015-06-22
8344,1798.0,3394.0,-27.273889,28.49,2015-06-22
8345,1482.0,3247.0,-27.01011111,26.69808333,2015-06-23
8346,1960.0,4210.0,-25.436111,31.982222,2015-06-23
8347,2151.0,4691.0,-29.140556,31.391944,2015-06-23
8348,2694.0,6135.0,-34.065833,20.404167,2015-06-23
8349,1862.0,3461.0,-22.43772222,31.07805556,2015-06-23
8350,1925.0,3960.0,-25.681111,31.783333,2015-06-23
8351,2412.0,4719.0,-25.67386,31.57527,2015-06-23
8352,3978.0,6545.0,-25.398889,31.610556,2015-06-23
8353,2353.0,4485.0,-28.801278,31.955389,2015-06-23
8354,1577.0,2910.0,-27.00222,28.76528,2015-06-23
8355,1471.0,2525.0,-26.98472222,26.63227778,2015-06-23
8356,1075.0,2523.0,-28.1175,26.719444,2015-06-23
8357,1193.0,2992.0,-25.45963889,28.26430556,2015-06-23
8358,1081.0,2174.0,-29.161667,23.696389,2015-06-24
8359,2038.0,3892.0,-31.860278,18.6875,2015-06-24
8360,1453.0,3261.0,-25.362222,31.956667,2015-06-24
8361,1979.0,3355.0,-24.768889,31.39,2015-06-24
8362,1919.0,3725.0,-24.9675,31.516667,2015-06-24
8363,2483.0,5176.0,-28.747778,31.745833,2015-06-24
8364,1699.0,3068.0,-27.273889,28.49,2015-06-24
8365,2829.0,4950.0,-29.033333,23.983333,2015-06-24
8366,1738.0,3932.0,-26.03611,30.99778,2015-06-25
8367,2857.0,4263.0,-33.7075,18.97444444,2011-02-17
8368,1487.0,2904.0,-26.648056,27.089444,2015-06-25
8369,1202.0,3642.0,-28.460833,21.248889,2015-06-25
8370,2705.0,4928.0,-32.94583,18.33667,2015-06-25
8371,1864.0,4499.0,-33.897778,20.012778,2015-06-25
8372,2690.0,4349.0,-33.7075,18.97444444,2012-01-25
8373,2611.0,4312.0,-33.7075,18.97444444,2012-02-22
8374,2221.0,3866.0,-33.7075,18.97444444,2012-03-21
8375,1643.0,3421.0,-29.744167,29.905833,2015-06-26
8376,1328.0,3369.0,-25.81048333,27.90955222,2015-06-29
8377,1063.0,2336.0,-26.510278,28.351389,2015-06-29
8378,1222.0,2710.0,-26.45,28.085833,2015-06-29
8379,1274.0,2735.0,-27.671111,27.236944,2015-06-29
8380,1391.0,3129.0,-25.127778,27.628889,2015-06-30
8381,1507.0,3346.0,-25.20639,27.558,2015-06-30
8382,1230.0,2804.0,-24.69514,27.40906,2015-06-30
8383,1633.0,3143.0,-28.735556,29.820556,2015-06-30
8384,1533.0,2588.0,-26.861111,28.884722,2015-06-30
8385,1577.0,2910.0,-27.00222,28.76528,2015-06-30
8386,1338.0,2565.0,-27.02314,28.59389,2015-06-30
8387,1754.0,3397.0,-27.398611,26.614722,2015-06-30
8388,967.0,1703.0,-31.436944,20.474722,2015-06-30
8389,1274.0,2822.0,-29.651389,22.746389,2015-06-30
8390,1078.0,2495.0,-28.338333,31.373611,2015-06-30
8391,1674.0,3441.0,-28.068333,31.55,2015-06-30
8392,2089.0,3939.0,-28.308889,31.9025,2015-06-30
8393,1375.0,2942.0,-27.4,26.624722,2015-06-30
8394,1057.5,2073.5,-29.161667,23.696389,2015-07-01
8395,1567.5,3218.0,-27.602222,29.942778,2015-07-01
8396,1515.5,2715.5,-27.169444,29.233889,2015-07-01
8397,1542.0,2861.5,-27.273889,28.49,2015-07-01
8398,1550.5,2656.0,-27.4275,28.525833,2015-07-01
8399,1198.5,2235.0,-27.3,28.586944,2015-07-01
8400,1037.5,2253.0,-27.802778,28.768333,2015-07-01
8401,2679.0,4491.0,-33.7075,18.97444444,2015-01-28
8402,2275.0,3764.0,-33.7075,18.97444444,2015-02-19
8403,2381.0,3988.0,-33.7075,18.97444444,2015-03-25
8404,1255.0,3016.5,-27.935,26.126667,2015-07-01
8405,1295.5,2634.5,-28.141944,26.417778,2015-07-01
8406,1269.0,2628.0,-27.671111,27.236944,2015-07-01
8407,703.0,1636.0,-28.75,30.442778,2015-07-02
8408,2896.5,5679.0,-29.161667,30.629722,2015-07-02
8409,1550.5,2656.0,-27.4275,28.525833,2015-07-02
8410,1037.5,2253.0,-27.802778,28.768333,2015-07-02
8411,1399.5,2526.0,-28.376944,24.303056,2015-07-02
8412,1568.0,3332.0,-29.744167,29.905833,2015-07-03
8413,1428.0,2696.5,-27.573056,24.746389,2015-07-03
8414,1238.0,2493.5,-27.902778,24.615556,2015-07-03
8415,1372.0,2761.0,-25.99136,27.84208,2015-07-06
8416,1185.5,2667.0,-26.45,28.085833,2015-07-06
8417,782.5,1920.5,-22.225556,29.990556,2015-07-07
8418,1687.5,3233.0,-23.658056,31.05,2015-07-07
8419,2959.0,5893.5,-27.363611,31.783333,2015-07-07
8420,1493.0,2598.5,-26.861111,28.884722,2015-07-07
8421,1521.0,2900.0,-27.00222,28.76528,2015-07-07
8422,1198.5,2235.0,-27.3,28.586944,2015-07-07
8423,1078.5,3152.0,-31.396,29.2651,2015-07-07
8424,1995.5,4853.0,-31.554722,29.245556,2015-07-07
8425,3129.0,7566.5,-34.031944,22.053333,2015-07-07
8426,1149.5,2958.0,-25.45963889,28.26430556,2015-07-07
8427,1290.0,3296.5,-25.81048333,27.90955222,2015-07-08
8428,1548.0,3333.5,-29.641944,30.6875,2015-07-08
8429,1326.0,3023.0,-23.23572222,27.717,2015-07-08
8430,934.5,2899.5,-24.670833,28.560833,2015-07-08
8431,1640.0,3213.5,-22.91028,29.61111,2015-07-08
8432,1497.5,3089.5,-26.970278,27.211111,2015-07-08
8433,1198.5,2378.0,-27.38972222,26.46388889,2015-07-08
8434,1138.0,2436.5,-30.534167,24.961944,2015-07-08
8435,1712.0,3057.0,-30.570833,29.150556,2015-07-08
8436,1680.5,4034.5,-31.104278,29.399722,2015-07-08
8437,1527.0,3515.5,-30.77586667,29.03221667,2015-07-08
8438,3049.0,6518.0,-34.039722,22.133333,2015-07-08
8439,3975.0,8488.0,-34.02861,22.22222,2015-07-08
8440,2091.0,3068.0,-32.94583,18.33667,2015-12-03
8441,3799.0,6768.5,-33.464444,18.740556,2011-07-20
8442,3719.0,6537.0,-33.464444,18.740556,2011-08-17
8443,3719.0,6516.0,-33.464444,18.740556,2011-09-14
8444,2768.5,4953.0,-33.464444,18.740556,2011-10-12
8445,2407.5,4123.0,-33.464444,18.740556,2011-11-09
8446,3180.0,6449.0,-33.464444,18.740556,2012-06-26
8447,3420.0,6550.0,-33.464444,18.740556,2012-07-24
8448,1446.0,2888.0,-27.01011111,26.69808333,2015-07-09
8449,3261.0,5809.5,-33.464444,18.740556,2012-09-18
8450,3182.0,5691.0,-33.464444,18.740556,2012-10-16
8451,2718.0,4297.0,-33.464444,18.740556,2012-11-15
8452,1576.0,3393.0,-24.282222,28.090278,2015-07-09
8453,3743.0,6950.5,-33.464444,18.740556,2013-07-24
8454,3769.0,6524.5,-33.464444,18.740556,2013-08-21
8455,3794.0,6234.0,-33.464444,18.740556,2013-09-11
8456,3190.5,5337.5,-33.464444,18.740556,2013-10-09
8457,3067.0,5200.5,-33.464444,18.740556,2013-11-06
8458,2836.0,4911.0,-33.464444,18.740556,2013-11-27
8459,3612.0,6707.0,-33.464444,18.740556,2014-07-16
8460,3654.0,7169.0,-33.464444,18.740556,2014-08-27
8461,3503.0,6133.0,-33.464444,18.740556,2014-10-01
8462,3194.0,5160.0,-33.464444,18.740556,2014-10-29
8463,1205.0,2836.0,-23.23572222,27.717,2015-07-09
8464,3823.0,6778.0,-33.464444,18.740556,2015-07-23
8465,3938.5,6753.5,-33.464444,18.740556,2015-08-20
8466,3396.0,5864.0,-33.464444,18.740556,2015-09-17
8467,1321.0,2635.0,-26.648056,27.089444,2015-07-09
8468,1759.0,2922.0,-26.880278,26.965,2015-07-09
8469,1222.0,2353.0,-26.98472222,26.63227778,2015-07-09
8470,1548.0,3172.0,-31.031389,28.883333,2015-07-09
8471,4098.0,6407.0,-33.72266667,18.61691667,2014-06-11
8472,1450.0,2982.0,-30.86013889,29.07125,2015-07-09
8473,4479.0,8130.0,-33.970833,22.548333,2011-01-20
8474,3715.0,8088.0,-33.970833,22.548333,2011-02-28
8475,3539.0,8165.0,-33.970833,22.548333,2011-04-04
8476,3409.0,8197.5,-33.970833,22.548333,2011-05-03
8477,3524.0,8152.0,-33.970833,22.548333,2011-07-05
8478,3708.0,7790.0,-33.970833,22.548333,2011-08-31
8479,3708.0,7865.0,-33.970833,22.548333,2011-09-14
8480,4400.5,8195.5,-33.970833,22.548333,2011-10-11
8481,5036.5,8215.5,-33.970833,22.548333,2011-11-25
8482,4048.0,8218.0,-33.970833,22.548333,2012-01-20
8483,3795.0,8257.0,-33.970833,22.548333,2012-03-20
8484,4456.0,7115.0,-34.005833,22.351111,2015-07-09
8485,3078.0,8161.0,-33.970833,22.548333,2012-07-09
8486,3754.0,8031.0,-33.970833,22.548333,2012-08-17
8487,4015.5,7899.0,-33.970833,22.548333,2012-09-19
8488,4206.0,8150.0,-33.970833,22.548333,2012-10-17
8489,4220.5,8184.5,-33.970833,22.548333,2012-11-23
8490,4866.0,8009.5,-33.970833,22.548333,2012-12-13
8491,4019.0,8353.0,-33.970833,22.548333,2013-01-30
8492,4207.5,8276.0,-33.970833,22.548333,2013-02-13
8493,1787.0,3356.0,-22.43772222,31.07805556,2015-07-10
8494,4002.5,7885.5,-33.970833,22.548333,2013-06-19
8495,4181.5,7967.0,-33.970833,22.548333,2013-07-19
8496,4079.5,7960.0,-33.970833,22.548333,2013-08-21
8497,4124.5,7746.0,-33.970833,22.548333,2013-09-20
8498,4103.0,7762.0,-33.970833,22.548333,2013-10-17
8499,4698.0,7812.0,-33.970833,22.548333,2013-11-05
8500,4648.0,7871.5,-33.970833,22.548333,2013-11-08
8501,4952.0,8168.5,-33.970833,22.548333,2014-01-15
8502,4082.0,8263.0,-33.970833,22.548333,2014-03-05
8503,4132.5,8333.0,-33.970833,22.548333,2014-04-02
8504,4183.0,8443.0,-33.970833,22.548333,2014-05-08
8505,1082.0,2203.0,-28.7115,24.07288889,2015-07-13
8506,4051.0,8276.0,-33.970833,22.548333,2014-07-09
8507,3845.5,8133.5,-33.970833,22.548333,2014-08-06
8508,4029.0,8090.0,-33.970833,22.548333,2014-09-03
8509,4499.0,7964.0,-33.970833,22.548333,2014-10-08
8510,4059.5,8195.0,-33.970833,22.548333,2015-01-07
8511,3934.0,8261.0,-33.970833,22.548333,2015-02-04
8512,3764.0,8289.0,-33.970833,22.548333,2015-03-05
8513,3960.0,8324.0,-33.970833,22.548333,2015-04-08
8514,4296.0,8324.0,-33.970833,22.548333,2015-05-07
8515,3813.0,8225.5,-33.970833,22.548333,2015-06-02
8516,3873.0,8116.0,-33.970833,22.548333,2015-07-08
8517,4242.0,8061.0,-33.970833,22.548333,2015-08-05
8518,4014.0,8025.0,-33.970833,22.548333,2015-09-02
8519,4422.5,8235.5,-33.970833,22.548333,2015-10-06
8520,4792.0,8305.0,-33.970833,22.548333,2015-11-04
8521,4803.0,8502.0,-33.970833,22.548333,2015-12-03
8522,3810.0,6657.0,-34.005833,22.351111,2011-01-21
8523,3236.0,5774.5,-34.005833,22.351111,2011-02-11
8524,3043.5,5794.0,-34.005833,22.351111,2011-03-17
8525,2859.0,5905.0,-34.005833,22.351111,2011-04-19
8526,3670.5,6265.5,-34.005833,22.351111,2011-05-17
8527,4090.0,6726.5,-34.005833,22.351111,2011-06-21
8528,1215.0,2910.0,-24.679167,30.8025,2015-07-13
8529,4343.0,6472.0,-34.005833,22.351111,2011-10-12
8530,1492.0,3205.0,-29.7775,29.470833,2015-07-13
8531,1493.0,3243.0,-29.744167,29.905833,2015-07-13
8532,1057.0,1960.0,-29.160278,26.573333,2015-07-13
8533,3569.0,6252.0,-34.005833,22.351111,2012-06-26
8534,3732.0,6679.5,-34.005833,22.351111,2012-07-18
8535,516.0,1380.0,-29.1825,23.575556,2015-07-13
8536,1413.0,3315.0,-25.127778,27.628889,2015-07-14
8537,1496.0,3208.0,-24.39619444,27.08983333,2015-07-14
8538,1382.0,3079.0,-24.69514,27.40906,2015-07-14
8539,1815.0,4266.0,-28.69485,28.23487,2015-07-14
8540,3018.0,5640.0,-34.005833,22.351111,2013-04-05
8541,1262.0,2526.0,-28.883333,27.89,2015-07-14
8542,3394.0,5794.0,-34.005833,22.351111,2013-07-04
8543,3569.5,5882.0,-34.005833,22.351111,2013-08-06
8544,1772.0,3272.0,-24.183889,30.823889,2015-07-15
8545,1507.0,3346.0,-25.20639,27.558,2015-07-15
8546,4682.0,6645.0,-34.005833,22.351111,2013-12-04
8547,3823.5,6627.0,-34.005833,22.351111,2014-01-22
8548,3829.0,6742.0,-34.005833,22.351111,2014-02-20
8549,2007.0,3843.0,-22.769722,30.886944,2015-07-15
8550,4008.0,6567.0,-34.005833,22.351111,2014-04-03
8551,1278.0,2808.0,-28.404444,30.013056,2015-07-15
8552,1237.0,3371.0,-30.733889,29.828333,2015-07-15
8553,1031.0,2217.0,-30.160091,27.40124,2015-07-15
8554,592.0,1320.0,-30.336111,27.359444,2015-07-15
8555,1157.0,2142.0,-29.615556,27.065278,2015-07-15
8556,3549.0,5726.0,-34.005833,22.351111,2014-11-04
8557,3731.0,5799.0,-34.005833,22.351111,2014-12-03
8558,1186.0,2435.0,-28.058889,30.373611,2015-07-15
8559,2441.0,4126.0,-30.830556,26.921389,2015-07-16
8560,3915.0,6380.0,-34.005833,22.351111,2015-04-10
8561,1461.0,3344.0,-27.937778,31.209444,2015-07-16
8562,4172.5,6679.0,-34.005833,22.351111,2015-06-04
8563,1401.0,3458.0,-27.5275,30.858056,2015-07-16
8564,1941.0,4496.0,-30.13573889,30.67422222,2015-07-16
8565,2419.0,4822.0,-30.398056,30.601944,2015-07-16
8566,1330.0,2508.0,-27.02314,28.59389,2015-07-16
8567,1385.0,2655.0,-27.273889,28.49,2015-07-16
8568,1092.0,2598.0,-27.935,26.126667,2015-07-16
8569,1242.0,2598.0,-28.141944,26.417778,2015-07-16
8570,1051.0,2282.0,-28.1175,26.719444,2015-07-16
8571,1319.0,3330.0,-31.000833,26.353056,2015-07-16
8572,1180.0,2701.0,-30.679722,26.7125,2015-07-16
8573,1133.0,2429.0,-30.534167,24.961944,2015-07-16
8574,1432.0,3063.5,-29.744167,29.905833,2015-07-17
8575,1199.5,2427.5,-27.902778,24.615556,2015-07-17
8576,1654.0,3576.5,-29.803611,30.516111,2015-07-17
8577,1330.5,2885.0,-27.01011111,26.69808333,2015-07-20
8578,2230.0,4697.5,-29.140556,31.391944,2015-07-20
8579,1308.5,2648.0,-25.99136,27.84208,2015-07-20
8580,1287.0,2626.0,-26.648056,27.089444,2015-07-20
8581,1709.5,2856.5,-26.880278,26.965,2015-07-20
8582,840.5,2502.5,-26.73806,27.59194,2015-07-20
8583,1165.5,2673.0,-26.45,28.085833,2015-07-20
8584,1206.5,2313.0,-26.98472222,26.63227778,2015-07-20
8585,1491.5,2150.0,-32.502778,19.535833,2015-07-20
8586,2989.0,6047.0,-34.065833,20.404167,2015-07-21
8587,2183.0,4181.5,-31.860278,18.6875,2015-07-21
8588,3052.5,5622.0,-33.980556,21.653333,2015-07-21
8589,913.5,2431.5,-26.006389,29.253889,2015-07-21
8590,2167.5,4124.5,-28.801278,31.955389,2015-07-21
8591,1428.5,2768.0,-27.00222,28.76528,2015-07-21
8592,1186.5,2289.0,-27.38972222,26.46388889,2015-07-21
8593,1475.0,3015.5,-27.398611,26.614722,2015-07-21
8594,4172.5,6761.5,-34.092222,21.295278,2015-07-21
8595,3002.5,5382.0,-31.5653,18.3306,2015-07-21
8596,1288.5,2721.5,-27.4,26.624722,2015-07-21
8597,1230.0,3142.5,-25.81048333,27.90955222,2015-07-22
8598,2518.5,5146.0,-28.747778,31.745833,2015-07-22
8599,1278.0,2957.5,-26.970278,27.211111,2015-07-22
8600,1709.5,2856.5,-26.880278,26.965,2015-07-22
8601,1362.0,2652.5,-27.273889,28.49,2015-07-22
8602,1229.0,2549.0,-28.141944,26.417778,2015-07-22
8603,988.0,2255.0,-28.1175,26.719444,2015-07-22
8604,2646.0,5792.0,-34.250556,20.9925,2015-07-22
8605,3906.5,6566.5,-34.405833,19.600556,2015-07-22
8606,2022.5,3819.5,-33.38056,19.30167,2015-07-22
8607,2090.0,4234.0,-33.08883333,19.21878333,2015-07-22
8608,1298.5,2739.0,-24.95861111,29.39527778,2015-07-23
8609,3002.5,5455.5,-33.7075,18.97444444,2015-07-23
8610,1753.0,3099.5,-25.57877778,29.12747222,2015-07-23
8611,2248.0,4370.0,-33.897778,20.012778,2015-07-23
8612,1146.0,2821.0,-26.619444,27.980833,2015-07-27
8613,1413.0,3315.0,-25.127778,27.628889,2015-07-28
8614,1507.0,3346.0,-25.20639,27.558,2015-07-28
8615,2037.0,4460.0,-24.69514,27.40906,2015-07-28
8616,4005.0,6279.5,-28.44555556,32.325,2015-08-25
8617,1437.0,2553.0,-27.169444,29.233889,2015-07-28
8618,1092.0,2598.0,-27.935,26.126667,2015-07-28
8619,1216.0,2500.0,-28.141944,26.417778,2015-07-28
8620,925.0,2228.0,-28.1175,26.719444,2015-07-28
8621,1473.0,2901.0,-27.398611,26.614722,2015-07-28
8622,1071.0,2398.0,-27.671111,27.236944,2015-07-28
8623,1815.0,3845.0,-28.69485,28.23487,2015-07-28
8624,2006.0,4391.0,-33.501667,21.624167,2015-07-28
8625,2699.0,6015.0,-33.31388889,19.07472222,2015-07-28
8626,1018.0,2329.0,-28.338333,31.373611,2015-07-28
8627,1695.0,3354.0,-28.068333,31.55,2015-07-28
8628,1816.0,3764.0,-28.308889,31.9025,2015-07-28
8629,1287.0,2699.0,-27.4,26.624722,2015-07-28
8630,1057.0,2174.0,-29.161667,23.696389,2015-07-29
8631,1462.0,2931.0,-27.602222,29.942778,2015-07-29
8632,916.0,2054.0,-27.802778,28.768333,2015-07-29
8633,5190.0,7814.0,-33.13083,18.86278,2015-07-29
8634,1617.0,3593.0,-26.03611,30.99778,2015-07-30
8635,708.0,1611.0,-28.75,30.442778,2015-07-30
8636,2440.0,5401.0,-29.161667,30.629722,2015-07-30
8637,1175.0,2367.0,-27.02314,28.59389,2015-07-30
8638,1339.0,2650.0,-27.273889,28.49,2015-07-30
8639,1447.0,2509.0,-27.4275,28.525833,2015-07-30
8640,1156.0,2142.0,-27.3,28.586944,2015-07-30
8641,1421.0,2628.0,-27.573056,24.746389,2015-07-30
8642,1637.0,3946.0,-28.460833,21.248889,2015-07-30
8643,2823.0,5166.0,-32.94583,18.33667,2015-07-30
8644,1588.0,3776.0,-29.641944,30.6875,2015-07-31
8645,1265.0,2693.0,-24.95861111,29.39527778,2015-07-31
8646,1216.0,2500.0,-28.141944,26.417778,2015-07-31
8647,925.0,2228.0,-28.1175,26.719444,2015-07-31
8648,1195.0,2469.0,-27.902778,24.615556,2015-07-31
8649,1308.5,2648.0,-25.99136,27.84208,2015-08-03
8650,840.5,2502.5,-26.73806,27.59194,2015-08-03
8651,1165.5,2673.0,-26.45,28.085833,2015-08-03
8652,1040.0,1927.0,-29.160278,26.573333,2015-08-03
8653,864.0,2507.0,-31.396,29.2651,2015-08-03
8654,1985.5,4830.5,-31.554722,29.245556,2015-08-03
8655,1497.5,2645.0,-26.861111,28.884722,2015-08-04
8656,1399.5,2576.5,-27.00222,28.76528,2015-08-04
8657,1287.0,2946.0,-26.970278,27.211111,2015-08-04
8658,1609.5,2826.0,-26.880278,26.965,2015-08-04
8659,1556.5,3274.0,-28.69485,28.23487,2015-08-04
8660,1206.5,2155.5,-29.615556,27.065278,2015-08-04
8661,1240.0,2511.5,-28.883333,27.89,2015-08-04
8662,1540.0,3358.5,-30.568333,29.422778,2015-08-04
8663,1648.5,3004.0,-30.570833,29.150556,2015-08-04
8664,1748.0,4144.0,-31.104278,29.399722,2015-08-04
8665,2923.5,7469.5,-34.031944,22.053333,2015-08-04
8666,2982.0,6585.5,-34.039722,22.133333,2015-08-04
8667,1145.5,2655.0,-25.45963889,28.26430556,2015-08-04
8668,1209.0,2879.5,-27.01011111,26.69808333,2015-08-05
8669,1230.0,3059.0,-25.81048333,27.90955222,2015-08-05
8670,982.5,2791.5,-24.670833,28.560833,2015-08-05
8671,1424.0,2692.0,-25.73411,27.21422,2015-08-05
8672,1287.0,2626.0,-26.648056,27.089444,2015-08-05
8673,1206.5,2260.5,-26.98472222,26.63227778,2015-08-05
8674,1193.0,2663.5,-27.935,26.126667,2015-08-05
8675,1057.5,2221.5,-30.160091,27.40124,2015-08-05
8676,651.0,1590.5,-30.336111,27.359444,2015-08-05
8677,1530.5,3079.5,-28.768056,20.720556,2015-08-05
8678,1434.5,2777.0,-31.031389,28.883333,2015-08-05
8679,1348.0,2845.0,-30.86013889,29.07125,2015-08-05
8680,1364.5,3123.5,-30.77586667,29.03221667,2015-08-05
8681,4016.5,8328.0,-34.02861,22.22222,2015-08-05
8682,2272.0,3914.0,-30.830556,26.921389,2015-08-06
8683,1816.5,3557.0,-22.769722,30.886944,2015-08-06
8684,3005.0,5884.5,-26.905,32.324722,2015-08-06
8685,1229.0,2498.0,-28.141944,26.417778,2015-08-06
8686,1191.5,3147.0,-31.000833,26.353056,2015-08-06
8687,1600.5,3427.5,-30.679722,26.7125,2015-08-06
8688,1063.0,2307.5,-30.534167,24.961944,2015-08-06
8689,1687.5,3099.0,-23.658056,31.05,2015-08-07
8690,1537.5,2985.0,-23.838611,31.640833,2015-08-07
8691,1438.5,2879.0,-24.058889,31.237222,2015-08-07
8692,1413.0,2930.0,-29.7775,29.470833,2015-08-10
8693,1770.0,3853.0,-29.987778,29.851667,2015-08-10
8694,4219.0,6550.0,-24.69514,27.40906,2015-08-11
8695,1659.0,4596.0,-24.99328,30.81444,2015-08-11
8696,1391.0,3272.0,-30.733889,29.828333,2015-08-11
8697,1844.0,3961.0,-25.127778,27.628889,2015-08-12
8698,3647.0,6201.0,-25.20639,27.558,2015-08-12
8699,1976.0,3274.0,-24.768889,31.39,2015-08-12
8700,1796.0,3519.0,-24.9675,31.516667,2015-08-12
8701,1554.0,3367.0,-27.937778,31.209444,2015-08-12
8702,1287.0,2771.0,-28.404444,30.013056,2015-08-12
8703,2377.0,4896.0,-30.398056,30.601944,2015-08-12
8704,1216.0,2496.0,-28.141944,26.417778,2015-08-12
8705,925.0,2228.0,-28.1175,26.719444,2015-08-12
8706,1071.0,2398.0,-27.671111,27.236944,2015-08-12
8707,1179.0,2435.0,-28.058889,30.373611,2015-08-12
8708,2698.0,5547.0,-30.13573889,30.67422222,2015-08-13
8709,1083.0,2176.0,-27.38972222,26.46388889,2015-08-13
8710,1473.0,2901.0,-27.398611,26.614722,2015-08-13
8711,1195.0,2198.0,-27.902778,24.615556,2015-08-13
8712,1287.0,2579.0,-27.4,26.624722,2015-08-13
8713,1371.0,2884.0,-29.744167,29.905833,2015-08-14
8714,1540.0,3980.0,-29.380556,30.2775,2015-08-17
8715,868.0,2672.0,-26.73806,27.59194,2015-08-17
8716,1182.0,2722.0,-26.45,28.085833,2015-08-17
8717,488.0,1398.0,-28.760833,17.730278,2015-08-18
8718,2500.0,4843.5,-29.140556,31.391944,2015-08-18
8719,2031.5,3797.0,-31.860278,18.6875,2015-08-18
8720,1188.0,2794.5,-24.679167,30.8025,2015-08-18
8721,1464.0,2841.5,-25.99136,27.84208,2015-08-18
8722,2780.5,4743.5,-28.801278,31.955389,2015-08-18
8723,1583.0,3498.0,-27.937778,31.209444,2015-08-18
8724,1507.0,2651.5,-26.861111,28.884722,2015-08-18
8725,1399.5,2576.5,-27.00222,28.76528,2015-08-18
8726,1287.0,2946.0,-26.970278,27.211111,2015-08-18
8727,1609.5,2826.0,-26.880278,26.965,2015-08-18
8728,1215.0,2309.5,-30.160091,27.40124,2015-08-18
8729,4630.5,6973.5,-34.092222,21.295278,2015-08-18
8730,2264.0,4700.0,-33.818056,19.694722,2015-08-18
8731,2553.5,4791.0,-31.5653,18.3306,2015-08-18
8732,1624.5,3101.0,-22.91028,29.61111,2015-08-19
8733,1447.0,2692.0,-25.73411,27.21422,2015-08-19
8734,884.5,2303.0,-26.006389,29.253889,2015-08-19
8735,1607.0,3013.0,-24.058889,31.237222,2015-08-19
8736,3074.0,5693.5,-28.747778,31.745833,2015-08-19
8737,1292.5,2768.0,-26.648056,27.089444,2015-08-19
8738,1751.5,3066.0,-27.273889,28.49,2015-08-19
8739,1238.0,2260.5,-26.98472222,26.63227778,2015-08-19
8740,1838.5,3773.0,-33.38056,19.30167,2015-08-19
8741,1162.0,2655.0,-25.45963889,28.26430556,2015-08-19
8742,1259.0,3059.0,-25.81048333,27.90955222,2015-08-20
8743,1577.0,2960.5,-24.183889,30.823889,2015-08-20
8744,1540.5,3175.0,-24.282222,28.090278,2015-08-20
8745,1297.5,2702.5,-27.935,26.126667,2015-08-20
8746,1244.5,2498.0,-28.141944,26.417778,2015-08-20
8747,1064.5,2257.5,-28.1175,26.719444,2015-08-20
8748,3740.0,6143.0,-33.7075,18.97444444,2015-08-20
8749,1256.0,2651.0,-24.95861111,29.39527778,2015-08-21
8750,1437.5,2573.5,-27.573056,24.746389,2015-08-21
8751,1634.0,4129.0,-29.380556,30.2775,2015-08-22
8752,1571.0,3225.5,-28.735556,29.820556,2015-08-24
8753,1690.0,3437.5,-28.308889,31.9025,2015-08-24
8754,2989.0,5853.5,-34.065833,20.404167,2015-08-25
8755,1873.5,4064.5,-25.127778,27.628889,2015-08-25
8756,2731.5,5013.5,-25.20639,27.558,2015-08-25
8757,2920.0,5121.0,-28.44555556,32.325,2015-09-21
8758,1273.5,2895.5,-26.619444,27.980833,2015-08-25
8759,1152.0,2366.5,-26.510278,28.351389,2015-08-25
8760,1190.0,2673.0,-27.671111,27.236944,2015-08-25
8761,2246.5,4798.0,-33.501667,21.624167,2015-08-25
8762,2766.0,5690.5,-33.31388889,19.07472222,2015-08-25
8763,1695.5,3235.0,-28.068333,31.55,2015-08-25
8764,1057.0,1995.0,-29.161667,23.696389,2015-08-26
8765,1037.0,2045.0,-28.7115,24.07288889,2015-08-26
8766,2084.0,4717.0,-29.641944,30.6875,2015-08-26
8767,1479.0,2943.0,-27.169444,29.233889,2015-08-26
8768,916.0,2023.0,-27.802778,28.768333,2015-08-26
8769,1411.0,2715.0,-27.398611,26.614722,2015-08-26
8770,3782.0,6472.0,-34.405833,19.600556,2015-08-26
8771,4586.0,7242.0,-33.13083,18.86278,2015-08-26
8772,1289.0,2579.0,-27.4,26.624722,2015-08-26
8773,1227.0,2983.0,-27.602222,29.942778,2015-08-27
8774,809.0,1764.0,-28.75,30.442778,2015-08-27
8775,2950.0,5927.0,-29.161667,30.629722,2015-08-27
8776,2600.0,4611.0,-32.94583,18.33667,2015-08-27
8777,1440.0,2823.0,-23.838611,31.640833,2015-08-28
8778,1683.0,3117.0,-24.058889,31.237222,2015-08-28
8779,1432.0,3067.0,-29.744167,29.905833,2015-08-28
8780,786.0,1700.0,-29.1825,23.575556,2015-08-29
8781,1629.0,3005.0,-25.99136,27.84208,2015-08-31
8782,1118.0,2787.0,-26.73806,27.59194,2015-08-31
8783,1580.0,3223.0,-26.45,28.085833,2015-08-31
8784,2719.0,6019.0,-27.363611,31.783333,2015-09-01
8785,1542.0,2694.0,-26.861111,28.884722,2015-09-01
8786,1407.0,2507.0,-27.00222,28.76528,2015-09-01
8787,1427.0,3050.0,-26.970278,27.211111,2015-09-01
8788,2118.0,3477.0,-27.273889,28.49,2015-09-01
8789,1469.0,2513.0,-27.4275,28.525833,2015-09-01
8790,1293.0,2231.0,-27.3,28.586944,2015-09-01
8791,1301.0,2729.0,-27.935,26.126667,2015-09-01
8792,912.0,2324.0,-31.396,29.2651,2015-09-01
8793,2290.0,5463.0,-31.554722,29.245556,2015-09-01
8794,3923.0,6806.0,-34.005833,22.351111,2015-09-01
8795,1226.0,2655.0,-25.45963889,28.26430556,2015-09-01
8796,1718.0,4334.0,-25.447222,30.711667,2015-09-01
8797,1203.0,2882.0,-27.01011111,26.69808333,2015-09-02
8798,1310.0,3057.0,-25.81048333,27.90955222,2015-09-02
8799,1621.0,3526.0,-25.436111,31.982222,2015-09-02
8800,1746.0,3111.0,-23.658056,31.05,2015-09-02
8801,1814.0,3961.0,-25.681111,31.783333,2015-09-02
8802,1656.0,3642.0,-25.362222,31.956667,2015-09-02
8803,1365.0,2708.0,-27.02314,28.59389,2015-09-02
8804,1332.0,2901.0,-26.648056,27.089444,2015-09-02
8805,2118.0,3477.0,-27.273889,28.49,2015-09-02
8806,1469.0,2513.0,-27.4275,28.525833,2015-09-02
8807,1293.0,2231.0,-27.3,28.586944,2015-09-02
8808,1746.0,3056.0,-30.570833,29.150556,2015-09-02
8809,2059.0,4268.0,-31.104278,29.399722,2015-09-02
8810,1513.0,3135.0,-30.77586667,29.03221667,2015-09-02
8811,2819.0,7068.0,-34.031944,22.053333,2015-09-02
8812,2073.0,4637.5,-29.641944,30.6875,2015-09-03
8813,3317.5,5578.0,-25.398889,31.610556,2015-09-03
8814,922.0,2093.0,-27.802778,28.768333,2015-09-03
8815,1364.0,2732.0,-27.935,26.126667,2015-09-03
8816,1386.0,2731.5,-28.141944,26.417778,2015-09-03
8817,1905.0,3746.5,-30.679722,26.7125,2015-09-03
8818,1673.0,3547.0,-30.568333,29.422778,2015-09-03
8819,1522.0,2785.0,-31.031389,28.883333,2015-09-03
8820,1529.5,3123.0,-30.86013889,29.07125,2015-09-03
8821,2099.5,4169.0,-29.987778,29.851667,2015-09-07
8822,1435.5,3055.5,-29.744167,29.905833,2015-09-07
8823,1152.5,2097.0,-29.160278,26.573333,2015-09-07
8824,1314.5,2770.0,-25.57877778,29.12747222,2015-09-07
8825,1736.0,3349.0,-22.225556,29.990556,2015-09-08
8826,1624.5,3101.0,-22.91028,29.61111,2015-09-08
8827,1946.0,4054.5,-25.127778,27.628889,2015-09-08
8828,2004.5,3873.0,-25.20639,27.558,2015-09-08
8829,4338.5,6671.0,-24.69514,27.40906,2015-09-08
8830,1489.0,2864.0,-23.838611,31.640833,2015-09-08
8831,956.5,2448.0,-26.006389,29.253889,2015-09-08
8832,1451.0,3233.5,-30.733889,29.828333,2015-09-08
8833,2175.5,4044.0,-29.7775,29.470833,2015-09-08
8834,1386.0,2731.5,-28.141944,26.417778,2015-09-08
8835,1620.5,3535.0,-27.671111,27.236944,2015-09-08
8836,1854.5,3861.5,-28.69485,28.23487,2015-09-08
8837,1388.5,2374.5,-29.615556,27.065278,2015-09-08
8838,1750.0,3276.5,-28.883333,27.89,2015-09-08
8839,1607.0,3013.0,-24.058889,31.237222,2015-09-09
8840,1583.0,3570.5,-27.937778,31.209444,2015-09-09
8841,1316.5,2880.0,-28.404444,30.013056,2015-09-09
8842,2845.0,5421.5,-30.398056,30.601944,2015-09-09
8843,1453.0,2831.0,-27.398611,26.614722,2015-09-09
8844,1413.5,2545.5,-30.160091,27.40124,2015-09-09
8845,944.0,2203.0,-30.336111,27.359444,2015-09-09
8846,1523.5,2815.0,-28.058889,30.373611,2015-09-09
8847,1289.5,2580.0,-27.4,26.624722,2015-09-09
8848,847.0,1726.0,-29.161667,23.696389,2015-09-10
8849,2886.5,5193.0,-30.830556,26.921389,2015-09-10
8850,1641.5,3175.0,-24.282222,28.090278,2015-09-10
8851,2032.0,4061.0,-22.769722,30.886944,2015-09-10
8852,1764.5,3774.0,-27.5275,30.858056,2015-09-10
8853,3033.0,5987.0,-30.13573889,30.67422222,2015-09-10
8854,1297.5,3142.0,-31.000833,26.353056,2015-09-10
8855,1905.0,3746.5,-30.679722,26.7125,2015-09-10
8856,1165.5,2427.5,-30.534167,24.961944,2015-09-10
8857,1378.0,2720.0,-24.95861111,29.39527778,2015-09-11
8858,1439.0,3067.0,-29.744167,29.905833,2015-09-11
8859,1476.0,3029.0,-27.573056,24.746389,2015-09-11
8860,1379.0,2718.0,-29.651389,22.746389,2015-09-11
8861,828.0,1769.0,-29.1825,23.575556,2015-09-11
8862,1995.0,4143.0,-29.803611,30.516111,2015-09-11
8863,1465.0,4183.0,-26.73806,27.59194,2015-09-14
8864,1984.0,3883.0,-26.45,28.085833,2015-09-14
8865,1293.0,1836.0,-32.502778,19.535833,2015-09-14
8866,2834.0,5084.0,-29.140556,31.391944,2015-09-15
8867,1794.0,3401.0,-31.860278,18.6875,2015-09-15
8868,1748.0,3523.0,-24.679167,30.8025,2015-09-15
8869,2851.0,4730.0,-28.801278,31.955389,2015-09-15
8870,1556.0,3084.0,-26.861111,28.884722,2015-09-15
8871,1427.0,2758.0,-27.00222,28.76528,2015-09-15
8872,1922.0,4273.0,-26.970278,27.211111,2015-09-15
8873,2305.0,4095.0,-26.880278,26.965,2015-09-15
8874,5243.0,7181.0,-34.092222,21.295278,2015-09-15
8875,2243.0,4809.0,-34.075556,20.145556,2015-09-15
8876,2821.0,5270.0,-32.595833,19.009444,2015-09-15
8877,1758.0,3461.0,-25.45963889,28.26430556,2015-09-15
8878,1635.0,3722.0,-27.01011111,26.69808333,2015-09-16
8879,1691.0,3853.0,-25.81048333,27.90955222,2015-09-16
8880,2084.0,4558.0,-29.641944,30.6875,2015-09-16
8881,1360.0,3323.0,-24.670833,28.560833,2015-09-16
8882,1531.0,2909.0,-24.058889,31.237222,2015-09-16
8883,1799.0,3480.0,-26.648056,27.089444,2015-09-16
8884,1614.0,3333.0,-26.98472222,26.63227778,2015-09-16
8885,2796.0,5958.0,-34.250556,20.9925,2015-09-16
8886,1929.0,3793.0,-33.38056,19.30167,2015-09-16
8887,1585.0,3067.0,-24.183889,30.823889,2015-09-17
8888,1569.0,3500.0,-26.03611,30.99778,2015-09-17
8889,3315.0,5906.0,-28.747778,31.745833,2015-09-17
8890,1427.0,2735.0,-27.935,26.126667,2015-09-17
8891,1499.0,2967.0,-28.141944,26.417778,2015-09-17
8892,3816.0,6137.0,-33.7075,18.97444444,2015-09-17
8893,2910.0,4908.0,-28.44555556,32.325,2015-10-20
8894,2022.5,3635.5,-28.735556,29.820556,2015-09-21
8895,2047.0,3859.5,-26.648056,27.089444,2015-09-21
8896,2028.5,4302.5,-26.619444,27.980833,2015-09-21
8897,1488.0,3025.0,-26.510278,28.351389,2015-09-21
8898,2445.5,4835.0,-33.501667,21.624167,2015-09-21
8899,1653.0,3272.0,-28.338333,31.373611,2015-09-21
8900,1707.5,3116.5,-28.068333,31.55,2015-09-21
8901,1554.0,3119.5,-28.308889,31.9025,2015-09-21
8902,2085.5,4054.5,-25.127778,27.628889,2015-09-22
8903,3173.5,5012.0,-25.20639,27.558,2015-09-22
8904,3747.5,6087.0,-24.69514,27.40906,2015-09-22
8905,1783.5,3168.0,-27.169444,29.233889,2015-09-22
8906,868.0,1726.0,-29.161667,23.696389,2015-09-23
8907,1080.5,2075.5,-28.7115,24.07288889,2015-09-23
8908,1372.5,2816.5,-27.02314,28.59389,2015-09-23
8909,1484.5,2551.5,-27.4275,28.525833,2015-09-23
8910,1449.0,2549.5,-27.3,28.586944,2015-09-23
8911,1640.5,3132.5,-27.398611,26.614722,2015-09-23
8912,1340.0,2688.0,-27.4,26.624722,2015-09-23
8913,1309.0,3014.0,-27.602222,29.942778,2015-09-24
8914,796.5,1752.0,-28.75,30.442778,2015-09-24
8915,2820.0,5688.0,-29.161667,30.629722,2015-09-24
8916,1585.5,3160.0,-29.744167,29.905833,2015-09-25
8917,1342.0,2552.0,-27.902778,24.615556,2015-09-25
8918,1998.0,3719.0,-25.99136,27.84208,2015-09-28
8919,2165.0,4510.0,-26.45,28.085833,2015-09-28
8920,3377.0,6045.0,-34.065833,20.404167,2015-09-29
8921,2920.0,6097.0,-24.99328,30.81444,2015-09-29
8922,3428.0,6410.0,-27.363611,31.783333,2015-09-29
8923,1472.0,3084.0,-26.861111,28.884722,2015-09-29
8924,1951.0,4273.0,-26.970278,27.211111,2015-09-29
8925,2313.0,4166.0,-26.880278,26.965,2015-09-29
8926,1230.0,2725.0,-27.38972222,26.46388889,2015-09-29
8927,2347.0,5366.0,-33.31388889,19.07472222,2015-09-29
8928,1887.0,3701.0,-25.45963889,28.26430556,2015-09-29
8929,2229.0,4179.0,-27.01011111,26.69808333,2015-09-30
8930,1867.0,4361.0,-25.81048333,27.90955222,2015-09-30
8931,2056.0,3766.0,-29.641944,30.6875,2015-09-30
8932,2004.0,3104.0,-24.768889,31.39,2015-09-30
8933,1671.0,2886.0,-27.00222,28.76528,2015-09-30
8934,2295.0,4239.0,-26.648056,27.089444,2015-09-30
8935,2309.0,3893.0,-27.273889,28.49,2015-09-30
8936,1711.0,3333.0,-26.98472222,26.63227778,2015-09-30
8937,1777.0,2995.0,-31.031389,28.883333,2015-09-30
8938,1655.0,3323.0,-30.86013889,29.07125,2015-09-30
8939,1645.0,3268.0,-30.77586667,29.03221667,2015-09-30
8940,3410.0,6019.0,-34.405833,19.600556,2015-09-30
8941,2251.0,3858.0,-32.94583,18.33667,2015-09-30
8942,1724.0,4183.0,-26.73806,27.59194,2015-10-01
8943,1977.0,3388.0,-27.935,26.126667,2015-10-01
8944,1633.0,3139.0,-28.141944,26.417778,2015-10-01
8945,1517.0,2855.0,-30.160091,27.40124,2015-10-01
8946,3256.0,5491.0,-33.13083,18.86278,2015-10-01
8947,2692.0,5377.0,-33.897778,20.012778,2015-10-01
8948,2148.5,4432.0,-29.7775,29.470833,2015-10-05
8949,2245.0,4481.5,-29.987778,29.851667,2015-10-05
8950,1635.0,3148.5,-29.744167,29.905833,2015-10-05
8951,1125.0,2938.0,-31.396,29.2651,2015-10-05
8952,2727.5,5862.5,-31.554722,29.245556,2015-10-05
8953,1786.0,3607.0,-24.679167,30.8025,2015-10-06
8954,2236.5,4178.0,-25.127778,27.628889,2015-10-06
8955,2942.0,4930.0,-25.20639,27.558,2015-10-06
8956,2963.0,5036.0,-24.69514,27.40906,2015-10-06
8957,1841.5,3138.0,-23.658056,31.05,2015-10-06
8958,1642.5,3856.5,-30.733889,29.828333,2015-10-06
8959,2321.5,4856.0,-30.568333,29.422778,2015-10-06
8960,2062.5,3551.5,-30.570833,29.150556,2015-10-06
8961,2059.5,4128.5,-31.104278,29.399722,2015-10-06
8962,3015.0,6420.5,-34.031944,22.053333,2015-10-06
8963,4380.5,6850.5,-34.039722,22.133333,2015-10-06
8964,2046.5,3681.0,-29.641944,30.6875,2015-10-07
8965,1602.5,2835.0,-24.058889,31.237222,2015-10-07
8966,1744.5,3474.0,-27.937778,31.209444,2015-10-07
8967,1509.5,2986.0,-28.404444,30.013056,2015-10-07
8968,3341.5,5997.5,-30.398056,30.601944,2015-10-07
8969,4187.0,8153.5,-34.02861,22.22222,2015-10-07
8970,4462.5,7180.0,-34.005833,22.351111,2015-10-07
8971,1999.5,3354.0,-28.058889,30.373611,2015-10-07
8972,1690.0,3101.0,-24.183889,30.823889,2015-10-08
8973,2115.0,4169.0,-27.5275,30.858056,2015-10-08
8974,3019.0,5957.0,-30.13573889,30.67422222,2015-10-08
8975,2321.5,3906.5,-27.273889,28.49,2015-10-08
8976,1496.5,2567.5,-27.4275,28.525833,2015-10-08
8977,1125.0,2938.0,-31.396,29.2651,2015-10-08
8978,839.0,1689.0,-29.161667,23.696389,2015-10-09
8979,1635.0,3148.5,-29.744167,29.905833,2015-10-09
8980,1819.0,3199.5,-27.573056,24.746389,2015-10-09
8981,1519.5,2729.5,-27.902778,24.615556,2015-10-09
8982,2144.5,4285.5,-29.803611,30.516111,2015-10-09
8983,1931.0,3617.5,-25.99136,27.84208,2015-10-12
8984,1782.0,4177.0,-26.73806,27.59194,2015-10-12
8985,2321.0,4520.5,-26.45,28.085833,2015-10-12
8986,2825.0,5084.0,-29.140556,31.391944,2015-10-13
8987,3465.0,5536.0,-28.801278,31.955389,2015-10-13
8988,1505.0,2512.0,-26.861111,28.884722,2015-10-13
8989,2455.0,4166.0,-26.880278,26.965,2015-10-13
8990,1118.0,2119.0,-27.38972222,26.46388889,2015-10-13
8991,1783.0,2967.0,-28.141944,26.417778,2015-10-13
8992,1529.0,2968.0,-28.1175,26.719444,2015-10-13
8993,1932.0,3455.0,-27.398611,26.614722,2015-10-13
8994,1917.0,3701.0,-25.45963889,28.26430556,2015-10-13
8995,2500.0,4890.0,-27.01011111,26.69808333,2015-10-14
8996,1923.0,4361.0,-25.81048333,27.90955222,2015-10-14
8997,1961.0,3714.0,-25.73411,27.21422,2015-10-14
8998,2550.0,4288.0,-22.769722,30.886944,2015-10-14
8999,2924.0,5265.0,-28.747778,31.745833,2015-10-14
9000,2968.0,5637.0,-29.380556,30.2775,2015-10-14
9001,1671.0,2886.0,-27.00222,28.76528,2015-10-14
9002,2402.0,4248.0,-26.648056,27.089444,2015-10-14
9003,2334.0,3920.0,-27.273889,28.49,2015-10-14
9004,1711.0,2956.0,-26.98472222,26.63227778,2015-10-14
9005,2401.0,4295.0,-27.671111,27.236944,2015-10-14
9006,2111.0,4607.0,-26.03611,30.99778,2015-10-15
9007,1783.0,2967.0,-28.141944,26.417778,2015-10-15
9008,1522.0,2700.0,-24.058889,31.237222,2015-10-16
9009,2169.0,4179.0,-28.735556,29.820556,2015-10-19
9010,2226.0,4214.0,-26.619444,27.980833,2015-10-19
9011,1304.0,2130.0,-29.160278,26.573333,2015-10-19
9012,2131.0,4109.0,-33.818056,19.694722,2015-10-19
9013,2877.0,5474.0,-25.447222,30.711667,2015-10-19
9014,898.0,1652.0,-28.760833,17.730278,2015-10-20
9015,1595.0,2583.0,-31.860278,18.6875,2015-10-20
9016,2123.0,4148.0,-25.127778,27.628889,2015-10-20
9017,3691.0,5940.0,-25.20639,27.558,2015-10-20
9018,2650.0,4448.0,-24.69514,27.40906,2015-10-20
9019,2266.0,4118.0,-25.681111,31.783333,2015-10-20
9020,2802.0,4762.0,-25.67386,31.57527,2015-10-20
9021,2693.0,5028.0,-28.44555556,32.325,2015-11-17
9022,928.0,2219.0,-27.802778,28.768333,2015-10-20
9023,2401.0,4295.0,-27.671111,27.236944,2015-10-20
9024,2919.0,5063.0,-28.69485,28.23487,2015-10-20
9025,2265.0,3862.0,-28.883333,27.89,2015-10-20
9026,4959.0,7018.0,-34.092222,21.295278,2015-10-20
9027,3089.0,4799.0,-32.595833,19.009444,2015-10-20
9028,1544.0,2911.0,-28.338333,31.373611,2015-10-20
9029,829.0,1655.5,-29.161667,23.696389,2015-10-21
9030,3014.0,5125.5,-30.830556,26.921389,2015-10-21
9031,1825.0,3601.0,-24.670833,28.560833,2015-10-21
9032,2239.5,4098.0,-22.91028,29.61111,2015-10-21
9033,2199.0,3785.0,-28.058889,30.373611,2015-04-27
9034,1623.5,3976.5,-26.006389,29.253889,2015-10-21
9035,2094.5,3589.0,-25.362222,31.956667,2015-10-21
9036,3285.5,5678.5,-25.398889,31.610556,2015-10-21
9037,1663.0,3730.0,-27.602222,29.942778,2015-10-21
9038,2036.5,3569.5,-27.169444,29.233889,2015-10-21
9039,1510.5,3061.0,-26.510278,28.351389,2015-10-21
9040,2024.5,3465.5,-27.398611,26.614722,2015-10-21
9041,1226.5,2376.5,-30.336111,27.359444,2015-10-21
9042,1518.5,2461.0,-29.615556,27.065278,2015-10-21
9043,2816.0,5539.0,-34.250556,20.9925,2015-10-21
9044,1991.0,3571.5,-33.38056,19.30167,2015-10-21
9045,2380.0,4093.5,-33.08883333,19.21878333,2015-10-21
9046,1846.0,3502.0,-27.4,26.624722,2015-10-21
9047,851.5,1802.0,-28.75,30.442778,2015-10-22
9048,2571.5,5217.0,-29.161667,30.629722,2015-10-22
9049,1529.0,2748.0,-27.02314,28.59389,2015-10-22
9050,1506.5,2582.0,-27.4275,28.525833,2015-10-22
9051,1479.0,2619.0,-27.3,28.586944,2015-10-22
9052,1594.0,3401.0,-31.000833,26.353056,2015-10-22
9053,2932.5,4616.0,-30.679722,26.7125,2015-10-22
9054,2597.5,4744.0,-33.7075,18.97444444,2015-10-22
9055,1538.5,3040.5,-29.744167,29.905833,2015-10-23
9056,1825.0,3156.0,-27.573056,24.746389,2015-10-23
9057,1557.0,2729.5,-27.902778,24.615556,2015-10-23
9058,1839.5,2710.0,-29.658056,25.973333,2015-10-23
9059,1900.5,3515.0,-25.99136,27.84208,2015-10-26
9060,2487.0,4558.5,-26.45,28.085833,2015-10-26
9061,2841.5,5862.5,-31.554722,29.245556,2015-10-26
9062,2296.5,4393.5,-33.501667,21.624167,2015-10-26
9063,2039.0,3730.5,-25.73411,27.21422,2015-10-27
9064,3851.0,6487.0,-27.363611,31.783333,2015-10-27
9065,2101.0,4219.0,-26.970278,27.211111,2015-10-27
9066,2384.0,4093.5,-26.880278,26.965,2015-10-27
9067,1958.5,3883.0,-31.104278,29.399722,2015-10-27
9068,2263.0,4509.5,-33.31388889,19.07472222,2015-10-27
9069,2021.5,3704.0,-25.45963889,28.26430556,2015-10-27
9070,856.0,1589.0,-28.760833,17.730278,2015-10-28
9071,829.0,1655.5,-29.161667,23.696389,2015-10-28
9072,1246.0,2227.5,-28.7115,24.07288889,2015-10-28
9073,2380.0,4678.0,-27.01011111,26.69808333,2015-10-28
9074,2017.5,3681.0,-29.641944,30.6875,2015-10-28
9075,1737.0,2922.0,-27.00222,28.76528,2015-10-28
9076,2662.5,4612.0,-26.648056,27.089444,2015-10-28
9077,1850.5,3134.5,-26.98472222,26.63227778,2015-10-28
9078,1420.0,2592.5,-29.651389,22.746389,2015-10-28
9079,827.0,1682.0,-29.1825,23.575556,2015-10-28
9080,3246.5,5536.0,-34.405833,19.600556,2015-10-28
9081,2295.0,3482.0,-33.13083,18.86278,2015-10-28
9082,1867.0,4155.0,-25.81048333,27.90955222,2015-10-29
9083,2139.0,3713.0,-30.570833,29.150556,2015-10-29
9084,1769.0,3452.0,-30.77586667,29.03221667,2015-10-29
9085,2288.0,5051.0,-34.329722,18.990278,2015-10-29
9086,1921.0,3218.0,-32.94583,18.33667,2015-10-29
9087,2961.0,5164.0,-30.568333,29.422778,2015-10-30
9088,1795.0,3076.0,-31.031389,28.883333,2015-10-30
9089,1564.0,3120.0,-30.86013889,29.07125,2015-10-30
9090,2651.0,4776.0,-29.987778,29.851667,2015-11-01
9091,2198.0,4237.0,-29.7775,29.470833,2015-11-02
9092,2651.0,4776.0,-29.987778,29.851667,2015-11-02
9093,2307.0,3822.0,-25.127778,27.628889,2015-11-03
9094,4154.0,6104.0,-25.20639,27.558,2015-11-03
9095,1917.0,4151.0,-30.733889,29.828333,2015-11-03
9096,3310.0,6652.0,-34.031944,22.053333,2015-11-03
9097,1759.0,3436.0,-27.937778,31.209444,2015-11-04
9098,1688.0,3096.0,-28.404444,30.013056,2015-11-04
9099,3098.0,5868.0,-30.398056,30.601944,2015-11-04
9100,1543.0,2490.0,-29.615556,27.065278,2015-11-04
9101,4118.0,7088.0,-34.005833,22.351111,2015-11-04
9102,2081.0,3536.0,-28.058889,30.373611,2015-11-04
9103,2238.0,3960.0,-22.91028,29.61111,2015-11-05
9104,2403.0,4544.0,-27.5275,30.858056,2015-11-05
9105,2913.0,5577.0,-30.13573889,30.67422222,2015-11-05
9106,1607.5,3317.0,-29.744167,29.905833,2015-11-06
9107,1791.0,2918.5,-27.573056,24.746389,2015-11-06
9108,1589.0,2722.0,-27.902778,24.615556,2015-11-06
9109,2808.5,5190.5,-29.803611,30.516111,2015-11-06
9110,1900.5,3421.5,-25.99136,27.84208,2015-11-09
9111,3435.5,6233.0,-29.380556,30.2775,2015-11-09
9112,1997.0,4393.0,-26.73806,27.59194,2015-11-09
9113,1438.0,2171.0,-29.160278,26.573333,2015-11-09
9114,1385.5,2328.5,-29.651389,22.746389,2015-11-09
9115,2884.5,4997.5,-28.747778,31.745833,2015-11-10
9116,1751.0,2891.0,-28.141944,26.417778,2015-11-10
9117,2434.5,4097.5,-27.671111,27.236944,2015-11-10
9118,3006.0,4968.5,-28.69485,28.23487,2015-11-10
9119,1518.5,2461.0,-29.615556,27.065278,2015-11-10
9120,2331.0,3633.0,-28.883333,27.89,2015-11-10
9121,914.5,1500.0,-31.394444,20.947222,2015-11-10
9122,2020.5,3779.5,-25.45963889,28.26430556,2015-11-10
9123,1876.0,4246.0,-25.81048333,27.90955222,2015-11-11
9124,2849.0,5378.0,-29.140556,31.391944,2015-11-11
9125,3714.5,5584.5,-28.801278,31.955389,2015-11-11
9126,1804.0,2997.5,-27.00222,28.76528,2015-11-11
9127,2162.5,4187.0,-26.970278,27.211111,2015-11-11
9128,2319.0,4093.5,-26.880278,26.965,2015-11-11
9129,2466.0,3965.0,-27.273889,28.49,2015-11-11
9130,1056.0,2139.5,-27.38972222,26.46388889,2015-11-11
9131,2133.5,3566.5,-27.398611,26.614722,2015-11-11
9132,1246.5,2070.0,-30.336111,27.359444,2015-11-11
9133,2035.5,3574.5,-27.4,26.624722,2015-11-11
9134,2380.0,4322.5,-27.01011111,26.69808333,2015-11-12
9135,3354.0,5290.0,-30.830556,26.921389,2015-11-12
9136,2105.5,3214.0,-23.658056,31.05,2015-11-12
9137,3005.0,4991.5,-26.648056,27.089444,2015-11-12
9138,1810.0,3048.5,-26.98472222,26.63227778,2015-11-12
9139,1950.5,3337.5,-27.935,26.126667,2015-11-12
9140,1569.5,3006.5,-28.1175,26.719444,2015-11-12
9141,1594.0,3401.0,-31.000833,26.353056,2015-11-12
9142,2848.5,4616.0,-30.679722,26.7125,2015-11-12
9143,3012.0,5226.0,-26.619444,27.980833,2015-11-16
9144,2573.0,4136.0,-24.679167,30.8025,2015-11-17
9145,2350.0,4208.0,-25.127778,27.628889,2015-11-17
9146,5110.0,7454.0,-25.20639,27.558,2015-11-17
9147,4530.0,6910.0,-24.99328,30.81444,2015-11-17
9148,2099.0,3700.0,-27.169444,29.233889,2015-11-17
9149,2024.0,3684.0,-26.510278,28.351389,2015-11-17
9150,2604.0,3935.0,-27.273889,28.49,2015-11-17
9151,1626.0,2778.0,-27.3,28.586944,2015-11-17
9152,2439.0,4198.0,-27.671111,27.236944,2015-11-17
9153,4151.0,6222.0,-34.092222,21.295278,2015-11-17
9154,2307.0,4322.0,-33.501667,21.624167,2015-11-17
9155,1628.0,3283.0,-28.338333,31.373611,2015-11-17
9156,2251.0,4033.0,-24.670833,28.560833,2015-11-18
9157,2176.0,4008.0,-25.73411,27.21422,2015-11-18
9158,1683.0,3101.0,-24.058889,31.237222,2015-11-18
9159,3242.0,4727.0,-24.034167,31.123611,2015-11-18
9160,1884.0,4043.0,-27.602222,29.942778,2015-11-18
9161,1564.0,2801.0,-27.02314,28.59389,2015-11-18
9162,1832.0,2795.0,-27.4275,28.525833,2015-11-18
9163,984.0,2238.0,-27.802778,28.768333,2015-11-18
9164,2150.0,3657.0,-27.398611,26.614722,2015-11-18
9165,2764.0,5180.0,-34.250556,20.9925,2015-11-18
9166,2142.0,3612.0,-27.4,26.624722,2015-11-18
9167,2000.0,3209.0,-24.183889,30.823889,2015-11-19
9168,1189.0,1995.0,-28.75,30.442778,2015-11-19
9169,2700.0,5250.0,-29.161667,30.629722,2015-11-19
9170,1626.0,2778.0,-27.3,28.586944,2015-11-19
9171,1539.0,3037.0,-29.744167,29.905833,2015-11-20
9172,1785.0,2895.0,-27.573056,24.746389,2015-11-20
9173,1601.0,2648.0,-27.902778,24.615556,2015-11-20
9174,1942.0,3323.5,-25.99136,27.84208,2015-11-23
9175,2056.0,4361.5,-26.73806,27.59194,2015-11-23
9176,2781.0,4558.5,-26.45,28.085833,2015-11-23
9177,3240.0,6640.5,-31.554722,29.245556,2015-11-23
9178,1313.5,1825.5,-32.502778,19.535833,2015-11-23
9179,3569.0,6466.0,-25.447222,30.711667,2015-11-23
9180,2128.0,4047.5,-29.641944,30.6875,2015-11-24
9181,2437.0,4426.0,-25.681111,31.783333,2015-11-24
9182,3900.0,5653.5,-25.67386,31.57527,2015-11-24
9183,4161.0,6911.5,-25.513889,31.224444,2015-11-24
9184,2032.0,3596.5,-26.861111,28.884722,2015-11-24
9185,2162.5,4187.0,-26.970278,27.211111,2015-11-24
9186,2316.0,4026.0,-26.880278,26.965,2015-11-24
9187,1966.5,3944.0,-31.104278,29.399722,2015-11-24
9188,1528.0,2959.0,-31.396,29.2651,2015-11-24
9189,1992.5,3773.5,-33.818056,19.694722,2015-11-24
9190,2178.5,4190.5,-34.075556,20.145556,2015-11-24
9191,2757.5,4529.0,-32.595833,19.009444,2015-11-24
9192,2094.5,3777.0,-25.45963889,28.26430556,2015-11-24
9193,2212.0,4191.5,-27.01011111,26.69808333,2015-11-25
9194,1902.5,4210.0,-25.81048333,27.90955222,2015-11-25
9195,1802.5,3447.0,-25.436111,31.982222,2015-11-25
9196,1500.0,2672.0,-25.362222,31.956667,2015-11-25
9197,3567.0,5605.5,-25.398889,31.610556,2015-11-25
9198,1313.5,2530.0,-25.14944444,31.94055556,2015-11-25
9199,1819.0,2997.5,-27.00222,28.76528,2015-11-25
9200,3037.5,5013.0,-26.648056,27.089444,2015-11-25
9201,2482.5,3927.5,-27.273889,28.49,2015-11-25
9202,1801.0,2963.5,-26.98472222,26.63227778,2015-11-25
9203,3123.0,5439.5,-30.568333,29.422778,2015-11-25
9204,2165.0,3894.0,-30.570833,29.150556,2015-11-25
9205,2141.5,3338.0,-33.38056,19.30167,2015-11-25
9206,1511.0,2778.5,-30.86013889,29.07125,2015-11-26
9207,1713.0,3262.0,-30.77586667,29.03221667,2015-11-26
9208,2650.5,4205.0,-33.7075,18.97444444,2015-11-26
9209,1529.0,2758.5,-31.031389,28.883333,2015-11-27
9210,2478.0,4964.0,-29.7775,29.470833,2015-11-30
9211,2392.0,4103.0,-34.065833,20.404167,2015-12-01
9212,2307.0,4269.0,-25.127778,27.628889,2015-12-01
9213,5110.0,7454.0,-25.20639,27.558,2015-12-01
9214,1947.0,3221.0,-28.404444,30.013056,2015-12-01
9215,2128.0,4742.0,-30.733889,29.828333,2015-12-01
9216,2300.0,4006.0,-27.398611,26.614722,2015-12-01
9217,3489.0,6720.0,-34.031944,22.053333,2015-12-01
9218,2893.0,6329.0,-34.039722,22.133333,2015-12-01
9219,2190.0,3908.0,-33.31388889,19.07472222,2015-12-01
9220,1149.0,1965.0,-29.161667,23.696389,2015-12-02
9221,2378.0,4008.0,-25.73411,27.21422,2015-12-02
9222,2761.0,4939.0,-27.5275,30.858056,2015-12-02
9223,3731.0,7351.0,-30.398056,30.601944,2015-12-02
9224,2430.0,3921.0,-27.671111,27.236944,2015-12-02
9225,787.0,1165.0,-31.436944,20.474722,2015-12-02
9226,4176.0,8008.0,-34.02861,22.22222,2015-12-02
9227,2240.0,4193.0,-34.405833,19.600556,2015-12-02
9228,1975.0,3011.0,-33.13083,18.86278,2015-12-02
9229,3801.0,6796.0,-34.005833,22.351111,2015-12-02
9230,2338.0,3864.0,-28.058889,30.373611,2015-12-02
9231,2271.0,3234.0,-23.658056,31.05,2015-12-03
9232,2817.0,4921.0,-34.329722,18.990278,2015-12-03
9233,3578.0,6451.0,-29.803611,30.516111,2015-12-03
9234,1676.0,3602.0,-29.744167,29.905833,2015-12-04
9235,2094.0,3546.0,-27.935,26.126667,2015-12-04
9236,1601.0,2648.0,-27.902778,24.615556,2015-12-04
9237,2401.0,4137.0,-28.058889,30.373611,2015-12-05
9238,1655.0,2999.0,-24.058889,31.237222,2015-12-06
9239,1959.0,3421.5,-25.99136,27.84208,2015-12-07
9240,4281.5,6986.5,-29.380556,30.2775,2015-12-07
9241,2056.0,4348.5,-26.73806,27.59194,2015-12-07
9242,3076.0,4678.5,-26.45,28.085833,2015-12-07
9243,1485.5,2311.5,-29.160278,26.573333,2015-12-07
9244,3125.5,5385.0,-29.140556,31.391944,2015-12-08
9245,3099.0,4810.5,-26.861111,28.884722,2015-12-08
9246,2089.0,4177.5,-26.970278,27.211111,2015-12-08
9247,2141.5,3881.0,-26.880278,26.965,2015-12-08
9248,3055.0,4750.0,-28.69485,28.23487,2015-12-08
9249,1460.0,2446.0,-29.615556,27.065278,2015-12-08
9250,2217.0,3310.0,-28.883333,27.89,2015-12-08
9251,2235.0,4198.0,-33.501667,21.624167,2015-12-08
9252,2094.5,3777.0,-25.45963889,28.26430556,2015-12-08
9253,2091.5,4115.5,-27.01011111,26.69808333,2015-12-09
9254,1902.5,4301.0,-25.81048333,27.90955222,2015-12-09
9255,3549.5,5984.0,-24.670833,28.560833,2015-12-09
9256,2833.5,4750.5,-22.91028,29.61111,2015-12-09
9257,3377.5,5087.0,-28.747778,31.745833,2015-12-09
9258,1744.0,2921.5,-26.98472222,26.63227778,2015-12-09
9259,2172.0,3713.0,-27.671111,27.236944,2015-12-09
9260,1151.5,2018.0,-30.336111,27.359444,2015-12-09
9261,3603.0,5377.5,-34.092222,21.295278,2015-12-09
9262,2114.0,4047.5,-29.641944,30.6875,2015-12-10
9263,2876.5,4505.0,-22.769722,30.886944,2015-12-10
9264,4620.5,6482.0,-28.801278,31.955389,2015-12-10
9265,1285.5,2482.5,-27.38972222,26.46388889,2015-12-10
9266,2115.0,3572.0,-27.935,26.126667,2015-12-10
9267,2582.0,4168.5,-33.897778,20.012778,2012-01-12
9268,2656.5,4749.5,-33.897778,20.012778,2012-03-01
9269,2305.0,3984.0,-27.398611,26.614722,2015-12-10
9270,2662.0,4535.0,-30.679722,26.7125,2015-12-10
9271,2416.5,5439.0,-33.897778,20.012778,2012-06-19
9272,2273.0,4009.0,-27.4,26.624722,2015-12-10
9273,2598.0,4983.0,-34.250556,20.9925,2015-12-11
9274,3896.5,6497.5,-28.735556,29.820556,2015-12-14
9275,3239.0,5264.0,-33.897778,20.012778,2013-01-18
9276,3619.0,5749.5,-26.619444,27.980833,2015-12-14
9277,2547.0,4193.0,-24.679167,30.8025,2015-12-15
9278,2555.0,4439.5,-27.169444,29.233889,2015-12-15
9279,2154.5,3908.0,-26.510278,28.351389,2015-12-15
9280,2172.0,3713.0,-27.671111,27.236944,2015-12-15
9281,1238.0,1974.0,-29.161667,23.696389,2015-12-16
9282,2266.0,4392.0,-25.127778,27.628889,2015-12-16
9283,3875.0,6438.0,-25.20639,27.558,2015-12-16
9284,1866.0,3786.0,-27.602222,29.942778,2015-12-16
9285,1859.0,3037.0,-27.00222,28.76528,2015-12-16
9286,1738.0,3626.0,-27.02314,28.59389,2015-12-16
9287,2361.0,3895.0,-27.273889,28.49,2015-12-16
9288,1832.0,3067.0,-27.4275,28.525833,2015-12-16
9289,1787.0,2859.0,-27.3,28.586944,2015-12-16
9290,2925.5,4990.0,-33.897778,20.012778,2015-02-26
9291,2310.0,4006.0,-27.398611,26.614722,2015-12-16
9292,5373.0,6938.0,-29.033333,23.983333,2015-12-16
9293,2373.5,4829.5,-33.897778,20.012778,2015-05-21
9294,2335.0,4139.0,-33.897778,20.012778,2015-08-27
9295,3069.0,5550.0,-33.897778,20.012778,2015-10-29
9296,3241.0,5374.0,-33.897778,20.012778,2015-12-03
9297,2142.0,3942.0,-27.4,26.624722,2015-12-16
9298,2041.0,3049.0,-24.183889,30.823889,2015-12-17
9299,3599.0,6529.0,-29.161667,30.629722,2015-12-17
9300,1251.0,2635.0,-27.802778,28.768333,2015-12-17
9301,2314.0,4267.0,-29.744167,29.905833,2015-12-18
9302,1657.0,2707.0,-27.902778,24.615556,2015-12-18
9303,2028.0,3696.0,-25.99136,27.84208,2015-12-21
9304,2056.0,4435.0,-26.73806,27.59194,2015-12-21
9305,3426.0,5108.0,-26.45,28.085833,2015-12-21
9306,2243.5,4509.0,-28.404444,30.013056,2015-12-22
9307,1930.5,3062.0,-27.00222,28.76528,2015-12-22
9308,2089.0,4177.5,-26.970278,27.211111,2015-12-22
9309,2316.0,4137.0,-26.880278,26.965,2015-12-22
9310,2467.5,3915.0,-27.273889,28.49,2015-12-22
9311,2094.5,3777.0,-25.45963889,28.26430556,2015-12-22
9312,2091.5,4115.5,-27.01011111,26.69808333,2015-12-23
9313,2038.5,4497.0,-25.81048333,27.90955222,2015-12-23
9314,2783.0,5093.0,-27.5275,30.858056,2015-12-23
9315,3951.0,5845.5,-26.861111,28.884722,2015-12-23
9316,1744.0,2921.5,-26.98472222,26.63227778,2015-12-23
9317,2115.0,3917.5,-27.935,26.126667,2015-12-23
9318,2406.0,4279.0,-29.744167,29.905833,2015-12-31
